message,label,target_type,severity_score,severity_level,context
"Icy, nee full sucide tara behave madthiya. #3f5b",Threat,Individual,0.43,high,whatsapp_group_chat
"Kbfekrkw, you are such a dickhole in this group. #1ab8",Sexual Harassment,Individual,0.76,high,whatsapp_group_chat
"Kxo, you are such a pissflaps in this group. #8010",Insult,Individual,0.42,medium,whatsapp_group_chat
"Only a asswipe will spam the group like you, Nspipby. #609d",Insult,Individual,0.59,medium,whatsapp_group_chat
"Ivattu kooda sucide tara act madtidya, Amyuqnvr. #cda2",Threat,Individual,0.61,medium,whatsapp_group_chat
"Yuf, nee tumba thotha maga tara idiya maga. #93a4",Insult,Individual,0.41,medium,whatsapp_group_chat
"Cxomsykag, yaaru kuda ninna idiot thara nature ishta padalla. #ce9d",Insult,Individual,0.81,high,whatsapp_group_chat
"Group nalli a tara thotha baribeda, Ujp. #df99",Insult,Individual,0.48,high,whatsapp_group_chat
"Yobaeogai, nin ninna hendruna keya nataka nodakke bore aaytu. #a72a",Sexual Harassment,Individual,0.35,medium,whatsapp_group_chat
"People are tired of your piss off attitude, Wccnazrm. #f653",Harassment,Individual,0.52,high,whatsapp_group_chat
"Group nalli a tara haavu bro neenu maga baribeda, Nlauufnc. #1346",Harassment,Individual,0.66,medium,whatsapp_group_chat
"Group nalli ee not a loyal attitude beda, Yqm. #77c2",Harassment,Individual,0.55,high,whatsapp_group_chat
"Ninna idiot thara behavior nodi everyone frustrate agta idare, Erkqdufz. #e23d",Insult,Individual,0.56,high,whatsapp_group_chat
"Only a taking the piss will spam the group like you, Xxxwvojnzy. #c203",Harassment,Individual,0.6,high,whatsapp_group_chat
"Rxlh, nin le niga nataka nodakke bore aaytu. #cbd0",Harassment,Individual,0.54,medium,whatsapp_group_chat
"Imbqcgqg, nee tumba dagarina maga tara idiya maga. #eadf",Insult,Individual,0.45,medium,whatsapp_group_chat
"Krre, ivattu full hucchadanta mode nalli idiya. #7be9",Insult,Individual,0.62,high,whatsapp_group_chat
"Iws, nin tullna keya nataka nodakke bore aaytu. #69f8",Sexual Harassment,Individual,0.78,high,whatsapp_group_chat
"Ninna cry baby behavior nodi everyone frustrate agta idare, Zzt. #3a0c",Harassment,Individual,0.38,medium,whatsapp_group_chat
"Group nalli a tara singri maga baribeda, Lvnklgyokz. #3d0f",Insult,Individual,0.43,high,whatsapp_group_chat
"Frmlcjd, ivattu full sexy bro mode nalli idiya. #5c31",Sexual Harassment,Individual,0.46,low,whatsapp_group_chat
"Dosywkh, yaaru kuda ninna sucide nature ishta padalla. #2baf",Threat,Individual,0.57,medium,whatsapp_group_chat
"Group nalli ee joker thara attitude beda, Qsikbfdanv. #4b28",Insult,Individual,0.54,medium,whatsapp_group_chat
"Lhtboqty, ivattu full nimavvan mode nalli idiya. #1956",Harassment,Individual,0.51,medium,whatsapp_group_chat
"Ijfn, you are such a asexual in this group. #b4ec",Sexual Harassment,Individual,0.55,low,whatsapp_group_chat
"Ninna sakath body behavior nodi everyone frustrate agta idare, Qfyxqgj. #b484",Harassment,Individual,0.38,medium,whatsapp_group_chat
"Yella dina gaandu tara mathadbeda, Zgqcumn. #6fe3",Insult,Individual,0.48,low,whatsapp_group_chat
"Epegghbh, nee tumba nin thullu keya tara idiya maga. #7ef5",Sexual Harassment,Individual,0.43,high,whatsapp_group_chat
"Yella dina die mad tara mathadbeda, Bhx. #c42a",Threat,Individual,0.52,high,whatsapp_group_chat
"This bozo behaviour is not okay, Gqaxlzeo. #8e4b",Insult,Individual,0.53,medium,whatsapp_group_chat
"People are tired of your cockfoam attitude, Cpbjepxxd. #1a76",Sexual Harassment,Individual,0.36,medium,whatsapp_group_chat
"Lgmbdqy, stop acting like a total rubbish every day. #99d2",Insult,Individual,0.49,high,whatsapp_group_chat
"This sex behaviour is not okay, Epeafzzck. #de8e",Sexual Harassment,Individual,0.73,medium,whatsapp_group_chat
"Bed, nee full sexy bro tara behave madthiya. #74fb",Sexual Harassment,Individual,0.51,medium,whatsapp_group_chat
"Hhznkv, you are such a choad in this group. #3ea0",Insult,Individual,0.52,medium,whatsapp_group_chat
"This bloody hell behaviour is not okay, Brc. #77f8",Harassment,Individual,0.55,medium,whatsapp_group_chat
"Nrlluen, ivattu full die mad mode nalli idiya. #308a",Threat,Individual,0.61,medium,whatsapp_group_chat
"Qyaujcmx, stop acting like a total sexy every day. #fb87",Sexual Harassment,Individual,0.74,high,whatsapp_group_chat
"Yella dina thotha tara mathadbeda, Muvcgg. #3dc3",Insult,Individual,0.73,medium,whatsapp_group_chat
"Group nalli a tara dagarina maga baribeda, Maixa. #3c71",Insult,Individual,0.41,medium,whatsapp_group_chat
"Idcl, stop acting like a total nigga every day. #f599",Harassment,Individual,0.47,low,whatsapp_group_chat
"Vrdk, stop acting like a total sexy every day. #357f",Sexual Harassment,Individual,0.44,high,whatsapp_group_chat
"Group nalli a tara hucchadana baribeda, Yoml. #d263",Insult,Individual,0.51,medium,whatsapp_group_chat
"Zne, nee tumba bosodina tara idiya maga. #a657",Harassment,Individual,0.53,medium,whatsapp_group_chat
"Only a naked will spam the group like you, Jcadzsmis. #3af7",Sexual Harassment,Individual,0.54,high,whatsapp_group_chat
"Ninna monkey thara behavior nodi everyone frustrate agta idare, Avejjgng. #ae3b",Insult,Individual,0.71,high,whatsapp_group_chat
"Group nalli ee sexy baby attitude beda, Rhc. #fc55",Sexual Harassment,Individual,0.67,medium,whatsapp_group_chat
"Cgcobrjw, you are such a stupid in this group. #818d",Insult,Individual,0.66,high,whatsapp_group_chat
"Nzx, ivattu full kembatti mode nalli idiya. #8b59",Insult,Individual,0.43,medium,whatsapp_group_chat
"Ivattu kooda dove rani tara act madtidya, Vvdcbgevz. #4de3",Harassment,Individual,0.51,medium,whatsapp_group_chat
"Frqvrcast, ivattu full kall nan magane mode nalli idiya. #6625",Insult,Individual,0.62,medium,whatsapp_group_chat
"Aljzyoluxj, ivattu full dove rani mode nalli idiya. #2170",Harassment,Individual,0.29,low,whatsapp_group_chat
"Group nalli ee monkey thara attitude beda, Pzly. #2e48",Insult,Individual,0.64,high,whatsapp_group_chat
"Only a bellend will spam the group like you, Eqvwdypqy. #e3d4",Insult,Individual,0.73,medium,whatsapp_group_chat
"Zyuikvpfh, you are such a butthead in this group. #f2b1",Harassment,Individual,0.5,high,whatsapp_group_chat
"Group nalli ee saayi attitude beda, Ezufv. #0330",Threat,Individual,0.47,medium,whatsapp_group_chat
"Ypqva, yaaru kuda ninna cry baby nature ishta padalla. #efcd",Harassment,Individual,0.61,high,whatsapp_group_chat
"People are tired of your cock-socker attitude, Nxpm. #75ba",Sexual Harassment,Individual,0.74,medium,whatsapp_group_chat
"Dbw, nin sexy bro nataka nodakke bore aaytu. #723b",Sexual Harassment,Individual,0.81,high,whatsapp_group_chat
"Group nalli ee sucide attitude beda, Xyswkvhbfe. #1f0a",Threat,Individual,0.54,medium,whatsapp_group_chat
"Lue, stop acting like a total dimwit every day. #f486",Insult,Individual,0.37,medium,whatsapp_group_chat
"Dre, nee tumba thotha maga tara idiya maga. #c239",Insult,Individual,0.51,medium,whatsapp_group_chat
"Flhkwn, nee tumba tullna keya tara idiya maga. #b240",Sexual Harassment,Individual,0.5,low,whatsapp_group_chat
"Icwdlf, you are such a suck his dick in this group. #8163",Sexual Harassment,Individual,0.67,high,whatsapp_group_chat
"Owbnbdjqm, stop acting like a total nigger every day. #4b1d",Harassment,Individual,0.47,medium,whatsapp_group_chat
"This bloody hell behaviour is not okay, Omq. #a857",Harassment,Individual,0.46,medium,whatsapp_group_chat
"People are tired of your fag attitude, Lhrybtpegk. #7370",Insult,Individual,0.49,medium,whatsapp_group_chat
"Opzkpu, yaaru kuda ninna sexy baby nature ishta padalla. #2a16",Sexual Harassment,Individual,0.54,high,whatsapp_group_chat
"Group nalli a tara ninna thullu keya baribeda, Dtkmsstqeh. #559a",Sexual Harassment,Individual,0.6,high,whatsapp_group_chat
"Yjfqhw, nee full fake character tara behave madthiya. #0259",Harassment,Individual,0.37,medium,whatsapp_group_chat
"Flwse, stop acting like a total cock-socker every day. #a509",Sexual Harassment,Individual,0.49,low,whatsapp_group_chat
"Group nalli a tara thale kettide baribeda, Jgstby. #46a9",Harassment,Individual,0.35,low,whatsapp_group_chat
"Kbdhb, you are such a wtf in this group. #6c13",Harassment,Individual,0.56,high,whatsapp_group_chat
"Ninna sexy bro behavior nodi everyone frustrate agta idare, Tvh. #e03b",Sexual Harassment,Individual,0.47,medium,whatsapp_group_chat
"Slxma, yaaru kuda ninna sexy baby nature ishta padalla. #5200",Sexual Harassment,Individual,0.61,medium,whatsapp_group_chat
"Ghjxv, ivattu full kallu mode nalli idiya. #3028",Insult,Individual,0.68,high,whatsapp_group_chat
"Fqfhpx, stop acting like a total hell every day. #9420",Harassment,Individual,0.32,low,whatsapp_group_chat
"Hruzhztnw, nee tumba saayi maga tara idiya maga. #ae7e",Threat,Individual,0.46,medium,whatsapp_group_chat
"Tggav, nee tumba thullu keya tara idiya maga. #f8b5",Sexual Harassment,Individual,0.72,medium,whatsapp_group_chat
"Kqcnrjdyou, stop acting like a total twat every day. #51fe",Insult,Individual,0.64,low,whatsapp_group_chat
"Dwpplld, stop acting like a total son of bitch every day. #6933",Sexual Harassment,Individual,0.54,medium,whatsapp_group_chat
"Loomefhf, yaaru kuda ninna sakath body nature ishta padalla. #33b5",Harassment,Individual,0.74,high,whatsapp_group_chat
"Only a nigga will spam the group like you, Xznlmf. #ec5c",Harassment,Individual,0.8,high,whatsapp_group_chat
"Only a 69 will spam the group like you, Vuawhphvt. #5a6b",Sexual Harassment,Individual,0.63,medium,whatsapp_group_chat
"Uok, nee full sakath body tara behave madthiya. #01e5",Harassment,Individual,0.34,low,whatsapp_group_chat
"People are tired of your duffer attitude, Fvyufhqefu. #0e48",Insult,Individual,0.5,medium,whatsapp_group_chat
"Zechxyou, you are such a nigga in this group. #e3b4",Harassment,Individual,0.49,low,whatsapp_group_chat
"Rxptbbheoy, nee full haavu bro neenu tara behave madthiya. #1740",Harassment,Individual,0.72,medium,whatsapp_group_chat
"Ninna haavu bro neenu behavior nodi everyone frustrate agta idare, Eghawccq. #31bc",Harassment,Individual,0.48,medium,whatsapp_group_chat
"This asshole behaviour is not okay, Zmzuugqt. #524a",Insult,Individual,0.54,medium,whatsapp_group_chat
"This bloddy hell behaviour is not okay, Ipjermk. #d9b3",Harassment,Individual,0.7,high,whatsapp_group_chat
"Tobw, nin muklyappa nataka nodakke bore aaytu. #b51c",Insult,Individual,0.52,medium,whatsapp_group_chat
"Ninna fake character behavior nodi everyone frustrate agta idare, Udfugyju. #d808",Harassment,Individual,0.42,medium,whatsapp_group_chat
"People are tired of your bellend attitude, Swyviuplqs. #4452",Insult,Individual,0.59,medium,whatsapp_group_chat
"Xbvlmvpug, you are such a dog in this group. #aea5",Insult,Individual,0.42,medium,whatsapp_group_chat
"Hnesqmm, nee tumba mangyan maga tara idiya maga. #9150",Insult,Individual,0.7,high,whatsapp_group_chat
"People are tired of your fucking balls attitude, Vfhbpk. #e133",Sexual Harassment,Individual,0.72,medium,whatsapp_group_chat
"This cockfoam behaviour is not okay, Uymwfsn. #9e73",Sexual Harassment,Individual,0.59,medium,whatsapp_group_chat
"Ynuky, nee full idiot thara tara behave madthiya. #6ac1",Insult,Individual,0.61,medium,whatsapp_group_chat
"This sexy behaviour is not okay, Cfwdekugi. #46b3",Sexual Harassment,Individual,0.31,low,whatsapp_group_chat
"Ivattu kooda sakath body tara act madtidya, Rewfxpxp. #619b",Harassment,Individual,0.32,low,whatsapp_group_chat
"This dick head behaviour is not okay, Vceosrhr. #bc88",Sexual Harassment,Individual,0.63,low,whatsapp_group_chat
"Dhhavil, nee tumba keiyanna maga tara idiya maga. #13b5",Harassment,Individual,0.49,medium,whatsapp_group_chat
"Group nalli ee cry baby attitude beda, Cyvwquz. #ffd4",Harassment,Individual,0.81,high,whatsapp_group_chat
"Rnpbcz, nee tumba kall nan magane tara idiya maga. #f50c",Insult,Individual,0.57,high,whatsapp_group_chat
"Rxv, stop acting like a total stupid every day. #7713",Insult,Individual,0.6,low,whatsapp_group_chat
"Tsuwj, nee tumba thale kettide tara idiya maga. #1903",Harassment,Individual,0.36,low,whatsapp_group_chat
"Yella dina dove rani tara mathadbeda, Invx. #2cd8",Harassment,Individual,0.46,low,whatsapp_group_chat
"Rxrkpuu, ivattu full die maga mode nalli idiya. #b6fd",Threat,Individual,0.63,low,whatsapp_group_chat
"Only a crap will spam the group like you, Kccphomhwm. #1a14",Harassment,Individual,0.55,high,whatsapp_group_chat
"Group nalli ee sexy bro attitude beda, Xqd. #58c7",Sexual Harassment,Individual,0.54,medium,whatsapp_group_chat
"Xdiezhcdts, nin hucchadanthe nataka nodakke bore aaytu. #6ee5",Threat,Individual,0.62,medium,whatsapp_group_chat
"Sxbqml, nee full dove rani tara behave madthiya. #6a1b",Harassment,Individual,0.5,high,whatsapp_group_chat
"Ocggvf, yaaru kuda ninna sexy bro nature ishta padalla. #6d7c",Sexual Harassment,Individual,0.46,medium,whatsapp_group_chat
"Only a fuck will spam the group like you, Nxoyfa. #a557",Harassment,Individual,0.5,high,whatsapp_group_chat
"Yella dina nimmavvana maga tara mathadbeda, Jjyybxh. #d6d5",Harassment,Individual,0.3,low,whatsapp_group_chat
"People are tired of your twat face attitude, Nxvsc. #0918",Insult,Individual,0.5,low,whatsapp_group_chat
"Zrrrq, you are such a dick head in this group. #77ed",Sexual Harassment,Individual,0.55,medium,whatsapp_group_chat
"People are tired of your queer attitude, Fwnpdawt. #7195",Insult,Individual,0.65,medium,whatsapp_group_chat
"Ninna sucide behavior nodi everyone frustrate agta idare, Fgjzf. #ec83",Threat,Individual,0.56,low,whatsapp_group_chat
"Xjezdyhzsp, nee tumba soolya tara idiya maga. #bb66",Harassment,Individual,0.63,medium,whatsapp_group_chat
"People are tired of your dick attitude, Vnbyywtypo. #721d",Sexual Harassment,Individual,0.59,medium,whatsapp_group_chat
"Gbhqyu, ivattu full sooley mode nalli idiya. #53c8",Insult,Individual,0.48,low,whatsapp_group_chat
"Sdajr, you are such a fuck you in this group. #1f2f",Harassment,Individual,0.53,medium,whatsapp_group_chat
"Sjoypmex, nee tumba hendruna keya maga tara idiya maga. #3405",Sexual Harassment,Individual,0.51,medium,whatsapp_group_chat
"Wan, ivattu full kall nan magane mode nalli idiya. #802c",Insult,Individual,0.62,medium,whatsapp_group_chat
"Sfjrfqp, ivattu full muklyappa mode nalli idiya. #c92a",Insult,Individual,0.44,medium,whatsapp_group_chat
"Rblx, stop acting like a total bloddy hell every day. #d7ac",Harassment,Individual,0.39,medium,whatsapp_group_chat
"This sexy behaviour is not okay, Qbejikrnit. #40cd",Sexual Harassment,Individual,0.59,high,whatsapp_group_chat
"Fin, nee full cry baby tara behave madthiya. #321a",Harassment,Individual,0.62,medium,whatsapp_group_chat
"Only a nigga will spam the group like you, Ulwll. #7f38",Harassment,Individual,0.77,high,whatsapp_group_chat
"This lame behaviour is not okay, Kigqw. #6b7b",Harassment,Individual,0.58,medium,whatsapp_group_chat
"Yella dina sexy baby maga tara mathadbeda, Kvpytl. #6241",Sexual Harassment,Individual,0.58,high,whatsapp_group_chat
"Yella dina gaanchali tara mathadbeda, Mrer. #7f65",Insult,Individual,0.38,medium,whatsapp_group_chat
"Levulwcuzv, nin soole nataka nodakke bore aaytu. #25ac",Harassment,Individual,0.74,medium,whatsapp_group_chat
"Group nalli ee idiot thara attitude beda, Bwowfqhbg. #c5a5",Insult,Individual,0.37,medium,whatsapp_group_chat
"Group nalli ee joker thara attitude beda, Ydhkb. #7ee0",Insult,Individual,0.54,high,whatsapp_group_chat
"Nhqdi, nee full saayi tara behave madthiya. #ac46",Threat,Individual,0.55,medium,whatsapp_group_chat
"Levy, ivattu full thullu keya mode nalli idiya. #58c6",Sexual Harassment,Individual,0.35,medium,whatsapp_group_chat
"Amygg, nee full dove rani tara behave madthiya. #fb5b",Harassment,Individual,0.52,medium,whatsapp_group_chat
"Pjcenpxhdt, nin ninna gandu maga nataka nodakke bore aaytu. #e6b6",Insult,Individual,0.47,medium,whatsapp_group_chat
"Yella dina nim amman tara mathadbeda, Ubyy. #19ac",Harassment,Individual,0.45,medium,whatsapp_group_chat
"People are tired of your butthead attitude, Scrkafnnxx. #7c25",Harassment,Individual,0.65,medium,whatsapp_group_chat
"Hspkvmcikh, you are such a sexy in this group. #19f8",Sexual Harassment,Individual,0.58,high,whatsapp_group_chat
"Xbpyfokba, yaaru kuda ninna monkey thara nature ishta padalla. #48d4",Insult,Individual,0.39,medium,whatsapp_group_chat
"Uevdxes, stop acting like a total butthead every day. #f5db",Harassment,Individual,0.65,high,whatsapp_group_chat
"Jgrcjieyym, you are such a go to hell in this group. #b781",Harassment,Individual,0.57,low,whatsapp_group_chat
"Only a bugger will spam the group like you, Yhe. #1dea",Insult,Individual,0.52,high,whatsapp_group_chat
"Avr, stop acting like a total fag every day. #bb75",Insult,Individual,0.5,medium,whatsapp_group_chat
"Toiqcaznj, stop acting like a total cock-socker every day. #57ff",Sexual Harassment,Individual,0.41,low,whatsapp_group_chat
"Yella dina thale kettide maga tara mathadbeda, Ftkjg. #b216",Harassment,Individual,0.68,medium,whatsapp_group_chat
"Ilyxqhbx, nin keiya nataka nodakke bore aaytu. #04cf",Harassment,Individual,0.6,low,whatsapp_group_chat
"People are tired of your idiot attitude, Ceg. #90a8",Insult,Individual,0.65,low,whatsapp_group_chat
"Group nalli a tara gaandu baribeda, Atq. #87d9",Insult,Individual,0.59,medium,whatsapp_group_chat
"Only a pussy will spam the group like you, Fbcpulzhww. #8d39",Sexual Harassment,Individual,0.57,high,whatsapp_group_chat
"Wau, nin thotha nataka nodakke bore aaytu. #d846",Insult,Individual,0.71,medium,whatsapp_group_chat
"Vmxaklho, stop acting like a total lick every day. #4314",Sexual Harassment,Individual,0.61,low,whatsapp_group_chat
"Apxuouqfnu, ivattu full joker thara maga mode nalli idiya. #0cc8",Insult,Individual,0.74,high,whatsapp_group_chat
"Ivattu kooda dove rani tara act madtidya, Zklwtjqk. #24d6",Harassment,Individual,0.7,high,whatsapp_group_chat
"Ttaxf, nin thimru nataka nodakke bore aaytu. #fc50",Insult,Individual,0.75,high,whatsapp_group_chat
"Only a idiot will spam the group like you, Jkys. #0746",Insult,Individual,0.52,high,whatsapp_group_chat
"Icrylenxbb, ivattu full ninna thullu keya mode nalli idiya. #2e10",Sexual Harassment,Individual,0.58,medium,whatsapp_group_chat
"Fuesgip, stop acting like a total shit every day. #a72b",Harassment,Individual,0.59,high,whatsapp_group_chat
"Group nalli ee cry baby attitude beda, Sotg. #5a6b",Harassment,Individual,0.68,low,whatsapp_group_chat
"Nxhivfdlq, nin saayi madthiya maga nataka nodakke bore aaytu. #6f9b",Threat,Individual,0.38,medium,whatsapp_group_chat
"Ninna monkey thara behavior nodi everyone frustrate agta idare, Jebs. #36e4",Insult,Individual,0.64,medium,whatsapp_group_chat
"People are tired of your ass attitude, Mccgsjlmcr. #e594",Harassment,Individual,0.73,high,whatsapp_group_chat
"Ninna joker thara behavior nodi everyone frustrate agta idare, Nyyxln. #1bf0",Insult,Individual,0.4,medium,whatsapp_group_chat
"Qpjaoqtqjp, ivattu full gaandu mode nalli idiya. #6832",Insult,Individual,0.38,medium,whatsapp_group_chat
"Bav, yaaru kuda ninna sakath body nature ishta padalla. #3cca",Harassment,Individual,0.67,medium,whatsapp_group_chat
"People are tired of your hell attitude, Wyy. #e931",Harassment,Individual,0.4,low,whatsapp_group_chat
"Lofc, you are such a fair suck of the sav in this group. #7411",Harassment,Individual,0.7,high,whatsapp_group_chat
"Gkcj, nee full monkey thara tara behave madthiya. #6ba1",Insult,Individual,0.6,medium,whatsapp_group_chat
"Otngzcjdh, yaaru kuda ninna monkey thara nature ishta padalla. #c5e2",Insult,Individual,0.64,low,whatsapp_group_chat
"Group nalli a tara muka thika thara ide baribeda, Enjlmtksg. #3c18",Harassment,Individual,0.56,high,whatsapp_group_chat
"Bmlvsiim, ivattu full kalladantha maga mode nalli idiya. #d471",Insult,Individual,0.71,medium,whatsapp_group_chat
"Ninna cry baby behavior nodi everyone frustrate agta idare, Rhfpk. #e382",Harassment,Individual,0.48,medium,whatsapp_group_chat
"Kpzsyuzdit, nee tumba nimmavvana maga tara idiya maga. #1214",Harassment,Individual,0.45,medium,whatsapp_group_chat
"Yella dina nimavvan tara mathadbeda, Hhxnc. #cd7b",Harassment,Individual,0.56,medium,whatsapp_group_chat
"Evxirbwk, stop acting like a total fuck every day. #f4a5",Harassment,Individual,0.6,medium,whatsapp_group_chat
"Ivattu kooda haavu bro neenu tara act madtidya, Bsitweeidd. #0a58",Harassment,Individual,0.55,high,whatsapp_group_chat
"Uwptyx, you are such a sexy in this group. #e39f",Sexual Harassment,Individual,0.57,high,whatsapp_group_chat
"Ivattu kooda saayi tara act madtidya, Ocvje. #c177",Threat,Individual,0.62,medium,whatsapp_group_chat
"Hiuzd, nin gaanchali nataka nodakke bore aaytu. #75d2",Insult,Individual,0.47,low,whatsapp_group_chat
"This fucking balls behaviour is not okay, Xct. #4937",Sexual Harassment,Individual,0.74,high,whatsapp_group_chat
"Rlbkw, nee full saayi tara behave madthiya. #22c3",Threat,Individual,0.72,high,whatsapp_group_chat
"Nzh, nin hucchadana nataka nodakke bore aaytu. #24ee",Insult,Individual,0.44,low,whatsapp_group_chat
"Ivattu kooda saayi tara act madtidya, Zgwyt. #638f",Threat,Individual,0.67,medium,whatsapp_group_chat
"Xsy, you are such a suck his dick in this group. #d077",Sexual Harassment,Individual,0.58,low,whatsapp_group_chat
"Vmxurh, stop acting like a total sexy every day. #b168",Sexual Harassment,Individual,0.69,medium,whatsapp_group_chat
"Group nalli ee saayi attitude beda, Zkuivfz. #b24e",Threat,Individual,0.57,low,whatsapp_group_chat
"Ninna sakath body behavior nodi everyone frustrate agta idare, Pdauyj. #192d",Harassment,Individual,0.3,low,whatsapp_group_chat
"Group nalli a tara soolya baribeda, Pxzfaq. #26b4",Harassment,Individual,0.57,medium,whatsapp_group_chat
"This asswipe behaviour is not okay, Wquj. #1436",Insult,Individual,0.62,medium,whatsapp_group_chat
"Group nalli ee haavu bro neenu attitude beda, Ayeifho. #eb51",Harassment,Individual,0.37,medium,whatsapp_group_chat
"Dzzbizwqz, nee full sexy baby tara behave madthiya. #b364",Sexual Harassment,Individual,0.75,high,whatsapp_group_chat
"Dqezn, yaaru kuda ninna cry baby nature ishta padalla. #73c8",Harassment,Individual,0.53,low,whatsapp_group_chat
"Jkzzfe, nee full saayi tara behave madthiya. #0546",Threat,Individual,0.68,medium,whatsapp_group_chat
"Ninna saayi behavior nodi everyone frustrate agta idare, Xgnqacoexe. #ffe1",Threat,Individual,0.76,high,whatsapp_group_chat
"Hdm, stop acting like a total bugger every day. #961b",Insult,Individual,0.43,medium,whatsapp_group_chat
"This balls are in as well behaviour is not okay, Eswqtungeh. #30a4",Sexual Harassment,Individual,0.47,medium,whatsapp_group_chat
"Afdgg, you are such a bitch in this group. #5d3d",Insult,Individual,0.73,medium,whatsapp_group_chat
"Gtpgzrnxw, you are such a bloddy hell in this group. #b5fd",Harassment,Individual,0.5,medium,whatsapp_group_chat
"Only a wanker will spam the group like you, Fxzxf. #83e6",Sexual Harassment,Individual,0.55,low,whatsapp_group_chat
"Ivattu kooda haavu bro neenu tara act madtidya, Lyylxtadq. #664c",Harassment,Individual,0.59,high,whatsapp_group_chat
"Mkbwg, stop acting like a total shag every day. #ddd5",Sexual Harassment,Individual,0.61,medium,whatsapp_group_chat
"Bsy, nee tumba singri maga tara idiya maga. #6989",Sexual Harassment,Individual,0.52,medium,whatsapp_group_chat
"This lame behaviour is not okay, Qcekl. #24fd",Harassment,Individual,0.67,high,whatsapp_group_chat
"Group nalli ee saayi attitude beda, Avoppgcemd. #7aa2",Threat,Individual,0.44,medium,whatsapp_group_chat
"People are tired of your bozo attitude, Indtyiqmf. #2ef0",Insult,Individual,0.44,high,whatsapp_group_chat
"This dirty fellow behaviour is not okay, Mpmtkyokm. #f4ab",Insult,Individual,0.35,low,whatsapp_group_chat
"Bympln, nin tullna keya maga nataka nodakke bore aaytu. #5d8e",Sexual Harassment,Individual,0.59,high,whatsapp_group_chat
"Eytfes, nee full idiot thara tara behave madthiya. #e901",Insult,Individual,0.63,low,whatsapp_group_chat
"Yella dina thotti maga tara mathadbeda, Cawhrqt. #d487",Insult,Individual,0.64,high,whatsapp_group_chat
"People are tired of your bitch attitude, Iquqcbulw. #b6a4",Insult,Individual,0.49,medium,whatsapp_group_chat
"Ecynkdeyo, nin ninna hendruna keya maga nataka nodakke bore aaytu. #d3a1",Sexual Harassment,Individual,0.48,low,whatsapp_group_chat
"Group nalli ee not a loyal attitude beda, Avxw. #1462",Harassment,Individual,0.38,medium,whatsapp_group_chat
"Cjmhgmdd, nee full sexy baby tara behave madthiya. #6a95",Sexual Harassment,Individual,0.61,high,whatsapp_group_chat
"Qfetd, nee tumba keiya maga tara idiya maga. #f122",Harassment,Individual,0.46,high,whatsapp_group_chat
"Group nalli a tara nimmavvana baribeda, Deu. #fe89",Harassment,Individual,0.64,high,whatsapp_group_chat
"Group nalli a tara soolya maga baribeda, Avfqrvl. #4f04",Harassment,Individual,0.37,medium,whatsapp_group_chat
"People are tired of your shit attitude, Vwas. #1ff9",Harassment,Individual,0.56,low,whatsapp_group_chat
"Fvmf, nee full idiot thara tara behave madthiya. #111d",Insult,Individual,0.44,medium,whatsapp_group_chat
"Apoumzmanv, nee tumba nin hendruna keya tara idiya maga. #5a90",Sexual Harassment,Individual,0.4,medium,whatsapp_group_chat
"Kkjzem, nin hucchadanthe nataka nodakke bore aaytu. #ec46",Insult,Individual,0.32,low,whatsapp_group_chat
"People are tired of your twat face attitude, Rwd. #249e",Insult,Individual,0.5,medium,whatsapp_group_chat
"Xxadma, stop acting like a total fucking prick every day. #2021",Sexual Harassment,Individual,0.48,medium,whatsapp_group_chat
"Ivattu kooda sucide tara act madtidya, Qmwnnm. #dec6",Threat,Individual,0.52,medium,whatsapp_group_chat
"Vaioz, stop acting like a total bollocks every day. #c886",Insult,Individual,0.72,medium,whatsapp_group_chat
"Vgd, nee full sucide tara behave madthiya. #702f",Threat,Individual,0.54,high,whatsapp_group_chat
"People are tired of your twat face attitude, Zcphnys. #7e1d",Insult,Individual,0.36,medium,whatsapp_group_chat
"Ntznts, nee full sakath body tara behave madthiya. #d12b",Harassment,Individual,0.49,medium,whatsapp_group_chat
"Only a fuck you will spam the group like you, Blrpyufjok. #87fc",Harassment,Individual,0.48,medium,whatsapp_group_chat
"Joobbhr, stop acting like a total wtf every day. #0824",Harassment,Individual,0.57,high,whatsapp_group_chat
"Rakwx, stop acting like a total slut every day. #4cce",Sexual Harassment,Individual,0.54,high,whatsapp_group_chat
"Ipdfzvivee, nin saayi mad nataka nodakke bore aaytu. #8b75",Threat,Individual,0.44,medium,whatsapp_group_chat
"This rubbish behaviour is not okay, Nkcgygtgl. #fc77",Insult,Individual,0.39,medium,whatsapp_group_chat
"People are tired of your pissflaps attitude, Vzpw. #f33a",Insult,Individual,0.67,medium,whatsapp_group_chat
"Ivattu kooda joker thara tara act madtidya, Wtz. #f06c",Insult,Individual,0.4,low,whatsapp_group_chat
"Ninna cry baby behavior nodi everyone frustrate agta idare, Pjcfog. #fa9f",Harassment,Individual,0.67,low,whatsapp_group_chat
"Frjncojd, nin sakath body maga nataka nodakke bore aaytu. #33e1",Harassment,Individual,0.41,low,whatsapp_group_chat
"Vsskyq, nee tumba kall maga tara idiya maga. #7304",Insult,Individual,0.44,medium,whatsapp_group_chat
"Ninna sexy bro behavior nodi everyone frustrate agta idare, Xmxt. #28ca",Sexual Harassment,Individual,0.3,low,whatsapp_group_chat
"Kxdmo, you are such a cock-socker in this group. #9ace",Sexual Harassment,Individual,0.58,medium,whatsapp_group_chat
"Gplarbrxrw, you are such a shit in this group. #07ff",Harassment,Individual,0.6,high,whatsapp_group_chat
"Jstrlt, nee full fake character tara behave madthiya. #35db",Harassment,Individual,0.48,medium,whatsapp_group_chat
"Naqowjgzso, nee tumba nimavvan tara idiya maga. #621d",Harassment,Individual,0.53,medium,whatsapp_group_chat
"Gpab, stop acting like a total fool every day. #5366",Insult,Individual,0.62,medium,whatsapp_group_chat
"Group nalli ee sexy bro attitude beda, Ygmsyov. #ba84",Sexual Harassment,Individual,0.48,medium,whatsapp_group_chat
"Tmyv, yaaru kuda ninna sakath body nature ishta padalla. #b037",Harassment,Individual,0.73,high,whatsapp_group_chat
"Ninna idiot thara behavior nodi everyone frustrate agta idare, Pbxlt. #377e",Insult,Individual,0.71,high,whatsapp_group_chat
"This shit behaviour is not okay, Apn. #8bfc",Harassment,Individual,0.43,medium,whatsapp_group_chat
"Cgk, nee tumba shaata tara idiya maga. #8791",Insult,Individual,0.57,medium,whatsapp_group_chat
"Oqmdryuh, ivattu full ninna amma mode nalli idiya. #a716",Harassment,Individual,0.73,high,whatsapp_group_chat
"Ogfrf, yaaru kuda ninna idiot thara nature ishta padalla. #0f8b",Insult,Individual,0.42,medium,whatsapp_group_chat
"This fag behaviour is not okay, Zwp. #193d",Insult,Individual,0.41,low,whatsapp_group_chat
"Azuprivcd, stop acting like a total dimwit every day. #411d",Insult,Individual,0.67,medium,whatsapp_group_chat
"Group nalli ee haavu bro neenu attitude beda, Ggjddh. #c3dd",Harassment,Individual,0.71,medium,whatsapp_group_chat
"Tqg, nee tumba bosodike tara idiya maga. #95ca",Insult,Individual,0.66,medium,whatsapp_group_chat
"Group nalli ee sexy baby attitude beda, Hovcdwpos. #8362",Sexual Harassment,Individual,0.6,medium,whatsapp_group_chat
"Idtyyrdp, nee tumba muttala tara idiya maga. #eddb",Insult,Individual,0.35,medium,whatsapp_group_chat
"Pnpgfkfo, stop acting like a total ohh,piss off every day. #0dde",Harassment,Individual,0.51,high,whatsapp_group_chat
"Ivattu kooda joker thara tara act madtidya, Jdigiiorf. #6410",Insult,Individual,0.5,high,whatsapp_group_chat
"Ninna sexy bro behavior nodi everyone frustrate agta idare, Zivwynee. #b602",Sexual Harassment,Individual,0.58,medium,whatsapp_group_chat
"This loser behaviour is not okay, Xpxsscyri. #f932",Insult,Individual,0.31,low,whatsapp_group_chat
"Group nalli ee die attitude beda, Etie. #34ca",Threat,Individual,0.6,low,whatsapp_group_chat
"Yella dina ninna thale kettide tara mathadbeda, Qztvpkcbal. #07ec",Harassment,Individual,0.52,medium,whatsapp_group_chat
"Yella dina fake character maga tara mathadbeda, Hpknqsanw. #74b4",Harassment,Individual,0.64,medium,whatsapp_group_chat
"Only a slut will spam the group like you, Crkjutzto. #df20",Sexual Harassment,Individual,0.49,high,whatsapp_group_chat
"People are tired of your duffer attitude, Ilxtknw. #5349",Insult,Individual,0.54,medium,whatsapp_group_chat
"Dtoclvbgy, ivattu full ninna thale kettide mode nalli idiya. #7f26",Harassment,Individual,0.65,medium,whatsapp_group_chat
"Yella dina bakra tara mathadbeda, Dyeyf. #bc79",Insult,Individual,0.63,medium,whatsapp_group_chat
"This taking the piss behaviour is not okay, Bjrr. #75c4",Harassment,Individual,0.51,medium,whatsapp_group_chat
"Only a pussy will spam the group like you, Zawwylvocb. #37f9",Sexual Harassment,Individual,0.46,medium,whatsapp_group_chat
"Msx, ivattu full sakath body mode nalli idiya. #a399",Harassment,Individual,0.7,medium,whatsapp_group_chat
"Yujffr, stop acting like a total bugger every day. #341b",Insult,Individual,0.46,high,whatsapp_group_chat
"Group nalli ee monkey thara attitude beda, Ihdem. #5e91",Insult,Individual,0.48,high,whatsapp_group_chat
"Ninna not a loyal behavior nodi everyone frustrate agta idare, Sucwatn. #b597",Harassment,Individual,0.34,low,whatsapp_group_chat
"Ivattu kooda joker thara tara act madtidya, Vhux. #6253",Insult,Individual,0.84,high,whatsapp_group_chat
"Sheyice, nee tumba dagar tara idiya maga. #a16b",Insult,Individual,0.58,high,whatsapp_group_chat
"Ydqy, nin kalladantha nataka nodakke bore aaytu. #eefe",Insult,Individual,0.72,medium,whatsapp_group_chat
"Group nalli a tara gaandu baribeda, Aurmuktn. #0a6a",Insult,Individual,0.54,medium,whatsapp_group_chat
"People are tired of your fag attitude, Ltdoodvgg. #3c1e",Insult,Individual,0.7,medium,whatsapp_group_chat
"This dog behaviour is not okay, Mwhmomznw. #1404",Insult,Individual,0.36,medium,whatsapp_group_chat
"Group nalli a tara bakra baribeda, Yanl. #692a",Sexual Harassment,Individual,0.65,medium,whatsapp_group_chat
"Opiu, stop acting like a total damn every day. #0118",Insult,Individual,0.54,high,whatsapp_group_chat
"Only a piss off will spam the group like you, Tajlj. #7926",Harassment,Individual,0.54,medium,whatsapp_group_chat
"Kycyqron, nin sade nataka nodakke bore aaytu. #0905",Insult,Individual,0.71,high,whatsapp_group_chat
"Ninna idiot thara behavior nodi everyone frustrate agta idare, Edccjm. #ffcd",Insult,Individual,0.66,medium,whatsapp_group_chat
"Only a asswipe will spam the group like you, Gmgf. #2733",Insult,Individual,0.5,medium,whatsapp_group_chat
"Olumwnjqk, nin ninna ammanakeya maga nataka nodakke bore aaytu. #12dc",Sexual Harassment,Individual,0.38,medium,whatsapp_group_chat
"People are tired of your go to hell attitude, Phrvlu. #c252",Harassment,Individual,0.48,high,whatsapp_group_chat
"Group nalli ee sexy bro attitude beda, Mjynbyj. #c723",Sexual Harassment,Individual,0.74,high,whatsapp_group_chat
"This asshole behaviour is not okay, Kpzlkesd. #39bd",Insult,Individual,0.67,high,whatsapp_group_chat
"Vdj, nee full die tara behave madthiya. #0b8b",Threat,Individual,0.5,high,whatsapp_group_chat
"People are tired of your fair suck of the sav attitude, Uzemwzcbxc. #5c67",Harassment,Individual,0.84,high,whatsapp_group_chat
"Only a bellend will spam the group like you, Kjxk. #f3ac",Insult,Individual,0.51,high,whatsapp_group_chat
"Vpxxuvv, you are such a dimwit in this group. #bdcb",Insult,Individual,0.63,high,whatsapp_group_chat
"People are tired of your sexy attitude, Bfxvzaidrm. #a8e0",Sexual Harassment,Individual,0.7,medium,whatsapp_group_chat
"Odfstnb, ivattu full muttala mode nalli idiya. #8ba1",Insult,Individual,0.71,high,whatsapp_group_chat
"Xotaqsjeaw, nee tumba nimmavvana tara idiya maga. #8299",Harassment,Individual,0.51,medium,whatsapp_group_chat
"Ninna joker thara behavior nodi everyone frustrate agta idare, Nhbfhoz. #57b8",Insult,Individual,0.52,medium,whatsapp_group_chat
"Iussutmf, stop acting like a total naked every day. #88ec",Sexual Harassment,Individual,0.54,low,whatsapp_group_chat
"Bftvbaxe, ivattu full muka thika thara ide mode nalli idiya. #5ad0",Harassment,Individual,0.73,medium,whatsapp_group_chat
"Wfwkbfdeo, you are such a suck his dick in this group. #7674",Sexual Harassment,Individual,0.74,high,whatsapp_group_chat
"This bimbo behaviour is not okay, Eraablf. #6b10",Insult,Individual,0.51,medium,whatsapp_group_chat
"Only a fucking balls will spam the group like you, Qlzvf. #b65a",Sexual Harassment,Individual,0.44,high,whatsapp_group_chat
"Group nalli ee sakath body attitude beda, Ajwgtwklkz. #bd39",Harassment,Individual,0.68,medium,whatsapp_group_chat
"Asjgutrf, nin fake character maga nataka nodakke bore aaytu. #e743",Harassment,Individual,0.74,high,whatsapp_group_chat
"Only a crap will spam the group like you, Fmxdyfhl. #2309",Harassment,Individual,0.37,medium,whatsapp_group_chat
"Dmukhub, you are such a son of bitch in this group. #cd61",Insult,Individual,0.71,medium,whatsapp_group_chat
"Group nalli a tara soole maga baribeda, Gpiovxiafc. #4167",Harassment,Individual,0.54,medium,whatsapp_group_chat
"Only a shit will spam the group like you, Bnh. #3df3",Harassment,Individual,0.34,medium,whatsapp_group_chat
"Vevzdf, stop acting like a total cockfoam every day. #645b",Sexual Harassment,Individual,0.74,medium,whatsapp_group_chat
"Only a nigger will spam the group like you, Kprdam. #67b2",Harassment,Individual,0.41,low,whatsapp_group_chat
"This bitch behaviour is not okay, Vgvvulr. #3a38",Insult,Individual,0.74,medium,whatsapp_group_chat
"Dpmshzgcso, nee tumba le niga tara idiya maga. #c56f",Harassment,Individual,0.5,medium,whatsapp_group_chat
"Pcf, you are such a split tongue in this group. #3e77",Insult,Individual,0.51,medium,whatsapp_group_chat
"Group nalli a tara dagar baribeda, Cvsnylli. #e9a5",Insult,Individual,0.66,medium,whatsapp_group_chat
"Imhncbl, nee tumba keiya maga tara idiya maga. #231d",Harassment,Individual,0.7,medium,whatsapp_group_chat
"This fag behaviour is not okay, Zkfwd. #a067",Insult,Individual,0.44,high,whatsapp_group_chat
"Mgm, you are such a bugger in this group. #d1b6",Insult,Individual,0.79,high,whatsapp_group_chat
"Fjd, nee tumba sucide mad tara idiya maga. #3050",Threat,Individual,0.75,high,whatsapp_group_chat
"Tcum, stop acting like a total naked every day. #220d",Sexual Harassment,Individual,0.57,medium,whatsapp_group_chat
"This jerk behaviour is not okay, Kvvwvfqh. #d1bb",Insult,Individual,0.53,high,whatsapp_group_chat
"Xyi, nee full sexy baby tara behave madthiya. #1bf8",Sexual Harassment,Individual,0.41,medium,whatsapp_group_chat
"Zgtxuvlu, ivattu full haavu bro neenu maga mode nalli idiya. #3da1",Harassment,Individual,0.77,high,whatsapp_group_chat
"People are tired of your nigga attitude, Yrthy. #1515",Harassment,Individual,0.41,medium,whatsapp_group_chat
"Fbcwjirtf, ivattu full saayi mad mode nalli idiya. #8026",Threat,Individual,0.56,medium,whatsapp_group_chat
"Gwx, nee full saayi tara behave madthiya. #2a4b",Threat,Individual,0.48,medium,whatsapp_group_chat
"This bimbo behaviour is not okay, Mdsmxgnd. #ba2c",Insult,Individual,0.67,high,whatsapp_group_chat
"Yjgwkjlkky, nin muka thika thara ide nataka nodakke bore aaytu. #9542",Harassment,Individual,0.48,low,whatsapp_group_chat
"Hpwpsdmjds, you are such a fucking prick in this group. #8c89",Sexual Harassment,Individual,0.59,medium,whatsapp_group_chat
"Orufvp, ivattu full sooley mode nalli idiya. #4e31",Insult,Individual,0.52,low,whatsapp_group_chat
"Zigxomzone, nin sucide madtha nataka nodakke bore aaytu. #1af5",Threat,Individual,0.72,high,whatsapp_group_chat
"People are tired of your lesbian attitude, Etxsk. #4fad",Insult,Individual,0.49,medium,whatsapp_group_chat
"Group nalli a tara ninna ammanakeya maga baribeda, Tqiuwpg. #286a",Sexual Harassment,Individual,0.45,low,whatsapp_group_chat
"Group nalli a tara sede baribeda, Jcr. #8474",Insult,Individual,0.4,medium,whatsapp_group_chat
"Sjmbm, nee full die tara behave madthiya. #80c6",Threat,Individual,0.67,medium,whatsapp_group_chat
"Yella dina ninna ammanakeya maga tara mathadbeda, Yyoon. #9d89",Sexual Harassment,Individual,0.74,high,whatsapp_group_chat
"Group nalli ee die attitude beda, Wxckubo. #5bef",Threat,Individual,0.48,low,whatsapp_group_chat
"People are tired of your bollocks attitude, Dskbc. #4a09",Insult,Individual,0.52,medium,whatsapp_group_chat
"Ukfs, stop acting like a total naked every day. #0bf3",Sexual Harassment,Individual,0.46,medium,whatsapp_group_chat
"Edmlxmod, you are such a dirty fellow in this group. #50fd",Insult,Individual,0.5,medium,whatsapp_group_chat
"People are tired of your sex attitude, Mrplxiu. #f620",Sexual Harassment,Individual,0.44,medium,whatsapp_group_chat
"This ohh,piss off behaviour is not okay, Ugsiyowjqq. #4ec9",Harassment,Individual,0.72,high,whatsapp_group_chat
"Tzgv, yaaru kuda ninna idiot thara nature ishta padalla. #be66",Insult,Individual,0.71,medium,whatsapp_group_chat
"Ivattu kooda monkey thara tara act madtidya, Sqaeb. #4b79",Insult,Individual,0.62,high,whatsapp_group_chat
"Jwboulgusr, nee tumba saayi madthiya tara idiya maga. #128c",Threat,Individual,0.57,medium,whatsapp_group_chat
"Only a bugger will spam the group like you, Wxeqdfv. #1871",Insult,Individual,0.79,high,whatsapp_group_chat
"Azfmdzlfww, stop acting like a total fag every day. #44a5",Insult,Individual,0.43,low,whatsapp_group_chat
"People are tired of your gay attitude, Xvuprxozk. #55fc",Insult,Individual,0.66,medium,whatsapp_group_chat
"Ninna cry baby behavior nodi everyone frustrate agta idare, Tgefima. #cbbc",Harassment,Individual,0.78,high,whatsapp_group_chat
"Sgr, nin sucide nataka nodakke bore aaytu. #4783",Threat,Individual,0.59,high,whatsapp_group_chat
"Pzmmg, nin ninna gandu nataka nodakke bore aaytu. #b4dd",Insult,Individual,0.6,medium,whatsapp_group_chat
"Group nalli a tara keiyanna baribeda, Dzecd. #8ca0",Harassment,Individual,0.52,low,whatsapp_group_chat
"Vzdqdf, you are such a nigger in this group. #96b6",Harassment,Individual,0.51,medium,whatsapp_group_chat
"Vktdwkaj, ivattu full thotti mode nalli idiya. #12d9",Insult,Individual,0.4,low,whatsapp_group_chat
"Szzpnwdzte, you are such a cockfoam in this group. #666a",Sexual Harassment,Individual,0.62,high,whatsapp_group_chat
"People are tired of your sex attitude, Dqbeg. #4f8c",Sexual Harassment,Individual,0.62,medium,whatsapp_group_chat
"Ajomdfl, nee full saayi tara behave madthiya. #d072",Threat,Individual,0.6,low,whatsapp_group_chat
"Group nalli ee sucide attitude beda, Tmybj. #3650",Threat,Individual,0.42,low,whatsapp_group_chat
"Yella dina dove rani maga tara mathadbeda, Zpr. #8ad3",Harassment,Individual,0.66,medium,whatsapp_group_chat
"Tttfx, yaaru kuda ninna fake character nature ishta padalla. #e12c",Harassment,Individual,0.46,high,whatsapp_group_chat
"Xchhnbc, yaaru kuda ninna joker thara nature ishta padalla. #0cac",Insult,Individual,0.64,low,whatsapp_group_chat
"Segvpggoyu, you are such a 69 in this group. #5d34",Sexual Harassment,Individual,0.67,high,whatsapp_group_chat
"Lrf, ivattu full monkey thara mode nalli idiya. #b565",Insult,Individual,0.47,medium,whatsapp_group_chat
"This arse behaviour is not okay, Aujcvnp. #9f86",Harassment,Individual,0.7,high,whatsapp_group_chat
"Group nalli a tara keiya baribeda, Fmgw. #b830",Harassment,Individual,0.53,medium,whatsapp_group_chat
"This dog behaviour is not okay, Qcokew. #d209",Insult,Individual,0.47,medium,whatsapp_group_chat
"Only a dickhole will spam the group like you, Amwkznvn. #cdd4",Sexual Harassment,Individual,0.47,medium,whatsapp_group_chat
"Xdopspqp, nin nin hendruna keya nataka nodakke bore aaytu. #524e",Sexual Harassment,Individual,0.54,low,whatsapp_group_chat
"Group nalli a tara sexy bro baribeda, Gwemndmy. #a92c",Sexual Harassment,Individual,0.68,medium,whatsapp_group_chat
"Pcgz, stop acting like a total fool every day. #609f",Insult,Individual,0.56,low,whatsapp_group_chat
"Vfeesc, nin bosodina nataka nodakke bore aaytu. #dd59",Harassment,Individual,0.53,medium,whatsapp_group_chat
"Lhrc, nin gaandu nataka nodakke bore aaytu. #d6ee",Insult,Individual,0.59,high,whatsapp_group_chat
"Yella dina muttala maga tara mathadbeda, Rrnkcaplw. #f4ad",Insult,Individual,0.66,high,whatsapp_group_chat
"Aakxtvh, ivattu full tullna keya mode nalli idiya. #70c4",Sexual Harassment,Individual,0.77,high,whatsapp_group_chat
"Jmy, you are such a bastard in this group. #d8ed",Insult,Individual,0.55,medium,whatsapp_group_chat
"Yella dina sucide madtha tara mathadbeda, Vzlptwjnbq. #b38e",Threat,Individual,0.49,medium,whatsapp_group_chat
"Group nalli a tara keiyanna baribeda, Pqxa. #0431",Harassment,Individual,0.56,high,whatsapp_group_chat
"People are tired of your cock-socker attitude, Ytbyuz. #8a9a",Sexual Harassment,Individual,0.8,high,whatsapp_group_chat
"Group nalli a tara cry baby maga baribeda, Cpuefxq. #e98d",Harassment,Individual,0.54,medium,whatsapp_group_chat
"Atqj, nee tumba shaata tara idiya maga. #ae43",Insult,Individual,0.62,low,whatsapp_group_chat
"Dliuhu, nin monkey thara nataka nodakke bore aaytu. #4abe",Insult,Individual,0.74,high,whatsapp_group_chat
"Weewm, nin sade nataka nodakke bore aaytu. #6ac9",Insult,Individual,0.65,high,whatsapp_group_chat
"Dmlblpeay, nee full die tara behave madthiya. #33b2",Threat,Individual,0.62,high,whatsapp_group_chat
"Kpvwgu, nee full monkey thara tara behave madthiya. #a640",Insult,Individual,0.7,high,whatsapp_group_chat
"This idiot behaviour is not okay, Zeab. #275f",Insult,Individual,0.44,medium,whatsapp_group_chat
"Group nalli a tara sucide mad baribeda, Biri. #7d08",Threat,Individual,0.35,medium,whatsapp_group_chat
"Pkrq, you are such a ass in this group. #dca8",Harassment,Individual,0.7,high,whatsapp_group_chat
"Only a son of bitch will spam the group like you, Bqoqgze. #773d",Insult,Individual,0.79,high,whatsapp_group_chat
"Group nalli ee sakath body attitude beda, Uuqzl. #9a09",Harassment,Individual,0.68,medium,whatsapp_group_chat
"Group nalli ee fake character attitude beda, Dvqwwzrwrq. #c724",Harassment,Individual,0.51,medium,whatsapp_group_chat
"People are tired of your hell attitude, Svftot. #8f8f",Harassment,Individual,0.57,high,whatsapp_group_chat
"Ojkqzeo, you are such a gay in this group. #a67a",Insult,Individual,0.38,low,whatsapp_group_chat
"Yella dina sucide madthiya tara mathadbeda, Abldewq. #e42f",Threat,Individual,0.4,low,whatsapp_group_chat
"Fzll, nee full sucide tara behave madthiya. #a0d8",Threat,Individual,0.67,medium,whatsapp_group_chat
"Ppcifw, you are such a lame in this group. #0612",Harassment,Individual,0.55,low,whatsapp_group_chat
"Only a lame will spam the group like you, Pzvzfrux. #3a02",Harassment,Individual,0.43,medium,whatsapp_group_chat
"People are tired of your go to hell attitude, Gihddeq. #9ca1",Harassment,Individual,0.47,medium,whatsapp_group_chat
"Copkiga, nee tumba hendruna keya tara idiya maga. #33c6",Sexual Harassment,Individual,0.57,high,whatsapp_group_chat
"Oikpa, nee tumba boli magane tara idiya maga. #4c33",Insult,Individual,0.44,high,whatsapp_group_chat
"Group nalli ee sexy baby attitude beda, Vpujagahnc. #610b",Sexual Harassment,Individual,0.75,high,whatsapp_group_chat
"This wtf behaviour is not okay, Unadkcc. #5d29",Harassment,Individual,0.79,high,whatsapp_group_chat
"This wtf behaviour is not okay, Sqclzd. #4663",Harassment,Individual,0.68,medium,whatsapp_group_chat
"Ninna idiot thara behavior nodi everyone frustrate agta idare, Tltbtsgha. #061a",Insult,Individual,0.6,high,whatsapp_group_chat
"Group nalli a tara sexy bro baribeda, Eivmljtf. #0cc2",Sexual Harassment,Individual,0.72,medium,whatsapp_group_chat
"This slut behaviour is not okay, Zwffat. #3d5e",Sexual Harassment,Individual,0.58,low,whatsapp_group_chat
"This bastard behaviour is not okay, Spzacyhxig. #527e",Insult,Individual,0.47,high,whatsapp_group_chat
"Group nalli ee fake character attitude beda, Unoddb. #1776",Harassment,Individual,0.78,high,whatsapp_group_chat
"Etaqspyew, nin soolya nataka nodakke bore aaytu. #d2de",Harassment,Individual,0.63,medium,whatsapp_group_chat
"Group nalli ee joker thara attitude beda, Kfdnnbyu. #9ddf",Insult,Individual,0.33,low,whatsapp_group_chat
"Yypv, stop acting like a total fucking balls every day. #3a4d",Sexual Harassment,Individual,0.63,medium,whatsapp_group_chat
"Exhjmzx, stop acting like a total go to hell every day. #e84c",Harassment,Individual,0.45,medium,whatsapp_group_chat
"Mxelbmdf, nee tumba dove rani tara idiya maga. #a3f0",Harassment,Individual,0.36,medium,whatsapp_group_chat
"Krbhtsgxdi, stop acting like a total fucking balls every day. #df75",Sexual Harassment,Individual,0.66,medium,whatsapp_group_chat
"This crap behaviour is not okay, Qlwpfpsvdt. #45cc",Harassment,Individual,0.47,low,whatsapp_group_chat
"People are tired of your butt attitude, Msxpqkza. #42f3",Harassment,Individual,0.45,high,whatsapp_group_chat
"Only a dog will spam the group like you, Whn. #356b",Insult,Individual,0.59,high,whatsapp_group_chat
"People are tired of your cock-socker attitude, Aegb. #5e15",Sexual Harassment,Individual,0.35,medium,whatsapp_group_chat
"Mnymgbb, nin sede nataka nodakke bore aaytu. #d37c",Insult,Individual,0.46,medium,whatsapp_group_chat
"Irhoalm, stop acting like a total lame every day. #9b45",Harassment,Individual,0.53,high,whatsapp_group_chat
"Iogtjkqs, yaaru kuda ninna sakath body nature ishta padalla. #afa7",Harassment,Individual,0.45,medium,whatsapp_group_chat
"Fcjnhv, you are such a twat in this group. #d0ca",Insult,Individual,0.81,high,whatsapp_group_chat
"Eqxsy, stop acting like a total pissflaps every day. #eed4",Insult,Individual,0.54,medium,whatsapp_group_chat
"Umcpsbynk, nee tumba keiyanna maga tara idiya maga. #ac18",Harassment,Individual,0.62,medium,whatsapp_group_chat
"Ninna monkey thara behavior nodi everyone frustrate agta idare, Qpbolskaoh. #da0a",Insult,Individual,0.67,high,whatsapp_group_chat
"This bugger behaviour is not okay, Ivkyz. #73cb",Insult,Individual,0.36,medium,whatsapp_group_chat
"Tzqzzbepip, stop acting like a total dickhole every day. #460d",Sexual Harassment,Individual,0.61,medium,whatsapp_group_chat
"Ivattu kooda haavu bro neenu tara act madtidya, Hje. #bbba",Harassment,Individual,0.45,medium,whatsapp_group_chat
"Yella dina saayi tara mathadbeda, Hpmn. #30be",Threat,Individual,0.57,low,whatsapp_group_chat
"Wrz, you are such a son of bitch in this group. #70e6",Insult,Individual,0.68,low,whatsapp_group_chat
"Eewlrtsf, yaaru kuda ninna dove rani nature ishta padalla. #ff62",Harassment,Individual,0.44,medium,whatsapp_group_chat
"Jfwplx, nee full joker thara tara behave madthiya. #cab0",Insult,Individual,0.57,low,whatsapp_group_chat
"Jbe, you are such a dirty fellow in this group. #99f1",Insult,Individual,0.6,medium,whatsapp_group_chat
"Ninna not a loyal behavior nodi everyone frustrate agta idare, Hyczdzdvp. #25f3",Harassment,Individual,0.71,low,whatsapp_group_chat
"Mykyveqt, nin haavu bro neenu nataka nodakke bore aaytu. #20a9",Harassment,Individual,0.56,medium,whatsapp_group_chat
"Group nalli a tara huccha baribeda, Bwhw. #b6b3",Insult,Individual,0.61,medium,whatsapp_group_chat
"This butt behaviour is not okay, Gvdsszej. #86b3",Harassment,Individual,0.55,low,whatsapp_group_chat
"Ninna sexy baby behavior nodi everyone frustrate agta idare, Wmy. #5197",Sexual Harassment,Individual,0.79,high,whatsapp_group_chat
"This bozo behaviour is not okay, Hdcupk. #e57f",Insult,Individual,0.5,low,whatsapp_group_chat
"Hcazwczr, stop acting like a total crap every day. #e9e6",Harassment,Individual,0.54,medium,whatsapp_group_chat
"Eoodc, nee tumba sooley maga tara idiya maga. #883b",Insult,Individual,0.68,high,whatsapp_group_chat
"Only a suck his dick will spam the group like you, Husalkj. #3c86",Sexual Harassment,Individual,0.7,medium,whatsapp_group_chat
"Group nalli ee saayi attitude beda, Fedioeo. #bd50",Threat,Individual,0.54,medium,whatsapp_group_chat
"Ysbyfhf, ivattu full keiyanna maga mode nalli idiya. #ccdc",Harassment,Individual,0.81,high,whatsapp_group_chat
"Yojlr, nee tumba sule tara idiya maga. #e072",Insult,Individual,0.68,medium,whatsapp_group_chat
"People are tired of your dog attitude, Lsisfiw. #c6f8",Insult,Individual,0.69,low,whatsapp_group_chat
"Qrew, you are such a mother fucker in this group. #4176",Insult,Individual,0.41,low,whatsapp_group_chat
"Gpdvxrzfap, you are such a choad in this group. #cc21",Insult,Individual,0.5,high,whatsapp_group_chat
"People are tired of your asexual attitude, Kfuejgiimo. #d431",Sexual Harassment,Individual,0.57,medium,whatsapp_group_chat
"Wqsedpw, ivattu full saayi maga mode nalli idiya. #068d",Threat,Individual,0.57,medium,whatsapp_group_chat
"Jhq, you are such a cock-socker in this group. #5a81",Sexual Harassment,Individual,0.6,medium,whatsapp_group_chat
"Qsi, yaaru kuda ninna joker thara nature ishta padalla. #edae",Insult,Individual,0.74,high,whatsapp_group_chat
"Group nalli a tara nimavvan baribeda, Ihjncyoa. #6e72",Harassment,Individual,0.69,medium,whatsapp_group_chat
"This fuck behaviour is not okay, Swamxnms. #4615",Harassment,Individual,0.67,high,whatsapp_group_chat
"Yella dina saayi madthiya tara mathadbeda, Oxxjklpqvc. #eddb",Threat,Individual,0.64,high,whatsapp_group_chat
"Only a lesbian will spam the group like you, Gjbuntsf. #5382",Insult,Individual,0.55,medium,whatsapp_group_chat
"Yajxkli, nee full joker thara tara behave madthiya. #dd22",Insult,Individual,0.63,high,whatsapp_group_chat
"Group nalli a tara ninna thullu keya baribeda, Tfsgseh. #e1fc",Sexual Harassment,Individual,0.43,medium,whatsapp_group_chat
"Ninna sakath body behavior nodi everyone frustrate agta idare, Kgzqzyim. #a81d",Harassment,Individual,0.7,medium,whatsapp_group_chat
"Group nalli a tara singri maga baribeda, Agqyfka. #7251",Insult,Individual,0.79,high,whatsapp_group_chat
"Tuegig, yaaru kuda ninna sexy bro nature ishta padalla. #82f8",Sexual Harassment,Individual,0.64,high,whatsapp_group_chat
"Ninna sucide behavior nodi everyone frustrate agta idare, Bsihndsirg. #e0be",Threat,Individual,0.55,medium,whatsapp_group_chat
"People are tired of your bugger attitude, Xwlezaq. #10af",Insult,Individual,0.64,low,whatsapp_group_chat
"Ivattu kooda sexy bro tara act madtidya, Xtu. #bfd2",Sexual Harassment,Individual,0.65,high,whatsapp_group_chat
"Wtxstpdy, yaaru kuda ninna idiot thara nature ishta padalla. #8529",Insult,Individual,0.64,medium,whatsapp_group_chat
"Only a fair suck of the sav will spam the group like you, Wgumgwy. #9bab",Harassment,Individual,0.6,low,whatsapp_group_chat
"Xboxzk, nin muda nataka nodakke bore aaytu. #190f",Insult,Individual,0.45,medium,whatsapp_group_chat
"Only a wanker will spam the group like you, Ijtf. #95d6",Sexual Harassment,Individual,0.5,medium,whatsapp_group_chat
"Pfbt, yaaru kuda ninna die nature ishta padalla. #e10b",Threat,Individual,0.55,medium,whatsapp_group_chat
"Lund, nin monkey thara maga nataka nodakke bore aaytu. #5bcd",Insult,Individual,0.53,low,whatsapp_group_chat
"Cybe, stop acting like a total nigga every day. #2a7c",Harassment,Individual,0.74,medium,whatsapp_group_chat
"Wksugc, nee tumba hucchadana tara idiya maga. #1790",Insult,Individual,0.45,high,whatsapp_group_chat
"Group nalli a tara tullna keya baribeda, Aknxy. #8241",Sexual Harassment,Individual,0.6,medium,whatsapp_group_chat
"Group nalli a tara muda baribeda, Pkccovkgk. #c27f",Insult,Individual,0.67,low,whatsapp_group_chat
"Yella dina mangyan maga tara mathadbeda, Gujvkvab. #b655",Insult,Individual,0.55,medium,whatsapp_group_chat
"Ninna saayi behavior nodi everyone frustrate agta idare, Bmgyctdhqn. #467f",Threat,Individual,0.4,medium,whatsapp_group_chat
"Qdmjam, yaaru kuda ninna haavu bro neenu nature ishta padalla. #175e",Harassment,Individual,0.68,medium,whatsapp_group_chat
"Cowrpbhhj, nee tumba not a loyal maga tara idiya maga. #86af",Harassment,Individual,0.48,medium,whatsapp_group_chat
"Kbsvvzzrt, ivattu full dagar mode nalli idiya. #1c9d",Insult,Individual,0.64,high,whatsapp_group_chat
"Yella dina shaata tara mathadbeda, Sscfh. #2912",Insult,Individual,0.66,high,whatsapp_group_chat
"This rubbish behaviour is not okay, Nrsruxuo. #d6bf",Insult,Individual,0.37,medium,whatsapp_group_chat
"Only a queer will spam the group like you, Ubyuutzwc. #d2ef",Insult,Individual,0.83,high,whatsapp_group_chat
"Iwxpaicilo, nee tumba baa, nan tunne nekku tara idiya maga. #6185",Harassment,Individual,0.45,high,whatsapp_group_chat
"Ninna sexy bro behavior nodi everyone frustrate agta idare, Epbxzmm. #70c1",Sexual Harassment,Individual,0.57,medium,whatsapp_group_chat
"This transgender behaviour is not okay, Xex. #460e",Insult,Individual,0.46,medium,whatsapp_group_chat
"Jitg, stop acting like a total choad every day. #b40e",Insult,Individual,0.74,high,whatsapp_group_chat
"Yella dina dagara tara mathadbeda, Kdfdcxt. #87af",Insult,Individual,0.46,medium,whatsapp_group_chat
"Group nalli a tara dagar baribeda, Bplmubbwf. #1889",Insult,Individual,0.66,medium,whatsapp_group_chat
"Ivattu kooda sucide tara act madtidya, Vjvoutd. #8510",Threat,Individual,0.81,high,whatsapp_group_chat
"Oivdaahbr, nee tumba sooley tara idiya maga. #79f9",Insult,Individual,0.47,medium,whatsapp_group_chat
"Mugywgh, nee tumba dusta tara idiya maga. #0957",Insult,Individual,0.84,high,whatsapp_group_chat
"People are tired of your shag attitude, Yyllmxeoqx. #6708",Sexual Harassment,Individual,0.68,high,whatsapp_group_chat
"This slut behaviour is not okay, Yokmxsya. #ac1b",Sexual Harassment,Individual,0.72,medium,whatsapp_group_chat
"Yella dina darbesi tara mathadbeda, Zscsa. #9e65",Insult,Individual,0.41,medium,whatsapp_group_chat
"Yzuawgaqq, you are such a bugger in this group. #af92",Insult,Individual,0.67,high,whatsapp_group_chat
"Ninna not a loyal behavior nodi everyone frustrate agta idare, Oylqxbft. #2480",Harassment,Individual,0.55,low,whatsapp_group_chat
"Idiw, stop acting like a total duffer every day. #255b",Insult,Individual,0.39,medium,whatsapp_group_chat
"Ninna cry baby behavior nodi everyone frustrate agta idare, Vqmyzqi. #e481",Harassment,Individual,0.45,high,whatsapp_group_chat
"People are tired of your bloddy hell attitude, Haicwwyl. #9edf",Harassment,Individual,0.64,medium,whatsapp_group_chat
"People are tired of your bitch attitude, Uuuw. #8c54",Insult,Individual,0.67,high,whatsapp_group_chat
"Only a two head snake will spam the group like you, Hgzkl. #7b95",Insult,Individual,0.65,medium,whatsapp_group_chat
"People are tired of your bloddy hell attitude, Vhqvxhb. #875e",Harassment,Individual,0.34,low,whatsapp_group_chat
"Only a son of bitch will spam the group like you, Dvbrwpzxcu. #1645",Insult,Individual,0.75,high,whatsapp_group_chat
"Only a go to hell will spam the group like you, Iejj. #a377",Harassment,Individual,0.48,low,whatsapp_group_chat
"Ietgsnl, you are such a dick in this group. #a2b4",Sexual Harassment,Individual,0.59,high,whatsapp_group_chat
"People are tired of your naked attitude, Cfljv. #03fd",Sexual Harassment,Individual,0.4,medium,whatsapp_group_chat
"Ivattu kooda sexy baby tara act madtidya, Xgsccdl. #eb46",Sexual Harassment,Individual,0.77,high,whatsapp_group_chat
"Only a crap will spam the group like you, Ikmohia. #477e",Harassment,Individual,0.67,medium,whatsapp_group_chat
"This two head snake behaviour is not okay, Uadvz. #9b5c",Insult,Individual,0.54,high,whatsapp_group_chat
"Mpmq, yaaru kuda ninna sexy baby nature ishta padalla. #6070",Sexual Harassment,Individual,0.5,low,whatsapp_group_chat
"Xsfwgnq, nee full idiot thara tara behave madthiya. #fe39",Insult,Individual,0.56,high,whatsapp_group_chat
"Zlsd, yaaru kuda ninna sucide nature ishta padalla. #eb6d",Threat,Individual,0.66,medium,whatsapp_group_chat
"Guv, stop acting like a total bloody hell every day. #526b",Harassment,Individual,0.53,medium,whatsapp_group_chat
"Group nalli a tara dagar baribeda, Ueaah. #8784",Insult,Individual,0.48,high,whatsapp_group_chat
"Ald, yaaru kuda ninna monkey thara nature ishta padalla. #5f89",Insult,Individual,0.7,high,whatsapp_group_chat
"Ivosxpz, nee full cry baby tara behave madthiya. #b960",Harassment,Individual,0.64,medium,whatsapp_group_chat
"Nui, nin nim amman nataka nodakke bore aaytu. #c520",Harassment,Individual,0.42,low,whatsapp_group_chat
"People are tired of your transgender attitude, Woboaoiuqe. #f2d7",Insult,Individual,0.51,medium,whatsapp_group_chat
"Yella dina die maga tara mathadbeda, Vhoikltrwo. #3ac2",Threat,Individual,0.57,high,whatsapp_group_chat
"Ivattu kooda monkey thara tara act madtidya, Slcieebtqs. #d4c4",Insult,Individual,0.35,medium,whatsapp_group_chat
"Group nalli a tara sakath body maga baribeda, Psbgakswrw. #2e19",Harassment,Individual,0.63,high,whatsapp_group_chat
"Zuvnox, nee tumba sakath body tara idiya maga. #f472",Harassment,Individual,0.6,low,whatsapp_group_chat
"Mhokzuao, nee full dove rani tara behave madthiya. #59cc",Harassment,Individual,0.56,medium,whatsapp_group_chat
"Group nalli ee sucide attitude beda, Adyvuscidi. #83e1",Threat,Individual,0.64,medium,whatsapp_group_chat
"Only a suck his dick will spam the group like you, Tsasxgad. #525e",Sexual Harassment,Individual,0.7,low,whatsapp_group_chat
"Ivattu kooda joker thara tara act madtidya, Pxuxbd. #a814",Insult,Individual,0.62,medium,whatsapp_group_chat
"Sbbjj, ivattu full thullu keya mode nalli idiya. #8fc2",Sexual Harassment,Individual,0.54,high,whatsapp_group_chat
"Group nalli ee dove rani attitude beda, Ldlidihshx. #f610",Harassment,Individual,0.74,medium,whatsapp_group_chat
"Gzy, yaaru kuda ninna cry baby nature ishta padalla. #e570",Harassment,Individual,0.66,high,whatsapp_group_chat
"Group nalli a tara kembatti maga baribeda, Ncf. #2917",Insult,Individual,0.44,medium,whatsapp_group_chat
"Only a bellend will spam the group like you, Cfculqxzp. #b849",Insult,Individual,0.55,high,whatsapp_group_chat
"Group nalli a tara hucchadana baribeda, Yydswgmzq. #5bcf",Insult,Individual,0.59,medium,whatsapp_group_chat
"Vivbx, you are such a go to hell in this group. #7eae",Harassment,Individual,0.48,high,whatsapp_group_chat
"Bgmpjla, nee tumba dagarina tara idiya maga. #b95f",Insult,Individual,0.36,medium,whatsapp_group_chat
"People are tired of your sexy attitude, Hjh. #7105",Sexual Harassment,Individual,0.68,medium,whatsapp_group_chat
"Scrmkcq, you are such a bugger in this group. #0cea",Insult,Individual,0.59,medium,whatsapp_group_chat
"Nvitlhf, you are such a gay in this group. #2adf",Insult,Individual,0.61,medium,whatsapp_group_chat
"This stupid behaviour is not okay, Pfifc. #5df5",Insult,Individual,0.65,medium,whatsapp_group_chat
"Group nalli ee cry baby attitude beda, Hndrxqhn. #74cd",Harassment,Individual,0.64,low,whatsapp_group_chat
"Pvkqwtyml, you are such a lesbian in this group. #08f6",Insult,Individual,0.7,medium,whatsapp_group_chat
"Group nalli ee sexy bro attitude beda, Ddskusafz. #89d9",Sexual Harassment,Individual,0.54,high,whatsapp_group_chat
"Ivattu kooda idiot thara tara act madtidya, Fjulaegqz. #e0f0",Insult,Individual,0.66,medium,whatsapp_group_chat
"Only a bugger will spam the group like you, Rvswjls. #816a",Insult,Individual,0.47,medium,whatsapp_group_chat
"Hafk, yaaru kuda ninna cry baby nature ishta padalla. #1646",Harassment,Individual,0.37,medium,whatsapp_group_chat
"Only a asswipe will spam the group like you, Wghrruimz. #5042",Insult,Individual,0.82,high,whatsapp_group_chat
"This twat behaviour is not okay, Hhxnxrr. #6920",Sexual Harassment,Individual,0.53,low,whatsapp_group_chat
"Only a go to hell will spam the group like you, Vjn. #74c6",Harassment,Individual,0.69,medium,whatsapp_group_chat
"People are tired of your cock-socker attitude, Xkdlhidxn. #f52c",Sexual Harassment,Individual,0.67,medium,whatsapp_group_chat
"Ivattu kooda monkey thara tara act madtidya, Wtvp. #94d7",Insult,Individual,0.49,high,whatsapp_group_chat
"Group nalli ee haavu bro neenu attitude beda, Wpzbpkkwh. #7e32",Harassment,Individual,0.48,medium,whatsapp_group_chat
"This nigger behaviour is not okay, Qhhjuvetkg. #3b7c",Harassment,Individual,0.5,low,whatsapp_group_chat
"This damn behaviour is not okay, Nofohi. #33b4",Insult,Individual,0.55,medium,whatsapp_group_chat
"Uatggddd, nee full saayi tara behave madthiya. #7801",Threat,Individual,0.4,low,whatsapp_group_chat
"Qjpouqjz, nee full haavu bro neenu tara behave madthiya. #da0c",Harassment,Individual,0.7,medium,whatsapp_group_chat
"Suvga, nee full not a loyal tara behave madthiya. #2ac5",Harassment,Individual,0.42,high,whatsapp_group_chat
"Group nalli a tara le niga maga baribeda, Mcfckx. #6e07",Harassment,Individual,0.7,medium,whatsapp_group_chat
"Pognbqjv, nin sooley maga nataka nodakke bore aaytu. #be47",Insult,Individual,0.38,medium,whatsapp_group_chat
"Group nalli ee sexy bro attitude beda, Qyrd. #05b9",Sexual Harassment,Individual,0.56,medium,whatsapp_group_chat
"Ivattu kooda cry baby tara act madtidya, Ojcvmjg. #bf50",Harassment,Individual,0.66,high,whatsapp_group_chat
"Ivattu kooda monkey thara tara act madtidya, Ctzhzrkjv. #52e3",Insult,Individual,0.67,medium,whatsapp_group_chat
"Xurykq, you are such a twat face in this group. #fd4a",Insult,Individual,0.59,low,whatsapp_group_chat
"Tzqdt, yaaru kuda ninna fake character nature ishta padalla. #57a7",Harassment,Individual,0.42,low,whatsapp_group_chat
"Dtgcwtp, stop acting like a total asexual every day. #87eb",Sexual Harassment,Individual,0.63,high,whatsapp_group_chat
"Rbsxbuyd, stop acting like a total bugger every day. #ed82",Insult,Individual,0.53,high,whatsapp_group_chat
"Eazv, nee full idiot thara tara behave madthiya. #5c97",Insult,Individual,0.52,high,whatsapp_group_chat
"Ivattu kooda not a loyal tara act madtidya, Cuatzdhbbu. #e27b",Harassment,Individual,0.47,low,whatsapp_group_chat
"Nckzmkym, nee full cry baby tara behave madthiya. #f5d4",Harassment,Individual,0.68,high,whatsapp_group_chat
"Group nalli a tara sucide mad baribeda, Yvgpmtmkuc. #535e",Threat,Individual,0.61,high,whatsapp_group_chat
"Leyhxlua, you are such a bellend in this group. #b873",Insult,Individual,0.69,high,whatsapp_group_chat
"Group nalli ee monkey thara attitude beda, Zzti. #c443",Insult,Individual,0.75,high,whatsapp_group_chat
"This arse behaviour is not okay, Nfem. #61e9",Harassment,Individual,0.79,high,whatsapp_group_chat
"Xfkmlrifr, ivattu full dagarina maga mode nalli idiya. #a8e3",Insult,Individual,0.57,medium,whatsapp_group_chat
"Ivattu kooda sakath body tara act madtidya, Euusan. #7de7",Harassment,Individual,0.4,high,whatsapp_group_chat
"Group nalli a tara mangyan maga baribeda, Nopketsg. #35d7",Insult,Individual,0.64,high,whatsapp_group_chat
"Rvwlopy, stop acting like a total go to hell every day. #6663",Harassment,Individual,0.51,low,whatsapp_group_chat
"Group nalli a tara ninna ammanakeya baribeda, Hsdlobtha. #3aa7",Sexual Harassment,Individual,0.73,high,whatsapp_group_chat
"Ivattu kooda saayi tara act madtidya, Tkuinbh. #b85c",Threat,Individual,0.37,medium,whatsapp_group_chat
"People are tired of your cunt attitude, Aumpgu. #c694",Sexual Harassment,Individual,0.7,medium,whatsapp_group_chat
"Gekv, stop acting like a total choad every day. #0467",Insult,Individual,0.55,medium,whatsapp_group_chat
"Oai, nee full dove rani tara behave madthiya. #e7f6",Harassment,Individual,0.48,low,whatsapp_group_chat
"Qyuzexqwn, nee tumba kall nan magane tara idiya maga. #8278",Insult,Individual,0.49,low,whatsapp_group_chat
"Fzv, stop acting like a total shag every day. #9c03",Sexual Harassment,Individual,0.48,medium,whatsapp_group_chat
"Gzdp, stop acting like a total sexy every day. #d391",Sexual Harassment,Individual,0.55,medium,whatsapp_group_chat
"This hell behaviour is not okay, Kpjrlaygtw. #6e61",Harassment,Individual,0.44,medium,whatsapp_group_chat
"Hubnj, yaaru kuda ninna joker thara nature ishta padalla. #7e77",Insult,Individual,0.59,high,whatsapp_group_chat
"Iguyishyka, yaaru kuda ninna die nature ishta padalla. #af00",Threat,Individual,0.61,high,whatsapp_group_chat
"This bugger behaviour is not okay, Vtwuup. #968b",Insult,Individual,0.42,medium,whatsapp_group_chat
"Yella dina nimmavvana tara mathadbeda, Npfrduds. #c8f6",Harassment,Individual,0.57,low,whatsapp_group_chat
"Xhr, stop acting like a total twat face every day. #c32c",Insult,Individual,0.5,medium,whatsapp_group_chat
"Ivattu kooda sexy baby tara act madtidya, Mlipozttq. #319a",Sexual Harassment,Individual,0.7,medium,whatsapp_group_chat
"This bastard behaviour is not okay, Nzbvslzllg. #2ba0",Insult,Individual,0.39,low,whatsapp_group_chat
"Group nalli a tara ninna thale kettide baribeda, Mrvg. #6b09",Harassment,Individual,0.39,medium,whatsapp_group_chat
"Only a bugger will spam the group like you, Dku. #bed0",Insult,Individual,0.55,high,whatsapp_group_chat
"Yella dina bosodi tara mathadbeda, Seyi. #19d5",Harassment,Individual,0.74,medium,whatsapp_group_chat
"Yoy, yaaru kuda ninna sakath body nature ishta padalla. #58bf",Harassment,Individual,0.62,high,whatsapp_group_chat
"Stbciqhaoo, nin thotti nataka nodakke bore aaytu. #f018",Insult,Individual,0.71,high,whatsapp_group_chat
"Tpfksuy, ivattu full soolya maga mode nalli idiya. #646e",Harassment,Individual,0.51,medium,whatsapp_group_chat
"Ydfnnuid, nin kallu nataka nodakke bore aaytu. #8719",Insult,Individual,0.46,high,whatsapp_group_chat
"Yella dina cry baby tara mathadbeda, Awwfmoz. #0955",Harassment,Individual,0.37,medium,whatsapp_group_chat
"Jndxigw, stop acting like a total nigger every day. #41d8",Harassment,Individual,0.42,medium,whatsapp_group_chat
"Group nalli ee sucide attitude beda, Fzuickr. #7537",Threat,Individual,0.62,high,whatsapp_group_chat
"Kokrnvdm, nee full idiot thara tara behave madthiya. #69a6",Sexual Harassment,Individual,0.54,medium,whatsapp_group_chat
"Group nalli a tara fake character baribeda, Qtmfnctusg. #5023",Harassment,Individual,0.53,low,whatsapp_group_chat
"Group nalli ee dove rani attitude beda, Juvpskuvx. #a2dd",Harassment,Individual,0.5,high,whatsapp_group_chat
"Jzbzgh, nin nimm avvan nataka nodakke bore aaytu. #6afa",Harassment,Individual,0.6,medium,whatsapp_group_chat
"Zuizxxgkbe, ivattu full not a loyal maga mode nalli idiya. #8a3b",Harassment,Individual,0.67,medium,whatsapp_group_chat
"Yella dina joker thara tara mathadbeda, Ihtk. #21f3",Insult,Individual,0.44,low,whatsapp_group_chat
"Jjl, stop acting like a total go to hell every day. #0c04",Harassment,Individual,0.42,medium,whatsapp_group_chat
"Group nalli a tara ninna amma baribeda, Bzamfgxmj. #700b",Harassment,Individual,0.53,high,whatsapp_group_chat
"Group nalli ee sucide attitude beda, Lxmowg. #b789",Threat,Individual,0.54,medium,whatsapp_group_chat
"Jfw, you are such a naked in this group. #ad5b",Sexual Harassment,Individual,0.48,low,whatsapp_group_chat
"Ninna joker thara behavior nodi everyone frustrate agta idare, Wlcmwioftp. #627f",Insult,Individual,0.47,medium,whatsapp_group_chat
"Vxmscvetqg, ivattu full ninna ammanakeya mode nalli idiya. #5ebd",Sexual Harassment,Individual,0.57,high,whatsapp_group_chat
"Yella dina nimavvan tara mathadbeda, Cawa. #b555",Harassment,Individual,0.51,medium,whatsapp_group_chat
"Cogpd, you are such a go to hell in this group. #084e",Harassment,Individual,0.49,low,whatsapp_group_chat
"Yella dina sexy bro maga tara mathadbeda, Xntgvpboam. #1c48",Sexual Harassment,Individual,0.51,high,whatsapp_group_chat
"Kqy, yaaru kuda ninna die nature ishta padalla. #c592",Threat,Individual,0.46,medium,whatsapp_group_chat
"Group nalli ee haavu bro neenu attitude beda, Aqngt. #77e0",Harassment,Individual,0.65,high,whatsapp_group_chat
"Yella dina sexy bro maga tara mathadbeda, Moat. #456b",Sexual Harassment,Individual,0.84,high,whatsapp_group_chat
"Group nalli ee sakath body attitude beda, Uigfzj. #8093",Harassment,Individual,0.43,medium,whatsapp_group_chat
"Ivattu kooda saayi tara act madtidya, Etxmr. #58d5",Threat,Individual,0.75,high,whatsapp_group_chat
"Bmdteicimu, nee tumba sucide madthiya maga tara idiya maga. #1743",Threat,Individual,0.59,high,whatsapp_group_chat
"Ninna sucide behavior nodi everyone frustrate agta idare, Xgbtmwdtzd. #710f",Threat,Individual,0.66,medium,whatsapp_group_chat
"Ninna sexy baby behavior nodi everyone frustrate agta idare, Zjcvvgk. #14ac",Sexual Harassment,Individual,0.41,low,whatsapp_group_chat
"Igpqcunm, you are such a jerk in this group. #671c",Insult,Individual,0.77,high,whatsapp_group_chat
"Uxtdg, yaaru kuda ninna cry baby nature ishta padalla. #3345",Harassment,Individual,0.55,low,whatsapp_group_chat
"Ninna joker thara behavior nodi everyone frustrate agta idare, Xcnzyzc. #29de",Insult,Individual,0.51,medium,whatsapp_group_chat
"Xwqqe, nee tumba sade tara idiya maga. #296b",Insult,Individual,0.44,high,whatsapp_group_chat
"Ivattu kooda fake character tara act madtidya, Gxwnohjjt. #e9b9",Harassment,Individual,0.59,medium,whatsapp_group_chat
"Cuxj, ivattu full ninna hendruna keya maga mode nalli idiya. #fd52",Sexual Harassment,Individual,0.54,medium,whatsapp_group_chat
"Gprxxxczn, you are such a fuck you in this group. #8068",Harassment,Individual,0.36,medium,whatsapp_group_chat
"Only a dick will spam the group like you, Hfqcp. #b3a4",Sexual Harassment,Individual,0.67,medium,whatsapp_group_chat
"Fgbuhru, stop acting like a total 69 every day. #c8e3",Sexual Harassment,Individual,0.45,low,whatsapp_group_chat
"Only a shag will spam the group like you, Fltv. #a8c6",Sexual Harassment,Individual,0.73,high,whatsapp_group_chat
"Ninna fake character behavior nodi everyone frustrate agta idare, Vcjlqtehum. #26d6",Harassment,Individual,0.39,medium,whatsapp_group_chat
"Only a ass will spam the group like you, Ziwc. #4342",Harassment,Individual,0.77,high,whatsapp_group_chat
"Qjiihmyk, nee full monkey thara tara behave madthiya. #10ee",Insult,Individual,0.69,medium,whatsapp_group_chat
"This fucking prick behaviour is not okay, Jcltdahjzk. #6661",Sexual Harassment,Individual,0.42,medium,whatsapp_group_chat
"Eey, ivattu full dagar mode nalli idiya. #2f7e",Insult,Individual,0.48,high,whatsapp_group_chat
"Bptpw, nee tumba nin tullna keya tara idiya maga. #18b6",Sexual Harassment,Individual,0.55,medium,whatsapp_group_chat
"Ufswer, yaaru kuda ninna haavu bro neenu nature ishta padalla. #c993",Harassment,Individual,0.5,medium,whatsapp_group_chat
"This bugger behaviour is not okay, Urithapqo. #dfe7",Insult,Individual,0.6,high,whatsapp_group_chat
"Crixfaf, nin darbesi nataka nodakke bore aaytu. #0c00",Insult,Individual,0.67,high,whatsapp_group_chat
"Vgfdvazg, you are such a cockfoam in this group. #3c1c",Sexual Harassment,Individual,0.35,medium,whatsapp_group_chat
"Ivattu kooda not a loyal tara act madtidya, Jlca. #8893",Harassment,Individual,0.46,medium,whatsapp_group_chat
"Hlbzmicni, ivattu full sexy baby maga mode nalli idiya. #ed91",Sexual Harassment,Individual,0.59,low,whatsapp_group_chat
"Ninna sakath body behavior nodi everyone frustrate agta idare, Fcmc. #d81d",Harassment,Individual,0.71,high,whatsapp_group_chat
"Jan, ivattu full dagarina mode nalli idiya. #9db0",Insult,Individual,0.69,medium,whatsapp_group_chat
"People are tired of your fuck you attitude, Ihimraurnb. #bde8",Harassment,Individual,0.67,medium,whatsapp_group_chat
"Wchbexnj, ivattu full bosodina mode nalli idiya. #6afb",Harassment,Individual,0.52,medium,whatsapp_group_chat
"This bloddy hell behaviour is not okay, Snj. #e2ae",Harassment,Individual,0.68,medium,whatsapp_group_chat
"This dog behaviour is not okay, Fpkzmhbkbu. #23ff",Insult,Individual,0.62,medium,whatsapp_group_chat
"People are tired of your split tongue attitude, Wokec. #5ac1",Insult,Individual,0.48,medium,whatsapp_group_chat
"This bozo behaviour is not okay, Kwyvwpmls. #af00",Insult,Individual,0.39,low,whatsapp_group_chat
"People are tired of your dick attitude, Ourw. #bc50",Sexual Harassment,Individual,0.65,high,whatsapp_group_chat
"Wfmo, yaaru kuda ninna monkey thara nature ishta padalla. #fdf9",Insult,Individual,0.72,medium,whatsapp_group_chat
"Ninna sucide behavior nodi everyone frustrate agta idare, Wwraugcp. #354d",Threat,Individual,0.61,low,whatsapp_group_chat
"Mrjcywpk, yaaru kuda ninna sexy baby nature ishta padalla. #1456",Sexual Harassment,Individual,0.81,high,whatsapp_group_chat
"Aishrcj, you are such a sex in this group. #905b",Sexual Harassment,Individual,0.69,medium,whatsapp_group_chat
"Laqnimxnv, nee tumba saayi madthiya maga tara idiya maga. #f3ee",Threat,Individual,0.7,medium,whatsapp_group_chat
"People are tired of your fair suck of the sav attitude, Pzeoqcjfbx. #2850",Harassment,Individual,0.54,high,whatsapp_group_chat
"Lgdsdimcot, ivattu full ninna ammanakeya maga mode nalli idiya. #ee65",Sexual Harassment,Individual,0.48,high,whatsapp_group_chat
"Rrrvbrwd, you are such a split tongue in this group. #a87e",Insult,Individual,0.61,high,whatsapp_group_chat
"Ivattu kooda sexy baby tara act madtidya, Qhnlxejrdm. #3fed",Sexual Harassment,Individual,0.48,high,whatsapp_group_chat
"Iibx, stop acting like a total pussy every day. #95ed",Sexual Harassment,Individual,0.4,low,whatsapp_group_chat
"Jzynqdr, yaaru kuda ninna joker thara nature ishta padalla. #ac91",Insult,Individual,0.62,medium,whatsapp_group_chat
"People are tired of your hell attitude, Lhfn. #e22f",Harassment,Individual,0.62,medium,whatsapp_group_chat
"Ninna haavu bro neenu behavior nodi everyone frustrate agta idare, Lotg. #6b79",Harassment,Individual,0.36,medium,whatsapp_group_chat
"Ideats, you are such a dog in this group. #6114",Insult,Individual,0.37,medium,whatsapp_group_chat
"People are tired of your ass attitude, Ykxpf. #932d",Harassment,Individual,0.73,medium,whatsapp_group_chat
"Ivattu kooda joker thara tara act madtidya, Mwasnkca. #a5a2",Insult,Individual,0.69,high,whatsapp_group_chat
"Quifoqrpgy, nee tumba sade tara idiya maga. #a41d",Insult,Individual,0.55,high,whatsapp_group_chat
"Only a nigga will spam the group like you, Wuv. #aef0",Harassment,Individual,0.65,high,whatsapp_group_chat
"Group nalli a tara nin thullu keya baribeda, Arwlaei. #00d5",Sexual Harassment,Individual,0.52,medium,whatsapp_group_chat
"Czst, you are such a 69 in this group. #0084",Sexual Harassment,Individual,0.54,low,whatsapp_group_chat
"Iylkwrn, stop acting like a total dimwit every day. #2fef",Insult,Individual,0.49,low,whatsapp_group_chat
"Ninna sexy baby behavior nodi everyone frustrate agta idare, Rlmizal. #2297",Sexual Harassment,Individual,0.55,medium,whatsapp_group_chat
"People are tired of your arse attitude, Azvxssspl. #7704",Harassment,Individual,0.48,medium,whatsapp_group_chat
"People are tired of your 69 attitude, Gadavloef. #b66c",Sexual Harassment,Individual,0.69,medium,whatsapp_group_chat
"Usbvdyq, nee tumba dagarina maga tara idiya maga. #7dde",Insult,Individual,0.52,medium,whatsapp_group_chat
"Ikxemkqvbk, yaaru kuda ninna cry baby nature ishta padalla. #9104",Harassment,Individual,0.57,medium,whatsapp_group_chat
"People are tired of your bugger attitude, Jpeexqp. #9261",Insult,Individual,0.65,low,whatsapp_group_chat
"Group nalli a tara muda baribeda, Xdjiwcvwv. #0e78",Insult,Individual,0.68,low,whatsapp_group_chat
"Nikmsefs, stop acting like a total rubbish every day. #912e",Insult,Individual,0.5,low,whatsapp_group_chat
"Group nalli a tara sucide madtha baribeda, Qfrttqbr. #f1b9",Threat,Individual,0.45,high,whatsapp_group_chat
"Group nalli ee sexy baby attitude beda, Wblgjm. #ec0a",Sexual Harassment,Individual,0.55,medium,whatsapp_group_chat
"This jerk behaviour is not okay, Cympbh. #8c68",Insult,Individual,0.48,low,whatsapp_group_chat
"Ninna die behavior nodi everyone frustrate agta idare, Grpxuumyz. #b364",Threat,Individual,0.62,medium,whatsapp_group_chat
"Only a damn will spam the group like you, Eqnkdny. #ce25",Insult,Individual,0.41,low,whatsapp_group_chat
"Only a choad will spam the group like you, Dbmlg. #95a3",Insult,Individual,0.75,medium,whatsapp_group_chat
"Group nalli ee sexy baby attitude beda, Dvuxxsm. #ca19",Sexual Harassment,Individual,0.74,medium,whatsapp_group_chat
"Only a cock-socker will spam the group like you, Nsx. #75f0",Sexual Harassment,Individual,0.78,high,whatsapp_group_chat
"Mahhwsadv, you are such a bitch in this group. #1c69",Sexual Harassment,Individual,0.76,high,whatsapp_group_chat
"Sibn, you are such a son of bitch in this group. #5ef1",Insult,Individual,0.5,low,whatsapp_group_chat
"Ninna monkey thara behavior nodi everyone frustrate agta idare, Xztoa. #dd88",Insult,Individual,0.36,low,whatsapp_group_chat
"Yella dina kall nan magane tara mathadbeda, Beskjzc. #b9a8",Insult,Individual,0.4,medium,whatsapp_group_chat
"Tklzkhheh, yaaru kuda ninna sexy bro nature ishta padalla. #29be",Sexual Harassment,Individual,0.34,low,whatsapp_group_chat
"Only a cockfoam will spam the group like you, Foz. #619a",Sexual Harassment,Individual,0.58,low,whatsapp_group_chat
"Tve, ivattu full dusta mode nalli idiya. #d753",Insult,Individual,0.62,medium,whatsapp_group_chat
"People are tired of your ass attitude, Imszzhloyj. #653a",Harassment,Individual,0.41,low,whatsapp_group_chat
"This pussy behaviour is not okay, Mojsoe. #0eb3",Sexual Harassment,Individual,0.47,medium,whatsapp_group_chat
"Rjq, stop acting like a total cockfoam every day. #815e",Sexual Harassment,Individual,0.58,high,whatsapp_group_chat
"People are tired of your bugger attitude, Ghhsafzaz. #ec52",Insult,Individual,0.43,low,whatsapp_group_chat
"Yella dina muklya tara mathadbeda, Cmdrshpgvh. #2d2e",Insult,Individual,0.4,medium,whatsapp_group_chat
"Dmakmsbbt, yaaru kuda ninna monkey thara nature ishta padalla. #aa21",Insult,Individual,0.63,medium,whatsapp_group_chat
"People are tired of your cunt attitude, Udsxiweila. #57f9",Sexual Harassment,Individual,0.47,medium,whatsapp_group_chat
"Qbgv, stop acting like a total bloddy hell every day. #031e",Harassment,Individual,0.51,medium,whatsapp_group_chat
"Eccclrlp, you are such a asswipe in this group. #e172",Insult,Individual,0.59,high,whatsapp_group_chat
"People are tired of your son of bitch attitude, Wuatsaum. #e07f",Insult,Individual,0.5,medium,whatsapp_group_chat
"Group nalli a tara ninna amma maga baribeda, Lufwo. #a09c",Harassment,Individual,0.45,low,whatsapp_group_chat
"Goymgtphxf, stop acting like a total naked every day. #0f9f",Sexual Harassment,Individual,0.6,high,whatsapp_group_chat
"Ywq, yaaru kuda ninna sakath body nature ishta padalla. #d0b9",Harassment,Individual,0.67,low,whatsapp_group_chat
"People are tired of your asshole attitude, Shdm. #1f65",Insult,Individual,0.5,high,whatsapp_group_chat
"Lmdwl, stop acting like a total son of bitch every day. #757b",Insult,Individual,0.74,medium,whatsapp_group_chat
"Aoq, you are such a bloody hell in this group. #6cde",Harassment,Individual,0.31,low,whatsapp_group_chat
"Ninna sexy bro behavior nodi everyone frustrate agta idare, Gtxuxtkk. #99e5",Sexual Harassment,Individual,0.73,medium,whatsapp_group_chat
"Group nalli ee haavu bro neenu attitude beda, Stwyienx. #cd32",Harassment,Individual,0.61,low,whatsapp_group_chat
"Ivattu kooda monkey thara tara act madtidya, Yvaomzwj. #218b",Insult,Individual,0.5,high,whatsapp_group_chat
"Smnshkc, ivattu full thullu keya maga mode nalli idiya. #5cad",Sexual Harassment,Individual,0.46,medium,whatsapp_group_chat
"Hydrgs, yaaru kuda ninna monkey thara nature ishta padalla. #73fe",Insult,Individual,0.62,high,whatsapp_group_chat
"Only a arse will spam the group like you, Gowqejahe. #154a",Harassment,Individual,0.45,high,whatsapp_group_chat
"People are tired of your bollocks attitude, Xoi. #f6f2",Insult,Individual,0.56,high,whatsapp_group_chat
"Ivattu kooda fake character tara act madtidya, Haskbghsv. #e8cf",Harassment,Individual,0.47,high,whatsapp_group_chat
"Aashmvbkew, nee full saayi tara behave madthiya. #56d4",Threat,Individual,0.55,low,whatsapp_group_chat
"Yella dina sucide tara mathadbeda, Cmmsdevhxt. #856e",Threat,Individual,0.65,low,whatsapp_group_chat
"Yella dina kall maga tara mathadbeda, Kwxmc. #273c",Insult,Individual,0.62,high,whatsapp_group_chat
"Lexc, yaaru kuda ninna monkey thara nature ishta padalla. #6ac0",Insult,Individual,0.47,high,whatsapp_group_chat
"Olurap, yaaru kuda ninna sexy bro nature ishta padalla. #1ff1",Sexual Harassment,Individual,0.37,low,whatsapp_group_chat
"Lkxjerun, yaaru kuda ninna sakath body nature ishta padalla. #f72a",Harassment,Individual,0.64,low,whatsapp_group_chat
"Yella dina fake character maga tara mathadbeda, Sxig. #b5e4",Harassment,Individual,0.45,high,whatsapp_group_chat
"Xvvzedaira, you are such a fag in this group. #e414",Insult,Individual,0.71,high,whatsapp_group_chat
"Yella dina sakath body tara mathadbeda, Xeysehth. #32f4",Harassment,Individual,0.59,medium,whatsapp_group_chat
"Dhbzf, nee full joker thara tara behave madthiya. #cfc5",Insult,Individual,0.44,medium,whatsapp_group_chat
"Yella dina keiyanna maga tara mathadbeda, Mfjcqazk. #ebdf",Harassment,Individual,0.72,medium,whatsapp_group_chat
"This bisexual behaviour is not okay, Exk. #21c1",Sexual Harassment,Individual,0.82,high,whatsapp_group_chat
"Ivattu kooda haavu bro neenu tara act madtidya, Rxcwtk. #6945",Sexual Harassment,Individual,0.53,medium,whatsapp_group_chat
"Eqbn, nee tumba le niga maga tara idiya maga. #9481",Harassment,Individual,0.47,medium,whatsapp_group_chat
"Ivattu kooda cry baby tara act madtidya, Dcrca. #181e",Harassment,Individual,0.53,medium,whatsapp_group_chat
"Luubuhr, nee tumba nimmavvana tara idiya maga. #62f5",Harassment,Individual,0.72,high,whatsapp_group_chat
"Hfxdyepf, ivattu full sakath body maga mode nalli idiya. #4980",Harassment,Individual,0.8,high,whatsapp_group_chat
"Ninna fake character behavior nodi everyone frustrate agta idare, Abcnvjtegp. #b8d9",Harassment,Individual,0.72,medium,whatsapp_group_chat
"Bhtsk, nee tumba dagara tara idiya maga. #c5b1",Insult,Individual,0.49,high,whatsapp_group_chat
"Otqxon, nin kembatti maga nataka nodakke bore aaytu. #f824",Insult,Individual,0.73,medium,whatsapp_group_chat
"Only a lame will spam the group like you, Rifg. #18f8",Harassment,Individual,0.69,low,whatsapp_group_chat
"Vvb, nee tumba muttala maga tara idiya maga. #3515",Insult,Individual,0.53,medium,whatsapp_group_chat
"Zknhvvsuw, you are such a wtf in this group. #5cca",Harassment,Individual,0.74,medium,whatsapp_group_chat
"Ninna haavu bro neenu behavior nodi everyone frustrate agta idare, Wpcmxbydz. #7513",Harassment,Individual,0.44,medium,whatsapp_group_chat
"Yella dina nim amman tara mathadbeda, Plr. #7cfe",Harassment,Individual,0.47,high,whatsapp_group_chat
"Swdpjobc, you are such a ass in this group. #afbf",Harassment,Individual,0.57,medium,whatsapp_group_chat
"Group nalli ee saayi attitude beda, Ebvp. #cc41",Threat,Individual,0.55,medium,whatsapp_group_chat
"Emtj, nee full fake character tara behave madthiya. #27b5",Harassment,Individual,0.42,medium,whatsapp_group_chat
"People are tired of your fuck attitude, Anfptfpg. #09b0",Harassment,Individual,0.74,medium,whatsapp_group_chat
"This rubbish behaviour is not okay, Wqiof. #3584",Insult,Individual,0.63,medium,whatsapp_group_chat
"Uhketdy, nin cry baby maga nataka nodakke bore aaytu. #6803",Harassment,Individual,0.67,high,whatsapp_group_chat
"Yella dina dagara tara mathadbeda, Fild. #8140",Insult,Individual,0.42,medium,whatsapp_group_chat
"Nyz, nee full monkey thara tara behave madthiya. #5206",Insult,Individual,0.43,high,whatsapp_group_chat
"Ninna not a loyal behavior nodi everyone frustrate agta idare, Yzmuzsmz. #6ebb",Harassment,Individual,0.57,high,whatsapp_group_chat
"Yrsvfglgjx, stop acting like a total bugger every day. #c90d",Insult,Individual,0.46,high,whatsapp_group_chat
"Ninna monkey thara behavior nodi everyone frustrate agta idare, Imfmajbofx. #f804",Insult,Individual,0.61,high,whatsapp_group_chat
"Yella dina ninna hendruna keya tara mathadbeda, Trywv. #992c",Sexual Harassment,Individual,0.42,medium,whatsapp_group_chat
"People are tired of your shag attitude, Mzadendoo. #c25a",Sexual Harassment,Individual,0.61,medium,whatsapp_group_chat
"Zvbtwp, stop acting like a total ohh,piss off every day. #8b49",Harassment,Individual,0.59,high,whatsapp_group_chat
"Bahxnduw, yaaru kuda ninna saayi nature ishta padalla. #cf91",Threat,Individual,0.5,medium,whatsapp_group_chat
"Zuithgt, you are such a ohh,piss off in this group. #9f5b",Harassment,Individual,0.57,high,whatsapp_group_chat
"Vlqmdptjz, stop acting like a total bitch every day. #c43c",Insult,Individual,0.44,medium,whatsapp_group_chat
"People are tired of your arse attitude, Kprulyhd. #fa43",Harassment,Individual,0.49,medium,whatsapp_group_chat
"Ninna fake character behavior nodi everyone frustrate agta idare, Tnauxnijgk. #7461",Harassment,Individual,0.54,high,whatsapp_group_chat
"This cockfoam behaviour is not okay, Iaz. #1763",Sexual Harassment,Individual,0.61,low,whatsapp_group_chat
"People are tired of your rubbish attitude, Ora. #e2bb",Insult,Individual,0.41,medium,whatsapp_group_chat
"Mvlohfihgg, nin kalladantha nataka nodakke bore aaytu. #5bac",Insult,Individual,0.67,medium,whatsapp_group_chat
"Group nalli a tara nin tullna keya baribeda, Wzxa. #f928",Sexual Harassment,Individual,0.65,low,whatsapp_group_chat
"Group nalli a tara sexy bro maga baribeda, Psxe. #f7bf",Sexual Harassment,Individual,0.76,high,whatsapp_group_chat
"Urimrf, stop acting like a total butt every day. #05e2",Harassment,Individual,0.5,medium,whatsapp_group_chat
"Ivattu kooda not a loyal tara act madtidya, Luayhtcmo. #4c0e",Harassment,Individual,0.55,medium,whatsapp_group_chat
"This stupid behaviour is not okay, Gzlnfs. #a12b",Insult,Individual,0.63,medium,whatsapp_group_chat
"This asshole behaviour is not okay, Zvrciaohsp. #1087",Insult,Individual,0.39,low,whatsapp_group_chat
"Nsgdd, nin dove rani maga nataka nodakke bore aaytu. #e775",Harassment,Individual,0.55,medium,whatsapp_group_chat
"Ninna cry baby behavior nodi everyone frustrate agta idare, Xih. #a090",Harassment,Individual,0.67,medium,whatsapp_group_chat
"Yella dina sucide madtha tara mathadbeda, Nza. #30eb",Threat,Individual,0.61,high,whatsapp_group_chat
"Gce, nin baa, nan tunne nekku nataka nodakke bore aaytu. #324b",Harassment,Individual,0.73,high,whatsapp_group_chat
"Mktzkgwmu, nin ninna thullu keya maga nataka nodakke bore aaytu. #1a75",Sexual Harassment,Individual,0.75,high,whatsapp_group_chat
"Ninna die behavior nodi everyone frustrate agta idare, Uyrwtwnmj. #5a9c",Threat,Individual,0.33,low,whatsapp_group_chat
"Only a asexual will spam the group like you, Ibeqzt. #e440",Sexual Harassment,Individual,0.45,medium,whatsapp_group_chat
"Bsbzzzyqta, nin saayi madtha nataka nodakke bore aaytu. #9124",Threat,Individual,0.68,high,whatsapp_group_chat
"Group nalli ee joker thara attitude beda, Uhmo. #17f3",Insult,Individual,0.42,medium,whatsapp_group_chat
"This bloody hell behaviour is not okay, Ojo. #c767",Harassment,Individual,0.4,low,whatsapp_group_chat
"Eey, you are such a nigga in this group. #1716",Harassment,Individual,0.61,medium,whatsapp_group_chat
"Yella dina sexy baby maga tara mathadbeda, Olii. #cd2e",Sexual Harassment,Individual,0.66,medium,whatsapp_group_chat
"Qdiydwfwhm, stop acting like a total naked every day. #0698",Sexual Harassment,Individual,0.59,high,whatsapp_group_chat
"Ivattu kooda sexy bro tara act madtidya, Nfjhkslq. #793f",Sexual Harassment,Individual,0.44,medium,whatsapp_group_chat
"Eobrumal, yaaru kuda ninna cry baby nature ishta padalla. #c604",Harassment,Individual,0.36,medium,whatsapp_group_chat
"Teclt, yaaru kuda ninna idiot thara nature ishta padalla. #de6a",Insult,Individual,0.55,medium,whatsapp_group_chat
"Ivattu kooda sakath body tara act madtidya, Bvdogcl. #c787",Insult,Individual,0.41,medium,whatsapp_group_chat
"Mvmlcgw, nee full idiot thara tara behave madthiya. #b8c8",Insult,Individual,0.43,high,whatsapp_group_chat
"Only a cock-socker will spam the group like you, Zijlrym. #1041",Sexual Harassment,Individual,0.48,high,whatsapp_group_chat
"Lksblkyfom, nee full haavu bro neenu tara behave madthiya. #f922",Harassment,Individual,0.35,low,whatsapp_group_chat
"Ninna sucide behavior nodi everyone frustrate agta idare, Ffegv. #1237",Threat,Individual,0.67,low,whatsapp_group_chat
"Aizuopud, you are such a slut in this group. #675c",Sexual Harassment,Individual,0.56,low,whatsapp_group_chat
"People are tired of your bellend attitude, Sfloo. #38a1",Insult,Individual,0.38,low,whatsapp_group_chat
"Only a sexy will spam the group like you, Hnte. #710c",Sexual Harassment,Individual,0.43,low,whatsapp_group_chat
"Yella dina gaandu nan magane tara mathadbeda, Mfcfzaykx. #a309",Insult,Individual,0.35,medium,whatsapp_group_chat
"Uhhtc, stop acting like a total asswipe every day. #034e",Insult,Individual,0.45,low,whatsapp_group_chat
"Only a fuck will spam the group like you, Uxfpducftw. #2a61",Harassment,Individual,0.44,medium,whatsapp_group_chat
"Pyzafjub, yaaru kuda ninna not a loyal nature ishta padalla. #d6a4",Harassment,Individual,0.75,high,whatsapp_group_chat
"Group nalli a tara shaata baribeda, Ftibktas. #b390",Insult,Individual,0.67,medium,whatsapp_group_chat
"Ivattu kooda sucide tara act madtidya, Vbr. #b33e",Threat,Individual,0.37,low,whatsapp_group_chat
"This pussy behaviour is not okay, Mzystqq. #7483",Sexual Harassment,Individual,0.49,low,whatsapp_group_chat
"Group nalli ee fake character attitude beda, Bslkdw. #85a3",Harassment,Individual,0.6,medium,whatsapp_group_chat
"Cfmhxrl, stop acting like a total rubbish every day. #a7fb",Insult,Individual,0.37,medium,whatsapp_group_chat
"Group nalli ee sakath body attitude beda, Qhldjo. #0a2b",Harassment,Individual,0.55,medium,whatsapp_group_chat
"Rmovmsf, nee full joker thara tara behave madthiya. #14fa",Insult,Individual,0.74,medium,whatsapp_group_chat
"Group nalli a tara saayi maga baribeda, Zxhkb. #21f5",Threat,Individual,0.71,medium,whatsapp_group_chat
"Ixomatm, yaaru kuda ninna idiot thara nature ishta padalla. #a5bd",Insult,Individual,0.62,high,whatsapp_group_chat
"Only a cock-socker will spam the group like you, Klagjpnb. #24a2",Sexual Harassment,Individual,0.62,high,whatsapp_group_chat
"Ymfyohlax, you are such a sexy in this group. #9438",Sexual Harassment,Individual,0.74,medium,whatsapp_group_chat
"Ivattu kooda die tara act madtidya, Psmnorf. #14c2",Threat,Individual,0.74,medium,whatsapp_group_chat
"People are tired of your cockfoam attitude, Ldf. #0adb",Sexual Harassment,Individual,0.54,low,whatsapp_group_chat
"Vpyroauq, ivattu full not a loyal mode nalli idiya. #a3f4",Harassment,Individual,0.46,high,whatsapp_group_chat
"This dog behaviour is not okay, Fkrwzwuf. #5978",Insult,Individual,0.69,low,whatsapp_group_chat
"Group nalli ee sexy baby attitude beda, Aoi. #a7f8",Sexual Harassment,Individual,0.67,high,whatsapp_group_chat
"Only a shit will spam the group like you, Avpw. #a9bb",Harassment,Individual,0.71,high,whatsapp_group_chat
"Ivattu kooda sakath body tara act madtidya, Lnpbbksytg. #bc32",Harassment,Individual,0.6,low,whatsapp_group_chat
"This suck his dick behaviour is not okay, Hauhsmmnh. #f7b0",Sexual Harassment,Individual,0.51,high,whatsapp_group_chat
"Iebro, stop acting like a total cockfoam every day. #b057",Sexual Harassment,Individual,0.41,low,whatsapp_group_chat
"Qrag, you are such a nigga in this group. #2c13",Harassment,Individual,0.65,high,whatsapp_group_chat
"Ivattu kooda monkey thara tara act madtidya, Ytyhqs. #6fe5",Insult,Individual,0.48,medium,whatsapp_group_chat
"Only a 69 will spam the group like you, Ghonqu. #a732",Sexual Harassment,Individual,0.68,medium,whatsapp_group_chat
"Ivattu kooda sexy bro tara act madtidya, Fpu. #7f98",Sexual Harassment,Individual,0.64,high,whatsapp_group_chat
"People are tired of your transgender attitude, Hhqvwptqkf. #8bbd",Insult,Individual,0.59,medium,whatsapp_group_chat
"Only a dog will spam the group like you, Xbivfux. #e4b4",Insult,Individual,0.58,medium,whatsapp_group_chat
"Kcnfsx, nee tumba le niga tara idiya maga. #0dbb",Harassment,Individual,0.73,medium,whatsapp_group_chat
"Ninna monkey thara behavior nodi everyone frustrate agta idare, Zqe. #19a4",Insult,Individual,0.68,medium,whatsapp_group_chat
"Only a nigga will spam the group like you, Lqf. #2674",Harassment,Individual,0.71,high,whatsapp_group_chat
"Xaydhutxav, stop acting like a total piss off every day. #df0d",Harassment,Individual,0.35,low,whatsapp_group_chat
"Fton, nee tumba keiya maga tara idiya maga. #5940",Harassment,Individual,0.74,medium,whatsapp_group_chat
"Klyn, nee tumba keiya tara idiya maga. #6b15",Harassment,Individual,0.41,medium,whatsapp_group_chat
"Ptnizbrhk, nee full monkey thara tara behave madthiya. #e7b9",Insult,Individual,0.5,medium,whatsapp_group_chat
"Chbvlpxc, nee tumba haavu bro neenu tara idiya maga. #ac75",Harassment,Individual,0.43,medium,whatsapp_group_chat
"Yella dina soolya maga tara mathadbeda, Lbooookwhg. #298c",Harassment,Individual,0.67,medium,whatsapp_group_chat
"This ass behaviour is not okay, Uerfotpv. #dcf6",Harassment,Individual,0.67,medium,whatsapp_group_chat
"Ebynscirmq, you are such a wtf in this group. #7b37",Harassment,Individual,0.5,high,whatsapp_group_chat
"This idiot behaviour is not okay, Wcmjjag. #3cac",Insult,Individual,0.51,low,whatsapp_group_chat
"This choad behaviour is not okay, Hqjs. #816c",Insult,Individual,0.46,medium,whatsapp_group_chat
"Fseee, nee full not a loyal tara behave madthiya. #79d1",Harassment,Individual,0.55,medium,whatsapp_group_chat
"Ydkpms, nee tumba bosodi tara idiya maga. #b9fb",Harassment,Individual,0.67,high,whatsapp_group_chat
"Only a crap will spam the group like you, Zvkoz. #78ac",Harassment,Individual,0.73,high,whatsapp_group_chat
"Cilsxwcvlu, you are such a crap in this group. #483d",Harassment,Individual,0.73,high,whatsapp_group_chat
"Tlyp, yaaru kuda ninna sucide nature ishta padalla. #e3d6",Threat,Individual,0.64,medium,whatsapp_group_chat
"People are tired of your arse attitude, Dbo. #c306",Harassment,Individual,0.72,medium,whatsapp_group_chat
"Ninna sexy bro behavior nodi everyone frustrate agta idare, Nmf. #c953",Sexual Harassment,Individual,0.29,low,whatsapp_group_chat
"Yella dina hendruna keya tara mathadbeda, Awmxu. #b375",Sexual Harassment,Individual,0.69,high,whatsapp_group_chat
"People are tired of your lame attitude, Ixhjs. #a9f8",Harassment,Individual,0.65,medium,whatsapp_group_chat
"Only a fair suck of the sav will spam the group like you, Wqypf. #1c5f",Harassment,Individual,0.33,low,whatsapp_group_chat
"Xiphher, nee tumba thotha maga tara idiya maga. #95b5",Insult,Individual,0.67,high,whatsapp_group_chat
"Qcdrieds, nin dove rani maga nataka nodakke bore aaytu. #f02c",Harassment,Individual,0.43,medium,whatsapp_group_chat
"Hqsd, yaaru kuda ninna cry baby nature ishta padalla. #5cc7",Harassment,Individual,0.63,medium,whatsapp_group_chat
"Only a pussy will spam the group like you, Zlsl. #bb75",Sexual Harassment,Individual,0.67,low,whatsapp_group_chat
"Eozjb, stop acting like a total ass every day. #1a36",Harassment,Individual,0.59,medium,whatsapp_group_chat
"People are tired of your ass attitude, Aoylnieniz. #c645",Harassment,Individual,0.36,low,whatsapp_group_chat
"Wqjvy, stop acting like a total bloody hell every day. #bd26",Harassment,Individual,0.58,low,whatsapp_group_chat
"Hqpcqaoz, ivattu full singri maga mode nalli idiya. #eb18",Insult,Individual,0.45,high,whatsapp_group_chat
"Nfutx, yaaru kuda ninna die nature ishta padalla. #15de",Threat,Individual,0.58,medium,whatsapp_group_chat
"Ohwefog, nee tumba gandu tara idiya maga. #d966",Insult,Individual,0.52,high,whatsapp_group_chat
"Tlpjvudyfh, stop acting like a total lesbian every day. #9afe",Insult,Individual,0.43,medium,whatsapp_group_chat
"People are tired of your duffer attitude, Nfeh. #56e8",Insult,Individual,0.49,medium,whatsapp_group_chat
"Kdvtibmg, nee tumba soolya tara idiya maga. #8526",Harassment,Individual,0.65,low,whatsapp_group_chat
"Group nalli a tara boli magane baribeda, Khmruypuq. #30c0",Insult,Individual,0.41,medium,whatsapp_group_chat
"Solbfeei, yaaru kuda ninna fake character nature ishta padalla. #b289",Harassment,Individual,0.66,medium,whatsapp_group_chat
"Dbydxzzulg, nee tumba die maga tara idiya maga. #820d",Threat,Individual,0.72,medium,whatsapp_group_chat
"This asexual behaviour is not okay, Ipduo. #5f9c",Sexual Harassment,Individual,0.56,medium,whatsapp_group_chat
"Ooopodiqh, yaaru kuda ninna cry baby nature ishta padalla. #61f7",Harassment,Individual,0.61,medium,whatsapp_group_chat
"People are tired of your shag attitude, Upxas. #e743",Sexual Harassment,Individual,0.35,low,whatsapp_group_chat
"Group nalli ee idiot thara attitude beda, Ziv. #ce80",Insult,Individual,0.67,medium,whatsapp_group_chat
"This duffer behaviour is not okay, Vffkhqkal. #0277",Insult,Individual,0.38,medium,whatsapp_group_chat
"Yella dina kall nan magane tara mathadbeda, Lfoea. #ea09",Insult,Individual,0.65,high,whatsapp_group_chat
"Eukfoza, ivattu full nimavvan mode nalli idiya. #646b",Harassment,Individual,0.67,medium,whatsapp_group_chat
"Zgqjdrjmp, stop acting like a total bollocks every day. #0f47",Insult,Individual,0.6,high,whatsapp_group_chat
"This dickhole behaviour is not okay, Zpwfc. #6700",Sexual Harassment,Individual,0.8,high,whatsapp_group_chat
"This piss off behaviour is not okay, Bfcim. #acf4",Harassment,Individual,0.45,medium,whatsapp_group_chat
"People are tired of your dick head attitude, Sddzjbted. #f2f9",Sexual Harassment,Individual,0.75,high,whatsapp_group_chat
"Ivattu kooda cry baby tara act madtidya, Kobyet. #5dcc",Harassment,Individual,0.46,medium,whatsapp_group_chat
"Only a jerk will spam the group like you, Aygzyfra. #e87c",Insult,Individual,0.38,low,whatsapp_group_chat
"Ninna die behavior nodi everyone frustrate agta idare, Rgdwwhkv. #37f7",Threat,Individual,0.5,low,whatsapp_group_chat
"Ihjyordg, nee tumba thimru tara idiya maga. #ca22",Insult,Individual,0.48,low,whatsapp_group_chat
"This fucking prick behaviour is not okay, Rmwew. #bec7",Sexual Harassment,Individual,0.35,medium,whatsapp_group_chat
"Jmddldrcag, you are such a hell in this group. #53a8",Harassment,Individual,0.46,medium,whatsapp_group_chat
"Htlkqcvn, yaaru kuda ninna joker thara nature ishta padalla. #b67e",Insult,Individual,0.68,high,whatsapp_group_chat
"Ninna cry baby behavior nodi everyone frustrate agta idare, Owdxd. #6399",Harassment,Individual,0.79,high,whatsapp_group_chat
"Ijlmgs, nee tumba dagarina tara idiya maga. #584d",Insult,Individual,0.58,high,whatsapp_group_chat
"This bitch behaviour is not okay, Tdqjw. #7b54",Insult,Individual,0.75,medium,whatsapp_group_chat
"This lesbian behaviour is not okay, Tkp. #b2c9",Insult,Individual,0.39,medium,whatsapp_group_chat
"Oyixs, nee tumba muttala tara idiya maga. #4b79",Insult,Individual,0.57,medium,whatsapp_group_chat
"This lesbian behaviour is not okay, Gcot. #aa6a",Insult,Individual,0.74,medium,whatsapp_group_chat
"Lrzjb, stop acting like a total asexual every day. #747c",Sexual Harassment,Individual,0.53,high,whatsapp_group_chat
"Only a bozo will spam the group like you, Rajlmx. #7d7d",Insult,Individual,0.64,high,whatsapp_group_chat
"Pezqqbmqv, nin sexy baby nataka nodakke bore aaytu. #9627",Sexual Harassment,Individual,0.7,medium,whatsapp_group_chat
"Ninna joker thara behavior nodi everyone frustrate agta idare, Txpfyacdt. #2c23",Insult,Individual,0.51,medium,whatsapp_group_chat
"Kejuy, nee full die tara behave madthiya. #29dd",Threat,Individual,0.64,medium,whatsapp_group_chat
"Bcbx, nin nimmavvana nataka nodakke bore aaytu. #f482",Harassment,Individual,0.57,high,whatsapp_group_chat
"Ivattu kooda joker thara tara act madtidya, Lsl. #e951",Insult,Individual,0.67,low,whatsapp_group_chat
"Ivattu kooda dove rani tara act madtidya, Uosxzhz. #2ee0",Harassment,Individual,0.63,high,whatsapp_group_chat
"Yella dina kembatti maga tara mathadbeda, Cfaxplmmzm. #7ec9",Insult,Individual,0.4,medium,whatsapp_group_chat
"Dwtxhfep, yaaru kuda ninna joker thara nature ishta padalla. #ac50",Insult,Individual,0.46,high,whatsapp_group_chat
"This bitch behaviour is not okay, Oxsjy. #2c3c",Insult,Individual,0.36,medium,whatsapp_group_chat
"Ivattu kooda fake character tara act madtidya, Mmsxtldtg. #91e0",Harassment,Individual,0.5,low,whatsapp_group_chat
"Kjsgd, nee tumba bosodina tara idiya maga. #ad49",Harassment,Individual,0.43,medium,whatsapp_group_chat
"Enbhcdzbfz, nee tumba ninna ammanakeya tara idiya maga. #c3bf",Sexual Harassment,Individual,0.54,medium,whatsapp_group_chat
"Yella dina ninna thullu keya maga tara mathadbeda, Zytii. #40a6",Sexual Harassment,Individual,0.7,medium,whatsapp_group_chat
"Hyxyc, you are such a piss off in this group. #13e3",Harassment,Individual,0.4,high,whatsapp_group_chat
"This bloddy hell behaviour is not okay, Alyfn. #cd79",Harassment,Individual,0.45,low,whatsapp_group_chat
"Vupjnpj, ivattu full thullu keya mode nalli idiya. #9b3b",Sexual Harassment,Individual,0.44,low,whatsapp_group_chat
"Qqwjacc, yaaru kuda ninna dove rani nature ishta padalla. #4281",Harassment,Individual,0.59,high,whatsapp_group_chat
"Bbohn, stop acting like a total nigga every day. #7428",Harassment,Individual,0.44,medium,whatsapp_group_chat
"Zrgb, nee full die tara behave madthiya. #dac3",Threat,Individual,0.66,medium,whatsapp_group_chat
"Vpi, stop acting like a total damn every day. #b19d",Insult,Individual,0.66,low,whatsapp_group_chat
"People are tired of your suck his dick attitude, Gzyfijhvh. #feb8",Sexual Harassment,Individual,0.78,high,whatsapp_group_chat
"Igdximhy, nee tumba singri maga tara idiya maga. #6bdf",Insult,Individual,0.66,high,whatsapp_group_chat
"Fdyppegd, stop acting like a total transgender every day. #4b8a",Insult,Individual,0.6,medium,whatsapp_group_chat
"Vdqb, ivattu full muda mode nalli idiya. #60e5",Insult,Individual,0.66,medium,whatsapp_group_chat
"Lrqfzqaknl, you are such a balls are in as well in this group. #df5d",Sexual Harassment,Individual,0.52,medium,whatsapp_group_chat
"Group nalli ee sexy baby attitude beda, Qveialodbj. #1eae",Sexual Harassment,Individual,0.71,medium,whatsapp_group_chat
"Group nalli ee haavu bro neenu attitude beda, Iwcjscglkg. #8e97",Harassment,Individual,0.65,medium,whatsapp_group_chat
"Group nalli a tara shaata baribeda, Fachqmi. #0382",Insult,Individual,0.64,medium,whatsapp_group_chat
"Jkxhyk, you are such a nigga in this group. #f809",Harassment,Individual,0.54,medium,whatsapp_group_chat
"People are tired of your cockfoam attitude, Rtup. #e97b",Sexual Harassment,Individual,0.38,low,whatsapp_group_chat
"This cunt behaviour is not okay, Yjtgsmmvx. #df4c",Sexual Harassment,Individual,0.75,medium,whatsapp_group_chat
"Vgw, you are such a 69 in this group. #7a28",Sexual Harassment,Individual,0.43,medium,whatsapp_group_chat
"Group nalli ee fake character attitude beda, Wttpdmwlhc. #caee",Harassment,Individual,0.69,high,whatsapp_group_chat
"Xhhnrszza, you are such a damn in this group. #c88f",Insult,Individual,0.44,low,whatsapp_group_chat
"Cjmapdnprk, nee full dove rani tara behave madthiya. #e7f2",Harassment,Individual,0.44,low,whatsapp_group_chat
"Ivattu kooda cry baby tara act madtidya, Wehrxwlf. #2e4d",Harassment,Individual,0.62,medium,whatsapp_group_chat
"This lesbian behaviour is not okay, Liydmorra. #fc7c",Insult,Individual,0.71,medium,whatsapp_group_chat
"Dkgjufldtq, nee tumba sade tara idiya maga. #810c",Insult,Individual,0.6,high,whatsapp_group_chat
"Ivattu kooda saayi tara act madtidya, Yiekjx. #e1ee",Threat,Individual,0.65,low,whatsapp_group_chat
"Xavim, stop acting like a total fool every day. #26f6",Insult,Individual,0.73,high,whatsapp_group_chat
"Dnxwtkbgxr, yaaru kuda ninna cry baby nature ishta padalla. #7d39",Harassment,Individual,0.45,medium,whatsapp_group_chat
"Group nalli a tara dusta baribeda, Gwjpcdnqc. #3589",Insult,Individual,0.37,low,whatsapp_group_chat
"Nodz, nee tumba soole maga tara idiya maga. #9946",Harassment,Individual,0.46,high,whatsapp_group_chat
"Idaigmf, nee tumba thullu keya tara idiya maga. #df3a",Sexual Harassment,Individual,0.4,medium,whatsapp_group_chat
"Group nalli ee sexy bro attitude beda, Jwrg. #33f3",Sexual Harassment,Individual,0.65,low,whatsapp_group_chat
"Group nalli ee cry baby attitude beda, Uapm. #20a2",Harassment,Individual,0.42,low,whatsapp_group_chat
"Group nalli a tara nim ammanakeya baribeda, Fhvb. #1c23",Sexual Harassment,Individual,0.43,low,whatsapp_group_chat
"Epqqwclpq, you are such a bastard in this group. #e8fb",Insult,Individual,0.42,medium,whatsapp_group_chat
"Group nalli ee cry baby attitude beda, Zaqexynv. #e4ba",Harassment,Individual,0.47,high,whatsapp_group_chat
"This bitch behaviour is not okay, Kccg. #acce",Insult,Individual,0.36,low,whatsapp_group_chat
"Group nalli ee cry baby attitude beda, Cfshkabq. #6245",Harassment,Individual,0.38,medium,whatsapp_group_chat
"Qwd, you are such a gay in this group. #4ce7",Insult,Individual,0.43,medium,whatsapp_group_chat
"Fjopdpxg, ivattu full saayi madtha mode nalli idiya. #3ec3",Threat,Individual,0.62,low,whatsapp_group_chat
"Udiqf, stop acting like a total taking the piss every day. #08a3",Harassment,Individual,0.66,high,whatsapp_group_chat
"Yella dina dusta tara mathadbeda, Snrmune. #74d1",Insult,Individual,0.38,low,whatsapp_group_chat
"Qnxwgl, you are such a bugger in this group. #137c",Insult,Individual,0.58,high,whatsapp_group_chat
"Ninna dove rani behavior nodi everyone frustrate agta idare, Heu. #b29e",Harassment,Individual,0.63,high,whatsapp_group_chat
"Cmnlcsrrs, yaaru kuda ninna not a loyal nature ishta padalla. #d53d",Harassment,Individual,0.41,high,whatsapp_group_chat
"People are tired of your dog attitude, Xjwsxjq. #c9b2",Insult,Individual,0.44,medium,whatsapp_group_chat
"This bellend behaviour is not okay, Vsq. #d19e",Insult,Individual,0.73,high,whatsapp_group_chat
"Hdfcfgtpo, nee tumba keiyanna maga tara idiya maga. #4caa",Harassment,Individual,0.73,high,whatsapp_group_chat
"Group nalli ee cry baby attitude beda, Ydigq. #9aa4",Harassment,Individual,0.51,low,whatsapp_group_chat
"Yella dina gaandu tara mathadbeda, Vgumy. #06ee",Insult,Individual,0.44,high,whatsapp_group_chat
"Group nalli a tara fake character baribeda, Nvma. #711d",Harassment,Individual,0.76,high,whatsapp_group_chat
"Group nalli a tara bosodike baribeda, Kyi. #8152",Insult,Individual,0.36,medium,whatsapp_group_chat
"Yella dina gaandu nan magane tara mathadbeda, Pgtimflec. #f938",Insult,Individual,0.45,low,whatsapp_group_chat
"Yella dina sooley maga tara mathadbeda, Wgqtcoyndz. #134e",Insult,Individual,0.35,medium,whatsapp_group_chat
"People are tired of your balls are in as well attitude, Lrhd. #cbd5",Sexual Harassment,Individual,0.61,high,whatsapp_group_chat
"This twat face behaviour is not okay, Mxerfvjmm. #b244",Insult,Individual,0.4,medium,whatsapp_group_chat
"Only a fool will spam the group like you, Bvgztmfdx. #e3b4",Insult,Individual,0.49,medium,whatsapp_group_chat
"Ketqdycen, stop acting like a total piss off every day. #d331",Harassment,Individual,0.49,medium,whatsapp_group_chat
"Kfysqx, ivattu full nimavvan mode nalli idiya. #b7aa",Harassment,Individual,0.43,medium,whatsapp_group_chat
"Utfxlcjs, yaaru kuda ninna not a loyal nature ishta padalla. #196c",Harassment,Individual,0.74,medium,whatsapp_group_chat
"Ivattu kooda die tara act madtidya, Zggwkrpttl. #17ec",Threat,Individual,0.56,medium,whatsapp_group_chat
"Sfvtnqholz, nee full sexy baby tara behave madthiya. #4918",Sexual Harassment,Individual,0.44,medium,whatsapp_group_chat
"Ivattu kooda die tara act madtidya, Owopeq. #dc62",Threat,Individual,0.37,low,whatsapp_group_chat
"Sfblou, nee tumba sade tara idiya maga. #6d00",Insult,Individual,0.6,medium,whatsapp_group_chat
"Yusqljxs, stop acting like a total ohh,piss off every day. #4def",Harassment,Individual,0.38,low,whatsapp_group_chat
"Ninna sucide behavior nodi everyone frustrate agta idare, Yuw. #fd87",Threat,Individual,0.45,high,whatsapp_group_chat
"People are tired of your bellend attitude, Wbo. #2a0b",Insult,Individual,0.68,low,whatsapp_group_chat
"Ofoazwudyo, stop acting like a total stupid every day. #bc67",Insult,Individual,0.51,medium,whatsapp_group_chat
"Ninna saayi behavior nodi everyone frustrate agta idare, Bdlvri. #7ec2",Threat,Individual,0.46,medium,whatsapp_group_chat
"Only a piss off will spam the group like you, Iunmyw. #d8a4",Harassment,Individual,0.66,medium,whatsapp_group_chat
"Preobj, stop acting like a total ass every day. #9087",Harassment,Individual,0.65,medium,whatsapp_group_chat
"Yella dina thale kettide tara mathadbeda, Svkryoyslx. #ec3c",Harassment,Individual,0.39,medium,whatsapp_group_chat
"Lgzkytxt, you are such a taking the piss in this group. #2292",Harassment,Individual,0.38,medium,whatsapp_group_chat
"People are tired of your lesbian attitude, Bntz. #04f0",Insult,Individual,0.72,medium,whatsapp_group_chat
"Yella dina darveshi tara mathadbeda, Ljwknmul. #73c3",Insult,Individual,0.44,medium,whatsapp_group_chat
"Group nalli a tara ninna thullu keya baribeda, Gnbcqdnw. #d1c2",Sexual Harassment,Individual,0.64,medium,whatsapp_group_chat
"Zpec, yaaru kuda ninna idiot thara nature ishta padalla. #3793",Insult,Individual,0.4,medium,whatsapp_group_chat
"Ivattu kooda sexy baby tara act madtidya, Jfjafbs. #9517",Sexual Harassment,Individual,0.63,medium,whatsapp_group_chat
"Fyfplpt, nin thimru nataka nodakke bore aaytu. #48c6",Insult,Individual,0.67,high,whatsapp_group_chat
"Nmtbwqij, nee tumba ninna amma tara idiya maga. #c9ad",Harassment,Individual,0.57,medium,whatsapp_group_chat
"People are tired of your arse attitude, Deqj. #8df3",Harassment,Individual,0.34,low,whatsapp_group_chat
"Syjwlkyl, nee tumba kall magane tara idiya maga. #2ce3",Insult,Individual,0.57,medium,whatsapp_group_chat
"Only a jerk will spam the group like you, Hnuy. #53d3",Insult,Individual,0.53,medium,whatsapp_group_chat
"Group nalli a tara not a loyal maga baribeda, Ifawa. #c731",Harassment,Individual,0.38,medium,whatsapp_group_chat
"Eidiccs, yaaru kuda ninna joker thara nature ishta padalla. #1798",Insult,Individual,0.57,medium,whatsapp_group_chat
"Nvnsunubek, you are such a stupid in this group. #39a8",Insult,Individual,0.47,medium,whatsapp_group_chat
"Oolyfi, yaaru kuda ninna dove rani nature ishta padalla. #b680",Harassment,Individual,0.5,high,whatsapp_group_chat
"Nadbdw, stop acting like a total cock-socker every day. #643e",Sexual Harassment,Individual,0.59,medium,whatsapp_group_chat
"Pwnhoges, you are such a pussy in this group. #c6e1",Sexual Harassment,Individual,0.7,high,whatsapp_group_chat
"This nigger behaviour is not okay, Mslkizrtg. #b103",Harassment,Individual,0.65,medium,whatsapp_group_chat
"Bljknhulyz, yaaru kuda ninna sucide nature ishta padalla. #0c76",Threat,Individual,0.4,high,whatsapp_group_chat
"Ftmu, you are such a fool in this group. #e879",Insult,Individual,0.61,medium,whatsapp_group_chat
"Wmqtkyemh, nee tumba dagarina tara idiya maga. #8e24",Insult,Individual,0.55,high,whatsapp_group_chat
"Dcpeeknq, stop acting like a total cock-socker every day. #2ffc",Sexual Harassment,Individual,0.45,medium,whatsapp_group_chat
"This asswipe behaviour is not okay, Bcvf. #793a",Insult,Individual,0.63,low,whatsapp_group_chat
"Group nalli ee monkey thara attitude beda, Juvn. #07f0",Insult,Individual,0.55,medium,whatsapp_group_chat
"Ztknihteq, you are such a stupid in this group. #dfd4",Insult,Individual,0.44,low,whatsapp_group_chat
"Only a mother fucker will spam the group like you, Wko. #1135",Insult,Individual,0.46,medium,whatsapp_group_chat
"Evtxjc, nee full fake character tara behave madthiya. #24e0",Harassment,Individual,0.55,low,whatsapp_group_chat
"Jkawqlgju, ivattu full ninna thale kettide maga mode nalli idiya. #7bee",Harassment,Individual,0.38,medium,whatsapp_group_chat
"Yella dina dagarina tara mathadbeda, Gjdocd. #8231",Insult,Individual,0.72,medium,whatsapp_group_chat
"People are tired of your fag attitude, Zsdzao. #b8b7",Insult,Individual,0.42,high,whatsapp_group_chat
"Fpmq, nee tumba thotti tara idiya maga. #62ce",Insult,Individual,0.42,medium,whatsapp_group_chat
"Ivattu kooda haavu bro neenu tara act madtidya, Wry. #786c",Harassment,Individual,0.61,low,whatsapp_group_chat
"Yella dina joker thara maga tara mathadbeda, Ygzajknh. #37d3",Insult,Individual,0.33,low,whatsapp_group_chat
"Kszen, nin bosodina nataka nodakke bore aaytu. #d493",Harassment,Individual,0.79,high,whatsapp_group_chat
"Nwzxm, nee full dove rani tara behave madthiya. #8fd6",Harassment,Individual,0.72,medium,whatsapp_group_chat
"This fuck behaviour is not okay, Dxmxdz. #9796",Harassment,Individual,0.66,medium,whatsapp_group_chat
"Suefvp, nee tumba thullu keya tara idiya maga. #66c6",Sexual Harassment,Individual,0.64,medium,whatsapp_group_chat
"Group nalli a tara nim ammanakeya baribeda, Trlstfl. #714c",Sexual Harassment,Individual,0.43,medium,whatsapp_group_chat
"This fucking balls behaviour is not okay, Xvb. #02d6",Sexual Harassment,Individual,0.67,high,whatsapp_group_chat
"Yella dina huccha maga tara mathadbeda, Kvesniye. #0e9c",Insult,Individual,0.51,high,whatsapp_group_chat
"Kvezqen, nee full die tara behave madthiya. #6fba",Threat,Individual,0.67,medium,whatsapp_group_chat
"Xozwpe, stop acting like a total duffer every day. #3fe7",Insult,Individual,0.45,medium,whatsapp_group_chat
"Ciwligtb, nee tumba muklya tara idiya maga. #0b44",Insult,Individual,0.54,high,whatsapp_group_chat
"Only a slut will spam the group like you, Dqsak. #33c1",Sexual Harassment,Individual,0.5,medium,whatsapp_group_chat
"Group nalli a tara joker thara baribeda, Ehwstfdx. #f458",Insult,Individual,0.72,medium,whatsapp_group_chat
"Ninna fake character behavior nodi everyone frustrate agta idare, Qxkzc. #e0ed",Harassment,Individual,0.63,medium,whatsapp_group_chat
"Kydcsdyxi, ivattu full dagara mode nalli idiya. #13b9",Insult,Individual,0.67,high,whatsapp_group_chat
"Ivattu kooda die tara act madtidya, Nxlwqzi. #c873",Threat,Individual,0.47,medium,whatsapp_group_chat
"This bitch behaviour is not okay, Kkusivog. #c319",Insult,Individual,0.32,low,whatsapp_group_chat
"Ivattu kooda monkey thara tara act madtidya, Txjkyale. #c6c1",Insult,Individual,0.71,high,whatsapp_group_chat
"Qkvedy, stop acting like a total rubbish every day. #54c7",Insult,Individual,0.47,medium,whatsapp_group_chat
"Izjwyywgkh, you are such a loser in this group. #7a9b",Insult,Individual,0.32,low,whatsapp_group_chat
"Ivattu kooda idiot thara tara act madtidya, Nzp. #4b4d",Insult,Individual,0.63,high,whatsapp_group_chat
"People are tired of your balls are in as well attitude, Vmtgenyuzf. #2336",Sexual Harassment,Individual,0.53,medium,whatsapp_group_chat
"Ilonsude, nee tumba gandu tara idiya maga. #9469",Sexual Harassment,Individual,0.57,high,whatsapp_group_chat
"Qxpaf, yaaru kuda ninna idiot thara nature ishta padalla. #5fee",Insult,Individual,0.65,low,whatsapp_group_chat
"Udxrymkod, ivattu full sade mode nalli idiya. #88c3",Insult,Individual,0.51,medium,whatsapp_group_chat
"Gsvziq, ivattu full kall maga mode nalli idiya. #6db3",Insult,Individual,0.52,medium,whatsapp_group_chat
"Xlow, stop acting like a total shit every day. #4a39",Harassment,Individual,0.66,medium,whatsapp_group_chat
"Yella dina ninna hendruna keya maga tara mathadbeda, Sntsptwhc. #0998",Sexual Harassment,Individual,0.81,high,whatsapp_group_chat
"Only a sex will spam the group like you, Fvtabk. #cb01",Sexual Harassment,Individual,0.35,medium,whatsapp_group_chat
"Only a go to hell will spam the group like you, Gywxuaixcy. #5d97",Harassment,Individual,0.61,medium,whatsapp_group_chat
"Xqosyy, stop acting like a total ohh,piss off every day. #3449",Harassment,Individual,0.46,high,whatsapp_group_chat
"Xvbpuzuip, nee full idiot thara tara behave madthiya. #a419",Insult,Individual,0.55,medium,whatsapp_group_chat
"Ninna sakath body behavior nodi everyone frustrate agta idare, Aqftbi. #6676",Harassment,Individual,0.49,medium,whatsapp_group_chat
"Tmfsdboath, nee full monkey thara tara behave madthiya. #c3ab",Insult,Individual,0.67,low,whatsapp_group_chat
"Atyk, stop acting like a total lick every day. #ed67",Sexual Harassment,Individual,0.42,high,whatsapp_group_chat
"Ftkbed, nee full sexy bro tara behave madthiya. #cf45",Sexual Harassment,Individual,0.67,low,whatsapp_group_chat
"Nhlpfpbrg, yaaru kuda ninna dove rani nature ishta padalla. #3db7",Harassment,Individual,0.57,medium,whatsapp_group_chat
"Ufwacvz, stop acting like a total bitch every day. #bf9e",Insult,Individual,0.68,low,whatsapp_group_chat
"Ninna idiot thara behavior nodi everyone frustrate agta idare, Ejoickp. #93d2",Insult,Individual,0.74,medium,whatsapp_group_chat
"Yella dina dagar tara mathadbeda, Vsxhoqa. #0184",Insult,Individual,0.8,high,whatsapp_group_chat
"This queer behaviour is not okay, Ycvemrhhu. #ed10",Insult,Individual,0.52,medium,whatsapp_group_chat
"Ivattu kooda cry baby tara act madtidya, Wmcb. #7e4f",Harassment,Individual,0.62,high,whatsapp_group_chat
"Omx, nee tumba sooley maga tara idiya maga. #ee77",Insult,Individual,0.43,medium,whatsapp_group_chat
"People are tired of your bloody hell attitude, Setuagn. #8296",Harassment,Individual,0.38,low,whatsapp_group_chat
"People are tired of your bitch attitude, Qfv. #193d",Insult,Individual,0.45,low,whatsapp_group_chat
"Ninna monkey thara behavior nodi everyone frustrate agta idare, Awrjv. #75a6",Insult,Individual,0.69,medium,whatsapp_group_chat
"Group nalli a tara keiya maga baribeda, Eakhdro. #0bfa",Harassment,Individual,0.66,medium,whatsapp_group_chat
"This split tongue behaviour is not okay, Cugxajhmoc. #3d2f",Insult,Individual,0.64,medium,whatsapp_group_chat
"People are tired of your bugger attitude, Odkm. #1ec4",Insult,Individual,0.44,low,whatsapp_group_chat
"Rafylvofb, ivattu full gandu maga mode nalli idiya. #7b17",Insult,Individual,0.5,high,whatsapp_group_chat
"Ivattu kooda not a loyal tara act madtidya, Dgz. #1409",Harassment,Individual,0.39,low,whatsapp_group_chat
"This bitch behaviour is not okay, Roeqhchye. #58db",Insult,Individual,0.66,low,whatsapp_group_chat
"Svbpjavs, stop acting like a total bugger every day. #c35f",Insult,Individual,0.57,high,whatsapp_group_chat
"Yqahw, nin sucide nataka nodakke bore aaytu. #3cf9",Threat,Individual,0.43,medium,whatsapp_group_chat
"People are tired of your damn attitude, Huxhfxtt. #4b9c",Insult,Individual,0.59,high,whatsapp_group_chat
"Uljnsypk, yaaru kuda ninna joker thara nature ishta padalla. #9d1e",Insult,Individual,0.57,medium,whatsapp_group_chat
"Cbmpofd, nee tumba thotha maga tara idiya maga. #fb10",Insult,Individual,0.41,medium,whatsapp_group_chat
"Ivattu kooda fake character tara act madtidya, Dobxoiyq. #c271",Harassment,Individual,0.79,high,whatsapp_group_chat
"Group nalli a tara soolya baribeda, Amnn. #ba33",Harassment,Individual,0.56,medium,whatsapp_group_chat
"Rticak, stop acting like a total hell every day. #6a8d",Harassment,Individual,0.43,low,whatsapp_group_chat
"Yella dina die maga tara mathadbeda, Qbdlt. #26b7",Threat,Individual,0.66,medium,whatsapp_group_chat
"People are tired of your wanker attitude, Erbnp. #600f",Sexual Harassment,Individual,0.39,low,whatsapp_group_chat
"Hmrdsttwvi, nin le niga nataka nodakke bore aaytu. #ba4a",Harassment,Individual,0.7,high,whatsapp_group_chat
"Ninna idiot thara behavior nodi everyone frustrate agta idare, Ynor. #e292",Insult,Individual,0.61,high,whatsapp_group_chat
"Dvglqtjbix, ivattu full keiya maga mode nalli idiya. #4f13",Harassment,Individual,0.47,medium,whatsapp_group_chat
"People are tired of your pissflaps attitude, Mhfkjubv. #737d",Insult,Individual,0.54,medium,whatsapp_group_chat
"Yella dina gaandu tara mathadbeda, Vyitwnj. #be75",Insult,Individual,0.62,medium,whatsapp_group_chat
"Ivattu kooda sakath body tara act madtidya, Ysaa. #839e",Harassment,Individual,0.53,medium,whatsapp_group_chat
"Group nalli a tara bosodina maga baribeda, Vkwzytpkfz. #998e",Harassment,Individual,0.59,medium,whatsapp_group_chat
"Only a pissflaps will spam the group like you, Jahkkyd. #11ac",Insult,Individual,0.67,medium,whatsapp_group_chat
"Ltxz, stop acting like a total sex every day. #917e",Sexual Harassment,Individual,0.62,medium,whatsapp_group_chat
"Group nalli a tara saayi maga baribeda, Qpy. #8073",Threat,Individual,0.67,high,whatsapp_group_chat
"Only a duffer will spam the group like you, Iino. #5bf7",Insult,Individual,0.4,medium,whatsapp_group_chat
"Group nalli a tara ninna gandu baribeda, Tkbev. #0297",Insult,Individual,0.68,medium,whatsapp_group_chat
"Only a dirty fellow will spam the group like you, Pfd. #2b4e",Insult,Individual,0.49,medium,whatsapp_group_chat
"This ass behaviour is not okay, Lgd. #fd5d",Harassment,Individual,0.63,high,whatsapp_group_chat
"Ahsbgw, nee tumba baa, nan tunne nekku tara idiya maga. #21b9",Harassment,Individual,0.38,medium,whatsapp_group_chat
"Group nalli ee sakath body attitude beda, Ufphdfrj. #4452",Harassment,Individual,0.47,medium,whatsapp_group_chat
"Qlgd, stop acting like a total stupid every day. #5fd8",Insult,Individual,0.54,medium,whatsapp_group_chat
"This sex behaviour is not okay, Nqozghciq. #674a",Sexual Harassment,Individual,0.66,medium,whatsapp_group_chat
"Qgpbsvdq, stop acting like a total split tongue every day. #8b99",Insult,Individual,0.58,medium,whatsapp_group_chat
"Only a cockfoam will spam the group like you, Dflodo. #692e",Sexual Harassment,Individual,0.37,low,whatsapp_group_chat
"Only a duffer will spam the group like you, Snqq. #65f6",Insult,Individual,0.45,medium,whatsapp_group_chat
"Only a choad will spam the group like you, Beqbni. #84a0",Insult,Individual,0.5,high,whatsapp_group_chat
"Group nalli a tara gaandu baribeda, Tplaso. #5a57",Insult,Individual,0.72,medium,whatsapp_group_chat
"Group nalli ee monkey thara attitude beda, Wkacxoalcq. #7fe0",Insult,Individual,0.38,medium,whatsapp_group_chat
"Dssopjf, ivattu full sexy baby maga mode nalli idiya. #6f58",Sexual Harassment,Individual,0.63,medium,whatsapp_group_chat
"People are tired of your transgender attitude, Yfwrkcjbl. #a19a",Insult,Individual,0.76,high,whatsapp_group_chat
"Ypcekw, ivattu full saayi mode nalli idiya. #9703",Threat,Individual,0.63,medium,whatsapp_group_chat
"Group nalli ee sexy bro attitude beda, Knezdfobh. #84ed",Sexual Harassment,Individual,0.71,medium,whatsapp_group_chat
"People are tired of your dog attitude, Btcprnwzwu. #bf61",Insult,Individual,0.41,low,whatsapp_group_chat
"Azunqtons, yaaru kuda ninna die nature ishta padalla. #192b",Threat,Individual,0.64,medium,whatsapp_group_chat
"Lzwmagpsy, you are such a twat in this group. #ca79",Insult,Individual,0.32,low,whatsapp_group_chat
"Ddgcdle, ivattu full bakra mode nalli idiya. #2f5d",Insult,Individual,0.52,high,whatsapp_group_chat
"Group nalli a tara bosodike baribeda, Hexpl. #ee38",Insult,Individual,0.65,medium,whatsapp_group_chat
"Ivattu kooda sakath body tara act madtidya, Ippblqwaca. #c12f",Harassment,Individual,0.46,medium,whatsapp_group_chat
"Lhtmpaastk, ivattu full haavu bro neenu mode nalli idiya. #5b0a",Harassment,Individual,0.76,high,whatsapp_group_chat
"Tzhxhg, nee tumba dagar tara idiya maga. #9d8b",Insult,Individual,0.49,high,whatsapp_group_chat
"Luxnt, nin sexy bro maga nataka nodakke bore aaytu. #e9f1",Sexual Harassment,Individual,0.8,high,whatsapp_group_chat
"People are tired of your fuck attitude, Jxbukelzwb. #76c6",Harassment,Individual,0.73,medium,whatsapp_group_chat
"Yella dina sexy baby maga tara mathadbeda, Yhse. #2c1d",Sexual Harassment,Individual,0.51,high,whatsapp_group_chat
"Axy, nin dagarina nataka nodakke bore aaytu. #1925",Insult,Individual,0.51,medium,whatsapp_group_chat
"Mlvfy, nin not a loyal nataka nodakke bore aaytu. #10da",Harassment,Individual,0.49,low,whatsapp_group_chat
"Group nalli a tara dagarina baribeda, Ksngoafxc. #9755",Insult,Individual,0.78,high,whatsapp_group_chat
"Iqllhd, yaaru kuda ninna sakath body nature ishta padalla. #59cc",Harassment,Individual,0.62,medium,whatsapp_group_chat
"Group nalli ee sexy bro attitude beda, Sblcto. #939e",Sexual Harassment,Individual,0.74,high,whatsapp_group_chat
"Njqmdt, stop acting like a total lick every day. #a48e",Sexual Harassment,Individual,0.62,high,whatsapp_group_chat
"Dizuo, nin muka thika thara ide nataka nodakke bore aaytu. #8a79",Harassment,Individual,0.68,low,whatsapp_group_chat
"This ass behaviour is not okay, Ipw. #e9d9",Harassment,Individual,0.76,high,whatsapp_group_chat
"Ykopzr, you are such a cunt in this group. #caf1",Sexual Harassment,Individual,0.66,low,whatsapp_group_chat
"Etaqe, nin muda nataka nodakke bore aaytu. #1158",Insult,Individual,0.62,high,whatsapp_group_chat
"Group nalli ee fake character attitude beda, Elykmggo. #9291",Harassment,Individual,0.64,medium,whatsapp_group_chat
"Mkuwtdq, nin bosodina nataka nodakke bore aaytu. #eba4",Harassment,Individual,0.51,medium,whatsapp_group_chat
"Rzbvs, nee full monkey thara tara behave madthiya. #f521",Insult,Individual,0.47,medium,whatsapp_group_chat
"Mvltkku, yaaru kuda ninna sucide nature ishta padalla. #1511",Threat,Individual,0.5,high,whatsapp_group_chat
"Matypybu, nee full haavu bro neenu tara behave madthiya. #99b9",Harassment,Individual,0.51,medium,whatsapp_group_chat
"Lqgjezcsd, nee tumba bakra tara idiya maga. #8fd1",Insult,Individual,0.34,low,whatsapp_group_chat
"Only a choad will spam the group like you, Dxmbes. #49b1",Insult,Individual,0.38,low,whatsapp_group_chat
"Mbkkibxq, stop acting like a total damn every day. #cdfa",Insult,Individual,0.58,medium,whatsapp_group_chat
"Vrwfg, nee full idiot thara tara behave madthiya. #04e3",Insult,Individual,0.73,high,whatsapp_group_chat
"This lick behaviour is not okay, Xxkccxwwf. #8e47",Sexual Harassment,Individual,0.45,high,whatsapp_group_chat
"Opuvxsngt, nee full joker thara tara behave madthiya. #fa2e",Insult,Individual,0.6,low,whatsapp_group_chat
"Dlbtxweq, nee tumba sexy baby maga tara idiya maga. #e164",Sexual Harassment,Individual,0.49,medium,whatsapp_group_chat
"Yella dina sexy bro maga tara mathadbeda, Vurdzgdq. #9487",Sexual Harassment,Individual,0.49,high,whatsapp_group_chat
"Dyhzltaze, yaaru kuda ninna monkey thara nature ishta padalla. #d41a",Insult,Individual,0.59,medium,whatsapp_group_chat
"This loser behaviour is not okay, Ygxfzkc. #d186",Insult,Individual,0.61,medium,whatsapp_group_chat
"Ewaxiag, stop acting like a total damn every day. #3ef1",Insult,Individual,0.62,medium,whatsapp_group_chat
"Yella dina kembatti tara mathadbeda, Iaqjzikc. #08ac",Insult,Individual,0.5,medium,whatsapp_group_chat
"This fag behaviour is not okay, Geq. #f1a5",Insult,Individual,0.38,medium,whatsapp_group_chat
"People are tired of your cunt attitude, Akebn. #c214",Sexual Harassment,Individual,0.71,medium,whatsapp_group_chat
"Only a fuck will spam the group like you, Icla. #87d4",Harassment,Individual,0.45,medium,whatsapp_group_chat
"People are tired of your bollocks attitude, Poyuneb. #2daa",Insult,Individual,0.82,high,whatsapp_group_chat
"Cnjcajxvq, stop acting like a total sex every day. #4545",Sexual Harassment,Individual,0.67,high,whatsapp_group_chat
"People are tired of your fuck you attitude, Lacd. #5010",Harassment,Individual,0.42,low,whatsapp_group_chat
"This choad behaviour is not okay, Sjz. #4ae3",Insult,Individual,0.68,medium,whatsapp_group_chat
"Ninna sexy baby behavior nodi everyone frustrate agta idare, Dfdbqrp. #23c1",Sexual Harassment,Individual,0.53,low,whatsapp_group_chat
"Nxrwwvgyq, nin baa, nan tunne nekku nataka nodakke bore aaytu. #4acf",Harassment,Individual,0.53,medium,whatsapp_group_chat
"Only a queer will spam the group like you, Swpcgnljeb. #5a03",Insult,Individual,0.45,low,whatsapp_group_chat
"Ivattu kooda dove rani tara act madtidya, Pnrzracli. #0d0b",Harassment,Individual,0.5,low,whatsapp_group_chat
"Jvc, nee full sexy bro tara behave madthiya. #82df",Sexual Harassment,Individual,0.71,low,whatsapp_group_chat
"People are tired of your hell attitude, Ltlzmot. #cd0a",Harassment,Individual,0.5,high,whatsapp_group_chat
"This son of bitch behaviour is not okay, Vyjn. #cec9",Insult,Individual,0.54,medium,whatsapp_group_chat
"Bbwgpbk, you are such a dick head in this group. #f24b",Sexual Harassment,Individual,0.57,medium,whatsapp_group_chat
"Group nalli a tara kembatti maga baribeda, Gdtq. #05cf",Insult,Individual,0.83,high,whatsapp_group_chat
"Iqvegxos, nee full die tara behave madthiya. #3297",Threat,Individual,0.58,medium,whatsapp_group_chat
"Xeqqp, you are such a bozo in this group. #63f7",Insult,Individual,0.47,high,whatsapp_group_chat
"Ninna cry baby behavior nodi everyone frustrate agta idare, Npksrcpgd. #cb89",Harassment,Individual,0.45,medium,whatsapp_group_chat
"Tud, stop acting like a total two head snake every day. #a1aa",Insult,Individual,0.34,low,whatsapp_group_chat
"Bzfcmx, ivattu full kall maga mode nalli idiya. #bf58",Insult,Individual,0.68,high,whatsapp_group_chat
"Ivattu kooda dove rani tara act madtidya, Ilydtr. #e83b",Harassment,Individual,0.57,medium,whatsapp_group_chat
"Oykcf, nee tumba bosodina tara idiya maga. #94f7",Harassment,Individual,0.43,medium,whatsapp_group_chat
"Ninna saayi behavior nodi everyone frustrate agta idare, Pmqsnqkpu. #413e",Threat,Individual,0.48,medium,whatsapp_group_chat
"Cguaprtsb, stop acting like a total bugger every day. #0f6c",Insult,Individual,0.59,medium,whatsapp_group_chat
"Qckwq, nin thotha nataka nodakke bore aaytu. #9e24",Insult,Individual,0.72,medium,whatsapp_group_chat
"Jcmml, you are such a split tongue in this group. #8f0c",Insult,Individual,0.65,medium,whatsapp_group_chat
"People are tired of your cock-socker attitude, Zrspt. #fe4f",Sexual Harassment,Individual,0.55,medium,whatsapp_group_chat
"Only a wtf will spam the group like you, Vxolqj. #8f5b",Harassment,Individual,0.45,high,whatsapp_group_chat
"Yella dina muttala maga tara mathadbeda, Nakfzsq. #6bf9",Insult,Individual,0.65,medium,whatsapp_group_chat
"Ivattu kooda sexy baby tara act madtidya, Iefd. #5016",Sexual Harassment,Individual,0.58,high,whatsapp_group_chat
"Reu, you are such a fuck in this group. #b973",Harassment,Individual,0.71,medium,whatsapp_group_chat
"Ninna idiot thara behavior nodi everyone frustrate agta idare, Bmu. #978e",Insult,Individual,0.44,low,whatsapp_group_chat
"Group nalli ee haavu bro neenu attitude beda, Bjhykryxl. #9c88",Harassment,Individual,0.4,medium,whatsapp_group_chat
"Only a son of bitch will spam the group like you, Jqorcj. #f426",Insult,Individual,0.72,medium,whatsapp_group_chat
"Group nalli ee fake character attitude beda, Hjtdzil. #5672",Harassment,Individual,0.63,low,whatsapp_group_chat
"This gay behaviour is not okay, Wgqqredut. #6092",Insult,Individual,0.46,medium,whatsapp_group_chat
"People are tired of your mother fucker attitude, Bslcxuvci. #c680",Insult,Individual,0.44,high,whatsapp_group_chat
"Only a rubbish will spam the group like you, Pgyyoekf. #6670",Insult,Individual,0.39,low,whatsapp_group_chat
"Ninna joker thara behavior nodi everyone frustrate agta idare, Lgdaqnlman. #9405",Insult,Individual,0.42,low,whatsapp_group_chat
"Yyqkuyh, you are such a piss off in this group. #84fe",Harassment,Individual,0.42,medium,whatsapp_group_chat
"Iegzappl, ivattu full gandu mode nalli idiya. #3175",Insult,Individual,0.33,low,whatsapp_group_chat
"Group nalli ee not a loyal attitude beda, Dhclbgpcko. #03b2",Harassment,Individual,0.44,medium,whatsapp_group_chat
"Only a nigga will spam the group like you, Dfuao. #51d9",Harassment,Individual,0.48,high,whatsapp_group_chat
"Jbamkjy, yaaru kuda ninna sakath body nature ishta padalla. #eea7",Harassment,Individual,0.59,high,whatsapp_group_chat
"Sht, you are such a son of bitch in this group. #5aa7",Insult,Individual,0.56,medium,whatsapp_group_chat
"People are tired of your bastard attitude, Onnssadb. #8939",Insult,Individual,0.56,medium,whatsapp_group_chat
"Ivattu kooda saayi tara act madtidya, Pqogykcbek. #1136",Threat,Individual,0.79,high,whatsapp_group_chat
"Group nalli a tara muklyappa baribeda, Sghpbvrf. #26b6",Insult,Individual,0.61,medium,whatsapp_group_chat
"Yella dina sakath body tara mathadbeda, Mmehirsmgz. #4c41",Harassment,Individual,0.5,high,whatsapp_group_chat
"Nkewrwbbu, nin keiyanna nataka nodakke bore aaytu. #9d88",Harassment,Individual,0.57,high,whatsapp_group_chat
"Vod, stop acting like a total damn every day. #b4b5",Insult,Individual,0.49,low,whatsapp_group_chat
"Ninna sexy bro behavior nodi everyone frustrate agta idare, Rtonacpuk. #d5af",Sexual Harassment,Individual,0.7,medium,whatsapp_group_chat
"Gftjurwy, nee tumba le niga tara idiya maga. #c4e7",Harassment,Individual,0.77,high,whatsapp_group_chat
"Lqcedplmr, you are such a wtf in this group. #75f6",Harassment,Individual,0.61,medium,whatsapp_group_chat
"Group nalli a tara hucchadanta maga baribeda, Ekip. #a5d8",Insult,Individual,0.6,medium,whatsapp_group_chat
"Group nalli ee idiot thara attitude beda, Hegsxatzi. #27ab",Insult,Individual,0.6,medium,whatsapp_group_chat
"Ninna sexy bro behavior nodi everyone frustrate agta idare, Zhyvv. #8842",Sexual Harassment,Individual,0.47,medium,whatsapp_group_chat
"Nxqybvlryq, stop acting like a total lame every day. #c72a",Harassment,Individual,0.72,high,whatsapp_group_chat
"Group nalli a tara saayi mad baribeda, Mswt. #beb8",Threat,Individual,0.45,medium,whatsapp_group_chat
"Group nalli a tara sade baribeda, Pfgw. #1d47",Insult,Individual,0.4,medium,whatsapp_group_chat
"Mjkxg, stop acting like a total bugger every day. #808c",Insult,Individual,0.35,low,whatsapp_group_chat
"Bpfcrncccq, ivattu full thimru mode nalli idiya. #fdc6",Insult,Individual,0.62,medium,whatsapp_group_chat
"Wlbzlzkvm, nee full cry baby tara behave madthiya. #ed6f",Harassment,Individual,0.6,low,whatsapp_group_chat
"Fexslrdv, yaaru kuda ninna sakath body nature ishta padalla. #261c",Harassment,Individual,0.62,medium,whatsapp_group_chat
"Dntxl, yaaru kuda ninna sakath body nature ishta padalla. #dbfd",Harassment,Individual,0.77,high,whatsapp_group_chat
"This dickhole behaviour is not okay, Hmtorfjdt. #5841",Sexual Harassment,Individual,0.71,medium,whatsapp_group_chat
"Jyvwpaa, stop acting like a total lick every day. #0b6c",Sexual Harassment,Individual,0.65,medium,whatsapp_group_chat
"Only a dimwit will spam the group like you, Jwxjp. #830d",Insult,Individual,0.46,medium,whatsapp_group_chat
"Xrjrmfklj, yaaru kuda ninna cry baby nature ishta padalla. #b91f",Harassment,Individual,0.53,medium,whatsapp_group_chat
"Only a fuck will spam the group like you, Lqp. #82f8",Harassment,Individual,0.48,medium,whatsapp_group_chat
"Ephlis, nee tumba bakra tara idiya maga. #e60c",Insult,Individual,0.31,low,whatsapp_group_chat
"Mxotykk, you are such a slut in this group. #d223",Sexual Harassment,Individual,0.47,medium,whatsapp_group_chat
"Ichnk, nin kalladantha maga nataka nodakke bore aaytu. #715f",Insult,Individual,0.45,high,whatsapp_group_chat
"Pobxp, nee tumba gaanchali tara idiya maga. #8db8",Insult,Individual,0.62,high,whatsapp_group_chat
"Rwpmqwvlw, you are such a bastard in this group. #b6dd",Insult,Individual,0.75,medium,whatsapp_group_chat
"People are tired of your 69 attitude, Cmcybsx. #d26a",Sexual Harassment,Individual,0.61,medium,whatsapp_group_chat
"Kbtjkjrmus, ivattu full hucchadanthe mode nalli idiya. #244b",Insult,Individual,0.63,low,whatsapp_group_chat
"Only a crap will spam the group like you, Auvszzj. #98eb",Harassment,Individual,0.47,medium,whatsapp_group_chat
"This dick head behaviour is not okay, Bqjot. #cfba",Sexual Harassment,Individual,0.77,high,whatsapp_group_chat
"Lqy, yaaru kuda ninna fake character nature ishta padalla. #3315",Harassment,Individual,0.57,medium,whatsapp_group_chat
"This twat behaviour is not okay, Ltjuyp. #9d8c",Insult,Individual,0.76,high,whatsapp_group_chat
"Dzofnfg, you are such a choad in this group. #63c9",Insult,Individual,0.47,low,whatsapp_group_chat
"Yella dina sexy bro tara mathadbeda, Gzjicgwzbl. #4212",Sexual Harassment,Individual,0.62,high,whatsapp_group_chat
"Ucilyqcwg, ivattu full mangyan maga mode nalli idiya. #c3b8",Insult,Individual,0.47,medium,whatsapp_group_chat
"Group nalli a tara joker thara baribeda, Qkarnvxwyo. #83ac",Insult,Individual,0.64,medium,whatsapp_group_chat
"Aqjbdsxni, stop acting like a total queer every day. #85af",Insult,Individual,0.35,medium,whatsapp_group_chat
"Ivattu kooda not a loyal tara act madtidya, Qapo. #21ff",Harassment,Individual,0.67,low,whatsapp_group_chat
"Wgjarpnizh, nin dove rani nataka nodakke bore aaytu. #dbfb",Harassment,Individual,0.65,low,whatsapp_group_chat
"Ogymlubpgr, nin shaata nataka nodakke bore aaytu. #c397",Insult,Individual,0.46,high,whatsapp_group_chat
"Ivattu kooda joker thara tara act madtidya, Moko. #0168",Insult,Individual,0.37,medium,whatsapp_group_chat
"Gse, you are such a butt in this group. #20cd",Harassment,Individual,0.55,low,whatsapp_group_chat
"Crksl, ivattu full dagarina mode nalli idiya. #5af6",Insult,Individual,0.56,high,whatsapp_group_chat
"People are tired of your ohh,piss off attitude, Slgli. #4c46",Harassment,Individual,0.55,high,whatsapp_group_chat
"Group nalli ee sucide attitude beda, Cfudpt. #b909",Threat,Individual,0.73,high,whatsapp_group_chat
"This wanker behaviour is not okay, Dhnvytdc. #9e44",Sexual Harassment,Individual,0.72,medium,whatsapp_group_chat
"Only a piss off will spam the group like you, Gxkxrvndtg. #924b",Harassment,Individual,0.6,high,whatsapp_group_chat
"Group nalli a tara kembatti maga baribeda, Riuzuxiinn. #30fd",Insult,Individual,0.64,high,whatsapp_group_chat
"Only a sexy will spam the group like you, Xxlk. #54ed",Sexual Harassment,Individual,0.53,high,whatsapp_group_chat
"Nvlfdlnwyk, you are such a bloddy hell in this group. #24fe",Harassment,Individual,0.62,high,whatsapp_group_chat
"Yella dina nimmavvana maga tara mathadbeda, Gujmxjdwen. #f241",Harassment,Individual,0.59,low,whatsapp_group_chat
"Group nalli a tara not a loyal maga baribeda, Jqiakmywbb. #eb72",Harassment,Individual,0.4,low,whatsapp_group_chat
"This go to hell behaviour is not okay, Swxihvbm. #5a7b",Harassment,Individual,0.61,low,whatsapp_group_chat
"Hqlvpco, stop acting like a total fuck you every day. #7bf5",Harassment,Individual,0.56,high,whatsapp_group_chat
"Yella dina not a loyal tara mathadbeda, Ldeh. #3a2c",Harassment,Individual,0.6,medium,whatsapp_group_chat
"Thg, nee full joker thara tara behave madthiya. #c2c1",Insult,Individual,0.53,high,whatsapp_group_chat
"Lfggz, nin sakath body maga nataka nodakke bore aaytu. #f7a7",Harassment,Individual,0.73,medium,whatsapp_group_chat
"Gyqwyddszm, nin darbesi nataka nodakke bore aaytu. #5c65",Insult,Individual,0.76,high,whatsapp_group_chat
"Iduftk, nee tumba saayi tara idiya maga. #2c18",Threat,Individual,0.68,medium,whatsapp_group_chat
"Jkywoeej, you are such a suck his dick in this group. #e890",Sexual Harassment,Individual,0.36,low,whatsapp_group_chat
"Group nalli a tara monkey thara baribeda, Oxjwzmisn. #4671",Insult,Individual,0.56,low,whatsapp_group_chat
"Ewxijgeq, ivattu full gandu maga mode nalli idiya. #425a",Insult,Individual,0.4,medium,whatsapp_group_chat
"Group nalli a tara nim ammanakeya baribeda, Ivodquomwx. #81db",Sexual Harassment,Individual,0.34,low,whatsapp_group_chat
"Group nalli a tara dagar baribeda, Emj. #005a",Insult,Individual,0.52,medium,whatsapp_group_chat
"Yella dina sexy bro tara mathadbeda, Bqrspnk. #5ad1",Sexual Harassment,Individual,0.63,medium,whatsapp_group_chat
"This dimwit behaviour is not okay, Cscg. #a523",Insult,Individual,0.52,high,whatsapp_group_chat
"People are tired of your duffer attitude, Sgm. #1125",Insult,Individual,0.67,high,whatsapp_group_chat
"Only a dick head will spam the group like you, Prmptkr. #572e",Sexual Harassment,Individual,0.33,low,whatsapp_group_chat
"Yella dina dagar tara mathadbeda, Rtwalmfaq. #c9f0",Insult,Individual,0.6,medium,whatsapp_group_chat
"Ivattu kooda sexy bro tara act madtidya, Naigwhqhbp. #914e",Sexual Harassment,Individual,0.73,high,whatsapp_group_chat
"Pvpejksipb, stop acting like a total dimwit every day. #9559",Insult,Individual,0.51,medium,whatsapp_group_chat
"Rogyq, you are such a sexy in this group. #0f75",Sexual Harassment,Individual,0.36,medium,whatsapp_group_chat
"Ggvydhzvoy, you are such a wtf in this group. #45d2",Harassment,Individual,0.5,high,whatsapp_group_chat
"People are tired of your choad attitude, Oxvovgbalv. #8da9",Insult,Individual,0.57,high,whatsapp_group_chat
"Fhvblhygzf, ivattu full ninna thullu keya mode nalli idiya. #ef9d",Sexual Harassment,Individual,0.74,medium,whatsapp_group_chat
"Wtdbxnn, nin gandu maga nataka nodakke bore aaytu. #1124",Insult,Individual,0.48,high,whatsapp_group_chat
"Ivattu kooda sakath body tara act madtidya, Agdpyjy. #0de7",Harassment,Individual,0.66,medium,whatsapp_group_chat
"Ousyi, stop acting like a total 69 every day. #3d01",Sexual Harassment,Individual,0.55,medium,whatsapp_group_chat
"Group nalli ee joker thara attitude beda, Ctzu. #da54",Insult,Individual,0.56,medium,whatsapp_group_chat
"Wijiczpj, ivattu full nimavvan mode nalli idiya. #2496",Harassment,Individual,0.56,high,whatsapp_group_chat
"Ivattu kooda haavu bro neenu tara act madtidya, Rqz. #8731",Harassment,Individual,0.55,medium,whatsapp_group_chat
"Ivattu kooda sakath body tara act madtidya, Rqjgpixfeo. #27b9",Harassment,Individual,0.46,low,whatsapp_group_chat
"Phz, you are such a ass in this group. #e47d",Harassment,Individual,0.54,medium,whatsapp_group_chat
"This choad behaviour is not okay, Gwd. #c54a",Insult,Individual,0.54,low,whatsapp_group_chat
"Tbj, you are such a rubbish in this group. #4e70",Insult,Individual,0.59,low,whatsapp_group_chat
"Bkqylmjh, ivattu full sucide madthiya maga mode nalli idiya. #2fbf",Threat,Individual,0.48,low,whatsapp_group_chat
"Ninna sucide behavior nodi everyone frustrate agta idare, Klvslizk. #cd9b",Threat,Individual,0.48,low,whatsapp_group_chat
"Ivattu kooda sexy baby tara act madtidya, Mzglucmx. #c921",Sexual Harassment,Individual,0.58,high,whatsapp_group_chat
"People are tired of your gay attitude, Bpugpr. #ab27",Insult,Individual,0.51,high,whatsapp_group_chat
"Ylvkcojhuy, ivattu full die maga mode nalli idiya. #58e6",Threat,Individual,0.75,medium,whatsapp_group_chat
"Nlqj, yaaru kuda ninna saayi nature ishta padalla. #8a08",Threat,Individual,0.62,medium,whatsapp_group_chat
"People are tired of your fucking prick attitude, Bmflt. #ff9f",Sexual Harassment,Individual,0.46,medium,whatsapp_group_chat
"This shit behaviour is not okay, Yjd. #4ae2",Harassment,Individual,0.68,high,whatsapp_group_chat
"This mother fucker behaviour is not okay, Feutsyaq. #b243",Insult,Individual,0.78,high,whatsapp_group_chat
"People are tired of your choad attitude, Kgwn. #6d2c",Insult,Individual,0.69,high,whatsapp_group_chat
"Ivattu kooda sucide tara act madtidya, Meiqd. #3d6c",Threat,Individual,0.51,medium,whatsapp_group_chat
"Only a sexy will spam the group like you, Yilyw. #498b",Sexual Harassment,Individual,0.75,medium,whatsapp_group_chat
"This bugger behaviour is not okay, Zxdw. #c5e4",Insult,Individual,0.44,medium,whatsapp_group_chat
"Tbevzoxw, nee tumba muda tara idiya maga. #735c",Insult,Individual,0.48,medium,whatsapp_group_chat
"Ivattu kooda fake character tara act madtidya, Vsmzqirg. #8fa5",Harassment,Individual,0.51,high,whatsapp_group_chat
"Only a arse will spam the group like you, Lztsqw. #ff2b",Harassment,Individual,0.49,medium,whatsapp_group_chat
"Awwpwfju, ivattu full hucchadanthe mode nalli idiya. #50e8",Insult,Individual,0.59,medium,whatsapp_group_chat
"Dvyekwu, stop acting like a total bellend every day. #217e",Insult,Individual,0.51,medium,whatsapp_group_chat
"Ninna dove rani behavior nodi everyone frustrate agta idare, Fobismpw. #97ce",Harassment,Individual,0.43,high,whatsapp_group_chat
"Utnputanmz, nee full monkey thara tara behave madthiya. #7c55",Insult,Individual,0.52,low,whatsapp_group_chat
"Wekxa, nee full joker thara tara behave madthiya. #1d65",Insult,Individual,0.36,medium,whatsapp_group_chat
"This ohh,piss off behaviour is not okay, Ieabqck. #d4f5",Harassment,Individual,0.39,low,whatsapp_group_chat
"People are tired of your bisexual attitude, Vhjde. #24f9",Sexual Harassment,Individual,0.36,low,whatsapp_group_chat
"Ivattu kooda sakath body tara act madtidya, Szkx. #bdd4",Harassment,Individual,0.63,high,whatsapp_group_chat
"Ivattu kooda fake character tara act madtidya, Xtgdsqjnas. #edb1",Harassment,Individual,0.57,low,whatsapp_group_chat
"Plvugxgv, you are such a crap in this group. #1e4a",Harassment,Individual,0.76,medium,whatsapp_group_chat
"Group nalli a tara singri maga baribeda, Mww. #a95e",Insult,Individual,0.68,medium,whatsapp_group_chat
"Bosclzd, nee tumba gaandu nan magane tara idiya maga. #3131",Insult,Individual,0.6,high,whatsapp_group_chat
"Wcsjfta, nee tumba hucchadanta tara idiya maga. #fbde",Insult,Individual,0.7,medium,whatsapp_group_chat
"Njmfgoa, nee full die tara behave madthiya. #6dbd",Threat,Individual,0.61,low,whatsapp_group_chat
"Ninna sexy baby behavior nodi everyone frustrate agta idare, Lyom. #9c32",Sexual Harassment,Individual,0.49,low,whatsapp_group_chat
"Ninna saayi behavior nodi everyone frustrate agta idare, Nihieakye. #16bc",Threat,Individual,0.69,medium,whatsapp_group_chat
"Group nalli ee sakath body attitude beda, Ncivb. #7f05",Harassment,Individual,0.7,medium,whatsapp_group_chat
"Eghnkgx, stop acting like a total crap every day. #fd03",Harassment,Individual,0.65,low,whatsapp_group_chat
"This son of bitch behaviour is not okay, Xuf. #c183",Insult,Individual,0.48,low,whatsapp_group_chat
"Olmijdewz, you are such a queer in this group. #95c6",Insult,Individual,0.49,medium,whatsapp_group_chat
"Mbwrjqiai, nee full sexy bro tara behave madthiya. #5d23",Sexual Harassment,Individual,0.59,high,whatsapp_group_chat
"Yella dina bosodike tara mathadbeda, Lsypenb. #be38",Insult,Individual,0.54,low,whatsapp_group_chat
"Rbcd, stop acting like a total dick every day. #d380",Sexual Harassment,Individual,0.62,medium,whatsapp_group_chat
"People are tired of your split tongue attitude, Gkqjmfpab. #d777",Insult,Individual,0.44,low,whatsapp_group_chat
"Rjseuk, yaaru kuda ninna sucide nature ishta padalla. #5e94",Threat,Individual,0.44,high,whatsapp_group_chat
"Yella dina huccha maga tara mathadbeda, Bpjwgpv. #e195",Insult,Individual,0.74,medium,whatsapp_group_chat
"Wjpaqbyg, yaaru kuda ninna idiot thara nature ishta padalla. #ad06",Insult,Individual,0.73,high,whatsapp_group_chat
"Ycgjsf, yaaru kuda ninna joker thara nature ishta padalla. #3103",Insult,Individual,0.48,high,whatsapp_group_chat
"Only a pussy will spam the group like you, Njneqrr. #102e",Sexual Harassment,Individual,0.74,medium,whatsapp_group_chat
"Ivattu kooda sexy baby tara act madtidya, Sptrpbzeqg. #d726",Sexual Harassment,Individual,0.76,high,whatsapp_group_chat
"Eyggw, you are such a go to hell in this group. #9c3c",Harassment,Individual,0.83,high,whatsapp_group_chat
"Yella dina nimmavvan tara mathadbeda, Fttdz. #8073",Harassment,Individual,0.4,high,whatsapp_group_chat
"Ppimdwy, nee full dove rani tara behave madthiya. #5170",Harassment,Individual,0.84,high,whatsapp_group_chat
"Ltnjlvcak, yaaru kuda ninna monkey thara nature ishta padalla. #b2a7",Insult,Individual,0.64,medium,whatsapp_group_chat
"Eudzroo, nin saayi madthiya maga nataka nodakke bore aaytu. #a796",Threat,Individual,0.41,medium,whatsapp_group_chat
"Only a 69 will spam the group like you, Jsvyvwip. #bda3",Sexual Harassment,Individual,0.41,high,whatsapp_group_chat
"Rijgxggs, ivattu full keiya mode nalli idiya. #85b4",Harassment,Individual,0.47,low,whatsapp_group_chat
"Lgqulem, nee full saayi tara behave madthiya. #28c4",Threat,Individual,0.47,medium,whatsapp_group_chat
"Pbrdfx, stop acting like a total bugger every day. #ce56",Insult,Individual,0.74,medium,whatsapp_group_chat
"People are tired of your lesbian attitude, Lmoauy. #89b6",Insult,Individual,0.59,medium,whatsapp_group_chat
"Ninna monkey thara behavior nodi everyone frustrate agta idare, Opluvx. #d82f",Insult,Individual,0.72,medium,whatsapp_group_chat
"Only a naked will spam the group like you, Kko. #ba19",Sexual Harassment,Individual,0.45,medium,whatsapp_group_chat
"Uaruclhemw, stop acting like a total dog every day. #6331",Insult,Individual,0.63,medium,whatsapp_group_chat
"Only a butthead will spam the group like you, Tpwdqyz. #050e",Harassment,Individual,0.65,high,whatsapp_group_chat
"Dna, stop acting like a total idiot every day. #713f",Insult,Individual,0.55,medium,whatsapp_group_chat
"Ivattu kooda sakath body tara act madtidya, Cmdlh. #6270",Harassment,Individual,0.72,high,whatsapp_group_chat
"Yella dina sede tara mathadbeda, Ikwovylpaa. #75b3",Insult,Individual,0.74,medium,whatsapp_group_chat
"Ivattu kooda fake character tara act madtidya, Zazwxfbuur. #7248",Harassment,Individual,0.63,medium,whatsapp_group_chat
"This fair suck of the sav behaviour is not okay, Tgilhni. #2410",Harassment,Individual,0.44,low,whatsapp_group_chat
"This bellend behaviour is not okay, Cjo. #5ad7",Insult,Individual,0.44,high,whatsapp_group_chat
"People are tired of your dog attitude, Afw. #2755",Insult,Individual,0.4,medium,whatsapp_group_chat
"People are tired of your lick attitude, Gbhbi. #af29",Sexual Harassment,Individual,0.42,high,whatsapp_group_chat
"This suck his dick behaviour is not okay, Zsxsbc. #2ac7",Sexual Harassment,Individual,0.42,low,whatsapp_group_chat
"Only a fucking balls will spam the group like you, Sbjcrau. #827e",Sexual Harassment,Individual,0.61,low,whatsapp_group_chat
"This queer behaviour is not okay, Hqchel. #507e",Insult,Individual,0.48,low,whatsapp_group_chat
"People are tired of your asswipe attitude, Voayxbxwj. #64fa",Insult,Individual,0.59,high,whatsapp_group_chat
"Kftajiqyd, you are such a piss off in this group. #85f5",Harassment,Individual,0.55,high,whatsapp_group_chat
"Mplw, nee full fake character tara behave madthiya. #ccbd",Harassment,Individual,0.77,high,whatsapp_group_chat
"Fhcxpdf, nee tumba nimmavvana tara idiya maga. #5c3b",Harassment,Individual,0.65,medium,whatsapp_group_chat
"Group nalli a tara mangyan maga baribeda, Ffz. #f40d",Insult,Individual,0.51,medium,whatsapp_group_chat
"Group nalli ee idiot thara attitude beda, Hcjzlbwv. #e625",Insult,Individual,0.73,medium,whatsapp_group_chat
"Group nalli a tara shaata baribeda, Eprdruxw. #0f7e",Insult,Individual,0.44,medium,whatsapp_group_chat
"Yella dina shaata tara mathadbeda, Kkdups. #123f",Insult,Individual,0.42,medium,whatsapp_group_chat
"Dngie, nee tumba tullna keya tara idiya maga. #73dd",Sexual Harassment,Individual,0.72,medium,whatsapp_group_chat
"Sgezrty, stop acting like a total shag every day. #bc51",Sexual Harassment,Individual,0.76,high,whatsapp_group_chat
"Ninna joker thara behavior nodi everyone frustrate agta idare, Wnb. #c59b",Insult,Individual,0.44,high,whatsapp_group_chat
"This duffer behaviour is not okay, Vwlzzu. #6180",Insult,Individual,0.47,low,whatsapp_group_chat
"People are tired of your bollocks attitude, Heauin. #67a2",Insult,Individual,0.46,low,whatsapp_group_chat
"Fwsri, stop acting like a total transgender every day. #d87f",Insult,Individual,0.61,low,whatsapp_group_chat
"This bloody hell behaviour is not okay, Tefpcetns. #5b0b",Harassment,Individual,0.56,high,whatsapp_group_chat
"Vtm, stop acting like a total cockfoam every day. #235d",Sexual Harassment,Individual,0.79,high,whatsapp_group_chat
"Yrx, nee full sakath body tara behave madthiya. #d15e",Harassment,Individual,0.38,medium,whatsapp_group_chat
"People are tired of your fair suck of the sav attitude, Huzms. #b6fe",Harassment,Individual,0.61,high,whatsapp_group_chat
"This fair suck of the sav behaviour is not okay, Xawo. #c36b",Harassment,Individual,0.67,low,whatsapp_group_chat
"Only a damn will spam the group like you, Uxkevpn. #ae36",Insult,Individual,0.7,medium,whatsapp_group_chat
"Yella dina sexy bro maga tara mathadbeda, Lio. #16c0",Sexual Harassment,Individual,0.6,high,whatsapp_group_chat
"Ninna cry baby behavior nodi everyone frustrate agta idare, Rqu. #d691",Sexual Harassment,Individual,0.48,low,whatsapp_group_chat
"Only a asswipe will spam the group like you, Jki. #44ff",Insult,Individual,0.66,low,whatsapp_group_chat
"People are tired of your bugger attitude, Ekq. #1e44",Insult,Individual,0.73,medium,whatsapp_group_chat
"Group nalli ee not a loyal attitude beda, Aelpsu. #0655",Harassment,Individual,0.69,high,whatsapp_group_chat
"Bjebtf, ivattu full thimru mode nalli idiya. #90ee",Insult,Individual,0.45,medium,whatsapp_group_chat
"Jqysmnnws, nin singri maga nataka nodakke bore aaytu. #db10",Insult,Individual,0.47,high,whatsapp_group_chat
"Mnocegnwcl, yaaru kuda ninna die nature ishta padalla. #b02a",Threat,Individual,0.71,high,whatsapp_group_chat
"Hpumy, nin nimavvan nataka nodakke bore aaytu. #5a8b",Harassment,Individual,0.47,medium,whatsapp_group_chat
"Csfpgfnyyk, you are such a cockfoam in this group. #3ac5",Sexual Harassment,Individual,0.45,high,whatsapp_group_chat
"People are tired of your twat attitude, Xhdmvg. #b037",Insult,Individual,0.68,medium,whatsapp_group_chat
"Only a slut will spam the group like you, Sxsy. #9d9a",Sexual Harassment,Individual,0.55,high,whatsapp_group_chat
"Ivattu kooda monkey thara tara act madtidya, Lgh. #27f3",Insult,Individual,0.57,high,whatsapp_group_chat
"People are tired of your taking the piss attitude, Mvklv. #bfd5",Harassment,Individual,0.35,low,whatsapp_group_chat
"People are tired of your bugger attitude, Iiqhtaxsuy. #69de",Sexual Harassment,Individual,0.63,low,whatsapp_group_chat
"Oxfcxq, ivattu full dagara mode nalli idiya. #7b57",Insult,Individual,0.78,high,whatsapp_group_chat
"Group nalli ee sakath body attitude beda, Veimmgj. #a752",Harassment,Individual,0.61,high,whatsapp_group_chat
"People are tired of your queer attitude, Vtvszx. #1a6b",Insult,Individual,0.65,medium,whatsapp_group_chat
"Wobsuebe, stop acting like a total piss off every day. #e81b",Harassment,Individual,0.47,low,whatsapp_group_chat
"Group nalli a tara dagarina maga baribeda, Dyfzuabvfn. #47a8",Insult,Individual,0.35,medium,whatsapp_group_chat
"This dick head behaviour is not okay, Ctishmh. #5117",Sexual Harassment,Individual,0.56,medium,whatsapp_group_chat
"Yella dina nimmavvana maga tara mathadbeda, Ebokpzy. #e927",Harassment,Individual,0.67,medium,whatsapp_group_chat
"Kkntqkcs, ivattu full die maga mode nalli idiya. #b77e",Threat,Individual,0.6,high,whatsapp_group_chat
"Ninna sakath body behavior nodi everyone frustrate agta idare, Pwrsrhhr. #72d7",Harassment,Individual,0.46,medium,whatsapp_group_chat
"People are tired of your fuck attitude, Jujmsbi. #09fe",Harassment,Individual,0.78,high,whatsapp_group_chat
"Igst, nee tumba cry baby tara idiya maga. #1858",Harassment,Individual,0.59,medium,whatsapp_group_chat
"Group nalli a tara keiya baribeda, Bmrtz. #c281",Harassment,Individual,0.6,high,whatsapp_group_chat
"Ivattu kooda not a loyal tara act madtidya, Uekewti. #4812",Harassment,Individual,0.38,low,whatsapp_group_chat
"Mwj, stop acting like a total dick every day. #b970",Sexual Harassment,Individual,0.53,medium,whatsapp_group_chat
"Emkjhi, yaaru kuda ninna joker thara nature ishta padalla. #65e4",Insult,Individual,0.78,high,whatsapp_group_chat
"Znrufvbfa, stop acting like a total bloody hell every day. #3591",Harassment,Individual,0.73,high,whatsapp_group_chat
"Jrm, nee tumba ninna ammanakeya tara idiya maga. #091e",Sexual Harassment,Individual,0.39,medium,whatsapp_group_chat
"Ninna joker thara behavior nodi everyone frustrate agta idare, Pgywhnhdc. #3c80",Insult,Individual,0.52,medium,whatsapp_group_chat
"This transgender behaviour is not okay, Mvpgj. #7dc2",Insult,Individual,0.48,medium,whatsapp_group_chat
"Wvr, you are such a go to hell in this group. #88f7",Harassment,Individual,0.67,medium,whatsapp_group_chat
"Fpgxhhvu, nin keiya nataka nodakke bore aaytu. #743a",Harassment,Individual,0.44,low,whatsapp_group_chat
"Bqzke, yaaru kuda ninna sakath body nature ishta padalla. #1c5b",Harassment,Individual,0.48,medium,whatsapp_group_chat
"Group nalli a tara kallu baribeda, Xzzrf. #c142",Insult,Individual,0.6,high,whatsapp_group_chat
"Nyvydvsgd, yaaru kuda ninna sexy baby nature ishta padalla. #95d4",Sexual Harassment,Individual,0.4,medium,whatsapp_group_chat
"Ivattu kooda fake character tara act madtidya, Zibfiozojd. #3782",Harassment,Individual,0.48,high,whatsapp_group_chat
"Kyj, stop acting like a total sexy every day. #ef3d",Sexual Harassment,Individual,0.67,medium,whatsapp_group_chat
"Ivattu kooda not a loyal tara act madtidya, Aqf. #3777",Harassment,Individual,0.31,low,whatsapp_group_chat
"Nfhlazchm, ivattu full kembatti maga mode nalli idiya. #5ca2",Insult,Individual,0.56,medium,whatsapp_group_chat
"Kvnrazo, ivattu full dove rani mode nalli idiya. #5cf3",Harassment,Individual,0.64,high,whatsapp_group_chat
"This bugger behaviour is not okay, Foe. #1bb9",Insult,Individual,0.48,medium,whatsapp_group_chat
"People are tired of your ass attitude, Uflsg. #214d",Harassment,Individual,0.56,medium,whatsapp_group_chat
"This dick head behaviour is not okay, Qlbm. #e893",Sexual Harassment,Individual,0.51,medium,whatsapp_group_chat
"This ohh,piss off behaviour is not okay, Yqcbxf. #bb15",Harassment,Individual,0.58,low,whatsapp_group_chat
"Group nalli a tara le niga baribeda, Sckvoibyc. #5ece",Harassment,Individual,0.58,medium,whatsapp_group_chat
"Ninna saayi behavior nodi everyone frustrate agta idare, Veafzfgvy. #5d95",Threat,Individual,0.64,medium,whatsapp_group_chat
"Fztwmhmve, ivattu full thimru mode nalli idiya. #e621",Insult,Individual,0.64,medium,whatsapp_group_chat
"Group nalli ee cry baby attitude beda, Lltanz. #2833",Harassment,Individual,0.66,low,whatsapp_group_chat
"Group nalli ee idiot thara attitude beda, Urpucvjn. #b29a",Insult,Individual,0.71,high,whatsapp_group_chat
"Group nalli a tara sexy baby maga baribeda, Wirmuav. #2d05",Sexual Harassment,Individual,0.74,medium,whatsapp_group_chat
"Only a shag will spam the group like you, Qzyv. #e5d0",Sexual Harassment,Individual,0.71,high,whatsapp_group_chat
"Xizrhqc, yaaru kuda ninna fake character nature ishta padalla. #919a",Harassment,Individual,0.6,medium,whatsapp_group_chat
"This rubbish behaviour is not okay, Mtrujerd. #66ae",Insult,Individual,0.63,high,whatsapp_group_chat
"Nfzws, stop acting like a total cock-socker every day. #83d5",Sexual Harassment,Individual,0.66,low,whatsapp_group_chat
"Ywhuphzvli, nin bakra nataka nodakke bore aaytu. #8fab",Insult,Individual,0.63,high,whatsapp_group_chat
"Hvclfkl, stop acting like a total twat every day. #8a14",Insult,Individual,0.47,high,whatsapp_group_chat
"This nigger behaviour is not okay, Aevrlcpcr. #db9c",Harassment,Individual,0.6,low,whatsapp_group_chat
"Eqtwxin, yaaru kuda ninna idiot thara nature ishta padalla. #01cf",Insult,Individual,0.42,medium,whatsapp_group_chat
"Group nalli ee idiot thara attitude beda, Obquep. #0606",Insult,Individual,0.53,medium,whatsapp_group_chat
"This nigga behaviour is not okay, Rxcjt. #ee1f",Harassment,Individual,0.56,high,whatsapp_group_chat
"Fceeim, stop acting like a total rubbish every day. #9be1",Insult,Individual,0.45,high,whatsapp_group_chat
"Ninna die behavior nodi everyone frustrate agta idare, Fsfqv. #801e",Threat,Individual,0.68,medium,whatsapp_group_chat
"Ivattu kooda cry baby tara act madtidya, Uwmexg. #e7c4",Harassment,Individual,0.7,medium,whatsapp_group_chat
"This asexual behaviour is not okay, Dqgjvw. #f774",Sexual Harassment,Individual,0.37,low,whatsapp_group_chat
"Jmnnkexs, nin kall magane nataka nodakke bore aaytu. #c6f9",Insult,Individual,0.57,low,whatsapp_group_chat
"Aug, nin dagarina maga nataka nodakke bore aaytu. #c502",Insult,Individual,0.67,high,whatsapp_group_chat
"Mvvx, nin soole nataka nodakke bore aaytu. #c729",Harassment,Individual,0.62,low,whatsapp_group_chat
"Yella dina nim amman tara mathadbeda, Doztzq. #35f0",Harassment,Individual,0.47,high,whatsapp_group_chat
"People are tired of your cock-socker attitude, Wzwsel. #cad1",Sexual Harassment,Individual,0.73,high,whatsapp_group_chat
"People are tired of your fair suck of the sav attitude, Ido. #4e8d",Harassment,Individual,0.44,high,whatsapp_group_chat
"Yella dina darveshi tara mathadbeda, Tpyyimuz. #e2bd",Insult,Individual,0.47,low,whatsapp_group_chat
"Xqfwuowjy, ivattu full keiya mode nalli idiya. #8366",Harassment,Individual,0.69,low,whatsapp_group_chat
"Pznuyenaty, yaaru kuda ninna die nature ishta padalla. #2524",Threat,Individual,0.69,medium,whatsapp_group_chat
"Cndsiy, nin hucchadanthe nataka nodakke bore aaytu. #d638",Insult,Individual,0.45,medium,whatsapp_group_chat
"Wyp, nin sucide madthiya nataka nodakke bore aaytu. #531f",Threat,Individual,0.61,medium,whatsapp_group_chat
"Bggkcrrc, yaaru kuda ninna sakath body nature ishta padalla. #deb8",Harassment,Individual,0.75,high,whatsapp_group_chat
"Hcnedhxj, nin fake character maga nataka nodakke bore aaytu. #016d",Harassment,Individual,0.82,high,whatsapp_group_chat
"Qamoq, nee tumba ninna amma maga tara idiya maga. #1557",Harassment,Individual,0.48,medium,whatsapp_group_chat
"Only a taking the piss will spam the group like you, Qcdm. #d901",Harassment,Individual,0.56,medium,whatsapp_group_chat
"Only a loser will spam the group like you, Mkusrv. #35a3",Insult,Individual,0.49,medium,whatsapp_group_chat
"Group nalli a tara ninna ammanakeya maga baribeda, Lzbpyye. #5d1c",Sexual Harassment,Individual,0.58,high,whatsapp_group_chat
"Only a nigger will spam the group like you, Uyqllorca. #d3a5",Harassment,Individual,0.58,medium,whatsapp_group_chat
"Yella dina ninna thale kettide maga tara mathadbeda, Wfib. #af8f",Harassment,Individual,0.53,high,whatsapp_group_chat
"Ivattu kooda idiot thara tara act madtidya, Huqqai. #b858",Insult,Individual,0.52,low,whatsapp_group_chat
"Fxphgib, you are such a wanker in this group. #f79a",Sexual Harassment,Individual,0.69,medium,whatsapp_group_chat
"Jgsk, nee tumba joker thara maga tara idiya maga. #255f",Insult,Individual,0.68,low,whatsapp_group_chat
"Diszo, ivattu full saayi maga mode nalli idiya. #60db",Threat,Individual,0.54,high,whatsapp_group_chat
"Oefwfz, you are such a mother fucker in this group. #d51d",Insult,Individual,0.77,high,whatsapp_group_chat
"Ivattu kooda saayi tara act madtidya, Ufemclwgf. #21cf",Threat,Individual,0.68,medium,whatsapp_group_chat
"Flc, ivattu full nin thullu keya mode nalli idiya. #a0da",Sexual Harassment,Individual,0.67,high,whatsapp_group_chat
"Yella dina joker thara maga tara mathadbeda, Gyptnq. #f098",Insult,Individual,0.39,medium,whatsapp_group_chat
"Yella dina hucchadanthe tara mathadbeda, Nua. #2f61",Insult,Individual,0.31,low,whatsapp_group_chat
"Kaddwnfo, yaaru kuda ninna cry baby nature ishta padalla. #ba8e",Harassment,Individual,0.72,high,whatsapp_group_chat
"Aukrod, nee full sucide tara behave madthiya. #c247",Threat,Individual,0.33,low,whatsapp_group_chat
"Ezpna, nee tumba hucchadana tara idiya maga. #be79",Insult,Individual,0.39,medium,whatsapp_group_chat
"Kqpwrahlx, stop acting like a total fair suck of the sav every day. #91b7",Harassment,Individual,0.72,medium,whatsapp_group_chat
"Copwllo, stop acting like a total son of bitch every day. #a5fc",Insult,Individual,0.57,low,whatsapp_group_chat
"Nva, yaaru kuda ninna sexy bro nature ishta padalla. #e562",Sexual Harassment,Individual,0.62,medium,whatsapp_group_chat
"Group nalli a tara gandu maga baribeda, Cyuzugja. #8e40",Insult,Individual,0.54,medium,whatsapp_group_chat
"Jzhe, yaaru kuda ninna monkey thara nature ishta padalla. #68d8",Insult,Individual,0.71,medium,whatsapp_group_chat
"Vnh, nin sede nataka nodakke bore aaytu. #21d8",Insult,Individual,0.45,medium,whatsapp_group_chat
"This dirty fellow behaviour is not okay, Cowjcsl. #60a4",Insult,Individual,0.7,low,whatsapp_group_chat
"Qyxpujeyf, yaaru kuda ninna dove rani nature ishta padalla. #521f",Harassment,Individual,0.69,medium,whatsapp_group_chat
"Kvgcs, stop acting like a total dirty fellow every day. #9429",Insult,Individual,0.69,low,whatsapp_group_chat
"People are tired of your bitch attitude, Zgzqp. #7331",Insult,Individual,0.63,low,whatsapp_group_chat
"Group nalli a tara sexy baby baribeda, Fsbrksc. #2c8d",Sexual Harassment,Individual,0.55,medium,whatsapp_group_chat
"Tot, yaaru kuda ninna haavu bro neenu nature ishta padalla. #d4f4",Harassment,Individual,0.38,medium,whatsapp_group_chat
"People are tired of your sexy attitude, Wzxjxnq. #3e08",Sexual Harassment,Individual,0.65,low,whatsapp_group_chat
"Ivattu kooda sucide tara act madtidya, Brtrv. #a199",Threat,Individual,0.53,high,whatsapp_group_chat
"Iwthf, stop acting like a total wanker every day. #20d7",Sexual Harassment,Individual,0.65,medium,whatsapp_group_chat
"Aewnl, nee tumba sede tara idiya maga. #5eb7",Insult,Individual,0.59,medium,whatsapp_group_chat
"Vhykr, you are such a fuck in this group. #a9bc",Harassment,Individual,0.58,high,whatsapp_group_chat
"Dzvrooo, you are such a mother fucker in this group. #8843",Insult,Individual,0.58,medium,whatsapp_group_chat
"Zyvdhx, nee tumba bakra tara idiya maga. #9962",Insult,Individual,0.56,medium,whatsapp_group_chat
"Wrowpdlj, nee tumba ninna hendruna keya maga tara idiya maga. #d0db",Sexual Harassment,Individual,0.36,medium,whatsapp_group_chat
"Only a jerk will spam the group like you, Uritivu. #3dd0",Insult,Individual,0.45,low,whatsapp_group_chat
"People are tired of your lame attitude, Ikyiqgd. #ab98",Harassment,Individual,0.53,medium,whatsapp_group_chat
"Group nalli a tara ninna hendruna keya maga baribeda, Yibkxhnrn. #c8f7",Sexual Harassment,Individual,0.4,medium,whatsapp_group_chat
"Group nalli a tara dagar baribeda, Zgbonvrwmp. #8110",Insult,Individual,0.6,high,whatsapp_group_chat
"Group nalli a tara le niga baribeda, Bpl. #07b8",Harassment,Individual,0.6,medium,whatsapp_group_chat
"This butt behaviour is not okay, Fqz. #7fcf",Harassment,Individual,0.57,low,whatsapp_group_chat
"Yella dina kallu tara mathadbeda, Vlnnabxy. #9ab5",Insult,Individual,0.68,medium,whatsapp_group_chat
"People are tired of your mother fucker attitude, Kwkrccbe. #d902",Insult,Individual,0.46,high,whatsapp_group_chat
"Ivattu kooda sucide tara act madtidya, Iiggakdbn. #7ba6",Threat,Individual,0.45,low,whatsapp_group_chat
"This choad behaviour is not okay, Eekn. #39ec",Insult,Individual,0.72,medium,whatsapp_group_chat
"Qnygdib, you are such a queer in this group. #4ed1",Insult,Individual,0.72,medium,whatsapp_group_chat
"Kbtsquru, you are such a dirty fellow in this group. #95e8",Insult,Individual,0.42,low,whatsapp_group_chat
"Group nalli ee cry baby attitude beda, Kgnhqppfad. #ea4a",Harassment,Individual,0.5,medium,whatsapp_group_chat
"Xzvczyjd, you are such a bitch in this group. #05fa",Insult,Individual,0.57,low,whatsapp_group_chat
"This slut behaviour is not okay, Lxff. #1fee",Sexual Harassment,Individual,0.57,medium,whatsapp_group_chat
"Xuaoexh, nee full haavu bro neenu tara behave madthiya. #73cf",Harassment,Individual,0.54,low,whatsapp_group_chat
"Mglben, you are such a queer in this group. #8197",Insult,Individual,0.45,medium,whatsapp_group_chat
"Ninna sexy bro behavior nodi everyone frustrate agta idare, Tfwbebmv. #d39b",Sexual Harassment,Individual,0.53,medium,whatsapp_group_chat
"This fucking balls behaviour is not okay, Zeltwpqy. #a929",Sexual Harassment,Individual,0.55,low,whatsapp_group_chat
"Pgbrjrjw, nin not a loyal maga nataka nodakke bore aaytu. #08ef",Harassment,Individual,0.52,medium,whatsapp_group_chat
"Ninna cry baby behavior nodi everyone frustrate agta idare, Ensx. #36d6",Harassment,Individual,0.67,low,whatsapp_group_chat
"Bphhx, you are such a bitch in this group. #b432",Insult,Individual,0.5,medium,whatsapp_group_chat
"Zuuebay, stop acting like a total bugger every day. #e525",Insult,Individual,0.36,medium,whatsapp_group_chat
"Group nalli a tara dove rani baribeda, Zbnqdieoo. #a3b5",Threat,Individual,0.55,medium,whatsapp_group_chat
"Ccqpgf, nee tumba sucide madthiya tara idiya maga. #3b4b",Threat,Individual,0.52,medium,whatsapp_group_chat
"Txqsfqe, ivattu full soole maga mode nalli idiya. #6951",Sexual Harassment,Individual,0.59,low,whatsapp_group_chat
"Group nalli ee idiot thara attitude beda, Pugohuwbdi. #1e00",Insult,Individual,0.71,high,whatsapp_group_chat
"Himubz, ivattu full nimavvan mode nalli idiya. #bf4a",Harassment,Individual,0.43,medium,whatsapp_group_chat
"Group nalli a tara singri baribeda, Kxjdvnrozr. #63fc",Insult,Individual,0.46,high,whatsapp_group_chat
"Hnbamg, you are such a fucking balls in this group. #b7d2",Sexual Harassment,Individual,0.53,high,whatsapp_group_chat
"Ninna sexy bro behavior nodi everyone frustrate agta idare, Almfdnanp. #db11",Sexual Harassment,Individual,0.45,medium,whatsapp_group_chat
"Gxybey, ivattu full sade mode nalli idiya. #94f7",Insult,Individual,0.35,medium,whatsapp_group_chat
"This asswipe behaviour is not okay, Mwfkauxza. #ab6b",Insult,Individual,0.68,medium,whatsapp_group_chat
"Yella dina ninna amma maga tara mathadbeda, Sekyeyad. #dfec",Harassment,Individual,0.6,high,whatsapp_group_chat
"Kvtah, you are such a ass in this group. #922f",Harassment,Individual,0.45,low,whatsapp_group_chat
"Group nalli a tara singri maga baribeda, Bdlscada. #5186",Insult,Individual,0.71,medium,whatsapp_group_chat
"Group nalli a tara nim ammanakeya baribeda, Asdaeq. #035b",Sexual Harassment,Individual,0.4,medium,whatsapp_group_chat
"Ukzcgzzc, stop acting like a total dog every day. #218d",Insult,Individual,0.74,medium,whatsapp_group_chat
"Ugjoxehlt, ivattu full sexy bro maga mode nalli idiya. #1954",Sexual Harassment,Individual,0.68,medium,whatsapp_group_chat
"Group nalli a tara kall nan magane baribeda, Hzay. #078e",Insult,Individual,0.67,medium,whatsapp_group_chat
"This asexual behaviour is not okay, Volggrr. #be5c",Sexual Harassment,Individual,0.41,medium,whatsapp_group_chat
"Yebgjwbxix, nee tumba bosodina maga tara idiya maga. #cf31",Harassment,Individual,0.61,low,whatsapp_group_chat
"Group nalli a tara tullna keya baribeda, Bteuzk. #27c8",Sexual Harassment,Individual,0.59,low,whatsapp_group_chat
"Beqwa, yaaru kuda ninna haavu bro neenu nature ishta padalla. #d5a6",Harassment,Individual,0.65,high,whatsapp_group_chat
"Hlnfqyca, nin not a loyal nataka nodakke bore aaytu. #0c12",Harassment,Individual,0.76,high,whatsapp_group_chat
"Dbcsd, nee full cry baby tara behave madthiya. #a7a3",Harassment,Individual,0.52,high,whatsapp_group_chat
"Group nalli a tara dagar baribeda, Ccnlhnr. #925c",Insult,Individual,0.63,low,whatsapp_group_chat
"Aujtxktbzq, nee full haavu bro neenu tara behave madthiya. #64d3",Harassment,Individual,0.34,medium,whatsapp_group_chat
"Xuxxg, yaaru kuda ninna sexy bro nature ishta padalla. #50e1",Sexual Harassment,Individual,0.64,medium,whatsapp_group_chat
"Ninna fake character behavior nodi everyone frustrate agta idare, Dlmwef. #0e8a",Harassment,Individual,0.36,low,whatsapp_group_chat
"Vdwbxqadm, nin monkey thara maga nataka nodakke bore aaytu. #21fe",Insult,Individual,0.6,high,whatsapp_group_chat
"Group nalli a tara nin thullu keya baribeda, Myt. #9aec",Sexual Harassment,Individual,0.4,medium,whatsapp_group_chat
"Jipt, ivattu full nimmavvan mode nalli idiya. #8ce8",Harassment,Individual,0.57,high,whatsapp_group_chat
"Yella dina bosodike tara mathadbeda, Sgia. #112d",Insult,Individual,0.72,high,whatsapp_group_chat
"Only a son of bitch will spam the group like you, Cwfcauy. #c299",Insult,Individual,0.6,high,whatsapp_group_chat
"Lzglyz, nee full sexy bro tara behave madthiya. #f011",Sexual Harassment,Individual,0.61,medium,whatsapp_group_chat
"Only a queer will spam the group like you, Jwndq. #da79",Insult,Individual,0.57,high,whatsapp_group_chat
"Group nalli ee sexy bro attitude beda, Avelxuizph. #1306",Sexual Harassment,Individual,0.69,high,whatsapp_group_chat
"Group nalli a tara fake character maga baribeda, Vjytxk. #51df",Harassment,Individual,0.51,low,whatsapp_group_chat
"Ilqqk, stop acting like a total dirty fellow every day. #8c9f",Insult,Individual,0.54,medium,whatsapp_group_chat
"People are tired of your ass attitude, Wddi. #56eb",Harassment,Individual,0.48,medium,whatsapp_group_chat
"Ninna die behavior nodi everyone frustrate agta idare, Tashmwkam. #0f25",Threat,Individual,0.41,medium,whatsapp_group_chat
"Eyxiggq, you are such a fucking balls in this group. #8651",Sexual Harassment,Individual,0.52,low,whatsapp_group_chat
"This wanker behaviour is not okay, Jmwba. #3cc9",Sexual Harassment,Individual,0.3,low,whatsapp_group_chat
"Only a dick head will spam the group like you, Smndnhnke. #6b1e",Sexual Harassment,Individual,0.62,medium,whatsapp_group_chat
"Ninna sucide behavior nodi everyone frustrate agta idare, Mqvdgxlz. #ab20",Threat,Individual,0.62,high,whatsapp_group_chat
"Only a fuck will spam the group like you, Dcijmdxu. #980c",Harassment,Individual,0.51,medium,whatsapp_group_chat
"This queer behaviour is not okay, Rjamtgz. #c036",Insult,Individual,0.54,medium,whatsapp_group_chat
"Nwccbo, nin shaata hari nataka nodakke bore aaytu. #d27f",Insult,Individual,0.47,high,whatsapp_group_chat
"Group nalli ee cry baby attitude beda, Gaeumk. #6810",Harassment,Individual,0.56,medium,whatsapp_group_chat
"Anii, you are such a twat in this group. #b220",Insult,Individual,0.65,high,whatsapp_group_chat
"This fuck behaviour is not okay, Hnekt. #c0bf",Harassment,Individual,0.4,medium,whatsapp_group_chat
"Ninna fake character behavior nodi everyone frustrate agta idare, Snzvz. #0674",Harassment,Individual,0.78,high,whatsapp_group_chat
"Qqazfugxvm, nee full fake character tara behave madthiya. #aefb",Harassment,Individual,0.52,medium,whatsapp_group_chat
"Ninna not a loyal behavior nodi everyone frustrate agta idare, Jfb. #e173",Harassment,Individual,0.51,medium,whatsapp_group_chat
"Rxe, nee tumba bosodike tara idiya maga. #4b14",Insult,Individual,0.34,medium,whatsapp_group_chat
"Ninna sucide behavior nodi everyone frustrate agta idare, Tdxxfhzpz. #a399",Threat,Individual,0.81,high,whatsapp_group_chat
"Only a son of bitch will spam the group like you, Fyhyddrp. #94b9",Insult,Individual,0.59,low,whatsapp_group_chat
"Group nalli ee idiot thara attitude beda, Hxgaqkbp. #6033",Insult,Individual,0.6,high,whatsapp_group_chat
"Hjfwqgd, nee full fake character tara behave madthiya. #0388",Harassment,Individual,0.46,low,whatsapp_group_chat
"Vnpolprgn, ivattu full nimmavvana mode nalli idiya. #26b9",Harassment,Individual,0.64,low,whatsapp_group_chat
"This nigga behaviour is not okay, Uqpetctl. #38b5",Harassment,Individual,0.46,high,whatsapp_group_chat
"Dhfffyvmw, yaaru kuda ninna joker thara nature ishta padalla. #ae28",Insult,Individual,0.58,high,whatsapp_group_chat
"Fiskczgsmt, ivattu full sucide madthiya maga mode nalli idiya. #d4be",Threat,Individual,0.48,medium,whatsapp_group_chat
"Ninna sucide behavior nodi everyone frustrate agta idare, Nzmomvpznh. #2cdf",Threat,Individual,0.44,medium,whatsapp_group_chat
"Kjflkina, you are such a lick in this group. #8a6b",Sexual Harassment,Individual,0.72,high,whatsapp_group_chat
"Rdwvg, you are such a twat in this group. #52ed",Insult,Individual,0.43,high,whatsapp_group_chat
"Hphbth, ivattu full nimmavvana mode nalli idiya. #9960",Harassment,Individual,0.66,low,whatsapp_group_chat
"Group nalli a tara not a loyal maga baribeda, Adwmxqalo. #1d75",Harassment,Individual,0.65,medium,whatsapp_group_chat
"Only a fair suck of the sav will spam the group like you, Bqlxognh. #95ec",Harassment,Individual,0.39,medium,whatsapp_group_chat
"Yowuush, nin hendruna keya nataka nodakke bore aaytu. #c8b2",Sexual Harassment,Individual,0.55,medium,whatsapp_group_chat
"People are tired of your lame attitude, Vxyqev. #b6b2",Harassment,Individual,0.7,medium,whatsapp_group_chat
"Ninna sakath body behavior nodi everyone frustrate agta idare, Ggaagsdg. #ca3a",Harassment,Individual,0.46,high,whatsapp_group_chat
"People are tired of your cock-socker attitude, Vnm. #1789",Sexual Harassment,Individual,0.7,medium,whatsapp_group_chat
"Ahgbi, stop acting like a total bitch every day. #d0a7",Insult,Individual,0.38,medium,whatsapp_group_chat
"Group nalli a tara saayi madthiya maga baribeda, Cznoowxatj. #59f1",Threat,Individual,0.64,high,whatsapp_group_chat
"Gdxzoipl, nee full fake character tara behave madthiya. #5001",Harassment,Individual,0.44,low,whatsapp_group_chat
"Ilgssuke, yaaru kuda ninna not a loyal nature ishta padalla. #ef11",Harassment,Individual,0.74,medium,whatsapp_group_chat
"People are tired of your piss off attitude, Niogpj. #2111",Harassment,Individual,0.51,medium,whatsapp_group_chat
"Group nalli a tara gandu baribeda, Ahdyssvczd. #6761",Insult,Individual,0.38,medium,whatsapp_group_chat
"Dnnf, ivattu full shaata hari mode nalli idiya. #f95e",Insult,Individual,0.33,low,whatsapp_group_chat
"Only a nigga will spam the group like you, Hfrzxalx. #d400",Harassment,Individual,0.35,low,whatsapp_group_chat
"Tqhztty, nee tumba sade tara idiya maga. #a0c5",Insult,Individual,0.66,low,whatsapp_group_chat
"Fezgb, you are such a stupid in this group. #2d67",Insult,Individual,0.63,medium,whatsapp_group_chat
"Oru, nee full die tara behave madthiya. #5989",Threat,Individual,0.45,medium,whatsapp_group_chat
"This wanker behaviour is not okay, Wpmwextfaf. #0dd6",Sexual Harassment,Individual,0.44,medium,whatsapp_group_chat
"Colxmwmhw, stop acting like a total sexy every day. #f2bf",Sexual Harassment,Individual,0.37,medium,whatsapp_group_chat
"This mother fucker behaviour is not okay, Qwtnkubn. #e60e",Insult,Individual,0.59,medium,whatsapp_group_chat
"Clgpascyry, nee tumba bosodike tara idiya maga. #de71",Insult,Individual,0.6,medium,whatsapp_group_chat
"Wjlprodw, nin dagar nataka nodakke bore aaytu. #4b68",Insult,Individual,0.53,medium,whatsapp_group_chat
"Ivattu kooda haavu bro neenu tara act madtidya, Pusgjthf. #abe7",Harassment,Individual,0.6,medium,whatsapp_group_chat
"Group nalli ee cry baby attitude beda, Bbessvpf. #5e21",Harassment,Individual,0.68,high,whatsapp_group_chat
"Only a bugger will spam the group like you, Awrji. #c9b6",Insult,Individual,0.39,medium,whatsapp_group_chat
"Dgdwkwku, nee full sucide tara behave madthiya. #43ae",Threat,Individual,0.57,medium,whatsapp_group_chat
"Kec, you are such a choad in this group. #639e",Insult,Individual,0.44,medium,whatsapp_group_chat
"Only a 69 will spam the group like you, Ubeuhzvm. #d90f",Sexual Harassment,Individual,0.41,low,whatsapp_group_chat
"Kkqdaqy, nin shaata nataka nodakke bore aaytu. #9c7a",Insult,Individual,0.78,high,whatsapp_group_chat
"Fwlo, ivattu full saayi mode nalli idiya. #0205",Threat,Individual,0.45,medium,whatsapp_group_chat
"Ninna sexy baby behavior nodi everyone frustrate agta idare, Hdq. #d389",Sexual Harassment,Individual,0.47,medium,whatsapp_group_chat
"Kblt, nee full sakath body tara behave madthiya. #0874",Harassment,Individual,0.36,medium,whatsapp_group_chat
"Kxly, nee tumba muttala tara idiya maga. #80f6",Insult,Individual,0.53,medium,whatsapp_group_chat
"Qgnej, nin saayi madthiya maga nataka nodakke bore aaytu. #5868",Threat,Individual,0.33,low,whatsapp_group_chat
"Ivattu kooda sexy bro tara act madtidya, Qtu. #1779",Sexual Harassment,Individual,0.75,medium,whatsapp_group_chat
"Aklwvqig, stop acting like a total cock-socker every day. #3647",Sexual Harassment,Individual,0.67,medium,whatsapp_group_chat
"Only a cock-socker will spam the group like you, Viulbdywhd. #8b36",Sexual Harassment,Individual,0.74,medium,whatsapp_group_chat
"Yspws, stop acting like a total taking the piss every day. #eb03",Harassment,Individual,0.57,high,whatsapp_group_chat
"Bfuvclu, ivattu full sucide madthiya maga mode nalli idiya. #c2db",Threat,Individual,0.58,high,whatsapp_group_chat
"Yella dina saayi madtha tara mathadbeda, Vsxtdljja. #5381",Threat,Individual,0.67,medium,whatsapp_group_chat
"Rekflmpi, stop acting like a total nigga every day. #93a1",Harassment,Individual,0.56,low,whatsapp_group_chat
"Yella dina nin tullna keya tara mathadbeda, Wqkko. #90c0",Sexual Harassment,Individual,0.54,high,whatsapp_group_chat
"This bozo behaviour is not okay, Djcr. #e942",Insult,Individual,0.4,low,whatsapp_group_chat
"Zufqzykb, you are such a cockfoam in this group. #4fde",Sexual Harassment,Individual,0.56,high,whatsapp_group_chat
"This two head snake behaviour is not okay, Gmtrfin. #cbed",Insult,Individual,0.52,medium,whatsapp_group_chat
"Rzjxhybp, you are such a dirty fellow in this group. #be25",Insult,Individual,0.62,medium,whatsapp_group_chat
"Ktgeeafuhe, you are such a jerk in this group. #da11",Insult,Individual,0.75,medium,whatsapp_group_chat
"Group nalli ee saayi attitude beda, Mjyssas. #bf22",Threat,Individual,0.58,medium,whatsapp_group_chat
"Group nalli ee saayi attitude beda, Cuur. #956f",Threat,Individual,0.6,medium,whatsapp_group_chat
"Yella dina hucchadanthe tara mathadbeda, Zgm. #4f9d",Insult,Individual,0.5,medium,whatsapp_group_chat
"People are tired of your dickhole attitude, Zaeucdp. #e5ba",Sexual Harassment,Individual,0.61,low,whatsapp_group_chat
"Yrkvfntk, stop acting like a total suck his dick every day. #440d",Sexual Harassment,Individual,0.5,medium,whatsapp_group_chat
"Only a dog will spam the group like you, Kzj. #c946",Insult,Individual,0.46,medium,whatsapp_group_chat
"Ninna dove rani behavior nodi everyone frustrate agta idare, Gzv. #d13f",Harassment,Individual,0.68,high,whatsapp_group_chat
"People are tired of your fag attitude, Tcysqeio. #2cdf",Insult,Individual,0.47,medium,whatsapp_group_chat
"Ecynvq, yaaru kuda ninna sakath body nature ishta padalla. #2b77",Harassment,Individual,0.44,medium,whatsapp_group_chat
"Atr, you are such a ass in this group. #6c52",Harassment,Individual,0.57,medium,whatsapp_group_chat
"Fhz, you are such a fuck in this group. #37fd",Harassment,Individual,0.47,high,whatsapp_group_chat
"Ukgni, nee tumba dagara tara idiya maga. #0646",Insult,Individual,0.47,medium,whatsapp_group_chat
"Ninna sexy bro behavior nodi everyone frustrate agta idare, Yotwmbdor. #f941",Sexual Harassment,Individual,0.42,medium,whatsapp_group_chat
"Yella dina sucide madtha tara mathadbeda, Agzm. #f09d",Threat,Individual,0.77,high,whatsapp_group_chat
"Yella dina bosodike tara mathadbeda, Rsno. #11fc",Insult,Individual,0.75,medium,whatsapp_group_chat
"Yella dina shaata hari tara mathadbeda, Ihbv. #633a",Insult,Individual,0.62,high,whatsapp_group_chat
"Dbdzj, you are such a asexual in this group. #79cb",Sexual Harassment,Individual,0.7,medium,whatsapp_group_chat
"Hhrwhvnf, stop acting like a total nigger every day. #4a35",Harassment,Individual,0.5,low,whatsapp_group_chat
"This crap behaviour is not okay, Tqd. #154e",Harassment,Individual,0.4,high,whatsapp_group_chat
"Ninna die behavior nodi everyone frustrate agta idare, Tgyvkjzzsy. #e246",Threat,Individual,0.64,low,whatsapp_group_chat
"This bugger behaviour is not okay, Nvj. #2ad5",Insult,Individual,0.31,low,whatsapp_group_chat
"Iqmyou, yaaru kuda ninna sucide nature ishta padalla. #7682",Threat,Individual,0.69,medium,whatsapp_group_chat
"Only a wanker will spam the group like you, Tcahfze. #03d7",Sexual Harassment,Individual,0.57,medium,whatsapp_group_chat
"People are tired of your asshole attitude, Cvij. #5b7e",Insult,Individual,0.75,medium,whatsapp_group_chat
"Kztpaq, you are such a bloody hell in this group. #b295",Harassment,Individual,0.6,low,whatsapp_group_chat
"Gly, nin not a loyal maga nataka nodakke bore aaytu. #90e7",Harassment,Individual,0.59,low,whatsapp_group_chat
"Zpka, you are such a dick head in this group. #7c53",Sexual Harassment,Individual,0.54,medium,whatsapp_group_chat
"Only a arse will spam the group like you, Eicgxbinqw. #6bb5",Harassment,Individual,0.45,high,whatsapp_group_chat
"Yuu, stop acting like a total cunt every day. #bff3",Sexual Harassment,Individual,0.77,high,whatsapp_group_chat
"Only a stupid will spam the group like you, Yzkge. #300a",Insult,Individual,0.68,high,whatsapp_group_chat
"People are tired of your wtf attitude, Fwfnfraknr. #8021",Harassment,Individual,0.59,medium,whatsapp_group_chat
"Ninna saayi behavior nodi everyone frustrate agta idare, Hrzwrmm. #61f4",Threat,Individual,0.59,high,whatsapp_group_chat
"Qmrxtapanh, you are such a fucking prick in this group. #b639",Sexual Harassment,Individual,0.74,high,whatsapp_group_chat
"Only a pissflaps will spam the group like you, Nwqsclpsa. #7293",Insult,Individual,0.38,medium,whatsapp_group_chat
"Socilj, ivattu full sexy baby mode nalli idiya. #9ace",Sexual Harassment,Individual,0.61,low,whatsapp_group_chat
"Paurdprm, nee full monkey thara tara behave madthiya. #a62f",Insult,Individual,0.69,medium,whatsapp_group_chat
"Yella dina sade tara mathadbeda, Dogigfh. #c0d8",Insult,Individual,0.58,medium,whatsapp_group_chat
"Eqef, nee full cry baby tara behave madthiya. #cfb5",Harassment,Individual,0.45,medium,whatsapp_group_chat
"This twat face behaviour is not okay, Ipdgmklg. #dea8",Insult,Individual,0.54,medium,whatsapp_group_chat
"Ninna die behavior nodi everyone frustrate agta idare, Uzvv. #8c59",Threat,Individual,0.63,high,whatsapp_group_chat
"Jzbsslsnyg, stop acting like a total bozo every day. #dd54",Insult,Individual,0.61,low,whatsapp_group_chat
"Gmpucraar, nee tumba die maga tara idiya maga. #3c69",Threat,Individual,0.75,high,whatsapp_group_chat
"Group nalli a tara not a loyal baribeda, Khawtrkbpz. #d3e0",Harassment,Individual,0.36,low,whatsapp_group_chat
"Ugrdetn, nin muklyappa nataka nodakke bore aaytu. #4dd7",Insult,Individual,0.63,high,whatsapp_group_chat
"Fsqdlg, ivattu full sexy baby maga mode nalli idiya. #4e48",Sexual Harassment,Individual,0.35,medium,whatsapp_group_chat
"Group nalli a tara sooley maga baribeda, Yikcblua. #6689",Insult,Individual,0.37,medium,whatsapp_group_chat
"People are tired of your 69 attitude, Cpizbh. #c2ab",Sexual Harassment,Individual,0.4,medium,whatsapp_group_chat
"Bdlxwxo, nin gandu nataka nodakke bore aaytu. #ce59",Insult,Individual,0.64,high,whatsapp_group_chat
"Ivattu kooda saayi tara act madtidya, Jpnnw. #4327",Threat,Individual,0.53,high,whatsapp_group_chat
"Uflsskji, ivattu full die madthiya maga mode nalli idiya. #b435",Threat,Individual,0.44,high,whatsapp_group_chat
"Zhkfaasqi, nee full fake character tara behave madthiya. #8e12",Harassment,Individual,0.49,medium,whatsapp_group_chat
"Only a fucking balls will spam the group like you, Feua. #6e6e",Sexual Harassment,Individual,0.58,high,whatsapp_group_chat
"This sex behaviour is not okay, Njx. #67ab",Sexual Harassment,Individual,0.65,high,whatsapp_group_chat
"Txtetqrvjc, nee full haavu bro neenu tara behave madthiya. #5d42",Harassment,Individual,0.56,low,whatsapp_group_chat
"Group nalli a tara shaata hari baribeda, Ypbgrmktkf. #68df",Insult,Individual,0.53,medium,whatsapp_group_chat
"Only a fucking prick will spam the group like you, Kdchdepb. #0df7",Sexual Harassment,Individual,0.69,high,whatsapp_group_chat
"Dopjlp, nee full cry baby tara behave madthiya. #d028",Harassment,Individual,0.49,medium,whatsapp_group_chat
"People are tired of your fair suck of the sav attitude, Ewldpcxgl. #61dc",Harassment,Individual,0.66,medium,whatsapp_group_chat
"Cwiphyx, nee full monkey thara tara behave madthiya. #7c72",Insult,Individual,0.4,medium,whatsapp_group_chat
"Nvzi, stop acting like a total bitch every day. #320f",Insult,Individual,0.39,medium,whatsapp_group_chat
"Nahkdd, nee tumba hucchadana tara idiya maga. #a3f0",Insult,Individual,0.44,low,whatsapp_group_chat
"Ninna cry baby behavior nodi everyone frustrate agta idare, Zeqp. #5d30",Harassment,Individual,0.41,high,whatsapp_group_chat
"Group nalli a tara sakath body maga baribeda, Xtgdq. #9d85",Harassment,Individual,0.72,medium,whatsapp_group_chat
"Ivattu kooda idiot thara tara act madtidya, Uzik. #dff4",Insult,Individual,0.64,medium,whatsapp_group_chat
"Qgmhehdvc, you are such a son of bitch in this group. #82d5",Insult,Individual,0.57,high,whatsapp_group_chat
"Lwl, nee tumba fake character maga tara idiya maga. #acca",Harassment,Individual,0.41,medium,whatsapp_group_chat
"Rdfebpdus, nin nimmavvan nataka nodakke bore aaytu. #babf",Harassment,Individual,0.66,high,whatsapp_group_chat
"Weqqpy, stop acting like a total shit every day. #7801",Harassment,Individual,0.3,low,whatsapp_group_chat
"Yella dina gaandu tara mathadbeda, Kyzveqcoh. #bd0d",Insult,Individual,0.43,low,whatsapp_group_chat
"Hvipboqxfk, you are such a fucking balls in this group. #7591",Sexual Harassment,Individual,0.54,high,whatsapp_group_chat
"Ivattu kooda saayi tara act madtidya, Ldrvqwbpx. #7379",Threat,Individual,0.81,high,whatsapp_group_chat
"People are tired of your wanker attitude, Hpkyirf. #7ef2",Sexual Harassment,Individual,0.49,low,whatsapp_group_chat
"Yella dina thotti tara mathadbeda, Ktzzyrqraz. #a9a8",Insult,Individual,0.44,high,whatsapp_group_chat
"Mwgelhklr, you are such a crap in this group. #c441",Harassment,Individual,0.55,low,whatsapp_group_chat
"Jyzmtc, you are such a bimbo in this group. #eb21",Insult,Individual,0.82,high,whatsapp_group_chat
"Ivattu kooda haavu bro neenu tara act madtidya, Clkpa. #8e4d",Harassment,Individual,0.45,medium,whatsapp_group_chat
"Group nalli ee joker thara attitude beda, Zhciyhzo. #b32a",Insult,Individual,0.65,medium,whatsapp_group_chat
"Only a son of bitch will spam the group like you, Lsdzq. #d140",Insult,Individual,0.56,high,whatsapp_group_chat
"Group nalli ee dove rani attitude beda, Pgzt. #ff0b",Harassment,Individual,0.5,high,whatsapp_group_chat
"Yella dina darbesi tara mathadbeda, Uvfah. #5c53",Insult,Individual,0.49,medium,whatsapp_group_chat
"Qgvbnvurjy, nee full sucide tara behave madthiya. #0da0",Threat,Individual,0.47,medium,whatsapp_group_chat
"Group nalli a tara kalladantha maga baribeda, Mtmcg. #741f",Insult,Individual,0.66,medium,whatsapp_group_chat
"Ivattu kooda sakath body tara act madtidya, Azodposr. #b342",Harassment,Individual,0.66,low,whatsapp_group_chat
"Ixeaj, ivattu full fake character maga mode nalli idiya. #70c1",Harassment,Individual,0.68,low,whatsapp_group_chat
"Mrqiwkp, nee full haavu bro neenu tara behave madthiya. #8371",Harassment,Individual,0.39,medium,whatsapp_group_chat
"Ivattu kooda cry baby tara act madtidya, Gcbvxlnvm. #91e8",Harassment,Individual,0.81,high,whatsapp_group_chat
"Iyapbjshfh, you are such a queer in this group. #de2c",Insult,Individual,0.53,medium,whatsapp_group_chat
"This bloody hell behaviour is not okay, Dqdpezktc. #c0b4",Harassment,Individual,0.55,medium,whatsapp_group_chat
"Tdmpvl, you are such a nigga in this group. #d8bb",Harassment,Individual,0.57,low,whatsapp_group_chat
"Xwaqt, you are such a mother fucker in this group. #4e0e",Insult,Individual,0.57,medium,whatsapp_group_chat
"Ypgopldrfx, nin thimru nataka nodakke bore aaytu. #ce6a",Insult,Individual,0.73,medium,whatsapp_group_chat
"Group nalli a tara sexy bro baribeda, Zeke. #f420",Sexual Harassment,Individual,0.49,medium,whatsapp_group_chat
"Group nalli a tara hendruna keya maga baribeda, Twoxgqond. #fccc",Sexual Harassment,Individual,0.67,medium,whatsapp_group_chat
"Xidnqpzeqf, nin hucchadanthe nataka nodakke bore aaytu. #d5b6",Insult,Individual,0.74,medium,whatsapp_group_chat
"People are tired of your damn attitude, Cttrcfih. #2207",Insult,Individual,0.74,high,whatsapp_group_chat
"Ivattu kooda haavu bro neenu tara act madtidya, Hcxray. #3bdd",Harassment,Individual,0.49,high,whatsapp_group_chat
"Group nalli ee sexy bro attitude beda, Udzg. #bcc0",Sexual Harassment,Individual,0.6,medium,whatsapp_group_chat
"Vmj, nee tumba nim ammanakeya tara idiya maga. #1b3d",Sexual Harassment,Individual,0.61,medium,whatsapp_group_chat
"People are tired of your go to hell attitude, Nvmlzewx. #cc47",Harassment,Individual,0.6,medium,whatsapp_group_chat
"Qvcncx, nee full monkey thara tara behave madthiya. #fc91",Insult,Individual,0.38,medium,whatsapp_group_chat
"Dkjtyojxif, stop acting like a total mother fucker every day. #d4c4",Insult,Individual,0.8,high,whatsapp_group_chat
"Apvunevgw, ivattu full sucide madtha mode nalli idiya. #eaa3",Threat,Individual,0.39,medium,whatsapp_group_chat
"Zooqdch, stop acting like a total fag every day. #8bcd",Insult,Individual,0.46,medium,whatsapp_group_chat
"Ijobioxaou, nee full idiot thara tara behave madthiya. #9abc",Insult,Individual,0.47,medium,whatsapp_group_chat
"People are tired of your balls are in as well attitude, Ifvno. #5d95",Sexual Harassment,Individual,0.5,medium,whatsapp_group_chat
"Qxuxaxnzs, ivattu full gandu mode nalli idiya. #b125",Insult,Individual,0.77,high,whatsapp_group_chat
"Slftmqxoe, stop acting like a total dick head every day. #ac06",Sexual Harassment,Individual,0.48,medium,whatsapp_group_chat
"Irmaccmlr, you are such a sex in this group. #6041",Sexual Harassment,Individual,0.79,high,whatsapp_group_chat
"People are tired of your pissflaps attitude, Hmzxnzzi. #2820",Insult,Individual,0.68,medium,whatsapp_group_chat
"Lblwa, you are such a bisexual in this group. #4964",Sexual Harassment,Individual,0.56,medium,whatsapp_group_chat
"Ivattu kooda monkey thara tara act madtidya, Efb. #ae67",Insult,Individual,0.35,medium,whatsapp_group_chat
"Tghmh, stop acting like a total son of bitch every day. #f2b4",Insult,Individual,0.71,high,whatsapp_group_chat
"People are tired of your bisexual attitude, Xujoawj. #cb90",Sexual Harassment,Individual,0.77,high,whatsapp_group_chat
"Zczdkdy, nin saayi mad nataka nodakke bore aaytu. #333f",Threat,Individual,0.47,high,whatsapp_group_chat
"Yella dina hucchadana tara mathadbeda, Qeasnd. #a3d7",Insult,Individual,0.44,low,whatsapp_group_chat
"Yella dina hendruna keya maga tara mathadbeda, Oxxfmyi. #856a",Sexual Harassment,Individual,0.51,medium,whatsapp_group_chat
"This transgender behaviour is not okay, Opl. #dee8",Insult,Individual,0.55,high,whatsapp_group_chat
"Group nalli ee dove rani attitude beda, Wakju. #5647",Harassment,Individual,0.45,medium,whatsapp_group_chat
"This bitch behaviour is not okay, Xki. #9fde",Insult,Individual,0.74,high,whatsapp_group_chat
"Wyrhyy, yaaru kuda ninna haavu bro neenu nature ishta padalla. #907a",Harassment,Individual,0.45,low,whatsapp_group_chat
"Thhylflk, ivattu full le niga mode nalli idiya. #c3a3",Harassment,Individual,0.62,medium,whatsapp_group_chat
"Hmybrgoji, nee tumba tullna keya maga tara idiya maga. #6659",Sexual Harassment,Individual,0.47,medium,whatsapp_group_chat
"Thyidumkg, you are such a butt in this group. #625c",Harassment,Individual,0.53,low,whatsapp_group_chat
"Group nalli ee sucide attitude beda, Hgzvfqodlc. #9846",Threat,Individual,0.74,medium,whatsapp_group_chat
"Ninna monkey thara behavior nodi everyone frustrate agta idare, Sopqolvkik. #aec0",Insult,Individual,0.5,medium,whatsapp_group_chat
"Kbvpxd, you are such a dirty fellow in this group. #3bb4",Insult,Individual,0.51,low,whatsapp_group_chat
"Yda, stop acting like a total wanker every day. #ad6a",Sexual Harassment,Individual,0.64,medium,whatsapp_group_chat
"Group nalli a tara fake character baribeda, Sfzagunmcz. #f976",Harassment,Individual,0.52,low,whatsapp_group_chat
"Oagxy, you are such a bugger in this group. #11fe",Insult,Individual,0.54,low,whatsapp_group_chat
"Fxjzx, nee tumba soolya maga tara idiya maga. #2675",Harassment,Individual,0.66,medium,whatsapp_group_chat
"This fair suck of the sav behaviour is not okay, Eajzoyv. #c7e9",Harassment,Individual,0.71,medium,whatsapp_group_chat
"Group nalli a tara joker thara maga baribeda, Olmqkdapzi. #3a02",Insult,Individual,0.29,low,whatsapp_group_chat
"Lnbsdnqtr, yaaru kuda ninna sucide nature ishta padalla. #14ce",Threat,Individual,0.4,medium,whatsapp_group_chat
"Xtxt, nee tumba keiya tara idiya maga. #9f1e",Harassment,Individual,0.67,medium,whatsapp_group_chat
"People are tired of your wanker attitude, Yqahtuhw. #136f",Sexual Harassment,Individual,0.47,high,whatsapp_group_chat
"Group nalli ee dove rani attitude beda, Wwf. #1ec9",Harassment,Individual,0.51,low,whatsapp_group_chat
"Uwkrrnyj, stop acting like a total dog every day. #a7a7",Insult,Individual,0.53,medium,whatsapp_group_chat
"People are tired of your son of bitch attitude, Hclfycg. #6c6b",Insult,Individual,0.68,low,whatsapp_group_chat
"Kdb, stop acting like a total loser every day. #bdc2",Insult,Individual,0.54,medium,whatsapp_group_chat
"Ewiyjald, you are such a pussy in this group. #4ada",Sexual Harassment,Individual,0.49,medium,whatsapp_group_chat
"Group nalli ee haavu bro neenu attitude beda, Mlokwh. #fcd9",Harassment,Individual,0.75,high,whatsapp_group_chat
"Dbzeezvfw, you are such a twat face in this group. #70ba",Insult,Individual,0.63,low,whatsapp_group_chat
"Kupubuqviy, stop acting like a total butt every day. #a638",Harassment,Individual,0.39,high,whatsapp_group_chat
"Ninna die behavior nodi everyone frustrate agta idare, Yhycenjwm. #a3f4",Threat,Individual,0.77,high,whatsapp_group_chat
"Only a twat face will spam the group like you, Vwfy. #3702",Insult,Individual,0.65,low,whatsapp_group_chat
"Ozecmwux, you are such a fair suck of the sav in this group. #9095",Harassment,Individual,0.5,medium,whatsapp_group_chat
"Bkdgmdgk, nee full haavu bro neenu tara behave madthiya. #0b47",Harassment,Individual,0.7,high,whatsapp_group_chat
"Ivattu kooda saayi tara act madtidya, Ytvtzni. #ab31",Threat,Individual,0.55,medium,whatsapp_group_chat
"This ohh,piss off behaviour is not okay, Vukqkh. #de8e",Harassment,Individual,0.54,medium,whatsapp_group_chat
"Yella dina ninna gandu maga tara mathadbeda, Cblgvt. #e355",Insult,Individual,0.45,medium,whatsapp_group_chat
"Ztcwfwhrs, nee tumba ninna amma maga tara idiya maga. #25a2",Harassment,Individual,0.49,high,whatsapp_group_chat
"Group nalli a tara sakath body baribeda, Dlbpa. #2e10",Harassment,Individual,0.47,low,whatsapp_group_chat
"Ninna monkey thara behavior nodi everyone frustrate agta idare, Psir. #259b",Insult,Individual,0.61,high,whatsapp_group_chat
"Ljdnoq, nin thotti maga nataka nodakke bore aaytu. #616f",Insult,Individual,0.57,high,whatsapp_group_chat
"Only a dimwit will spam the group like you, Qryts. #9fe2",Insult,Individual,0.49,high,whatsapp_group_chat
"Ninna monkey thara behavior nodi everyone frustrate agta idare, Tqrdux. #29cb",Insult,Individual,0.61,high,whatsapp_group_chat
"Group nalli a tara le niga baribeda, Jnkswaid. #0ea5",Harassment,Individual,0.71,low,whatsapp_group_chat
"Ivattu kooda fake character tara act madtidya, Kqjk. #c004",Harassment,Individual,0.63,medium,whatsapp_group_chat
"Ninna saayi behavior nodi everyone frustrate agta idare, Zaltrrnsul. #4980",Threat,Individual,0.73,medium,whatsapp_group_chat
"Pnzyj, nee full sexy baby tara behave madthiya. #550a",Sexual Harassment,Individual,0.49,high,whatsapp_group_chat
"Omgovahyf, stop acting like a total loser every day. #fcf5",Insult,Individual,0.66,high,whatsapp_group_chat
"Kce, ivattu full hucchadanta mode nalli idiya. #62e3",Insult,Individual,0.51,medium,whatsapp_group_chat
"Ivattu kooda joker thara tara act madtidya, Ectxmsfsjp. #9f10",Insult,Individual,0.46,low,whatsapp_group_chat
"Mqptjbuqsd, ivattu full haavu bro neenu maga mode nalli idiya. #5b8b",Harassment,Individual,0.54,low,whatsapp_group_chat
"Llyxi, yaaru kuda ninna sakath body nature ishta padalla. #e2fc",Harassment,Individual,0.57,high,whatsapp_group_chat
"Sdtjzlt, stop acting like a total balls are in as well every day. #4b06",Sexual Harassment,Individual,0.62,high,whatsapp_group_chat
"Pmhmzo, you are such a go to hell in this group. #b27c",Harassment,Individual,0.63,high,whatsapp_group_chat
"Group nalli a tara thimru baribeda, Gpagd. #b4bf",Insult,Individual,0.57,low,whatsapp_group_chat
"This queer behaviour is not okay, Gvxr. #2853",Insult,Individual,0.73,medium,whatsapp_group_chat
"Xwbkhoubog, you are such a sexy in this group. #6c7d",Sexual Harassment,Individual,0.66,medium,whatsapp_group_chat
"Xvrgrfdyiy, you are such a stupid in this group. #538d",Insult,Individual,0.47,medium,whatsapp_group_chat
"This hell behaviour is not okay, Fjuv. #c05d",Harassment,Individual,0.64,high,whatsapp_group_chat
"Yella dina hucchadana tara mathadbeda, Wixaumlu. #9105",Insult,Individual,0.73,medium,whatsapp_group_chat
"This damn behaviour is not okay, Gxzejczi. #55d7",Insult,Individual,0.62,medium,whatsapp_group_chat
"Jqqbxskkg, you are such a twat in this group. #77f7",Insult,Individual,0.64,high,whatsapp_group_chat
"Mxlpxa, nee full joker thara tara behave madthiya. #e12c",Insult,Individual,0.43,medium,whatsapp_group_chat
"Cvh, nin kallu nataka nodakke bore aaytu. #920c",Insult,Individual,0.76,high,whatsapp_group_chat
"People are tired of your fuck you attitude, Nfiawksayt. #6cb7",Harassment,Individual,0.39,low,whatsapp_group_chat
"Sicxpm, nee tumba nimm avvan tara idiya maga. #840c",Harassment,Individual,0.66,medium,whatsapp_group_chat
"Xhcals, nee full dove rani tara behave madthiya. #9179",Harassment,Individual,0.67,low,whatsapp_group_chat
"Lgtljc, nee tumba die madthiya maga tara idiya maga. #53e8",Threat,Individual,0.41,high,whatsapp_group_chat
"Ninna die behavior nodi everyone frustrate agta idare, Nnvt. #1109",Threat,Individual,0.58,high,whatsapp_group_chat
"Yella dina saayi mad tara mathadbeda, Xpkw. #ab0e",Threat,Individual,0.31,low,whatsapp_group_chat
"Uli, stop acting like a total bozo every day. #463d",Insult,Individual,0.62,low,whatsapp_group_chat
"This arse behaviour is not okay, Vuumto. #88e0",Harassment,Individual,0.38,medium,whatsapp_group_chat
"Ninna not a loyal behavior nodi everyone frustrate agta idare, Sffda. #044f",Harassment,Individual,0.61,low,whatsapp_group_chat
"Group nalli a tara saayi madthiya maga baribeda, Bmmfftxikm. #4c8d",Threat,Individual,0.76,medium,whatsapp_group_chat
"Yella dina ninna hendruna keya maga tara mathadbeda, Pczrvjl. #9f5e",Sexual Harassment,Individual,0.73,medium,whatsapp_group_chat
"This bollocks behaviour is not okay, Ratsp. #a4e3",Insult,Individual,0.81,high,whatsapp_group_chat
"Yella dina huccha maga tara mathadbeda, Bfj. #ebd8",Insult,Individual,0.64,high,whatsapp_group_chat
"This pussy behaviour is not okay, Mzndpy. #df06",Sexual Harassment,Individual,0.73,medium,whatsapp_group_chat
"Yella dina haavu bro neenu maga tara mathadbeda, Qwahwbaf. #e538",Harassment,Individual,0.45,medium,whatsapp_group_chat
"Oegrca, yaaru kuda ninna sakath body nature ishta padalla. #7a02",Harassment,Individual,0.45,low,whatsapp_group_chat
"Only a fag will spam the group like you, Qvse. #4004",Insult,Individual,0.77,high,whatsapp_group_chat
"Mgsft, stop acting like a total fucking balls every day. #a0f2",Sexual Harassment,Individual,0.67,medium,whatsapp_group_chat
"Yella dina ninna thullu keya maga tara mathadbeda, Yicplt. #c7a6",Sexual Harassment,Individual,0.7,medium,whatsapp_group_chat
"Zklkpihvad, you are such a butt in this group. #29e0",Harassment,Individual,0.7,low,whatsapp_group_chat
"Nmuvcaexu, stop acting like a total cockfoam every day. #95e5",Sexual Harassment,Individual,0.59,high,whatsapp_group_chat
"Nww, you are such a fucking prick in this group. #21a3",Sexual Harassment,Individual,0.78,high,whatsapp_group_chat
"This bloody hell behaviour is not okay, Buezgvx. #e371",Harassment,Individual,0.36,medium,whatsapp_group_chat
"Cdtqz, you are such a asswipe in this group. #8c6a",Insult,Individual,0.41,medium,whatsapp_group_chat
"Ninna idiot thara behavior nodi everyone frustrate agta idare, Nyfbdzswqc. #15e9",Insult,Individual,0.45,medium,whatsapp_group_chat
"Clev, nin nimmavvana maga nataka nodakke bore aaytu. #fd42",Harassment,Individual,0.71,medium,whatsapp_group_chat
"Xasp, stop acting like a total pussy every day. #b24e",Sexual Harassment,Individual,0.54,medium,whatsapp_group_chat
"Meia, you are such a lick in this group. #c1a4",Sexual Harassment,Individual,0.44,medium,whatsapp_group_chat
"Yrsfxur, yaaru kuda ninna die nature ishta padalla. #daf8",Threat,Individual,0.43,high,whatsapp_group_chat
"Group nalli a tara dagar baribeda, Jykaxmz. #acab",Insult,Individual,0.47,medium,whatsapp_group_chat
"Group nalli a tara hucchadanta baribeda, Rkld. #d86e",Insult,Individual,0.38,medium,whatsapp_group_chat
"Zjyx, stop acting like a total bollocks every day. #b4a1",Insult,Individual,0.56,high,whatsapp_group_chat
"Group nalli a tara kembatti baribeda, Dit. #c2f8",Insult,Individual,0.63,low,whatsapp_group_chat
"People are tired of your asshole attitude, Wzusqfr. #b8fa",Insult,Individual,0.76,high,whatsapp_group_chat
"Group nalli ee haavu bro neenu attitude beda, Equprukrbt. #f718",Harassment,Individual,0.55,medium,whatsapp_group_chat
"People are tired of your crap attitude, Axemt. #14d9",Harassment,Individual,0.62,medium,whatsapp_group_chat
"Only a wanker will spam the group like you, Rnwz. #c60d",Sexual Harassment,Individual,0.65,medium,whatsapp_group_chat
"Ekrcpsjl, nin hendruna keya nataka nodakke bore aaytu. #8877",Sexual Harassment,Individual,0.55,medium,whatsapp_group_chat
"Group nalli ee saayi attitude beda, Lmgxehxbi. #83f9",Threat,Individual,0.76,high,whatsapp_group_chat
"Only a 69 will spam the group like you, Jmlf. #6aca",Sexual Harassment,Individual,0.54,high,whatsapp_group_chat
"Jiriuj, yaaru kuda ninna idiot thara nature ishta padalla. #4663",Insult,Individual,0.37,medium,whatsapp_group_chat
"Ivattu kooda haavu bro neenu tara act madtidya, Valqdrrrwn. #e9ac",Harassment,Individual,0.37,medium,whatsapp_group_chat
"Group nalli ee sucide attitude beda, Vybnxkaai. #3aec",Threat,Individual,0.51,medium,whatsapp_group_chat
"Fblytewy, yaaru kuda ninna idiot thara nature ishta padalla. #106a",Insult,Individual,0.66,high,whatsapp_group_chat
"Ivattu kooda sakath body tara act madtidya, Egiysfj. #0d7d",Harassment,Individual,0.41,low,whatsapp_group_chat
"Ythhwy, ivattu full thullu keya maga mode nalli idiya. #c967",Sexual Harassment,Individual,0.78,high,whatsapp_group_chat
"Ninna cry baby behavior nodi everyone frustrate agta idare, Gswhploif. #a615",Harassment,Individual,0.72,low,whatsapp_group_chat
"Ninna not a loyal behavior nodi everyone frustrate agta idare, Hwrxol. #79d4",Harassment,Individual,0.66,medium,whatsapp_group_chat
"This dirty fellow behaviour is not okay, Mjgfg. #8d02",Insult,Individual,0.43,medium,whatsapp_group_chat
"Group nalli a tara soolya maga baribeda, Dcr. #fbea",Harassment,Individual,0.5,low,whatsapp_group_chat
"This wtf behaviour is not okay, Fqqw. #17e1",Harassment,Individual,0.51,high,whatsapp_group_chat
"Cswamkfln, nee tumba hucchadana tara idiya maga. #0dfe",Insult,Individual,0.43,medium,whatsapp_group_chat
"Group nalli a tara hucchadanthe baribeda, Liq. #44ad",Insult,Individual,0.67,high,whatsapp_group_chat
"Uqjbnwovy, yaaru kuda ninna haavu bro neenu nature ishta padalla. #57fa",Harassment,Individual,0.61,high,whatsapp_group_chat
"Hqckac, ivattu full fake character maga mode nalli idiya. #ba87",Harassment,Individual,0.52,high,whatsapp_group_chat
"Idzugore, you are such a wtf in this group. #5f1c",Harassment,Individual,0.71,medium,whatsapp_group_chat
"Ejgyh, nee full not a loyal tara behave madthiya. #dc10",Harassment,Individual,0.35,medium,whatsapp_group_chat
"Group nalli ee saayi attitude beda, Cae. #daf9",Threat,Individual,0.77,high,whatsapp_group_chat
"Only a bugger will spam the group like you, Knnmzv. #cd5d",Insult,Individual,0.69,medium,whatsapp_group_chat
"Idq, ivattu full sexy bro mode nalli idiya. #2e66",Sexual Harassment,Individual,0.4,high,whatsapp_group_chat
"This shit behaviour is not okay, Ynj. #93af",Harassment,Individual,0.56,low,whatsapp_group_chat
"Group nalli ee idiot thara attitude beda, Gfdnyyl. #0e56",Insult,Individual,0.61,low,whatsapp_group_chat
"Only a arse will spam the group like you, Gpdb. #bb08",Harassment,Individual,0.75,high,whatsapp_group_chat
"Only a stupid will spam the group like you, Pqodlxklba. #7072",Insult,Individual,0.51,low,whatsapp_group_chat
"This ohh,piss off behaviour is not okay, Pas. #6660",Harassment,Individual,0.62,medium,whatsapp_group_chat
"This wanker behaviour is not okay, Ewjsub. #fe38",Sexual Harassment,Individual,0.52,medium,whatsapp_group_chat
"Ivattu kooda dove rani tara act madtidya, Mrrhtc. #5e9c",Harassment,Individual,0.69,high,whatsapp_group_chat
"This piss off behaviour is not okay, Pncaqczgny. #789c",Harassment,Individual,0.64,medium,whatsapp_group_chat
"Only a suck his dick will spam the group like you, Vnyo. #e091",Sexual Harassment,Individual,0.52,high,whatsapp_group_chat
"Only a wtf will spam the group like you, Owoane. #a6fd",Harassment,Individual,0.54,high,whatsapp_group_chat
"Klpvgx, yaaru kuda ninna haavu bro neenu nature ishta padalla. #731c",Harassment,Individual,0.46,medium,whatsapp_group_chat
"Pwttqeqf, stop acting like a total son of bitch every day. #c807",Insult,Individual,0.65,medium,whatsapp_group_chat
"Bfdwaysyb, nin ninna amma maga nataka nodakke bore aaytu. #be00",Harassment,Individual,0.47,low,whatsapp_group_chat
"Ninna sakath body behavior nodi everyone frustrate agta idare, Pbhgzmwt. #dcdd",Harassment,Individual,0.71,low,whatsapp_group_chat
"This shag behaviour is not okay, Zfck. #b129",Sexual Harassment,Individual,0.59,medium,whatsapp_group_chat
"Eicffmcyy, you are such a cockfoam in this group. #0a67",Sexual Harassment,Individual,0.4,medium,whatsapp_group_chat
"Group nalli a tara thimru baribeda, Huad. #317e",Insult,Individual,0.57,low,whatsapp_group_chat
"People are tired of your nigga attitude, Wuwhlwbcb. #62c4",Harassment,Individual,0.51,high,whatsapp_group_chat
"Group nalli a tara saayi mad baribeda, Byvull. #0be8",Threat,Individual,0.63,medium,whatsapp_group_chat
"Ninna cry baby behavior nodi everyone frustrate agta idare, Sjyuep. #eb9c",Harassment,Individual,0.45,medium,whatsapp_group_chat
"Rscofys, nin muttala maga nataka nodakke bore aaytu. #43be",Insult,Individual,0.66,high,whatsapp_group_chat
"Qhrt, stop acting like a total arse every day. #ccfe",Harassment,Individual,0.64,medium,whatsapp_group_chat
"Only a hell will spam the group like you, Zscvdiphhz. #1cf9",Harassment,Individual,0.71,medium,whatsapp_group_chat
"People are tired of your bugger attitude, Rmbmaonb. #7e14",Insult,Individual,0.67,low,whatsapp_group_chat
"Rpzdibd, nin sexy bro nataka nodakke bore aaytu. #41eb",Sexual Harassment,Individual,0.59,low,whatsapp_group_chat
"Group nalli a tara le niga maga baribeda, Jgxep. #1add",Harassment,Individual,0.53,medium,whatsapp_group_chat
"Dolkfg, you are such a shit in this group. #648d",Harassment,Individual,0.62,medium,whatsapp_group_chat
"Group nalli a tara muklyappa baribeda, Ekbzg. #966d",Insult,Individual,0.49,medium,whatsapp_group_chat
"Ull, nee tumba sexy bro maga tara idiya maga. #8224",Sexual Harassment,Individual,0.45,low,whatsapp_group_chat
"Ninna sexy baby behavior nodi everyone frustrate agta idare, Ftfybe. #f5ac",Sexual Harassment,Individual,0.66,medium,whatsapp_group_chat
"Eowmmmzufi, nee tumba die mad tara idiya maga. #6142",Threat,Individual,0.52,medium,whatsapp_group_chat
"People are tired of your split tongue attitude, Basnvouukp. #55d4",Insult,Individual,0.68,medium,whatsapp_group_chat
"Hek, nin ninna thale kettide maga nataka nodakke bore aaytu. #05ec",Harassment,Individual,0.53,low,whatsapp_group_chat
"Tatwqoexao, nin dagara nataka nodakke bore aaytu. #25f1",Insult,Individual,0.29,low,whatsapp_group_chat
"Ninna sexy baby behavior nodi everyone frustrate agta idare, Vdtyqokuhc. #27c3",Sexual Harassment,Individual,0.76,high,whatsapp_group_chat
"Yyyiye, nee tumba soolya tara idiya maga. #6485",Harassment,Individual,0.47,medium,whatsapp_group_chat
"People are tired of your idiot attitude, Mdjlsom. #4b2f",Insult,Individual,0.65,high,whatsapp_group_chat
"Hplzehzg, you are such a lesbian in this group. #9c7e",Insult,Individual,0.34,medium,whatsapp_group_chat
"People are tired of your butthead attitude, Mxvmxcznw. #236a",Harassment,Individual,0.7,medium,whatsapp_group_chat
"Xjfzuiz, yaaru kuda ninna sexy bro nature ishta padalla. #d815",Sexual Harassment,Individual,0.73,medium,whatsapp_group_chat
"Group nalli a tara die madthiya maga baribeda, Yvqwrdiz. #2523",Threat,Individual,0.34,low,whatsapp_group_chat
"Only a dick will spam the group like you, Sfitdsxbtq. #2695",Sexual Harassment,Individual,0.69,high,whatsapp_group_chat
"People are tired of your fair suck of the sav attitude, Yjskrbdk. #2f06",Harassment,Individual,0.6,medium,whatsapp_group_chat
"Ninna joker thara behavior nodi everyone frustrate agta idare, Rineitl. #03ed",Insult,Individual,0.58,low,whatsapp_group_chat
"Only a bugger will spam the group like you, Csedj. #7cb7",Insult,Individual,0.72,medium,whatsapp_group_chat
"Luyui, ivattu full haavu bro neenu maga mode nalli idiya. #bb32",Harassment,Individual,0.68,medium,whatsapp_group_chat
"Hctwc, ivattu full dusta mode nalli idiya. #2235",Insult,Individual,0.76,high,whatsapp_group_chat
"Ivattu kooda idiot thara tara act madtidya, Dybqv. #bc6c",Insult,Individual,0.56,medium,whatsapp_group_chat
"Ivattu kooda die tara act madtidya, Efdg. #6512",Threat,Individual,0.47,low,whatsapp_group_chat
"Viir, ivattu full cry baby maga mode nalli idiya. #8f3e",Harassment,Individual,0.67,high,whatsapp_group_chat
"Group nalli ee sexy bro attitude beda, Uqgooxla. #6ba2",Sexual Harassment,Individual,0.63,low,whatsapp_group_chat
"Mpjgbyhgnq, nee full fake character tara behave madthiya. #2c84",Harassment,Individual,0.47,low,whatsapp_group_chat
"Only a stupid will spam the group like you, Vindviz. #82e2",Insult,Individual,0.35,medium,whatsapp_group_chat
"This twat face behaviour is not okay, Crb. #732b",Insult,Individual,0.75,high,whatsapp_group_chat
"Ninna saayi behavior nodi everyone frustrate agta idare, Eynaheere. #eb14",Threat,Individual,0.38,low,whatsapp_group_chat
"Group nalli ee monkey thara attitude beda, Mlnpzxlh. #9b43",Insult,Individual,0.37,medium,whatsapp_group_chat
"Vtpir, nee tumba keiya maga tara idiya maga. #caea",Harassment,Individual,0.63,medium,whatsapp_group_chat
"Group nalli a tara le niga baribeda, Yeflwnxltb. #8377",Harassment,Individual,0.66,medium,whatsapp_group_chat
"Ivattu kooda die tara act madtidya, Nqtvsbko. #3028",Threat,Individual,0.64,medium,whatsapp_group_chat
"People are tired of your bollocks attitude, Jzbgihh. #0c50",Insult,Individual,0.57,high,whatsapp_group_chat
"Qwtcrb, nee tumba boli magane tara idiya maga. #1b38",Insult,Individual,0.55,medium,whatsapp_group_chat
"Qzqpq, yaaru kuda ninna monkey thara nature ishta padalla. #e11f",Insult,Individual,0.73,medium,whatsapp_group_chat
"Yella dina soole maga tara mathadbeda, Rpqjga. #16f3",Harassment,Individual,0.56,medium,whatsapp_group_chat
"Only a bozo will spam the group like you, Zgh. #37cd",Insult,Individual,0.48,low,whatsapp_group_chat
"Only a naked will spam the group like you, Hiosifayvi. #4a12",Sexual Harassment,Individual,0.75,high,whatsapp_group_chat
"This lesbian behaviour is not okay, Rbrp. #df3d",Insult,Individual,0.61,medium,whatsapp_group_chat
"Group nalli ee cry baby attitude beda, Exkolpvcrq. #12ca",Harassment,Individual,0.61,medium,whatsapp_group_chat
"Sudkxybq, nin le niga nataka nodakke bore aaytu. #fed3",Harassment,Individual,0.37,medium,whatsapp_group_chat
"Kknjc, nin nimmavvana maga nataka nodakke bore aaytu. #d246",Harassment,Individual,0.51,medium,whatsapp_group_chat
"Vyaiu, nin not a loyal maga nataka nodakke bore aaytu. #d785",Harassment,Individual,0.61,medium,whatsapp_group_chat
"Yella dina thimru tara mathadbeda, Obpgidupyl. #c259",Insult,Individual,0.47,high,whatsapp_group_chat
"This bugger behaviour is not okay, Robv. #dddf",Insult,Individual,0.7,medium,whatsapp_group_chat
"Only a hell will spam the group like you, Ybdv. #7747",Harassment,Individual,0.76,medium,whatsapp_group_chat
"This fag behaviour is not okay, Mxymhmj. #c7b7",Insult,Individual,0.63,medium,whatsapp_group_chat
"People are tired of your lame attitude, Gwwcirslh. #a319",Harassment,Individual,0.47,medium,whatsapp_group_chat
"Only a fuck you will spam the group like you, Rbehwpiivg. #9669",Sexual Harassment,Individual,0.41,medium,whatsapp_group_chat
"Group nalli a tara dagar baribeda, Buqf. #1f67",Insult,Individual,0.47,medium,whatsapp_group_chat
"People are tired of your butt attitude, Wur. #1aff",Harassment,Individual,0.59,medium,whatsapp_group_chat
"Kilfate, nee full haavu bro neenu tara behave madthiya. #e7e1",Harassment,Individual,0.55,medium,whatsapp_group_chat
"Bjuuwtb, stop acting like a total choad every day. #42a6",Insult,Individual,0.8,high,whatsapp_group_chat
"Tzpztsiwda, nee full fake character tara behave madthiya. #9c75",Harassment,Individual,0.76,medium,whatsapp_group_chat
"Ninna idiot thara behavior nodi everyone frustrate agta idare, Fun. #af5a",Insult,Individual,0.66,high,whatsapp_group_chat
"Fpt, stop acting like a total bozo every day. #5e85",Insult,Individual,0.72,medium,whatsapp_group_chat
"People are tired of your crap attitude, Zpd. #ebbb",Harassment,Individual,0.41,low,whatsapp_group_chat
"Group nalli ee monkey thara attitude beda, Pfd. #1a4a",Insult,Individual,0.52,medium,whatsapp_group_chat
"Snzlpe, stop acting like a total bloddy hell every day. #67fc",Harassment,Individual,0.61,high,whatsapp_group_chat
"Ninna saayi behavior nodi everyone frustrate agta idare, Tiextwvwvx. #0810",Threat,Individual,0.4,medium,whatsapp_group_chat
"Gyqclfi, ivattu full joker thara maga mode nalli idiya. #6ab9",Insult,Individual,0.73,medium,whatsapp_group_chat
"Ycytzndpkk, nee full fake character tara behave madthiya. #f659",Harassment,Individual,0.64,low,whatsapp_group_chat
"Xivk, nee full sexy bro tara behave madthiya. #008b",Sexual Harassment,Individual,0.61,high,whatsapp_group_chat
"Ecudgf, yaaru kuda ninna sexy baby nature ishta padalla. #16bb",Sexual Harassment,Individual,0.45,low,whatsapp_group_chat
"Yella dina thale kettide maga tara mathadbeda, Xcjrvuy. #c45f",Harassment,Individual,0.39,medium,whatsapp_group_chat
"This twat face behaviour is not okay, Cvt. #06fd",Insult,Individual,0.63,medium,whatsapp_group_chat
"Group nalli a tara ninna hendruna keya baribeda, Iomahrww. #f0fd",Sexual Harassment,Individual,0.53,high,whatsapp_group_chat
"Kivmikhpaa, nee tumba muklya tara idiya maga. #0922",Insult,Individual,0.67,medium,whatsapp_group_chat
"Qlzhc, stop acting like a total taking the piss every day. #1a81",Harassment,Individual,0.44,low,whatsapp_group_chat
"Ocjfx, nin sakath body maga nataka nodakke bore aaytu. #46c4",Harassment,Individual,0.6,high,whatsapp_group_chat
"Ynha, nee full monkey thara tara behave madthiya. #cfa0",Insult,Individual,0.59,medium,whatsapp_group_chat
"Ninna sakath body behavior nodi everyone frustrate agta idare, Kcvo. #78fd",Harassment,Individual,0.49,high,whatsapp_group_chat
"Smoncqitoj, you are such a son of bitch in this group. #c6de",Insult,Individual,0.65,low,whatsapp_group_chat
"Ivattu kooda not a loyal tara act madtidya, Cbja. #5ef0",Harassment,Individual,0.55,low,whatsapp_group_chat
"Grppadbqpr, ivattu full hendruna keya maga mode nalli idiya. #170e",Sexual Harassment,Individual,0.56,low,whatsapp_group_chat
"People are tired of your transgender attitude, Tellpfl. #f79c",Insult,Individual,0.68,medium,whatsapp_group_chat
"Lczd, yaaru kuda ninna dove rani nature ishta padalla. #1a79",Harassment,Individual,0.41,low,whatsapp_group_chat
"Gzzdtywcp, you are such a jerk in this group. #d90d",Insult,Individual,0.73,high,whatsapp_group_chat
"Ywjolgbr, nin ninna thullu keya nataka nodakke bore aaytu. #087a",Sexual Harassment,Individual,0.63,medium,whatsapp_group_chat
"Bbtn, stop acting like a total dick head every day. #5003",Sexual Harassment,Individual,0.57,medium,whatsapp_group_chat
"Yella dina gandu tara mathadbeda, Adzqltpvnq. #ee34",Insult,Individual,0.67,medium,whatsapp_group_chat
"Xfeds, stop acting like a total fag every day. #25e4",Insult,Individual,0.75,medium,whatsapp_group_chat
"Dqnagn, nin sooley maga nataka nodakke bore aaytu. #fea9",Insult,Individual,0.72,medium,whatsapp_group_chat
"Jcsfsxjwho, nee full die tara behave madthiya. #d5a5",Threat,Individual,0.77,high,whatsapp_group_chat
"This lesbian behaviour is not okay, Xgv. #e351",Insult,Individual,0.67,low,whatsapp_group_chat
"Group nalli a tara cry baby maga baribeda, Bwgego. #3c05",Harassment,Individual,0.54,low,whatsapp_group_chat
"This bloddy hell behaviour is not okay, Lwhd. #55c0",Harassment,Individual,0.47,medium,whatsapp_group_chat
"Fkdh, stop acting like a total bellend every day. #004c",Insult,Individual,0.58,high,whatsapp_group_chat
"Xrufl, yaaru kuda ninna idiot thara nature ishta padalla. #8a92",Insult,Individual,0.78,high,whatsapp_group_chat
"Ninna joker thara behavior nodi everyone frustrate agta idare, Vesrrattfl. #e452",Insult,Individual,0.42,medium,whatsapp_group_chat
"Ivattu kooda sucide tara act madtidya, Uywoigwphp. #03db",Threat,Individual,0.82,high,whatsapp_group_chat
"This bugger behaviour is not okay, Auaj. #104e",Insult,Individual,0.48,medium,whatsapp_group_chat
"Ninna sexy bro behavior nodi everyone frustrate agta idare, Cvxnys. #984a",Sexual Harassment,Individual,0.56,medium,whatsapp_group_chat
"Only a dog will spam the group like you, Jfpy. #0b37",Insult,Individual,0.62,high,whatsapp_group_chat
"Ivattu kooda sakath body tara act madtidya, Jyoyepdyva. #35c8",Harassment,Individual,0.49,high,whatsapp_group_chat
"Group nalli a tara not a loyal baribeda, Jjzzjuxbn. #eaf8",Harassment,Individual,0.64,medium,whatsapp_group_chat
"Ivattu kooda die tara act madtidya, Erebbrpbyt. #2167",Threat,Individual,0.54,low,whatsapp_group_chat
"People are tired of your fair suck of the sav attitude, Rkahh. #4499",Harassment,Individual,0.65,low,whatsapp_group_chat
"Cvyzdfyzvo, nee full sucide tara behave madthiya. #c87b",Threat,Individual,0.52,low,whatsapp_group_chat
"This asshole behaviour is not okay, Rtcvj. #d6c0",Insult,Individual,0.6,medium,whatsapp_group_chat
"Group nalli ee sexy baby attitude beda, Mmeu. #7f9d",Sexual Harassment,Individual,0.53,high,whatsapp_group_chat
"Only a sex will spam the group like you, Biwdmnviet. #b306",Sexual Harassment,Individual,0.62,high,whatsapp_group_chat
"Idwoypwjv, you are such a asswipe in this group. #29f9",Insult,Individual,0.67,high,whatsapp_group_chat
"This sexy behaviour is not okay, Vdttum. #54fb",Sexual Harassment,Individual,0.56,medium,whatsapp_group_chat
"This dirty fellow behaviour is not okay, Wvavqnqfl. #66f4",Insult,Individual,0.4,medium,whatsapp_group_chat
"Izfwbliplx, you are such a fucking prick in this group. #a099",Sexual Harassment,Individual,0.62,high,whatsapp_group_chat
"Ewoyklek, stop acting like a total bellend every day. #e1d0",Insult,Individual,0.8,high,whatsapp_group_chat
"This wanker behaviour is not okay, Uqgnyqnt. #fc5e",Sexual Harassment,Individual,0.78,high,whatsapp_group_chat
"Yella dina sade tara mathadbeda, Qnwwq. #41ec",Insult,Individual,0.37,medium,whatsapp_group_chat
"Vsglprtxhv, you are such a son of bitch in this group. #0b4c",Insult,Individual,0.43,low,whatsapp_group_chat
"This asshole behaviour is not okay, Fpijfez. #5350",Insult,Individual,0.53,medium,whatsapp_group_chat
"Zuq, nee tumba ninna thullu keya tara idiya maga. #7d20",Sexual Harassment,Individual,0.67,high,whatsapp_group_chat
"Group nalli a tara hucchadanta maga baribeda, Nzdyncuraa. #5a89",Insult,Individual,0.65,medium,whatsapp_group_chat
