message,label,target_type,severity,severity_score
everyone laughs at you don't you think?,insult,individual,high,0.35
"Hey, I missed the lecture today.",neutral,unknown,medium,0.02
I think dont follow up again please right now.,harassment,individual,medium,0.45
Thanks for sharing the slides.,neutral,unknown,medium,0.02
"Stop it, keep quiet please ... whatever.",aggression,individual,medium,0.55
"Look, you are not smart enough for this",insult,appearance,medium,0.3
"Basically, i will report this to sir",threat,teacher,medium,0.82
dont keep asking the same thing,harassment,appearance,medium,0.45
your kind spoils the environment and it's annoying.,hate,gender,medium,0.75
Please check the group description.,neutral,unknown,medium,0.02
"women, dont interfere in this",aggression,gender,medium,0.55
"Basically, i told you already dont text me",harassment,individual,medium,0.45
What time is the assignment due?,neutral,gender,medium,0.02
"Honestly, go away from here for real.",aggression,individual,medium,0.55
"Honestly, people like you make everything dirty",hate,individual,medium,0.75
Let's work together on this.,neutral,unknown,medium,0.02
"Hey, Can we meet after class?",neutral,unknown,medium,0.02
"Hey, you are not required period.",exclusion,individual,medium,0.42
why do you remember my timings,stalking,individual,medium,0.62
Can someone share the notes from today?,neutral,academic,medium,0.02
"nature, how many times should i say no",harassment,personal,medium,0.45
Please check the group description. Thanks.,neutral,unknown,medium,0.02
this environment is really bad and it's sad.,toxicity,gender,medium,0.5
Is there any update on the results??,neutral,academic,medium,0.02
"Actually, go mind your work don't you think?",aggression,individual,medium,0.55
"Seriously, this is between us only and it's annoying.",exclusion,individual,high,0.47
"Hey, What time is the assignment due?",neutral,gender,medium,0.02
Can we meet after class??,neutral,unknown,medium,0.02
Did anyone finish the assignment??,neutral,gender,medium,0.02
you wont get away with this,threat,individual,medium,0.82
why are you so behind me and it's annoying.,harassment,individual,medium,0.45
"To be honest, dont message me late night - just my opinion.",harassment,individual,medium,0.45
I missed the lecture today.,neutral,unknown,medium,0.02
Is there any update on the results?,neutral,academic,medium,0.02
"project, dont message me late night",harassment,academic,medium,0.45
"Hey, Where can I find the syllabus?",neutral,academic,medium,0.02
you make everything worse - just my opinion.,insult,individual,medium,0.3
Let's work together on this. Thanks.,neutral,unknown,medium,0.02
dont think this will go unnoticed,threat,individual,medium,0.82
Good morning everyone.,neutral,unknown,high,0.07
It's obvious that this is only for selected people and it's sad.,exclusion,individual,medium,0.42
The project deadline is approaching.,neutral,academic,medium,0.02
"Honestly, why do you keep observing me immediately.",stalking,individual,medium,0.62
"Listen, this place feels unhealthy",toxicity,individual,medium,0.5
Can someone share the notes from today??,neutral,academic,medium,0.02
"Hey, Thanks for sharing the slides.",neutral,unknown,medium,0.02
stop talking rubbish,insult,individual,medium,0.3
"this section, your type always ruins things",hate,group,high,0.8
"Look, why are you noticing my movements",stalking,gender,medium,0.62
"Basically, this place is full of nonsense (no offense).",toxicity,individual,low,0.45
stay out of my matters,aggression,individual,medium,0.55
"Look, i told you already dont text me !!!",harassment,appearance,medium,0.45
"Listen, stop forcing conversation",harassment,individual,medium,0.45
"Hey, please remove yourself",exclusion,individual,medium,0.42
"sir, why cant you just stop",harassment,teacher,medium,0.45
"To be honest, use your brain once",insult,individual,medium,0.3
"Just so you know, this chat is exhausting right now.",toxicity,group,medium,0.5
Where can I find the syllabus?,neutral,academic,medium,0.02
"Hey, this environment is really bad",toxicity,gender,medium,0.5
people like you are always the problem,hate,individual,high,0.8
"class teacher, you dont need to be here",exclusion,teacher,medium,0.42
"Hey, Good morning everyone.",neutral,unknown,high,0.07
"you guys, mind your own business",aggression,group,medium,0.55
"internals, go mind your work",aggression,academic,medium,0.55
"Hey, why do you remember my timings",stalking,individual,medium,0.62
you are done now period.,threat,individual,medium,0.82
"Stop it, why are you messaging me again so please stop.",harassment,individual,medium,0.45
It's obvious that why are you so behind me,harassment,individual,medium,0.45
Thanks for sharing the slides. Thanks.,neutral,unknown,medium,0.02
"girls, you are useless in group work",insult,gender,medium,0.3
you are not invited to this,exclusion,individual,medium,0.42
you are not invited to this so please stop.,exclusion,individual,medium,0.42
When is the next lab session? Thanks.,neutral,unknown,medium,0.02
"Hey, remember this moment period.",threat,gender,medium,0.82
"In my opinion, use your brain once ... whatever.",insult,individual,medium,0.3
When is the next lab session?,neutral,unknown,medium,0.02
It's obvious that you will face consequences for this without a doubt.,threat,appearance,medium,0.82
what are you even saying,insult,individual,medium,0.3
stay out of this matter,exclusion,individual,medium,0.42
I think please remove yourself,exclusion,individual,medium,0.42
you dont belong in this level don't you think?,insult,individual,medium,0.3
"view, stop chasing me for replies",harassment,social,medium,0.45
"Basically, we are doing this without you",exclusion,individual,medium,0.42
"Look, shut up now",aggression,appearance,medium,0.55
keep quiet please and it's sad.,aggression,individual,medium,0.55
"Actually, stop tracking my activity ... whatever.",stalking,individual,medium,0.62
why do you always show up where i am,stalking,individual,high,0.67
control yourself for real.,aggression,individual,medium,0.55
Where can I find the syllabus? Thanks.,neutral,academic,medium,0.02
stop irritating everyone right now.,aggression,individual,high,0.6
"Hey, Does anyone understand this topic?",neutral,unknown,medium,0.02
dont push me beyond my limit,threat,individual,medium,0.82
your type should not be here (no offense).,hate,individual,low,0.7
"this section, dont keep asking the same thing",harassment,group,medium,0.45
"Hey, Did anyone finish the assignment?",neutral,gender,medium,0.02
"Seriously, stop monitoring what i do immediately.",stalking,individual,high,0.67
people like you dont deserve respect,hate,individual,medium,0.75
remember this moment immediately.,threat,gender,medium,0.82
"whole class, dont start with me",aggression,group,medium,0.55
"submission, dont cross the line",aggression,academic,medium,0.55
you are acting childish don't you think?,insult,individual,medium,0.3
Everyone knows people like you never change immediately.,hate,individual,high,0.8
we didnt include you on purpose and everyone agrees.,exclusion,individual,high,0.47
"Honestly, your type always ruins things",hate,individual,high,0.8
why are you watching my profile daily,stalking,teacher,medium,0.62
"this class, this group is too negative",toxicity,group,medium,0.5
"To be honest, leave me alone seriously",harassment,individual,high,0.5
"this group, this chat is mentally draining",toxicity,group,medium,0.5
"internals, this place feels suffocating",toxicity,academic,medium,0.5
"In my opinion, this place feels suffocating period.",toxicity,individual,medium,0.5
"Hey, this doesnt concern you and it's annoying.",exclusion,individual,medium,0.42
Can we meet after class? Thanks.,neutral,unknown,medium,0.02
this place is full of nonsense - just my opinion.,toxicity,individual,medium,0.5
Does anyone understand this topic? Thanks.,neutral,unknown,medium,0.02
"Listen, stop disturbing me during class",harassment,individual,medium,0.45
dont involve yourself here,exclusion,individual,medium,0.42
I just wanted to say i cant stand people like you right now.,hate,individual,medium,0.75
Did anyone finish the assignment? Thanks.,neutral,gender,medium,0.02
"looks bad, you just dont get it",insult,appearance,medium,0.3
"online, stop irritating everyone",aggression,social,high,0.6
I think dont test my patience (no offense).,threat,academic,low,0.77
"Just so you know, dont cross the line and it's sad.",aggression,individual,medium,0.55
"record work, you are embarrassing yourself",insult,academic,medium,0.3
you dont need to be here (no offense).,exclusion,individual,low,0.37
this chat is very unhealthy and it's annoying.,toxicity,group,medium,0.5
dont test my patience for real.,threat,academic,medium,0.82
Is the class online or offline tomorrow? Thanks.,neutral,social,medium,0.02
Everyone knows dont follow up again please,harassment,individual,high,0.5
"exam, we dont like people like you",hate,academic,medium,0.75
you dont belong in our circle,exclusion,individual,medium,0.42
I just wanted to say you will suffer for this without a doubt.,threat,individual,medium,0.82
"dp, dont message me late night",harassment,social,medium,0.45
"body, you look foolish right now",insult,appearance,medium,0.3
"Actually, this place feels unhealthy immediately.",toxicity,individual,medium,0.5
"To be honest, this environment is really bad without a doubt.",toxicity,gender,medium,0.5
"block, you asked for it",threat,social,medium,0.82
"In my opinion, you will pay for what you did",threat,individual,medium,0.82
"Basically, you are done now",threat,individual,medium,0.82
control yourself,aggression,individual,medium,0.55
"Listen, we dont like people like you !!!",hate,individual,medium,0.75
"thinking, your kind is not welcome here",hate,personal,medium,0.75
"Look, why are you always online when i come",stalking,appearance,high,0.67
Everyone knows why are you checking my last seen and it's annoying.,stalking,social,high,0.67
you will suffer for this - just my opinion.,threat,individual,medium,0.82
"women, we are tired of people like you",hate,gender,medium,0.75
you cant escape from this don't you think?,threat,individual,medium,0.82
"Look, dont involve yourself here",exclusion,appearance,medium,0.42
"Hey, i will complain about you",threat,individual,medium,0.82
"Seriously, i will report this to sir for real.",threat,teacher,high,0.87
Does anyone understand this topic??,neutral,unknown,medium,0.02
you dont need to be here for real.,exclusion,individual,medium,0.42
"Seriously, dont keep asking the same thing so please stop.",harassment,appearance,high,0.5
"Basically, you sound really stupid",insult,individual,medium,0.3
"Seriously, just wait and watch",threat,individual,high,0.87
"online, dont overdo it",aggression,social,medium,0.55
"Hey, stay out of my matters for real.",aggression,individual,medium,0.55
"grade, dont start with me",aggression,academic,medium,0.55
"Hey, how many times should i say no",harassment,individual,medium,0.45
It's obvious that we are doing this without you,exclusion,individual,medium,0.42
this space is not safe mentally,toxicity,gender,medium,0.5
I missed the lecture today. Thanks.,neutral,unknown,medium,0.02
stop forcing conversation and it's annoying.,harassment,individual,medium,0.45
why do you follow everything i do,stalking,individual,medium,0.62
"Seriously, you are not invited to this",exclusion,individual,high,0.47
you are done now,threat,individual,medium,0.82
this will not end well for you and everyone agrees.,threat,individual,high,0.87
"faculty, there is too much negativity here",toxicity,teacher,medium,0.5
you will regret this later,threat,individual,medium,0.82
Can we meet after class?,neutral,unknown,medium,0.02
you are not smart enough for this so please stop.,insult,individual,medium,0.3
"Stop it, people here are very problematic",toxicity,group,medium,0.5
"Actually, there is too much negativity here (no offense).",toxicity,individual,low,0.45
dont keep pinging me for no reason (no offense).,harassment,individual,low,0.4
"staff, this will not end well for you",threat,teacher,medium,0.82
dont lecture me,aggression,individual,medium,0.55
this group is too negative,toxicity,group,medium,0.5
"Hey, this chat is mentally draining",toxicity,group,medium,0.5
"Seriously, you are done now right now.",threat,individual,high,0.87
why do you know when i go offline and everyone agrees.,stalking,social,high,0.67
why cant you just stop,harassment,individual,medium,0.45
this doesnt concern you and everyone agrees.,exclusion,individual,high,0.47
"Listen, dont act smart here - just my opinion.",aggression,individual,medium,0.55
"test, stay in your limits",aggression,academic,medium,0.55
dont test my patience period.,threat,academic,medium,0.82
you will regret this later without a doubt.,threat,individual,medium,0.82
"body, you are not required",exclusion,appearance,medium,0.42
stay out of my matters for real.,aggression,individual,medium,0.55
stop talking nonsense without a doubt.,aggression,individual,medium,0.55
Everyone knows stop getting involved,aggression,individual,high,0.6
"girls, this is between us only",exclusion,gender,medium,0.42
"face, this place feels unhealthy",toxicity,appearance,medium,0.5
back off right now,aggression,individual,medium,0.55
"personality, you will pay for what you did",threat,personal,medium,0.82
"skin, people like you are a headache",hate,appearance,medium,0.75
this group is very disturbing,toxicity,group,medium,0.5
"Look, why do you keep observing me",stalking,appearance,medium,0.62
"Look, why cant you just stop",harassment,appearance,medium,0.45
"Hey, Can someone share the notes from today?",neutral,academic,medium,0.02
i will make sure everyone knows (no offense).,threat,individual,high,0.87
"Seriously, you are not part of this",exclusion,individual,high,0.47
Everyone knows dont overdo it,aggression,individual,high,0.6
"Honestly, we are doing this without you ... whatever.",exclusion,individual,medium,0.42
"Just so you know, you dont belong in this level ... whatever.",insult,individual,medium,0.3
"Actually, we didnt include you on purpose so please stop.",exclusion,individual,medium,0.42
Did anyone finish the assignment?,neutral,gender,medium,0.02
"In my opinion, you are in serious trouble - just my opinion.",threat,individual,medium,0.82
"Hey, you will regret this later right now.",threat,individual,medium,0.82
"In my opinion, you make everything worse period.",insult,individual,medium,0.3
stop stalking me don't you think?,stalking,individual,medium,0.62
i will report this to sir,threat,teacher,medium,0.82
I think you are acting childish so please stop.,insult,individual,medium,0.3
we didnt include you on purpose !!!,exclusion,individual,medium,0.42
"Basically, dont involve yourself here",exclusion,individual,medium,0.42
"guys, i cant stand people like you",hate,gender,medium,0.75
you will pay for what you did,threat,individual,medium,0.82
"In my opinion, stop disturbing me during class",harassment,individual,medium,0.45
stop irritating everyone for sure.,aggression,individual,high,0.6
"staff, you dont have common sense",insult,teacher,medium,0.3
"In my opinion, you will suffer for this immediately.",threat,individual,medium,0.82
I think stop forcing conversation so please stop.,harassment,individual,medium,0.45
"everyone here, your kind is unwanted here",hate,group,high,0.8
"Seriously, this space is not safe mentally and it's sad.",toxicity,gender,high,0.55
Can someone share the notes from today? Thanks.,neutral,academic,medium,0.02
"this class, stop forcing conversation",harassment,group,medium,0.45
"Just so you know, go mind your work",aggression,individual,medium,0.55
"height, dont keep reminding me again and again",harassment,appearance,medium,0.45
stop monitoring what i do,stalking,individual,medium,0.62
i cant stand people like you right now.,hate,individual,medium,0.75
"Seriously, why do you keep noticing when i am active immediately.",stalking,individual,high,0.67
"whole class, why are you always online when i come",stalking,group,high,0.67
"Basically, why do you remember my timings",stalking,individual,medium,0.62
"To be honest, you dont have common sense",insult,individual,medium,0.3
better you leave this group,exclusion,group,medium,0.42
"Hey, When is the next lab session?",neutral,unknown,medium,0.02
Is the class online or offline tomorrow?,neutral,social,medium,0.02
"Basically, dont keep reminding me again and again !!!",harassment,individual,medium,0.45
"you guys, why cant you just stop",harassment,group,medium,0.45
"Seriously, dont keep reminding me again and again period.",harassment,individual,high,0.5
"submission, we are tired of people like you",hate,academic,medium,0.75
mind your own business,aggression,individual,medium,0.55
"Just so you know, why do you follow everything i do don't you think?",stalking,individual,medium,0.62
"Look, this environment is stressful for sure.",toxicity,gender,medium,0.5
people like you dont deserve respect !!!,hate,individual,medium,0.75
there is too much negativity here,toxicity,individual,medium,0.5
leave me alone seriously,harassment,individual,high,0.5
It's obvious that we dont need people like you,hate,individual,medium,0.75
"In my opinion, dont poke your nose period.",aggression,individual,medium,0.55
you asked for it !!!,threat,individual,medium,0.82
Is there any update on the results? Thanks.,neutral,academic,medium,0.02
why do you keep noticing when i am active for real.,stalking,individual,medium,0.62
"this team, why are you always in my dm",harassment,group,high,0.5
you make everything worse right now.,insult,individual,medium,0.3
"In my opinion, people like you are always the problem",hate,individual,high,0.8
we dont like people like you ... whatever.,hate,individual,medium,0.75
"To be honest, i told you already dont text me",harassment,individual,medium,0.45
you are useless in group work,insult,individual,medium,0.3
"Basically, go away from here",aggression,individual,medium,0.55
we are tired of people like you,hate,individual,medium,0.75
I just wanted to say dont push me beyond my limit,threat,individual,medium,0.82
"Hey, are you seriously this dumb",insult,individual,high,0.35
you are not invited to this !!!,exclusion,individual,medium,0.42
there is too much negativity here so please stop.,toxicity,individual,medium,0.5
dont annoy me for sure.,aggression,individual,medium,0.55
"body, we dont like people like you",hate,appearance,medium,0.75
"Hey, The project deadline is approaching.",neutral,academic,medium,0.02
"Actually, you will pay for what you did",threat,individual,medium,0.82
stop bothering me about this,harassment,individual,medium,0.45
stop monitoring what i do without a doubt.,stalking,individual,medium,0.62
we are doing this without you,exclusion,individual,medium,0.42
this chat is very unhealthy and it's sad.,toxicity,group,medium,0.5
this chat ruins my mood and it's annoying.,toxicity,group,medium,0.5
The project deadline is approaching. Thanks.,neutral,academic,medium,0.02
"homework, stop spamming me",harassment,academic,medium,0.45
"mentality, why are you so slow",insult,gender,medium,0.3
I think this place feels suffocating,toxicity,individual,medium,0.5
your type should not be here,hate,individual,medium,0.75
"Look, you dont need to be here",exclusion,appearance,medium,0.42
"assignment, this place feels suffocating",toxicity,gender,medium,0.5
"Basically, this will not end well for you !!!",threat,individual,medium,0.82
you always ruin the mood for sure.,insult,individual,high,0.35
dont start with me without a doubt.,aggression,individual,medium,0.55
we already decided without you,exclusion,individual,medium,0.42
no need for you here immediately.,exclusion,individual,medium,0.42
"behavior, back off right now",aggression,personal,medium,0.55
"Honestly, control yourself",aggression,individual,medium,0.55
"boys, leave me alone seriously",harassment,gender,high,0.5
dont involve yourself here and it's annoying.,exclusion,individual,medium,0.42
"Seriously, why are you watching my profile daily",stalking,teacher,high,0.67
you are useless in group work period.,insult,individual,medium,0.3
"To be honest, this is not meant for you and it's sad.",exclusion,individual,medium,0.42
you are not required,exclusion,individual,medium,0.42
"female students, stop keeping tabs on me",stalking,gender,medium,0.62
this chat is exhausting immediately.,toxicity,group,medium,0.5
"Basically, dont cross the line",aggression,individual,medium,0.55
"In my opinion, dont push me beyond my limit !!!",threat,individual,medium,0.82
please remove yourself,exclusion,individual,medium,0.42
stop keeping tabs on me period.,stalking,individual,medium,0.62
dont interfere in this don't you think?,aggression,individual,medium,0.55
"Hey, Let's work together on this.",neutral,unknown,medium,0.02
"To be honest, we dont need people like you",hate,individual,medium,0.75
"Stop it, this doesnt concern you right now.",exclusion,individual,medium,0.42
"In my opinion, you dont have common sense",insult,individual,medium,0.3
dont think this will go unnoticed for sure.,threat,individual,medium,0.82
"Stop it, why do you keep calling me and everyone agrees.",harassment,individual,high,0.5
dont test my patience,threat,academic,medium,0.82
"To be honest, why are you watching me silently immediately.",stalking,individual,medium,0.62
"backlogs, your type always ruins things",hate,academic,high,0.8
I think you are embarrassing yourself immediately.,insult,individual,medium,0.3
your kind is not welcome here,hate,individual,medium,0.75
"Look, stop chasing me for replies",harassment,appearance,medium,0.45
dont follow up again please and it's sad.,harassment,individual,medium,0.45
"Basically, people here spread negativity",toxicity,group,medium,0.5
you are in serious trouble,threat,individual,medium,0.82
grow up seriously and everyone agrees.,insult,individual,high,0.35
people here are very problematic,toxicity,group,medium,0.5
why do you keep observing me for real.,stalking,individual,medium,0.62
"Just so you know, stop getting involved (no offense).",aggression,individual,low,0.5
"Actually, this doesnt concern you period.",exclusion,individual,medium,0.42
"Seriously, just wait and watch (no offense).",threat,individual,high,0.87
stay out of this matter !!!,exclusion,individual,medium,0.42
"Actually, dont cross the line - just my opinion.",aggression,individual,medium,0.55
go away from here,aggression,individual,medium,0.55
"In my opinion, this group is not for you",exclusion,group,medium,0.42
"Seriously, this chat is mentally draining",toxicity,group,high,0.55
"Honestly, you make everything worse",insult,individual,medium,0.3
"Basically, people like you make everything dirty for sure.",hate,individual,medium,0.75
we are tired of people like you immediately.,hate,individual,medium,0.75
"Listen, i will expose what you did so please stop.",threat,individual,medium,0.82
there is too much negativity here immediately.,toxicity,individual,medium,0.5
"men, why are you so behind me",harassment,gender,medium,0.45
"this group, no need for you here",exclusion,group,medium,0.42
I think we are doing this without you !!!,exclusion,individual,medium,0.42
"everyone here, people like you never change",hate,group,high,0.8
"teacher, dont annoy me",aggression,teacher,medium,0.55
"Honestly, why cant you just stop and everyone agrees.",harassment,individual,high,0.5
It's obvious that this is only for selected people period.,exclusion,individual,medium,0.42
"Hey, stop bothering me about this",harassment,individual,medium,0.45
"guys, you are in serious trouble",threat,gender,medium,0.82
"Stop it, stop bothering me about this",harassment,individual,medium,0.45
"mindset, you are not part of this",exclusion,personal,medium,0.42
why are you always wrong,insult,individual,high,0.35
"men, you are so clueless",insult,gender,medium,0.3
"Seriously, dont start with me without a doubt.",aggression,individual,high,0.6
"Actually, your kind spoils the environment",hate,gender,medium,0.75
When is the next lab session??,neutral,unknown,medium,0.02
"nature, we already decided without you",exclusion,personal,medium,0.42
Is the class online or offline tomorrow??,neutral,social,medium,0.02
I think this space is not safe mentally for sure.,toxicity,gender,medium,0.5
"Stop it, this place is full of nonsense",toxicity,individual,medium,0.5
"Stop it, you are acting childish period.",insult,individual,medium,0.3
"class teacher, this space is not safe mentally",toxicity,teacher,medium,0.5
dont poke your nose,aggression,individual,medium,0.55
"girls, stop monitoring what i do",stalking,gender,medium,0.62
this group is very disturbing for real.,toxicity,group,medium,0.5
stop disturbing me during class,harassment,individual,medium,0.45
i cant stand people like you and it's annoying.,hate,individual,medium,0.75
"Look, do you even understand anything",insult,appearance,medium,0.3
"To be honest, this place feels suffocating so please stop.",toxicity,individual,medium,0.5
"guys, we already decided without you",exclusion,gender,medium,0.42
you will suffer for this and everyone agrees.,threat,individual,high,0.87
"In my opinion, this space is not safe mentally right now.",toxicity,gender,medium,0.5
"you guys, you will suffer for this",threat,group,medium,0.82
"reply, this is between us only",exclusion,social,medium,0.42
how many times should i say no,harassment,individual,medium,0.45
"Look, back off right now don't you think?",aggression,appearance,medium,0.55
It's obvious that this chat is mentally draining,toxicity,group,medium,0.5
Everyone knows control yourself,aggression,individual,high,0.6
i cant stand people like you immediately.,hate,individual,medium,0.75
"Listen, you asked for it don't you think?",threat,individual,medium,0.82
"Look, you cant escape from this",threat,appearance,medium,0.82
people like you never change and everyone agrees.,hate,individual,high,0.8
you cant escape from this,threat,individual,medium,0.82
stop getting involved and it's annoying.,aggression,individual,medium,0.55
dont push me beyond my limit without a doubt.,threat,individual,medium,0.82
you wont get away with this and it's sad.,threat,individual,medium,0.82
I think this place feels unhealthy,toxicity,individual,medium,0.5
Everyone knows please remove yourself immediately.,exclusion,individual,high,0.47
It's obvious that dont follow up again please,harassment,individual,medium,0.45
"Just so you know, this is such a dumb question for real.",insult,individual,medium,0.3
this group is full of drama period.,toxicity,group,medium,0.5
"height, this environment is really bad",toxicity,gender,medium,0.5
What time is the assignment due? Thanks.,neutral,gender,medium,0.02
you will face consequences for this,threat,appearance,medium,0.82
"To be honest, you will suffer for this",threat,individual,medium,0.82
"girls, dont annoy me",aggression,gender,medium,0.55
Everyone knows dont keep pinging me for no reason,harassment,individual,high,0.5
why are you always checking my status (no offense).,stalking,social,high,0.67
you dont have common sense without a doubt.,insult,individual,medium,0.3
dont lecture me without a doubt.,aggression,individual,medium,0.55
Everyone knows why do you always show up where i am,stalking,individual,high,0.67
"Basically, this group is very disturbing",toxicity,group,medium,0.5
Where can I find the syllabus??,neutral,academic,medium,0.02
this place feels suffocating for sure.,toxicity,individual,medium,0.5
"project, i told you already dont text me",harassment,academic,medium,0.45
you are not part of this for real.,exclusion,individual,medium,0.42
"looks, how many times should i say no",harassment,appearance,medium,0.45
"To be honest, this chat is mentally draining and everyone agrees.",toxicity,group,high,0.55
"Honestly, you mess up everything and it's annoying.",insult,individual,medium,0.3
you are embarrassing yourself for real.,insult,individual,medium,0.3
you dont belong in this level,insult,individual,medium,0.3
this chat is mentally draining (no offense).,toxicity,group,low,0.45
Everyone knows dont poke your nose for real.,aggression,individual,high,0.6
stop getting involved,aggression,individual,medium,0.55
no need for you here,exclusion,individual,medium,0.42
"looks strange, you are done now",threat,appearance,medium,0.82
"Actually, why do you always show up where i am and it's sad.",stalking,individual,high,0.67
"Stop it, you always ruin the mood and it's annoying.",insult,individual,high,0.35
"Seriously, stop talking rubbish",insult,individual,high,0.35
"Basically, why are you noticing my movements",stalking,gender,medium,0.62
"ladies, you sound really stupid",insult,gender,medium,0.3
"last seen, your kind spoils the environment",hate,gender,medium,0.75
why do you follow everything i do ... whatever.,stalking,individual,medium,0.62
I think stop irritating everyone !!!,aggression,individual,high,0.6
"To be honest, you dont belong in our circle and it's annoying.",exclusion,individual,medium,0.42
why do you always show up where i am for real.,stalking,individual,high,0.67
"looks weird, this chat is mentally draining",toxicity,group,medium,0.5
"Hey, we dont want you in this discussion",exclusion,individual,medium,0.42
"mentality, your type always ruins things",hate,gender,high,0.8
"approach, how many times should i say no",harassment,personal,medium,0.45
this chat is exhausting ... whatever.,toxicity,group,medium,0.5
"Look, you always talk nonsense",insult,appearance,high,0.35
why are you noticing my movements and it's annoying.,stalking,gender,medium,0.62
"looks funny, i will make sure everyone knows",threat,appearance,high,0.87
stop monitoring what i do (no offense).,stalking,individual,low,0.57
"Listen, dont start with me",aggression,individual,medium,0.55
Everyone knows go mind your work,aggression,individual,high,0.6
"Look, your kind is not welcome here immediately.",hate,appearance,medium,0.75
this group is full of drama and it's sad.,toxicity,group,medium,0.5
you never get anything right,insult,individual,high,0.35
i told you already dont text me,harassment,individual,medium,0.45
I think why are you always online when i come,stalking,social,high,0.67
people here spread negativity,toxicity,group,medium,0.5
"Basically, you never get anything right period.",insult,individual,high,0.35
"Stop it, we are tired of people like you don't you think?",hate,individual,medium,0.75
why do you keep observing me,stalking,individual,medium,0.62
I just wanted to say use your brain once (no offense).,insult,individual,low,0.25
you are hopeless,insult,individual,medium,0.3
"Honestly, dont keep reminding me again and again and it's annoying.",harassment,individual,medium,0.45
"attitude, you wont get away with this",threat,personal,medium,0.82
we dont want you in this discussion,exclusion,individual,medium,0.42
Good morning everyone. Thanks.,neutral,unknown,high,0.07
stop irritating everyone (no offense).,aggression,individual,high,0.6
"nature, we didnt include you on purpose",exclusion,personal,medium,0.42
"Actually, people here spread negativity",toxicity,group,medium,0.5
"Honestly, dont annoy me",aggression,individual,medium,0.55
"ladies, dont interfere in this",aggression,gender,medium,0.55
I just wanted to say why are you always in my dm,harassment,individual,high,0.5
we dont want you in this discussion !!!,exclusion,individual,medium,0.42
"Seriously, i will complain about you",threat,individual,high,0.87
why are you messaging me again,harassment,individual,medium,0.45
"last seen, stop spamming me",harassment,social,medium,0.45
I just wanted to say you are acting childish and it's annoying.,insult,individual,medium,0.3
"this class, why are you watching me silently",stalking,group,medium,0.62
"Hey, dont keep pinging me for no reason (no offense).",harassment,individual,low,0.4
stop keeping tabs on me,stalking,individual,medium,0.62
"Actually, control yourself (no offense).",aggression,individual,low,0.5
you dont belong in our circle so please stop.,exclusion,individual,medium,0.42
why are you checking my last seen and it's sad.,stalking,social,medium,0.62
"Stop it, your kind is not welcome here and it's annoying.",hate,individual,medium,0.75
"all of you, your type always ruins things",hate,group,high,0.8
"Look, everyone laughs at you don't you think?",insult,appearance,high,0.35
"Honestly, just wait and watch - just my opinion.",threat,individual,medium,0.82
"score, this environment is stressful",toxicity,gender,medium,0.5
"notes, your type should not be here",hate,academic,medium,0.75
stop forcing conversation and it's sad.,harassment,individual,medium,0.45
"Basically, you are such a burden !!!",insult,individual,medium,0.3
stop keeping tabs on me (no offense).,stalking,individual,low,0.57
"body, this chat is exhausting",toxicity,group,medium,0.5
this chat ruins my mood for sure.,toxicity,group,medium,0.5
why are you messaging me again immediately.,harassment,individual,medium,0.45
It's obvious that why do you know when i read messages,stalking,individual,medium,0.62
"Honestly, dont cross the line",aggression,individual,medium,0.55
"this circle, shut up now",aggression,group,medium,0.55
"Listen, shut up now",aggression,individual,medium,0.55
Everyone knows people like you make everything dirty,hate,individual,high,0.8
"Stop it, your kind spoils the environment (no offense).",hate,gender,low,0.7
"Stop it, people like you make everything dirty and it's sad.",hate,individual,medium,0.75
"coordinator, you asked for it",threat,teacher,medium,0.82
"Stop it, dont overdo it",aggression,individual,medium,0.55
"approach, this doesnt concern you",exclusion,personal,medium,0.42
Everyone knows stay out of this matter,exclusion,individual,high,0.47
you just dont get it right now.,insult,individual,medium,0.3
"notes, why are you always behind me",stalking,academic,high,0.67
Everyone knows this group is too negative and it's sad.,toxicity,group,high,0.55
"habit, you are not required",exclusion,personal,medium,0.42
dont follow up again please,harassment,individual,medium,0.45
It's obvious that you are not smart enough for this don't you think?,insult,individual,medium,0.3
stop forcing conversation for real.,harassment,individual,medium,0.45
people here are very problematic for real.,toxicity,group,medium,0.5
"personality, people like you are a headache",hate,personal,medium,0.75
you are such a burden and everyone agrees.,insult,individual,high,0.35
"Hey, Is there any update on the results?",neutral,academic,medium,0.02
"girls, you cant escape from this",threat,gender,medium,0.82
"Listen, i will report this to sir",threat,teacher,medium,0.82
"Stop it, dont act smart here",aggression,individual,medium,0.55
"Seriously, stop getting involved immediately.",aggression,individual,high,0.6
"thinking, dont keep asking the same thing",harassment,appearance,medium,0.45
"Actually, people like you never change so please stop.",hate,individual,high,0.8
"Listen, why are you so behind me (no offense).",harassment,individual,low,0.4
this chat is very unhealthy,toxicity,group,medium,0.5
Everyone knows dont keep pinging me for no reason right now.,harassment,individual,high,0.5
"Just so you know, stay in your limits",aggression,individual,medium,0.55
just wait and watch immediately.,threat,individual,medium,0.82
"Honestly, you dont need to be here ... whatever.",exclusion,individual,medium,0.42
"Seriously, you always talk nonsense and it's sad.",insult,individual,high,0.35
this group has become so toxic,toxicity,group,medium,0.5
Everyone knows leave me alone seriously,harassment,individual,high,0.5
you keep irritating me daily period.,harassment,individual,medium,0.45
this is only for selected people,exclusion,individual,medium,0.42
Everyone knows you make everything worse,insult,individual,high,0.35
"Stop it, why are you watching my profile daily immediately.",stalking,teacher,medium,0.62
why are you always online when i come,stalking,social,high,0.67
What time is the assignment due??,neutral,gender,medium,0.02
"Listen, control yourself",aggression,individual,medium,0.55
you will regret this later don't you think?,threat,individual,medium,0.82
why are you always behind me immediately.,stalking,individual,high,0.67
"In my opinion, we dont like people like you for real.",hate,individual,medium,0.75
"Basically, i cant stand people like you",hate,individual,medium,0.75
"sir, why are you messaging me again",harassment,teacher,medium,0.45
dont lecture me immediately.,aggression,individual,medium,0.55
"Seriously, dont annoy me immediately.",aggression,individual,high,0.6
"male students, why are you watching my profile daily",stalking,teacher,medium,0.62
"Look, dont message me late night for real.",harassment,appearance,medium,0.45
this chat is mentally draining immediately.,toxicity,group,medium,0.5
"Actually, this is such a dumb question and everyone agrees.",insult,individual,high,0.35
you will face consequences for this and it's sad.,threat,appearance,medium,0.82
i will complain about you,threat,individual,medium,0.82
"lecturer, go away from here",aggression,teacher,medium,0.55
It's obvious that dont keep reminding me again and again !!!,harassment,individual,medium,0.45
"behavior, i will complain about you",threat,personal,medium,0.82
"Just so you know, back off right now",aggression,individual,medium,0.55
"Listen, you mess up everything !!!",insult,individual,medium,0.3
you cant escape from this for sure.,threat,individual,medium,0.82
"Hey, you look foolish right now",insult,appearance,medium,0.3
Everyone knows you asked for it,threat,individual,high,0.87
"online, this chat is exhausting",toxicity,group,medium,0.5
grow up seriously,insult,individual,high,0.35
dont start with me,aggression,individual,medium,0.55
people like you never change,hate,individual,high,0.8
"Listen, this is embarrassing",insult,individual,medium,0.3
"Hey, people like you make everything dirty don't you think?",hate,individual,medium,0.75
dont keep pinging me for no reason for real.,harassment,individual,medium,0.45
you always talk nonsense and it's sad.,insult,individual,high,0.35
you are useless in group work ... whatever.,insult,individual,medium,0.3
"In my opinion, this group is not for you - just my opinion.",exclusion,group,medium,0.42
"Seriously, why do you keep noticing when i am active and it's annoying.",stalking,individual,high,0.67
"In my opinion, why are you watching my profile daily",stalking,teacher,medium,0.62
"girls, dont follow up again please",harassment,gender,medium,0.45
we didnt include you on purpose for sure.,exclusion,individual,medium,0.42
"Hey, Please check the group description.",neutral,unknown,medium,0.02
I think stop getting involved (no offense).,aggression,individual,low,0.5
"Just so you know, no need for you here",exclusion,individual,medium,0.42
this chat is mentally draining,toxicity,group,medium,0.5
why are you noticing my movements,stalking,gender,medium,0.62
"block, people like you never change",hate,social,high,0.8
we are tired of people like you and it's sad.,hate,individual,medium,0.75
It's obvious that dont push me beyond my limit !!!,threat,individual,medium,0.82
why do you know when i go offline,stalking,social,medium,0.62
"Stop it, you are not smart enough for this",insult,individual,medium,0.3
"To be honest, dont poke your nose",aggression,individual,medium,0.55
nobody takes you seriously so please stop.,insult,appearance,high,0.35
"guys, why are you checking my last seen",stalking,gender,medium,0.62
"Stop it, i told you already dont text me",harassment,individual,medium,0.45
why are you watching my profile daily without a doubt.,stalking,teacher,medium,0.62
"character, you sound really stupid",insult,personal,medium,0.3
your type always ruins things without a doubt.,hate,individual,high,0.8
go mind your work,aggression,individual,medium,0.55
"Look, we dont like people like you",hate,appearance,medium,0.75
"Look, this chat is very unhealthy",toxicity,group,medium,0.5
"story, people like you should stay away",hate,social,medium,0.75
"Look, i will report this to sir",threat,teacher,medium,0.82
"ladies, this is such a dumb question",insult,gender,medium,0.3
"Actually, dont keep reminding me again and again",harassment,individual,medium,0.45
stop monitoring what i do and it's sad.,stalking,individual,medium,0.62
I think you keep irritating me daily ... whatever.,harassment,individual,medium,0.45
"Actually, dont act smart here and everyone agrees.",aggression,individual,high,0.6
Everyone knows this place is full of nonsense,toxicity,individual,high,0.55
Does anyone understand this topic?,neutral,unknown,medium,0.02
"gpa, you keep irritating me daily",harassment,academic,medium,0.45
"hair, dont cross the line",aggression,appearance,medium,0.55
you dont need to be here right now.,exclusion,individual,medium,0.42
"Listen, you asked for it for sure.",threat,individual,medium,0.82
this place feels unhealthy and it's annoying.,toxicity,individual,medium,0.5
dont cross the line period.,aggression,individual,medium,0.55
you sound really stupid,insult,individual,medium,0.3
"Stop it, stop irritating everyone period.",aggression,individual,high,0.6
"semester, you never get anything right",insult,academic,high,0.35
"To be honest, better you leave this group and it's sad.",exclusion,group,medium,0.42
"In my opinion, stay in your limits",aggression,individual,medium,0.55
your kind is unwanted here,hate,individual,medium,0.75
"Just so you know, remember this moment for real.",threat,gender,medium,0.82
"To be honest, mind your own business and it's sad.",aggression,individual,medium,0.55
"dp, why do you keep calling me",harassment,social,medium,0.45
"Hey, your kind is unwanted here (no offense).",hate,individual,low,0.7
"Just so you know, stop talking nonsense period.",aggression,individual,medium,0.55
"Just so you know, why do you see my story every time ... whatever.",stalking,social,medium,0.62
grow up seriously ... whatever.,insult,individual,high,0.35
"Stop it, your kind is not welcome here immediately.",hate,individual,medium,0.75
this place feels suffocating for real.,toxicity,individual,medium,0.5
"marks, back off right now",aggression,academic,medium,0.55
I think why do you see my story every time period.,stalking,social,medium,0.62
you are everywhere i go for real.,stalking,individual,medium,0.62
we dont like people like you without a doubt.,hate,individual,medium,0.75
dont message me late night,harassment,individual,medium,0.45
"In my opinion, mind your own group",exclusion,individual,medium,0.42
"Honestly, you are so clueless",insult,individual,medium,0.3
"In my opinion, dont test my patience !!!",threat,academic,medium,0.82
stop keeping tabs on me immediately.,stalking,individual,medium,0.62
your kind is not welcome here for real.,hate,individual,medium,0.75
It's obvious that you are in serious trouble,threat,individual,medium,0.82
"skin, you always ruin the mood",insult,appearance,high,0.35
"Hey, you are hopeless ... whatever.",insult,individual,medium,0.3
"Honestly, why do you remember my timings",stalking,individual,medium,0.62
"guys, this group makes me uncomfortable",toxicity,group,medium,0.5
"Honestly, you wont get away with this",threat,individual,medium,0.82
stop forcing conversation don't you think?,harassment,individual,medium,0.45
dont test my patience !!!,threat,academic,medium,0.82
It's obvious that dont keep reminding me again and again,harassment,individual,medium,0.45
this environment is really bad for real.,toxicity,gender,medium,0.5
dont keep reminding me again and again immediately.,harassment,individual,medium,0.45
this doesnt concern you,exclusion,individual,medium,0.42
this environment is stressful,toxicity,gender,medium,0.5
"you all, we dont need people like you",hate,group,medium,0.75
why do you always show up where i am ... whatever.,stalking,individual,high,0.67
i told you already dont text me ... whatever.,harassment,individual,medium,0.45
"Actually, we are tired of people like you",hate,individual,medium,0.75
"To be honest, this group makes me uncomfortable",toxicity,group,medium,0.5
better you leave this group without a doubt.,exclusion,group,medium,0.42
you are embarrassing yourself and it's annoying.,insult,individual,medium,0.3
you make everything worse,insult,individual,medium,0.3
do you even understand anything,insult,individual,medium,0.3
"female students, mind your own business",aggression,gender,medium,0.55
"character, you asked for it",threat,personal,medium,0.82
"lecturer, stop bothering me about this",harassment,teacher,medium,0.45
"Actually, remember this moment",threat,gender,medium,0.82
why are you checking my last seen don't you think?,stalking,social,medium,0.62
we dont need people like you (no offense).,hate,individual,low,0.7
we already decided without you period.,exclusion,individual,medium,0.42
just wait and watch for real.,threat,individual,medium,0.82
Everyone knows dont keep asking the same thing ... whatever.,harassment,appearance,high,0.5
"Seriously, this group is too negative",toxicity,group,high,0.55
"Just so you know, better you leave this group so please stop.",exclusion,group,medium,0.42
"body, this group is full of drama",toxicity,group,medium,0.5
"Seriously, this doesnt concern you period.",exclusion,individual,high,0.47
use your brain once immediately.,insult,individual,medium,0.3
"syllabus, why do you remember my timings",stalking,academic,medium,0.62
"grade, back off right now",aggression,academic,medium,0.55
this group is full of drama,toxicity,group,medium,0.5
people like you should stay away ... whatever.,hate,individual,medium,0.75
Everyone knows why are you always online when i come and it's annoying.,stalking,social,high,0.67
"Actually, dont keep reminding me again and again for sure.",harassment,individual,medium,0.45
I just wanted to say what are you even saying right now.,insult,individual,medium,0.3
"this circle, remember this moment",threat,group,medium,0.82
people like you are a headache,hate,individual,medium,0.75
"block, this chat is very unhealthy",toxicity,group,medium,0.5
"Seriously, your type should not be here for sure.",hate,individual,high,0.8
why are you always checking my status !!!,stalking,social,high,0.67
"girls, you wont get away with this",threat,gender,medium,0.82
mind your own business so please stop.,aggression,individual,medium,0.55
this chat is exhausting for sure.,toxicity,group,medium,0.5
"guide, you are hopeless",insult,teacher,medium,0.3
Everyone knows this place feels suffocating,toxicity,individual,high,0.55
"Look, this place feels suffocating",toxicity,appearance,medium,0.5
"Honestly, better you leave this group so please stop.",exclusion,group,medium,0.42
I just wanted to say i cant stand people like you so please stop.,hate,individual,medium,0.75
"Actually, you are everywhere i go ... whatever.",stalking,individual,medium,0.62
"Stop it, this is only for selected people without a doubt.",exclusion,individual,medium,0.42
you wont get away with this without a doubt.,threat,individual,medium,0.82
"Stop it, stop tracking my activity",stalking,individual,medium,0.62
"Look, your kind is unwanted here",hate,appearance,medium,0.75
"approach, this is between us only",exclusion,personal,medium,0.42
"looks childish, stop chasing me for replies",harassment,appearance,medium,0.45
stop irritating everyone period.,aggression,individual,high,0.6
"Hey, Is the class online or offline tomorrow?",neutral,social,medium,0.02
"archive, this place feels unhealthy",toxicity,social,medium,0.5
"seen, keep quiet please",aggression,social,medium,0.55
I just wanted to say you are embarrassing yourself and it's annoying.,insult,individual,medium,0.3
i cant stand people like you,hate,individual,medium,0.75
this place is full of nonsense and it's annoying.,toxicity,individual,medium,0.5
stop tracking my activity - just my opinion.,stalking,individual,medium,0.62
"Stop it, i will report this to sir",threat,teacher,medium,0.82
"Look, grow up seriously period.",insult,appearance,high,0.35
"study, this is your last warning",threat,academic,medium,0.82
"homework, please remove yourself",exclusion,academic,medium,0.42
people like you make everything dirty don't you think?,hate,individual,medium,0.75
why do you see my story every time (no offense).,stalking,social,low,0.57
dont keep asking the same thing and everyone agrees.,harassment,appearance,high,0.5
you never get anything right and everyone agrees.,insult,individual,high,0.35
"marks, dont keep pinging me for no reason",harassment,academic,medium,0.45
"In my opinion, stop tracking my activity for sure.",stalking,individual,medium,0.62
I think dont interfere in this,aggression,individual,medium,0.55
I just wanted to say you are everywhere i go - just my opinion.,stalking,individual,medium,0.62
why are you so behind me,harassment,individual,medium,0.45
"lecturer, stop chasing me for replies",harassment,teacher,medium,0.45
you asked for it,threat,individual,medium,0.82
It's obvious that you are so clueless,insult,individual,medium,0.3
i will report this to sir immediately.,threat,teacher,medium,0.82
"archive, people like you are always the problem",hate,social,high,0.8
"Look, dont message me late night",harassment,appearance,medium,0.45
"Just so you know, people like you should stay away immediately.",hate,individual,medium,0.75
"Listen, you are not part of this",exclusion,individual,medium,0.42
"thinking, this chat is very unhealthy",toxicity,group,medium,0.5
"women, mind your own group",exclusion,gender,medium,0.42
this group is not for you don't you think?,exclusion,group,medium,0.42
go away from here and it's sad.,aggression,individual,medium,0.55
Everyone knows your kind is unwanted here - just my opinion.,hate,individual,high,0.8
"teacher, this is your last warning",threat,teacher,medium,0.82
"Just so you know, why are you always in my dm",harassment,individual,high,0.5
just wait and watch,threat,individual,medium,0.82
"homework, why are you always wrong",insult,academic,high,0.35
"female students, why do you see my story every time",stalking,gender,medium,0.62
"Listen, no need for you here period.",exclusion,individual,medium,0.42
It's obvious that i will report this to sir and everyone agrees.,threat,teacher,high,0.87
Everyone knows this is between us only,exclusion,individual,high,0.47
this doesnt concern you right now.,exclusion,individual,medium,0.42
"thinking, your type always ruins things",hate,personal,high,0.8
"assignment, you will suffer for this",threat,gender,medium,0.82
"behavior, dont poke your nose",aggression,personal,medium,0.55
"body, keep quiet please",aggression,appearance,medium,0.55
"Just so you know, people like you never change so please stop.",hate,individual,high,0.8
"Basically, stop forcing conversation !!!",harassment,individual,medium,0.45
"Listen, people here spread negativity so please stop.",toxicity,group,medium,0.5
"Hey, you dont need to be here",exclusion,individual,medium,0.42
"attitude, dont overdo it",aggression,personal,medium,0.55
Everyone knows just wait and watch,threat,individual,high,0.87
"Listen, people here spread negativity",toxicity,group,medium,0.5
"Stop it, mind your own group",exclusion,individual,medium,0.42
you will face consequences for this period.,threat,appearance,medium,0.82
I just wanted to say stop forcing conversation and it's sad.,harassment,individual,medium,0.45
"teacher, back off right now",aggression,teacher,medium,0.55
"exam, you dont belong in this level",insult,academic,medium,0.3
It's obvious that you dont belong in this level (no offense).,insult,individual,low,0.25
"style, nobody takes you seriously",insult,appearance,high,0.35
this environment is stressful so please stop.,toxicity,gender,medium,0.5
"Hey, leave me alone seriously",harassment,individual,high,0.5
why are you always online when i come so please stop.,stalking,social,high,0.67
I think go away from here,aggression,individual,medium,0.55
"hod, you are such a burden",insult,teacher,medium,0.3
I just wanted to say this will not end well for you,threat,individual,medium,0.82
this group is full of drama and everyone agrees.,toxicity,group,high,0.55
"male students, you cant escape from this",threat,gender,medium,0.82
"Basically, stop forcing conversation without a doubt.",harassment,individual,medium,0.45
"skin, how many times should i say no",harassment,appearance,medium,0.45
"Honestly, this is such a dumb question right now.",insult,individual,medium,0.3
"looks, this doesnt concern you",exclusion,appearance,medium,0.42
"habits, stop getting involved",aggression,personal,medium,0.55
I think this doesnt concern you don't you think?,exclusion,individual,medium,0.42
"Honestly, stop stalking me",stalking,individual,medium,0.62
"Actually, why are you always in my dm immediately.",harassment,individual,high,0.5
why do you know when i read messages,stalking,individual,medium,0.62
"women, stop texting me every day",harassment,gender,medium,0.45
"this circle, dont think this will go unnoticed",threat,group,medium,0.82
I just wanted to say you dont have common sense,insult,individual,medium,0.3
stop bothering me about this !!!,harassment,individual,medium,0.45
"female students, you wont get away with this",threat,gender,medium,0.82
"Seriously, this group has become so toxic ... whatever.",toxicity,group,high,0.55
"mentor, i cant stand people like you",hate,teacher,medium,0.75
"this community, your type always ruins things",hate,group,high,0.8
why are you watching me silently and it's sad.,stalking,individual,medium,0.62
"Listen, why are you checking my last seen",stalking,social,medium,0.62
"Listen, you are in serious trouble",threat,individual,medium,0.82
we dont like people like you,hate,individual,medium,0.75
"class teacher, you are not smart enough for this",insult,teacher,medium,0.3
"offline, people like you never change",hate,social,high,0.8
"Basically, this will not end well for you",threat,individual,medium,0.82
Everyone knows you never get anything right and everyone agrees.,insult,individual,high,0.35
"Hey, people like you make everything dirty - just my opinion.",hate,individual,medium,0.75
It's obvious that why are you always in my dm,harassment,individual,high,0.5
"Basically, stay in your limits",aggression,individual,medium,0.55
"Hey, we dont need people like you ... whatever.",hate,individual,medium,0.75
you are embarrassing yourself,insult,individual,medium,0.3
you always talk nonsense - just my opinion.,insult,individual,high,0.35
why cant you just stop ... whatever.,harassment,individual,medium,0.45
i will make sure everyone knows,threat,individual,high,0.87
"all of you, people like you are a headache",hate,group,medium,0.75
i will make sure everyone knows immediately.,threat,individual,high,0.87
"Stop it, there is too much negativity here ... whatever.",toxicity,individual,medium,0.5
you are not part of this (no offense).,exclusion,individual,low,0.37
dont interfere in this,aggression,individual,medium,0.55
"Hey, you asked for it period.",threat,individual,medium,0.82
"cgpa, your type should not be here",hate,academic,medium,0.75
"Look, this group is not for you",exclusion,group,medium,0.42
I just wanted to say how many times should i say no,harassment,individual,medium,0.45
It's obvious that are you seriously this dumb and it's annoying.,insult,individual,high,0.35
"everyone here, why are you always in my dm",harassment,group,high,0.5
It's obvious that this environment is really bad,toxicity,gender,medium,0.5
do you even understand anything for real.,insult,individual,medium,0.3
"female students, this chat ruins my mood",toxicity,group,medium,0.5
"approach, this group is too negative",toxicity,group,medium,0.5
"Actually, you never get anything right",insult,individual,high,0.35
"Basically, you asked for it",threat,individual,medium,0.82
"To be honest, stop getting involved",aggression,individual,medium,0.55
"Hey, stop getting involved",aggression,individual,medium,0.55
"offline, you cant escape from this",threat,social,medium,0.82
"Hey, dont keep pinging me for no reason",harassment,individual,medium,0.45
"teacher, you dont need to be here",exclusion,teacher,medium,0.42
"Look, i will expose what you did",threat,appearance,medium,0.82
"Look, this group makes me uncomfortable and it's annoying.",toxicity,group,medium,0.5
"Seriously, you dont have common sense and everyone agrees.",insult,individual,high,0.35
"In my opinion, you are everywhere i go right now.",stalking,individual,medium,0.62
this place is full of nonsense,toxicity,individual,medium,0.5
"Honestly, why are you checking my last seen ... whatever.",stalking,social,medium,0.62
"exam, you dont need to be here",exclusion,academic,medium,0.42
"Seriously, you just dont get it",insult,individual,high,0.35
why are you always checking my status,stalking,social,high,0.67
this environment is really bad and it's annoying.,toxicity,gender,medium,0.5
"Listen, stop disturbing me during class !!!",harassment,individual,medium,0.45
"Look, we dont need people like you don't you think?",hate,appearance,medium,0.75
"Listen, you wont get away with this so please stop.",threat,individual,medium,0.82
"this circle, we didnt include you on purpose",exclusion,group,medium,0.42
dont cross the line,aggression,individual,medium,0.55
"entire group, we dont need people like you",hate,group,medium,0.75
"habit, stay in your limits",aggression,personal,medium,0.55
this is not meant for you !!!,exclusion,individual,medium,0.42
your type always ruins things,hate,individual,high,0.8
"Listen, why do you keep noticing when i am active for sure.",stalking,individual,medium,0.62
dont push me beyond my limit don't you think?,threat,individual,medium,0.82
"Honestly, why are you messaging me again",harassment,individual,medium,0.45
remember this moment,threat,gender,medium,0.82
It's obvious that just wait and watch,threat,individual,medium,0.82
"Stop it, why do you know when i read messages",stalking,individual,medium,0.62
"dress, stay out of this matter",exclusion,appearance,medium,0.42
"Look, people like you dont deserve respect immediately.",hate,appearance,medium,0.75
It's obvious that dont keep pinging me for no reason,harassment,individual,medium,0.45
It's obvious that people like you dont deserve respect,hate,individual,medium,0.75
this group makes me uncomfortable and everyone agrees.,toxicity,group,high,0.55
people like you are a headache (no offense).,hate,individual,low,0.7
"whole class, control yourself",aggression,group,medium,0.55
Everyone knows i will make sure everyone knows (no offense).,threat,individual,high,0.87
stop tracking my activity right now.,stalking,individual,medium,0.62
"semester, you wont get away with this",threat,academic,medium,0.82
this is only for selected people !!!,exclusion,individual,medium,0.42
why do you always show up where i am and it's annoying.,stalking,individual,high,0.67
"Look, go mind your work",aggression,appearance,medium,0.55
stop spamming me right now.,harassment,individual,medium,0.45
I just wanted to say people like you make everything dirty period.,hate,individual,medium,0.75
stop stalking me,stalking,individual,medium,0.62
stop talking nonsense and everyone agrees.,aggression,individual,high,0.6
"backlogs, stay out of my matters",aggression,academic,medium,0.55
"Hey, you mess up everything for sure.",insult,individual,medium,0.3
Everyone knows back off right now,aggression,individual,high,0.6
"this crowd, this environment is stressful",toxicity,group,medium,0.5
I just wanted to say why do you keep calling me !!!,harassment,individual,medium,0.45
"attitude, people like you make everything dirty",hate,personal,medium,0.75
"unfollow, no need for you here",exclusion,social,medium,0.42
"Listen, this chat is mentally draining",toxicity,group,medium,0.5
we didnt include you on purpose,exclusion,individual,medium,0.42
"In my opinion, stop stalking me",stalking,individual,medium,0.62
I think you are done now !!!,threat,individual,medium,0.82
"Stop it, you wont get away with this without a doubt.",threat,individual,medium,0.82
"habits, you are embarrassing yourself",insult,personal,medium,0.3
"Just so you know, do you even understand anything",insult,individual,medium,0.3
"Look, people like you never change and it's sad.",hate,appearance,high,0.8
why do you know when i read messages and it's annoying.,stalking,individual,medium,0.62
you mess up everything don't you think?,insult,individual,medium,0.3
"Stop it, why do you follow everything i do",stalking,individual,medium,0.62
"Stop it, dont involve yourself here",exclusion,individual,medium,0.42
"Honestly, please remove yourself",exclusion,individual,medium,0.42
you are not smart enough for this period.,insult,individual,medium,0.3
"Look, dont start with me period.",aggression,appearance,medium,0.55
"Seriously, i will report this to sir",threat,teacher,high,0.87
"lab record, you asked for it",threat,academic,medium,0.82
why are you always checking my status for sure.,stalking,social,high,0.67
"block, this environment is really bad",toxicity,gender,medium,0.5
Everyone knows we dont like people like you - just my opinion.,hate,individual,high,0.8
"Listen, you dont have common sense without a doubt.",insult,individual,medium,0.3
stop tracking my activity,stalking,individual,medium,0.62
"Just so you know, people like you are a headache don't you think?",hate,individual,medium,0.75
"Look, you make everything worse !!!",insult,appearance,medium,0.3
It's obvious that you dont belong in this level,insult,individual,medium,0.3
It's obvious that you mess up everything and it's annoying.,insult,individual,medium,0.3
"To be honest, you cant escape from this (no offense).",threat,individual,low,0.77
"Seriously, you are not required without a doubt.",exclusion,individual,high,0.47
"this class, mind your own group",exclusion,group,medium,0.42
Everyone knows this group has become so toxic,toxicity,group,high,0.55
"look, we dont want you in this discussion",exclusion,appearance,medium,0.42
"To be honest, your kind spoils the environment",hate,gender,medium,0.75
"Hey, you dont need to be here ... whatever.",exclusion,individual,medium,0.42
"Seriously, this space is not safe mentally",toxicity,gender,high,0.55
"offline, why are you always checking my status",stalking,social,high,0.67
"Listen, you make everything worse don't you think?",insult,individual,medium,0.3
Everyone knows this chat ruins my mood for sure.,toxicity,group,high,0.55
"ladies, stop talking rubbish",insult,gender,medium,0.3
"seen, you dont need to be here",exclusion,social,medium,0.42
you are not part of this so please stop.,exclusion,individual,medium,0.42
"boys, you are not required",exclusion,gender,medium,0.42
"lecturer, leave me alone seriously",harassment,teacher,high,0.5
why are you always in my dm and everyone agrees.,harassment,individual,high,0.5
"madam, stop tracking my activity",stalking,teacher,medium,0.62
"seen, dont keep reminding me again and again",harassment,social,medium,0.45
"syllabus, your kind is not welcome here",hate,academic,medium,0.75
"looks ugly, this is not meant for you",exclusion,appearance,medium,0.42
"Just so you know, people here spread negativity",toxicity,group,medium,0.5
dont annoy me,aggression,individual,medium,0.55
"Look, why are you always checking my status",stalking,appearance,high,0.67
we dont need people like you,hate,individual,medium,0.75
"Listen, why are you always wrong",insult,individual,high,0.35
"Just so you know, your kind is unwanted here - just my opinion.",hate,individual,medium,0.75
"Honestly, this doesnt concern you",exclusion,individual,medium,0.42
"Just so you know, people like you never change without a doubt.",hate,individual,high,0.8
"maam, i cant stand people like you",hate,teacher,medium,0.75
we dont need people like you for sure.,hate,individual,medium,0.75
you will regret this later (no offense).,threat,individual,low,0.77
"hair, mind your own group",exclusion,appearance,medium,0.42
"Just so you know, you are not smart enough for this",insult,individual,medium,0.3
dont involve yourself here period.,exclusion,individual,medium,0.42
"Basically, you will pay for what you did",threat,individual,medium,0.82
why are you messaging me again period.,harassment,individual,medium,0.45
you are in serious trouble don't you think?,threat,individual,medium,0.82
"To be honest, why are you always in my dm",harassment,individual,high,0.5
"women, how many times should i say no",harassment,gender,medium,0.45
we didnt include you on purpose so please stop.,exclusion,individual,medium,0.42
I think this chat is mentally draining,toxicity,group,medium,0.5
I think what are you even saying for sure.,insult,individual,medium,0.3
"habit, this is not meant for you",exclusion,personal,medium,0.42
"Look, you will pay for what you did",threat,appearance,medium,0.82
"everyone here, why cant you just stop",harassment,group,high,0.5
"Hey, this place feels unhealthy immediately.",toxicity,individual,medium,0.5
dont cross the line and it's annoying.,aggression,individual,medium,0.55
I think people like you never change for sure.,hate,individual,high,0.8
"In my opinion, people like you never change and it's sad.",hate,individual,high,0.8
"behavior, you keep irritating me daily",harassment,personal,medium,0.45
"style, this environment is stressful",toxicity,gender,medium,0.5
"Seriously, this doesnt concern you !!!",exclusion,individual,high,0.47
go mind your work and everyone agrees.,aggression,individual,high,0.6
"block, we didnt include you on purpose",exclusion,social,medium,0.42
this group is full of drama (no offense).,toxicity,group,low,0.45
"Honestly, control yourself immediately.",aggression,individual,medium,0.55
"Honestly, you are not smart enough for this",insult,individual,medium,0.3
"Honestly, this chat is exhausting",toxicity,group,medium,0.5
you will suffer for this period.,threat,individual,medium,0.82
back off right now right now.,aggression,individual,medium,0.55
"blue tick, are you seriously this dumb",insult,social,high,0.35
I just wanted to say stop getting involved and everyone agrees.,aggression,individual,high,0.6
back off right now for real.,aggression,individual,medium,0.55
this group is not for you,exclusion,group,medium,0.42
"To be honest, this doesnt concern you for sure.",exclusion,individual,medium,0.42
this environment is stressful don't you think?,toxicity,gender,medium,0.5
why do you know when i read messages (no offense).,stalking,individual,low,0.57
"looks, your type always ruins things",hate,appearance,high,0.8
"hod, you are done now",threat,teacher,medium,0.82
"Honestly, stop forcing conversation without a doubt.",harassment,individual,medium,0.45
"boys, why are you so behind me",harassment,gender,medium,0.45
It's obvious that you are so clueless period.,insult,individual,medium,0.3
we are tired of people like you and it's annoying.,hate,individual,medium,0.75
you will suffer for this right now.,threat,individual,medium,0.82
mind your own group,exclusion,individual,medium,0.42
"Hey, we dont need people like you",hate,individual,medium,0.75
"Basically, why are you checking my last seen",stalking,social,medium,0.62
"Basically, this doesnt concern you (no offense).",exclusion,individual,low,0.37
Everyone knows why are you always behind me ... whatever.,stalking,individual,high,0.67
"nature, what are you even saying",insult,personal,medium,0.3
dont overdo it !!!,aggression,individual,medium,0.55
"Look, stay out of my matters",aggression,appearance,medium,0.55
why do you know when i read messages immediately.,stalking,individual,medium,0.62
"coordinator, we already decided without you",exclusion,teacher,medium,0.42
I think i will expose what you did,threat,individual,medium,0.82
"this class, stop texting me every day",harassment,group,medium,0.45
"Hey, better you leave this group",exclusion,group,medium,0.42
dont test my patience ... whatever.,threat,academic,medium,0.82
"hair, this chat is exhausting",toxicity,group,medium,0.5
"view, stop disturbing me during class",harassment,social,medium,0.45
"To be honest, you dont belong in this level immediately.",insult,individual,medium,0.3
"Hey, you are useless in group work and it's sad.",insult,individual,medium,0.3
I just wanted to say people here spread negativity for real.,toxicity,group,medium,0.5
I think why are you so behind me,harassment,individual,medium,0.45
"study, this place feels unhealthy",toxicity,academic,medium,0.5
this will not end well for you,threat,individual,medium,0.82
"last seen, stop chasing me for replies",harassment,social,medium,0.45
I think this chat is exhausting,toxicity,group,medium,0.5
"unfollow, this is your last warning",threat,social,medium,0.82
do you even understand anything right now.,insult,individual,medium,0.3
"Just so you know, mind your own group",exclusion,individual,medium,0.42
"Look, this chat is mentally draining",toxicity,group,medium,0.5
this is such a dumb question,insult,individual,medium,0.3
"Stop it, why do you keep calling me and it's annoying.",harassment,individual,medium,0.45
"Actually, how many times should i say no and it's annoying.",harassment,individual,medium,0.45
"Basically, we already decided without you",exclusion,individual,medium,0.42
"Look, dont test my patience and it's sad.",threat,appearance,medium,0.82
"attitude, why do you know when i go offline",stalking,personal,medium,0.62
there is too much negativity here !!!,toxicity,individual,medium,0.5
stop spamming me for real.,harassment,individual,medium,0.45
"Hey, stop keeping tabs on me",stalking,individual,medium,0.62
"To be honest, people here spread negativity",toxicity,group,medium,0.5
do you even understand anything ... whatever.,insult,individual,medium,0.3
you are not part of this,exclusion,individual,medium,0.42
"Look, stop texting me every day",harassment,appearance,medium,0.45
"Look, we are tired of people like you",hate,appearance,medium,0.75
people like you should stay away,hate,individual,medium,0.75
"In my opinion, stop forcing conversation don't you think?",harassment,individual,medium,0.45
"Stop it, why are you always online when i come - just my opinion.",stalking,social,high,0.67
"Actually, this group is full of drama and it's sad.",toxicity,group,medium,0.5
stop monitoring what i do don't you think?,stalking,individual,medium,0.62
"lecturer, nobody takes you seriously",insult,teacher,high,0.35
people like you should stay away so please stop.,hate,individual,medium,0.75
"online, mind your own group",exclusion,social,medium,0.42
"In my opinion, why are you watching me silently - just my opinion.",stalking,individual,medium,0.62
"Stop it, why do you remember my timings don't you think?",stalking,individual,medium,0.62
"Look, do you even understand anything and it's annoying.",insult,appearance,medium,0.3
Everyone knows dont lecture me and it's annoying.,aggression,individual,high,0.6
"Listen, why cant you just stop for sure.",harassment,individual,medium,0.45
"Listen, nobody takes you seriously and it's sad.",insult,appearance,high,0.35
"In my opinion, you will face consequences for this so please stop.",threat,appearance,medium,0.82
"Basically, why are you so slow and it's sad.",insult,individual,medium,0.3
dont cross the line immediately.,aggression,individual,medium,0.55
you just dont get it,insult,individual,medium,0.3
"boys, why are you always online when i come",stalking,gender,high,0.67
"To be honest, why are you so behind me",harassment,individual,medium,0.45
why do you always show up where i am !!!,stalking,individual,high,0.67
"habits, dont keep reminding me again and again",harassment,personal,medium,0.45
this group makes me uncomfortable,toxicity,group,medium,0.5
"Hey, why do you keep calling me",harassment,individual,medium,0.45
"Honestly, you are acting childish and everyone agrees.",insult,individual,high,0.35
Everyone knows this group makes me uncomfortable without a doubt.,toxicity,group,high,0.55
this chat ruins my mood so please stop.,toxicity,group,medium,0.5
why are you checking my last seen ... whatever.,stalking,social,medium,0.62
you sound really stupid ... whatever.,insult,individual,medium,0.3
"Look, this is not meant for you",exclusion,appearance,medium,0.42
"To be honest, you are not part of this",exclusion,individual,medium,0.42
people here are very problematic and it's sad.,toxicity,group,medium,0.5
we dont like people like you - just my opinion.,hate,individual,medium,0.75
stay out of this matter for sure.,exclusion,individual,medium,0.42
Everyone knows dont act smart here,aggression,individual,high,0.6
"internals, this group is not for you",exclusion,group,medium,0.42
this is your last warning and it's annoying.,threat,individual,medium,0.82
"Actually, mind your own group without a doubt.",exclusion,individual,medium,0.42
you keep irritating me daily,harassment,individual,medium,0.45
"this section, why are you watching me silently",stalking,group,medium,0.62
"Listen, stop bothering me about this - just my opinion.",harassment,individual,medium,0.45
you are useless in group work (no offense).,insult,individual,low,0.25
you are acting childish !!!,insult,individual,medium,0.3
"Basically, this space is not safe mentally",toxicity,gender,medium,0.5
"In my opinion, dont annoy me",aggression,individual,medium,0.55
"Hey, stop disturbing me during class",harassment,individual,medium,0.45
"reply, your type always ruins things",hate,social,high,0.8
"In my opinion, dont involve yourself here",exclusion,individual,medium,0.42
this chat is mentally draining for real.,toxicity,group,medium,0.5
"Listen, this group is very disturbing right now.",toxicity,group,medium,0.5
you are not invited to this immediately.,exclusion,individual,medium,0.42
this place feels unhealthy (no offense).,toxicity,individual,low,0.45
stop spamming me so please stop.,harassment,individual,medium,0.45
"Look, go away from here for real.",aggression,appearance,medium,0.55
you are acting childish and everyone agrees.,insult,individual,high,0.35
"Basically, stop bothering me about this",harassment,individual,medium,0.45
It's obvious that stop spamming me,harassment,individual,medium,0.45
people like you are a headache ... whatever.,hate,individual,medium,0.75
"study, your type always ruins things",hate,academic,high,0.8
"women, you sound really stupid",insult,gender,medium,0.3
"Seriously, control yourself",aggression,individual,high,0.6
"Just so you know, leave me alone seriously for sure.",harassment,individual,high,0.5
"In my opinion, i will make sure everyone knows",threat,individual,high,0.87
we dont like people like you right now.,hate,individual,medium,0.75
"In my opinion, stop forcing conversation",harassment,individual,medium,0.45
"Listen, why do you keep observing me",stalking,individual,medium,0.62
stop texting me every day,harassment,individual,medium,0.45
"Seriously, stop talking nonsense",aggression,individual,high,0.6
"Stop it, stop spamming me",harassment,individual,medium,0.45
"friends, why do you keep calling me",harassment,social,medium,0.45
"Just so you know, why do you keep observing me",stalking,individual,medium,0.62
everyone laughs at you,insult,individual,high,0.35
"this circle, this group makes me uncomfortable",toxicity,group,medium,0.5
"Seriously, your type always ruins things and everyone agrees.",hate,individual,high,0.8
dont keep asking the same thing - just my opinion.,harassment,appearance,medium,0.45
It's obvious that you are done now,threat,individual,medium,0.82
stay in your limits,aggression,individual,medium,0.55
I think this group makes me uncomfortable,toxicity,group,medium,0.5
Everyone knows this place feels unhealthy and everyone agrees.,toxicity,individual,high,0.55
I just wanted to say why do you keep calling me,harassment,individual,medium,0.45
dont keep pinging me for no reason,harassment,individual,medium,0.45
"Stop it, why do you remember my timings",stalking,individual,medium,0.62
"In my opinion, mind your own business",aggression,individual,medium,0.55
"attendance, people here are very problematic",toxicity,group,medium,0.5
"Honestly, dont poke your nose so please stop.",aggression,individual,medium,0.55
this place feels suffocating and it's sad.,toxicity,individual,medium,0.5
why do you keep calling me - just my opinion.,harassment,individual,medium,0.45
dont keep reminding me again and again,harassment,individual,medium,0.45
dont overdo it and it's sad.,aggression,individual,medium,0.55
"block, stop texting me every day",harassment,social,medium,0.45
Everyone knows why do you keep observing me and everyone agrees.,stalking,individual,high,0.67
you are not smart enough for this,insult,individual,medium,0.3
"Actually, dont keep asking the same thing for real.",harassment,appearance,medium,0.45
"To be honest, this doesnt concern you ... whatever.",exclusion,individual,medium,0.42
"habit, this place feels unhealthy",toxicity,personal,medium,0.5
"story, people here spread negativity",toxicity,group,medium,0.5
"Stop it, go away from here (no offense).",aggression,individual,low,0.5
we dont need people like you !!!,hate,individual,medium,0.75
"guide, we dont need people like you",hate,teacher,medium,0.75
we are tired of people like you right now.,hate,individual,medium,0.75
why do you always show up where i am so please stop.,stalking,individual,high,0.67
"Stop it, why are you so slow and everyone agrees.",insult,individual,high,0.35
"Stop it, you will regret this later right now.",threat,individual,medium,0.82
"Actually, go mind your work so please stop.",aggression,individual,medium,0.55
"last seen, people like you never change",hate,social,high,0.8
"this chat, there is too much negativity here",toxicity,group,medium,0.5
dont follow up again please ... whatever.,harassment,individual,medium,0.45
remember this moment (no offense).,threat,gender,low,0.77
I just wanted to say people like you should stay away ... whatever.,hate,individual,medium,0.75
"Just so you know, this group is very disturbing",toxicity,group,medium,0.5
"view, people here are very problematic",toxicity,group,medium,0.5
why are you watching my profile daily for real.,stalking,teacher,medium,0.62
go away from here immediately.,aggression,individual,medium,0.55
I think stop disturbing me during class,harassment,individual,medium,0.45
"Basically, everyone laughs at you right now.",insult,individual,high,0.35
leave me alone seriously immediately.,harassment,individual,high,0.5
"Listen, dont keep asking the same thing",harassment,appearance,medium,0.45
this is your last warning,threat,individual,medium,0.82
"Listen, keep quiet please and it's sad.",aggression,individual,medium,0.55
you will suffer for this,threat,individual,medium,0.82
"Hey, dont act smart here",aggression,individual,medium,0.55
"Look, no need for you here !!!",exclusion,appearance,medium,0.42
"class teacher, you are hopeless",insult,teacher,medium,0.3
"Hey, nobody takes you seriously",insult,appearance,high,0.35
I think stop keeping tabs on me period.,stalking,individual,medium,0.62
"In my opinion, why do you keep observing me",stalking,individual,medium,0.62
"Basically, this chat is very unhealthy right now.",toxicity,group,medium,0.5
this group is too negative without a doubt.,toxicity,group,medium,0.5
dont keep pinging me for no reason and everyone agrees.,harassment,individual,high,0.5
I think you are not required,exclusion,individual,medium,0.42
"madam, you will pay for what you did",threat,teacher,medium,0.82
"Basically, this is not meant for you !!!",exclusion,individual,medium,0.42
"Honestly, you are not invited to this",exclusion,individual,medium,0.42
we dont need people like you don't you think?,hate,individual,medium,0.75
"Listen, why are you always online when i come ... whatever.",stalking,social,high,0.67
"Stop it, you dont need to be here (no offense).",exclusion,individual,low,0.37
we didnt include you on purpose and it's sad.,exclusion,individual,medium,0.42
"looks funny, why are you messaging me again",harassment,appearance,medium,0.45
"Look, this place feels unhealthy",toxicity,appearance,medium,0.5
"Basically, dont cross the line and it's sad.",aggression,individual,medium,0.55
"approach, stop monitoring what i do",stalking,personal,medium,0.62
"In my opinion, you are so clueless",insult,individual,medium,0.3
"Look, stay in your limits (no offense).",aggression,appearance,low,0.5
Everyone knows grow up seriously,insult,individual,high,0.35
are you seriously this dumb and everyone agrees.,insult,individual,high,0.35
this will not end well for you and it's sad.,threat,individual,medium,0.82
"Hey, you are such a burden",insult,individual,medium,0.3
we didnt include you on purpose without a doubt.,exclusion,individual,medium,0.42
this doesnt concern you without a doubt.,exclusion,individual,medium,0.42
dont start with me so please stop.,aggression,individual,medium,0.55
"Basically, your type should not be here and it's sad.",hate,individual,medium,0.75
"To be honest, this chat is mentally draining",toxicity,group,medium,0.5
better you leave this group for sure.,exclusion,group,medium,0.42
why are you watching me silently,stalking,individual,medium,0.62
you are acting childish,insult,individual,medium,0.3
I think you keep irritating me daily,harassment,individual,medium,0.45
"skin, you are hopeless",insult,appearance,medium,0.3
"Hey, dont interfere in this and it's sad.",aggression,individual,medium,0.55
"Seriously, dont start with me",aggression,individual,high,0.6
"Actually, you asked for it",threat,individual,medium,0.82
Everyone knows i cant stand people like you,hate,individual,high,0.8
dont act smart here so please stop.,aggression,individual,medium,0.55
leave me alone seriously so please stop.,harassment,individual,high,0.5
"Seriously, you are done now period.",threat,individual,high,0.87
"Honestly, i will report this to sir",threat,teacher,medium,0.82
"Hey, why do you know when i read messages so please stop.",stalking,individual,medium,0.62
i will make sure everyone knows so please stop.,threat,individual,high,0.87
"In my opinion, this group is full of drama",toxicity,group,medium,0.5
leave me alone seriously !!!,harassment,individual,high,0.5
"offline, this chat ruins my mood",toxicity,group,medium,0.5
"Seriously, dont involve yourself here",exclusion,individual,high,0.47
It's obvious that i will complain about you right now.,threat,individual,medium,0.82
"habit, this environment is stressful",toxicity,gender,medium,0.5
"Basically, your type should not be here ... whatever.",hate,individual,medium,0.75
"everyone here, why do you follow everything i do",stalking,group,high,0.67
I just wanted to say this environment is really bad right now.,toxicity,gender,medium,0.5
stop tracking my activity so please stop.,stalking,individual,medium,0.62
stop talking nonsense right now.,aggression,individual,medium,0.55
this group is very disturbing right now.,toxicity,group,medium,0.5
"mindset, this place feels suffocating",toxicity,personal,medium,0.5
"nature, dont keep reminding me again and again",harassment,personal,medium,0.45
"Hey, shut up now",aggression,individual,medium,0.55
"Listen, this group makes me uncomfortable and everyone agrees.",toxicity,group,high,0.55
this environment is really bad without a doubt.,toxicity,gender,medium,0.5
"Basically, dont poke your nose for real.",aggression,individual,medium,0.55
"Listen, this environment is really bad",toxicity,gender,medium,0.5
"Listen, this space is not safe mentally",toxicity,gender,medium,0.5
you look foolish right now !!!,insult,appearance,medium,0.3
this is between us only,exclusion,individual,medium,0.42
Everyone knows why are you so behind me,harassment,individual,high,0.5
"record work, i will report this to sir",threat,teacher,medium,0.82
this place feels unhealthy,toxicity,individual,medium,0.5
"Just so you know, better you leave this group",exclusion,group,medium,0.42
"dress, you are done now",threat,appearance,medium,0.82
"Actually, stop talking rubbish ... whatever.",insult,individual,medium,0.3
why are you always in my dm without a doubt.,harassment,individual,high,0.5
"To be honest, people like you dont deserve respect",hate,individual,medium,0.75
"Basically, keep quiet please",aggression,individual,medium,0.55
"blue tick, stay out of my matters",aggression,social,medium,0.55
this environment is really bad,toxicity,gender,medium,0.5
stop texting me every day !!!,harassment,individual,medium,0.45
"Just so you know, you are useless in group work",insult,individual,medium,0.3
"Just so you know, dont test my patience immediately.",threat,academic,medium,0.82
you will pay for what you did right now.,threat,individual,medium,0.82
"Honestly, we dont want you in this discussion don't you think?",exclusion,individual,medium,0.42
"Basically, this group makes me uncomfortable don't you think?",toxicity,group,medium,0.5
"male students, i told you already dont text me",harassment,gender,medium,0.45
"ladies, this is between us only",exclusion,gender,medium,0.42
dont think this will go unnoticed without a doubt.,threat,individual,medium,0.82
why cant you just stop so please stop.,harassment,individual,medium,0.45
"Basically, this chat is very unhealthy",toxicity,group,medium,0.5
stop monitoring what i do ... whatever.,stalking,individual,medium,0.62
"mentality, we dont want you in this discussion",exclusion,gender,medium,0.42
"homework, go mind your work",aggression,academic,medium,0.55
"Look, this group is too negative period.",toxicity,group,medium,0.5
It's obvious that dont cross the line,aggression,individual,medium,0.55
Everyone knows how many times should i say no right now.,harassment,individual,high,0.5
"this group, dont push me beyond my limit",threat,group,medium,0.82
your kind is not welcome here - just my opinion.,hate,individual,medium,0.75
you dont belong in this level period.,insult,individual,medium,0.3
why are you so behind me for sure.,harassment,individual,medium,0.45
"female students, dont act smart here",aggression,gender,medium,0.55
"people here, dont act smart here",aggression,group,medium,0.55
"To be honest, this chat ruins my mood for real.",toxicity,group,medium,0.5
"appearance, stop spamming me",harassment,appearance,medium,0.45
"semester, how many times should i say no",harassment,academic,medium,0.45
"madam, why are you checking my last seen",stalking,teacher,medium,0.62
this group is not for you and it's annoying.,exclusion,group,medium,0.42
"internals, there is too much negativity here",toxicity,academic,medium,0.5
you are so clueless,insult,individual,medium,0.3
we are tired of people like you for sure.,hate,individual,medium,0.75
you make everything worse and it's sad.,insult,individual,medium,0.3
why are you always in my dm,harassment,individual,high,0.5
I think dont interfere in this (no offense).,aggression,individual,low,0.5
"record work, you dont have common sense",insult,academic,medium,0.3
Everyone knows you will suffer for this for sure.,threat,individual,high,0.87
why are you watching my profile daily and everyone agrees.,stalking,teacher,high,0.67
"Just so you know, why are you noticing my movements and everyone agrees.",stalking,gender,high,0.67
"In my opinion, why are you always wrong so please stop.",insult,individual,high,0.35
"male students, people here are very problematic",toxicity,group,medium,0.5
"boys, why are you watching me silently",stalking,gender,medium,0.62
"Look, mind your own business",aggression,appearance,medium,0.55
"Stop it, dont test my patience",threat,academic,medium,0.82
your kind is unwanted here immediately.,hate,individual,medium,0.75
"face, this group is not for you",exclusion,group,medium,0.42
"habit, please remove yourself",exclusion,personal,medium,0.42
"class teacher, stop texting me every day",harassment,teacher,medium,0.45
this place feels unhealthy for real.,toxicity,individual,medium,0.5
"In my opinion, we are tired of people like you",hate,individual,medium,0.75
"Actually, what are you even saying period.",insult,individual,medium,0.3
"thinking, why are you always online when i come",stalking,personal,high,0.67
"Actually, why do you always show up where i am right now.",stalking,individual,high,0.67
"Seriously, you always talk nonsense for real.",insult,individual,high,0.35
"everyone here, we didnt include you on purpose",exclusion,group,high,0.47
I think you wont get away with this (no offense).,threat,individual,low,0.77
you just dont get it (no offense).,insult,individual,low,0.25
people here spread negativity and everyone agrees.,toxicity,group,high,0.55
why do you see my story every time period.,stalking,social,medium,0.62
"friends, your type always ruins things",hate,social,high,0.8
why do you know when i go offline ... whatever.,stalking,social,medium,0.62
you are such a burden for real.,insult,individual,medium,0.3
why are you always wrong and everyone agrees.,insult,individual,high,0.35
"dress, stop spamming me",harassment,appearance,medium,0.45
I think you always ruin the mood ... whatever.,insult,individual,high,0.35
I just wanted to say you are acting childish for sure.,insult,individual,medium,0.3
"friends, keep quiet please",aggression,social,medium,0.55
"exam, this group is too negative",toxicity,group,medium,0.5
"ladies, why are you so slow",insult,gender,medium,0.3
this is between us only !!!,exclusion,individual,medium,0.42
"To be honest, this group is full of drama",toxicity,group,medium,0.5
you sound really stupid so please stop.,insult,individual,medium,0.3
"test, your kind is not welcome here",hate,academic,medium,0.75
It's obvious that you dont need to be here,exclusion,individual,medium,0.42
this is embarrassing don't you think?,insult,individual,medium,0.3
why are you always online when i come don't you think?,stalking,social,high,0.67
"internals, this chat is very unhealthy",toxicity,group,medium,0.5
"Just so you know, you are so clueless",insult,individual,medium,0.3
"Look, why do you always show up where i am and it's annoying.",stalking,appearance,high,0.67
"Listen, we dont need people like you (no offense).",hate,individual,low,0.7
"all of you, we already decided without you",exclusion,group,medium,0.42
I just wanted to say why are you always wrong,insult,individual,high,0.35
"Hey, you keep irritating me daily",harassment,individual,medium,0.45
we dont need people like you immediately.,hate,individual,medium,0.75
keep quiet please,aggression,individual,medium,0.55
"outfit, this is between us only",exclusion,appearance,medium,0.42
It's obvious that there is too much negativity here,toxicity,individual,medium,0.5
"hair, people like you never change",hate,appearance,high,0.8
"Look, i cant stand people like you - just my opinion.",hate,appearance,medium,0.75
stay in your limits (no offense).,aggression,individual,low,0.5
no need for you here and everyone agrees.,exclusion,individual,high,0.47
"staff, people like you should stay away",hate,teacher,medium,0.75
Everyone knows we are tired of people like you (no offense).,hate,individual,high,0.8
this chat is very unhealthy (no offense).,toxicity,group,low,0.45
"this section, you are in serious trouble",threat,group,medium,0.82
"friends, stop getting involved",aggression,social,medium,0.55
"Listen, we dont want you in this discussion",exclusion,individual,medium,0.42
It's obvious that why are you checking my last seen,stalking,social,medium,0.62
Everyone knows stay in your limits for real.,aggression,individual,high,0.6
"status, we dont like people like you",hate,social,medium,0.75
you are so clueless !!!,insult,individual,medium,0.3
"principal, you will pay for what you did",threat,teacher,medium,0.82
this is only for selected people so please stop.,exclusion,individual,medium,0.42
I just wanted to say stop getting involved,aggression,individual,medium,0.55
"face, you dont need to be here",exclusion,appearance,medium,0.42
why do you always show up where i am immediately.,stalking,individual,high,0.67
this chat is mentally draining and everyone agrees.,toxicity,group,high,0.55
It's obvious that better you leave this group,exclusion,group,medium,0.42
"To be honest, dont keep asking the same thing",harassment,appearance,medium,0.45
"To be honest, dont test my patience so please stop.",threat,academic,medium,0.82
It's obvious that you will suffer for this,threat,individual,medium,0.82
I think people here are very problematic,toxicity,group,medium,0.5
"Stop it, there is too much negativity here and it's annoying.",toxicity,individual,medium,0.5
"mentor, this chat ruins my mood",toxicity,teacher,medium,0.5
"story, this will not end well for you",threat,social,medium,0.82
Everyone knows this is not meant for you (no offense).,exclusion,individual,high,0.47
"Hey, stop talking rubbish",insult,individual,medium,0.3
"Just so you know, just wait and watch",threat,individual,medium,0.82
stop chasing me for replies,harassment,individual,medium,0.45
"To be honest, we are tired of people like you ... whatever.",hate,individual,medium,0.75
"In my opinion, your type should not be here don't you think?",hate,individual,medium,0.75
you dont have common sense,insult,individual,medium,0.3
Everyone knows we already decided without you - just my opinion.,exclusion,individual,high,0.47
"In my opinion, this environment is really bad ... whatever.",toxicity,gender,medium,0.5
"teacher, this group is not for you",exclusion,teacher,medium,0.42
you are not required and it's sad.,exclusion,individual,medium,0.42
"approach, this chat is mentally draining",toxicity,group,medium,0.5
why do you always show up where i am period.,stalking,individual,high,0.67
I think dont keep pinging me for no reason,harassment,individual,medium,0.45
you keep irritating me daily and everyone agrees.,harassment,individual,high,0.5
I just wanted to say why are you noticing my movements for sure.,stalking,gender,medium,0.62
I just wanted to say use your brain once,insult,individual,medium,0.3
"story, this place feels unhealthy",toxicity,social,medium,0.5
back off right now and it's sad.,aggression,individual,medium,0.55
"Seriously, people like you are a headache !!!",hate,individual,high,0.8
"attitude, why do you know when i read messages",stalking,personal,medium,0.62
"Actually, i told you already dont text me",harassment,individual,medium,0.45
"Listen, why are you watching my profile daily immediately.",stalking,teacher,medium,0.62
"Hey, this chat is very unhealthy",toxicity,group,medium,0.5
"Honestly, you never get anything right for real.",insult,individual,high,0.35
It's obvious that people like you should stay away,hate,individual,medium,0.75
"Look, this space is not safe mentally",toxicity,gender,medium,0.5
"Seriously, you are everywhere i go !!!",stalking,individual,high,0.67
I just wanted to say this doesnt concern you and everyone agrees.,exclusion,individual,high,0.47
I think back off right now and it's annoying.,aggression,individual,medium,0.55
"test, dont message me late night",harassment,academic,medium,0.45
Everyone knows you are not invited to this ... whatever.,exclusion,individual,high,0.47
"looks, stop irritating everyone",aggression,appearance,high,0.6
"Just so you know, this chat is exhausting",toxicity,group,medium,0.5
"Just so you know, people like you never change (no offense).",hate,individual,high,0.8
"Hey, we are tired of people like you immediately.",hate,individual,medium,0.75
"whole class, dont keep asking the same thing",harassment,group,medium,0.45
"habit, i will make sure everyone knows",threat,personal,high,0.87
Everyone knows keep quiet please,aggression,individual,high,0.6
"Stop it, you are not invited to this",exclusion,individual,medium,0.42
"hod, stop getting involved",aggression,teacher,medium,0.55
"Hey, dont cross the line without a doubt.",aggression,individual,medium,0.55
go mind your work without a doubt.,aggression,individual,medium,0.55
"blue tick, why do you keep calling me",harassment,social,medium,0.45
"Look, you are in serious trouble ... whatever.",threat,appearance,medium,0.82
"To be honest, dont start with me and it's sad.",aggression,individual,medium,0.55
"To be honest, dont involve yourself here and everyone agrees.",exclusion,individual,high,0.47
"Listen, this chat is exhausting",toxicity,group,medium,0.5
It's obvious that what are you even saying,insult,individual,medium,0.3
"offline, dont overdo it",aggression,social,medium,0.55
"skin, this chat is very unhealthy",toxicity,group,medium,0.5
"Actually, people like you make everything dirty",hate,individual,medium,0.75
dont overdo it,aggression,individual,medium,0.55
"class teacher, this group is not for you",exclusion,teacher,medium,0.42
"Stop it, stop monitoring what i do immediately.",stalking,individual,medium,0.62
"Honestly, this place feels suffocating don't you think?",toxicity,individual,medium,0.5
you are hopeless for real.,insult,individual,medium,0.3
I just wanted to say stop stalking me without a doubt.,stalking,individual,medium,0.62
"Just so you know, stop chasing me for replies period.",harassment,individual,medium,0.45
dont keep asking the same thing so please stop.,harassment,appearance,medium,0.45
"Basically, you sound really stupid for sure.",insult,individual,medium,0.3
"Seriously, this group is full of drama - just my opinion.",toxicity,group,high,0.55
"To be honest, why do you always show up where i am",stalking,individual,high,0.67
"Look, why do you keep calling me right now.",harassment,appearance,medium,0.45
dont think this will go unnoticed immediately.,threat,individual,medium,0.82
"habit, stop disturbing me during class",harassment,personal,medium,0.45
"Honestly, we are tired of people like you immediately.",hate,individual,medium,0.75
"Hey, keep quiet please",aggression,individual,medium,0.55
"guys, why do you keep noticing when i am active",stalking,gender,medium,0.62
"Actually, why are you always behind me and it's annoying.",stalking,individual,high,0.67
"lab record, this is between us only",exclusion,academic,medium,0.42
Everyone knows you dont belong in our circle,exclusion,individual,high,0.47
this is not meant for you and it's sad.,exclusion,individual,medium,0.42
you make everything worse ... whatever.,insult,individual,medium,0.3
"outfit, why are you always in my dm",harassment,appearance,high,0.5
stop talking nonsense and it's sad.,aggression,individual,medium,0.55
"Hey, this doesnt concern you for real.",exclusion,individual,medium,0.42
"skin, this group is not for you",exclusion,group,medium,0.42
I just wanted to say this group makes me uncomfortable for sure.,toxicity,group,medium,0.5
"Actually, mind your own business",aggression,individual,medium,0.55
you just dont get it - just my opinion.,insult,individual,medium,0.3
I just wanted to say stop disturbing me during class immediately.,harassment,individual,medium,0.45
what are you even saying - just my opinion.,insult,individual,medium,0.3
"To be honest, your kind spoils the environment immediately.",hate,gender,medium,0.75
why do you see my story every time,stalking,social,medium,0.62
"Actually, go away from here right now.",aggression,individual,medium,0.55
"semester, why are you always checking my status",stalking,academic,high,0.67
I just wanted to say dont follow up again please,harassment,individual,medium,0.45
"this group, dont start with me",aggression,group,medium,0.55
"archive, there is too much negativity here",toxicity,social,medium,0.5
why are you so behind me for real.,harassment,individual,medium,0.45
"women, why do you keep calling me",harassment,gender,medium,0.45
"To be honest, you wont get away with this so please stop.",threat,individual,medium,0.82
i cant stand people like you so please stop.,hate,individual,medium,0.75
why do you keep noticing when i am active,stalking,individual,medium,0.62
"project, why are you watching my profile daily",stalking,teacher,medium,0.62
"looks, i will report this to sir",threat,teacher,medium,0.82
It's obvious that dont test my patience,threat,academic,medium,0.82
"Actually, please remove yourself",exclusion,individual,medium,0.42
why are you always online when i come for sure.,stalking,social,high,0.67
dont interfere in this immediately.,aggression,individual,medium,0.55
"men, this place feels unhealthy",toxicity,gender,medium,0.5
"this section, dont act smart here",aggression,group,medium,0.55
"thinking, we dont want you in this discussion",exclusion,personal,medium,0.42
"Look, stop stalking me - just my opinion.",stalking,appearance,medium,0.62
"mentality, dont test my patience",threat,gender,medium,0.82
"Basically, dont message me late night !!!",harassment,individual,medium,0.45
"Seriously, stop texting me every day",harassment,individual,high,0.5
Everyone knows dont lecture me,aggression,individual,high,0.6
"Look, nobody takes you seriously and everyone agrees.",insult,appearance,high,0.35
"principal, why do you know when i read messages",stalking,teacher,medium,0.62
"To be honest, this is between us only",exclusion,individual,medium,0.42
I just wanted to say this is embarrassing and it's sad.,insult,individual,medium,0.3
"In my opinion, you keep irritating me daily",harassment,individual,medium,0.45
dont message me late night - just my opinion.,harassment,individual,medium,0.45
stay in your limits period.,aggression,individual,medium,0.55
"block, why are you so slow",insult,social,medium,0.3
we dont want you in this discussion right now.,exclusion,individual,medium,0.42
you sound really stupid don't you think?,insult,individual,medium,0.3
your kind is not welcome here (no offense).,hate,individual,low,0.7
"Honestly, i will complain about you for real.",threat,individual,medium,0.82
I think no need for you here !!!,exclusion,individual,medium,0.42
"Hey, why do you keep noticing when i am active",stalking,individual,medium,0.62
Everyone knows this is such a dumb question,insult,individual,high,0.35
Everyone knows i will complain about you and everyone agrees.,threat,individual,high,0.87
It's obvious that we already decided without you without a doubt.,exclusion,individual,medium,0.42
"Actually, you sound really stupid",insult,individual,medium,0.3
"Hey, this is embarrassing ... whatever.",insult,individual,medium,0.3
"this crowd, keep quiet please",aggression,group,medium,0.55
Everyone knows why do you follow everything i do,stalking,individual,high,0.67
"whole class, stop bothering me about this",harassment,group,medium,0.45
I just wanted to say i told you already dont text me and everyone agrees.,harassment,individual,high,0.5
why do you always show up where i am (no offense).,stalking,individual,high,0.67
stop talking nonsense for sure.,aggression,individual,medium,0.55
"Hey, why do you keep observing me period.",stalking,individual,medium,0.62
dont cross the line - just my opinion.,aggression,individual,medium,0.55
we already decided without you without a doubt.,exclusion,individual,medium,0.42
people like you should stay away don't you think?,hate,individual,medium,0.75
"Honestly, why do you keep calling me",harassment,individual,medium,0.45
"mentality, i told you already dont text me",harassment,gender,medium,0.45
"character, this chat is exhausting",toxicity,group,medium,0.5
your kind is unwanted here - just my opinion.,hate,individual,medium,0.75
"guys, this is such a dumb question",insult,gender,medium,0.3
"Honestly, why are you always behind me and everyone agrees.",stalking,individual,high,0.67
"Basically, dont keep pinging me for no reason and everyone agrees.",harassment,individual,high,0.5
"ladies, stop getting involved",aggression,gender,medium,0.55
"looks ugly, you dont belong in this level",insult,appearance,medium,0.3
"Hey, you cant escape from this",threat,individual,medium,0.82
"Just so you know, dont push me beyond my limit",threat,individual,medium,0.82
"sir, stop tracking my activity",stalking,teacher,medium,0.62
people like you make everything dirty,hate,individual,medium,0.75
"Just so you know, i will report this to sir so please stop.",threat,teacher,medium,0.82
dont keep asking the same thing for real.,harassment,appearance,medium,0.45
"Actually, stop keeping tabs on me",stalking,individual,medium,0.62
"Listen, back off right now without a doubt.",aggression,individual,medium,0.55
"Seriously, we dont like people like you - just my opinion.",hate,individual,high,0.8
you will regret this later and it's sad.,threat,individual,medium,0.82
"Seriously, dont overdo it",aggression,individual,high,0.6
"you all, mind your own business",aggression,group,medium,0.55
you always ruin the mood,insult,individual,high,0.35
you dont belong in our circle - just my opinion.,exclusion,individual,medium,0.42
I just wanted to say stop talking rubbish and it's sad.,insult,individual,medium,0.3
"Honestly, dont think this will go unnoticed period.",threat,individual,medium,0.82
"Seriously, dont keep reminding me again and again",harassment,individual,high,0.5
It's obvious that you are not part of this !!!,exclusion,individual,medium,0.42
back off right now so please stop.,aggression,individual,medium,0.55
"Basically, why are you messaging me again",harassment,individual,medium,0.45
Everyone knows we dont like people like you without a doubt.,hate,individual,high,0.8
"Actually, you are not part of this !!!",exclusion,individual,medium,0.42
"last seen, this group is too negative",toxicity,group,medium,0.5
"looks strange, this group is very disturbing",toxicity,group,medium,0.5
why are you always behind me,stalking,individual,high,0.67
"online, dont lecture me",aggression,social,medium,0.55
"Hey, people like you are a headache",hate,individual,medium,0.75
"In my opinion, keep quiet please",aggression,individual,medium,0.55
"story, dont keep reminding me again and again",harassment,social,medium,0.45
"Look, you are not part of this and it's sad.",exclusion,appearance,medium,0.42
"Look, this is your last warning !!!",threat,appearance,medium,0.82
I think this is between us only,exclusion,individual,medium,0.42
"thinking, stay out of my matters",aggression,personal,medium,0.55
"Just so you know, dont think this will go unnoticed and it's sad.",threat,individual,medium,0.82
"Stop it, dont involve yourself here right now.",exclusion,individual,medium,0.42
"Actually, why cant you just stop immediately.",harassment,individual,medium,0.45
stay in your limits for sure.,aggression,individual,medium,0.55
stop talking rubbish and it's sad.,insult,individual,medium,0.3
"guide, how many times should i say no",harassment,teacher,medium,0.45
"Honestly, why are you noticing my movements",stalking,gender,medium,0.62
you are everywhere i go,stalking,individual,medium,0.62
I think you are such a burden right now.,insult,individual,medium,0.3
you will regret this later and it's annoying.,threat,individual,medium,0.82
"Look, dont poke your nose",aggression,appearance,medium,0.55
"hod, we are tired of people like you",hate,teacher,medium,0.75
"reply, this group is not for you",exclusion,group,medium,0.42
"To be honest, you are acting childish",insult,individual,medium,0.3
"Just so you know, stop texting me every day",harassment,individual,medium,0.45
"mindset, this is between us only",exclusion,personal,medium,0.42
"Actually, people like you never change",hate,individual,high,0.8
"Stop it, keep quiet please",aggression,individual,medium,0.55
"Seriously, mind your own group and it's annoying.",exclusion,individual,high,0.47
"Seriously, you dont belong in our circle",exclusion,individual,high,0.47
you are not required and everyone agrees.,exclusion,individual,high,0.47
"Look, everyone laughs at you",insult,appearance,high,0.35
"Honestly, why are you always behind me for sure.",stalking,individual,high,0.67
"Seriously, this group is very disturbing for sure.",toxicity,group,high,0.55
"Actually, stay in your limits for sure.",aggression,individual,medium,0.55
"Seriously, this chat is exhausting ... whatever.",toxicity,group,high,0.55
stop talking nonsense and it's annoying.,aggression,individual,medium,0.55
this chat is exhausting,toxicity,group,medium,0.5
"Seriously, i will expose what you did",threat,individual,high,0.87
"In my opinion, you are everywhere i go",stalking,individual,medium,0.62
"Actually, you will face consequences for this",threat,appearance,medium,0.82
"character, people here spread negativity",toxicity,group,medium,0.5
"face, dont poke your nose",aggression,appearance,medium,0.55
"test, why are you always online when i come",stalking,academic,high,0.67
"Just so you know, people like you are always the problem",hate,individual,high,0.8
this doesnt concern you for sure.,exclusion,individual,medium,0.42
"attitude, go away from here",aggression,personal,medium,0.55
"sir, you are not required",exclusion,teacher,medium,0.42
"Listen, this is not meant for you !!!",exclusion,individual,medium,0.42
you look foolish right now right now.,insult,appearance,medium,0.3
"Actually, this group is too negative !!!",toxicity,group,medium,0.5
dont lecture me for sure.,aggression,individual,medium,0.55
this group is too negative and it's sad.,toxicity,group,medium,0.5
I just wanted to say stay out of this matter ... whatever.,exclusion,individual,medium,0.42
"dp, dont start with me",aggression,social,medium,0.55
"Look, mind your own business and it's annoying.",aggression,appearance,medium,0.55
"grade, why cant you just stop",harassment,academic,medium,0.45
I just wanted to say stop chasing me for replies period.,harassment,individual,medium,0.45
shut up now and it's annoying.,aggression,individual,medium,0.55
I think dont test my patience,threat,academic,medium,0.82
stop talking nonsense,aggression,individual,medium,0.55
"Stop it, people like you make everything dirty",hate,individual,medium,0.75
"Listen, why are you noticing my movements so please stop.",stalking,gender,medium,0.62
"clothes, you always ruin the mood",insult,appearance,high,0.35
"Just so you know, dont cross the line !!!",aggression,individual,medium,0.55
"entire group, go away from here",aggression,group,medium,0.55
Everyone knows shut up now,aggression,individual,high,0.6
"Honestly, we dont like people like you",hate,individual,medium,0.75
"online, you are in serious trouble",threat,social,medium,0.82
this is embarrassing,insult,individual,medium,0.3
I just wanted to say how many times should i say no period.,harassment,individual,medium,0.45
"Hey, this group is full of drama",toxicity,group,medium,0.5
what are you even saying !!!,insult,individual,medium,0.3
"thinking, this is such a dumb question",insult,personal,medium,0.3
dont involve yourself here for sure.,exclusion,individual,medium,0.42
"Listen, grow up seriously",insult,individual,high,0.35
stay in your limits and it's sad.,aggression,individual,medium,0.55
"Look, you will face consequences for this",threat,appearance,medium,0.82
"thinking, this group is too negative",toxicity,group,medium,0.5
I just wanted to say stop spamming me don't you think?,harassment,individual,medium,0.45
you never get anything right so please stop.,insult,individual,high,0.35
why are you messaging me again without a doubt.,harassment,individual,medium,0.45
It's obvious that your kind is unwanted here,hate,individual,medium,0.75
why are you so behind me without a doubt.,harassment,individual,medium,0.45
"Honestly, dont follow up again please and it's annoying.",harassment,individual,medium,0.45
I think people like you should stay away,hate,individual,medium,0.75
"lecturer, keep quiet please",aggression,teacher,medium,0.55
"In my opinion, this space is not safe mentally",toxicity,gender,medium,0.5
"grade, you dont belong in this level",insult,academic,medium,0.3
"Seriously, use your brain once for real.",insult,individual,high,0.35
i will expose what you did and it's annoying.,threat,individual,medium,0.82
why are you so behind me - just my opinion.,harassment,individual,medium,0.45
Everyone knows dont start with me for real.,aggression,individual,high,0.6
"sir, stop chasing me for replies",harassment,teacher,medium,0.45
nobody takes you seriously,insult,appearance,high,0.35
"Just so you know, go away from here",aggression,individual,medium,0.55
"Honestly, mind your own group - just my opinion.",exclusion,individual,medium,0.42
"Honestly, why are you watching me silently - just my opinion.",stalking,individual,medium,0.62
"Listen, we dont need people like you for sure.",hate,individual,medium,0.75
this place feels unhealthy don't you think?,toxicity,individual,medium,0.5
we dont need people like you without a doubt.,hate,individual,medium,0.75
Everyone knows stop monitoring what i do for real.,stalking,individual,high,0.67
"Seriously, why are you always behind me",stalking,individual,high,0.67
"Just so you know, stop disturbing me during class for sure.",harassment,individual,medium,0.45
"To be honest, why are you always checking my status ... whatever.",stalking,social,high,0.67
It's obvious that why are you watching my profile daily (no offense).,stalking,teacher,low,0.57
why are you so slow !!!,insult,individual,medium,0.3
I just wanted to say why do you keep observing me,stalking,individual,medium,0.62
stop forcing conversation,harassment,individual,medium,0.45
"To be honest, this is your last warning",threat,individual,medium,0.82
people like you dont deserve respect without a doubt.,hate,individual,medium,0.75
"To be honest, this space is not safe mentally",toxicity,gender,medium,0.5
"Actually, dont keep pinging me for no reason",harassment,individual,medium,0.45
I just wanted to say this group is not for you !!!,exclusion,group,medium,0.42
"In my opinion, this group has become so toxic don't you think?",toxicity,group,medium,0.5
"assignment, dont think this will go unnoticed",threat,gender,medium,0.82
why do you keep calling me and it's annoying.,harassment,individual,medium,0.45
your kind is not welcome here period.,hate,individual,medium,0.75
this place feels unhealthy immediately.,toxicity,individual,medium,0.5
"In my opinion, you sound really stupid don't you think?",insult,individual,medium,0.3
I think no need for you here don't you think?,exclusion,individual,medium,0.42
"Just so you know, you wont get away with this and everyone agrees.",threat,individual,high,0.87
"Hey, go mind your work ... whatever.",aggression,individual,medium,0.55
"Stop it, leave me alone seriously and it's annoying.",harassment,individual,high,0.5
It's obvious that you are not required,exclusion,individual,medium,0.42
"Hey, you dont belong in our circle for sure.",exclusion,individual,medium,0.42
why are you so slow,insult,individual,medium,0.3
do you even understand anything and it's sad.,insult,individual,medium,0.3
"everyone here, remember this moment",threat,group,high,0.87
"Stop it, dont involve yourself here period.",exclusion,individual,medium,0.42
I just wanted to say why are you always behind me period.,stalking,individual,high,0.67
"Honestly, mind your own group period.",exclusion,individual,medium,0.42
dont involve yourself here and it's sad.,exclusion,individual,medium,0.42
why do you keep observing me for sure.,stalking,individual,medium,0.62
people like you never change (no offense).,hate,individual,high,0.8
"Seriously, you are not smart enough for this and it's annoying.",insult,individual,high,0.35
"To be honest, dont push me beyond my limit (no offense).",threat,individual,low,0.77
"In my opinion, this place feels suffocating right now.",toxicity,individual,medium,0.5
your kind spoils the environment,hate,gender,medium,0.75
It's obvious that nobody takes you seriously,insult,appearance,high,0.35
"To be honest, this will not end well for you for real.",threat,individual,medium,0.82
"To be honest, this place feels unhealthy immediately.",toxicity,individual,medium,0.5
"this community, this is between us only",exclusion,group,medium,0.42
"body, i will complain about you",threat,appearance,medium,0.82
this chat is mentally draining and it's sad.,toxicity,group,medium,0.5
"whole department, i cant stand people like you",hate,group,medium,0.75
"Hey, people like you never change",hate,individual,high,0.8
"Stop it, this environment is stressful immediately.",toxicity,gender,medium,0.5
i will report this to sir so please stop.,threat,teacher,medium,0.82
"reply, your kind spoils the environment",hate,gender,medium,0.75
"Look, why do you keep noticing when i am active",stalking,appearance,medium,0.62
I just wanted to say your type always ruins things and it's sad.,hate,individual,high,0.8
"Look, dont think this will go unnoticed",threat,appearance,medium,0.82
"Stop it, you look foolish right now and everyone agrees.",insult,appearance,high,0.35
"outfit, we dont like people like you",hate,appearance,medium,0.75
this place feels suffocating !!!,toxicity,individual,medium,0.5
I just wanted to say we didnt include you on purpose immediately.,exclusion,individual,medium,0.42
stop talking rubbish period.,insult,individual,medium,0.3
"submission, why do you know when i read messages",stalking,academic,medium,0.62
you mess up everything,insult,individual,medium,0.3
you are in serious trouble period.,threat,individual,medium,0.82
"last seen, dont involve yourself here",exclusion,social,medium,0.42
"Seriously, stop talking rubbish and it's annoying.",insult,individual,high,0.35
you look foolish right now,insult,appearance,medium,0.3
"To be honest, why are you so behind me ... whatever.",harassment,individual,medium,0.45
It's obvious that i told you already dont text me don't you think?,harassment,individual,medium,0.45
dont act smart here and it's annoying.,aggression,individual,medium,0.55
"look, shut up now",aggression,appearance,medium,0.55
"Look, back off right now (no offense).",aggression,appearance,low,0.5
"grade, why do you follow everything i do",stalking,academic,medium,0.62
"In my opinion, you just dont get it",insult,individual,medium,0.3
"Stop it, why do you keep observing me",stalking,individual,medium,0.62
Everyone knows your kind is unwanted here,hate,individual,high,0.8
"ladies, we dont need people like you",hate,gender,medium,0.75
"exam, you will pay for what you did",threat,academic,medium,0.82
"Seriously, you wont get away with this",threat,individual,high,0.87
you dont have common sense so please stop.,insult,individual,medium,0.3
i told you already dont text me for real.,harassment,individual,medium,0.45
I just wanted to say this group has become so toxic - just my opinion.,toxicity,group,medium,0.5
you are useless in group work right now.,insult,individual,medium,0.3
your kind is unwanted here and it's annoying.,hate,individual,medium,0.75
why are you always checking my status without a doubt.,stalking,social,high,0.67
"looks weird, dont start with me",aggression,appearance,medium,0.55
Everyone knows you will face consequences for this without a doubt.,threat,appearance,high,0.87
your kind is not welcome here and it's annoying.,hate,individual,medium,0.75
what are you even saying so please stop.,insult,individual,medium,0.3
Everyone knows you will face consequences for this right now.,threat,appearance,high,0.87
this chat is mentally draining - just my opinion.,toxicity,group,medium,0.5
"internals, why are you always in my dm",harassment,academic,high,0.5
this group is full of drama and it's annoying.,toxicity,group,medium,0.5
"Listen, this is your last warning",threat,individual,medium,0.82
this is not meant for you,exclusion,individual,medium,0.42
why do you see my story every time ... whatever.,stalking,social,medium,0.62
"Actually, you make everything worse",insult,individual,medium,0.3
"Just so you know, dont interfere in this ... whatever.",aggression,individual,medium,0.55
"Hey, dont poke your nose so please stop.",aggression,individual,medium,0.55
"entire group, what are you even saying",insult,group,medium,0.3
"In my opinion, people like you should stay away so please stop.",hate,individual,medium,0.75
"Stop it, stop texting me every day",harassment,individual,medium,0.45
stop irritating everyone,aggression,individual,high,0.6
"Honestly, you make everything worse and everyone agrees.",insult,individual,high,0.35
"In my opinion, your kind is not welcome here",hate,individual,medium,0.75
"Actually, people like you should stay away without a doubt.",hate,individual,medium,0.75
"Actually, stop keeping tabs on me for sure.",stalking,individual,medium,0.62
"Stop it, stop chasing me for replies don't you think?",harassment,individual,medium,0.45
"status, keep quiet please",aggression,social,medium,0.55
"character, why do you follow everything i do",stalking,personal,medium,0.62
you will pay for what you did for sure.,threat,individual,medium,0.82
"In my opinion, this place feels unhealthy",toxicity,individual,medium,0.5
dont annoy me and it's sad.,aggression,individual,medium,0.55
"exam, your kind spoils the environment",hate,gender,medium,0.75
use your brain once - just my opinion.,insult,individual,medium,0.3
this group is too negative and it's annoying.,toxicity,group,medium,0.5
"mute, you are not part of this",exclusion,social,medium,0.42
this environment is stressful - just my opinion.,toxicity,gender,medium,0.5
stop forcing conversation - just my opinion.,harassment,individual,medium,0.45
dont start with me (no offense).,aggression,individual,low,0.5
"women, why do you follow everything i do",stalking,gender,medium,0.62
"dp, i will expose what you did",threat,social,medium,0.82
"In my opinion, why are you always checking my status for real.",stalking,social,high,0.67
"this circle, stay out of my matters",aggression,group,medium,0.55
Everyone knows why cant you just stop ... whatever.,harassment,individual,high,0.5
why are you always online when i come and it's sad.,stalking,social,high,0.67
"behavior, you are done now",threat,personal,medium,0.82
"approach, people like you should stay away",hate,personal,medium,0.75
"To be honest, you are everywhere i go - just my opinion.",stalking,individual,medium,0.62
I think stop bothering me about this,harassment,individual,medium,0.45
"all of you, this group is very disturbing",toxicity,group,medium,0.5
It's obvious that stop monitoring what i do immediately.,stalking,individual,medium,0.62
dont overdo it and everyone agrees.,aggression,individual,high,0.6
"Actually, dont test my patience don't you think?",threat,academic,medium,0.82
"Actually, dont keep pinging me for no reason immediately.",harassment,individual,medium,0.45
I think this group is too negative,toxicity,group,medium,0.5
"last seen, stop talking nonsense",aggression,social,medium,0.55
stop getting involved period.,aggression,individual,medium,0.55
I just wanted to say you are acting childish don't you think?,insult,individual,medium,0.3
"Basically, stay out of this matter",exclusion,individual,medium,0.42
"marks, we dont like people like you",hate,academic,medium,0.75
"Seriously, you always ruin the mood and it's annoying.",insult,individual,high,0.35
"coordinator, we dont need people like you",hate,teacher,medium,0.75
"mentality, stay in your limits",aggression,gender,medium,0.55
"Basically, stop bothering me about this - just my opinion.",harassment,individual,medium,0.45
shut up now,aggression,individual,medium,0.55
"reply, better you leave this group",exclusion,group,medium,0.42
I just wanted to say dont interfere in this,aggression,individual,medium,0.55
"lab record, this space is not safe mentally",toxicity,gender,medium,0.5
this environment is stressful and it's annoying.,toxicity,gender,medium,0.5
"Stop it, why cant you just stop",harassment,individual,medium,0.45
"Actually, keep quiet please - just my opinion.",aggression,individual,medium,0.55
"whole class, why do you keep calling me",harassment,group,medium,0.45
"Hey, why do you see my story every time (no offense).",stalking,social,low,0.57
I think people like you are a headache,hate,individual,medium,0.75
shut up now without a doubt.,aggression,individual,medium,0.55
"Actually, people like you dont deserve respect",hate,individual,medium,0.75
"followers, this place feels suffocating",toxicity,social,medium,0.5
"To be honest, dont interfere in this and it's annoying.",aggression,individual,medium,0.55
"Hey, i will complain about you without a doubt.",threat,individual,medium,0.82
remember this moment so please stop.,threat,gender,medium,0.82
this is only for selected people and everyone agrees.,exclusion,individual,high,0.47
"female students, i cant stand people like you",hate,gender,medium,0.75
"To be honest, your kind is unwanted here",hate,individual,medium,0.75
this group has become so toxic (no offense).,toxicity,group,low,0.45
"Look, you are in serious trouble",threat,appearance,medium,0.82
"reply, i will make sure everyone knows",threat,social,high,0.87
"this group, why are you always online when i come",stalking,group,high,0.67
you will face consequences for this so please stop.,threat,appearance,medium,0.82
"offline, control yourself",aggression,social,medium,0.55
"people here, why are you always online when i come",stalking,group,high,0.67
dont act smart here ... whatever.,aggression,individual,medium,0.55
"appearance, stop forcing conversation",harassment,appearance,medium,0.45
this group makes me uncomfortable for real.,toxicity,group,medium,0.5
"To be honest, stop spamming me",harassment,individual,medium,0.45
It's obvious that i will report this to sir - just my opinion.,threat,teacher,medium,0.82
"Listen, your type should not be here so please stop.",hate,individual,medium,0.75
why are you always behind me and it's sad.,stalking,individual,high,0.67
"Actually, you always talk nonsense and everyone agrees.",insult,individual,high,0.35
i will expose what you did,threat,individual,medium,0.82
"Stop it, you just dont get it immediately.",insult,individual,medium,0.3
"dp, this doesnt concern you",exclusion,social,medium,0.42
"Honestly, i told you already dont text me without a doubt.",harassment,individual,medium,0.45
grow up seriously period.,insult,individual,high,0.35
"Look, you asked for it",threat,appearance,medium,0.82
this group is not for you ... whatever.,exclusion,group,medium,0.42
"Stop it, you keep irritating me daily for real.",harassment,individual,medium,0.45
"Actually, we didnt include you on purpose",exclusion,individual,medium,0.42
"Basically, you are not smart enough for this",insult,individual,medium,0.3
why are you watching my profile daily right now.,stalking,teacher,medium,0.62
you dont belong in our circle without a doubt.,exclusion,individual,medium,0.42
dont keep reminding me again and again so please stop.,harassment,individual,medium,0.45
"project, back off right now",aggression,academic,medium,0.55
dont poke your nose don't you think?,aggression,individual,medium,0.55
"profile, just wait and watch",threat,teacher,medium,0.82
Everyone knows this doesnt concern you,exclusion,individual,high,0.47
"Honestly, your kind spoils the environment so please stop.",hate,gender,medium,0.75
Everyone knows this is such a dumb question !!!,insult,individual,high,0.35
dont keep pinging me for no reason ... whatever.,harassment,individual,medium,0.45
"In my opinion, stop getting involved don't you think?",aggression,individual,medium,0.55
"Stop it, you will suffer for this right now.",threat,individual,medium,0.82
"To be honest, why are you watching me silently",stalking,individual,medium,0.62
use your brain once and it's annoying.,insult,individual,medium,0.3
"To be honest, people like you never change - just my opinion.",hate,individual,high,0.8
stay out of this matter right now.,exclusion,individual,medium,0.42
It's obvious that your type always ruins things immediately.,hate,individual,high,0.8
"In my opinion, why are you checking my last seen - just my opinion.",stalking,social,medium,0.62
"Actually, dont keep asking the same thing",harassment,appearance,medium,0.45
we dont want you in this discussion period.,exclusion,individual,medium,0.42
"this batch, stop talking rubbish",insult,group,medium,0.3
"To be honest, dont interfere in this",aggression,individual,medium,0.55
you always talk nonsense (no offense).,insult,individual,high,0.35
"Honestly, you cant escape from this for real.",threat,individual,medium,0.82
"To be honest, dont test my patience",threat,academic,medium,0.82
"Honestly, this group has become so toxic immediately.",toxicity,group,medium,0.5
"Hey, you are acting childish without a doubt.",insult,individual,medium,0.3
this place feels suffocating and it's annoying.,toxicity,individual,medium,0.5
"girls, people like you are a headache",hate,gender,medium,0.75
"In my opinion, stop irritating everyone immediately.",aggression,individual,high,0.6
"unfollow, you are in serious trouble",threat,social,medium,0.82
you mess up everything and it's sad.,insult,individual,medium,0.3
"Listen, you mess up everything and it's sad.",insult,individual,medium,0.3
"approach, you sound really stupid",insult,personal,medium,0.3
"behavior, dont keep asking the same thing",harassment,appearance,medium,0.45
I think dont test my patience and it's sad.,threat,academic,medium,0.82
"Seriously, just wait and watch and it's annoying.",threat,individual,high,0.87
why do you see my story every time so please stop.,stalking,social,medium,0.62
"Hey, go away from here",aggression,individual,medium,0.55
"Just so you know, you make everything worse and it's sad.",insult,individual,medium,0.3
"Listen, you will regret this later right now.",threat,individual,medium,0.82
you are not invited to this - just my opinion.,exclusion,individual,medium,0.42
"Listen, your type always ruins things",hate,individual,high,0.8
"male students, this group is too negative",toxicity,group,medium,0.5
grow up seriously !!!,insult,individual,high,0.35
"In my opinion, this environment is really bad without a doubt.",toxicity,gender,medium,0.5
we dont want you in this discussion (no offense).,exclusion,individual,low,0.37
why do you know when i read messages ... whatever.,stalking,individual,medium,0.62
"whole department, this is not meant for you",exclusion,group,medium,0.42
shut up now and everyone agrees.,aggression,individual,high,0.6
"this class, why are you always behind me",stalking,group,high,0.67
"Listen, why do you keep calling me don't you think?",harassment,individual,medium,0.45
"Basically, you will face consequences for this",threat,appearance,medium,0.82
"Actually, stop irritating everyone and it's annoying.",aggression,individual,high,0.6
"homework, i cant stand people like you",hate,academic,medium,0.75
I just wanted to say this group is full of drama,toxicity,group,medium,0.5
"Stop it, better you leave this group immediately.",exclusion,group,medium,0.42
"personality, stop spamming me",harassment,personal,medium,0.45
there is too much negativity here right now.,toxicity,individual,medium,0.5
"profile, stop irritating everyone",aggression,teacher,high,0.6
you are not required without a doubt.,exclusion,individual,medium,0.42
"Actually, this doesnt concern you",exclusion,individual,medium,0.42
"Look, we are doing this without you for sure.",exclusion,appearance,medium,0.42
"In my opinion, why are you so slow without a doubt.",insult,individual,medium,0.3
"Look, you look foolish right now period.",insult,appearance,medium,0.3
"Listen, we are doing this without you ... whatever.",exclusion,individual,medium,0.42
this place is full of nonsense !!!,toxicity,individual,medium,0.5
you will suffer for this so please stop.,threat,individual,medium,0.82
"Stop it, you cant escape from this",threat,individual,medium,0.82
this chat ruins my mood and it's sad.,toxicity,group,medium,0.5
"male students, this is only for selected people",exclusion,gender,medium,0.42
"whole department, dont act smart here",aggression,group,medium,0.55
i cant stand people like you (no offense).,hate,individual,low,0.7
"hair, this group is full of drama",toxicity,group,medium,0.5
"To be honest, you are in serious trouble",threat,individual,medium,0.82
"whole class, why are you always wrong",insult,group,high,0.35
"arrears, why are you always in my dm",harassment,academic,high,0.5
"lab record, why are you so slow",insult,academic,medium,0.3
"To be honest, why do you always show up where i am right now.",stalking,individual,high,0.67
you wont get away with this for sure.,threat,individual,medium,0.82
"boys, stop disturbing me during class",harassment,gender,medium,0.45
"friend circle, this place feels unhealthy",toxicity,social,medium,0.5
"Seriously, how many times should i say no - just my opinion.",harassment,individual,high,0.5
"principal, this space is not safe mentally",toxicity,teacher,medium,0.5
this group has become so toxic and it's annoying.,toxicity,group,medium,0.5
"Actually, this is your last warning",threat,individual,medium,0.82
you cant escape from this for real.,threat,individual,medium,0.82
"submission, your kind is not welcome here",hate,academic,medium,0.75
I think dont keep pinging me for no reason !!!,harassment,individual,medium,0.45
"women, why do you keep observing me",stalking,gender,medium,0.62
this place feels unhealthy period.,toxicity,individual,medium,0.5
"Listen, we already decided without you",exclusion,individual,medium,0.42
"character, you are not part of this",exclusion,personal,medium,0.42
this group is too negative don't you think?,toxicity,group,medium,0.5
this space is not safe mentally and it's sad.,toxicity,gender,medium,0.5
people like you are a headache - just my opinion.,hate,individual,medium,0.75
"Actually, stop talking nonsense immediately.",aggression,individual,medium,0.55
stop tracking my activity ... whatever.,stalking,individual,medium,0.62
"Basically, grow up seriously (no offense).",insult,individual,high,0.35
"cgpa, stop tracking my activity",stalking,academic,medium,0.62
"To be honest, stop texting me every day",harassment,individual,medium,0.45
"To be honest, i will complain about you period.",threat,individual,medium,0.82
"In my opinion, we dont need people like you and it's sad.",hate,individual,medium,0.75
"seen, you wont get away with this",threat,social,medium,0.82
we didnt include you on purpose for real.,exclusion,individual,medium,0.42
"Actually, this chat is exhausting",toxicity,group,medium,0.5
this group makes me uncomfortable don't you think?,toxicity,group,medium,0.5
"attitude, i will expose what you did",threat,personal,medium,0.82
"hod, this chat is mentally draining",toxicity,teacher,medium,0.5
"girls, this space is not safe mentally",toxicity,gender,medium,0.5
"Stop it, dont follow up again please immediately.",harassment,individual,medium,0.45
leave me alone seriously - just my opinion.,harassment,individual,high,0.5
"Stop it, shut up now ... whatever.",aggression,individual,medium,0.55
"guys, this chat is exhausting",toxicity,group,medium,0.5
It's obvious that you are not smart enough for this,insult,individual,medium,0.3
I think this place feels unhealthy - just my opinion.,toxicity,individual,medium,0.5
It's obvious that stop texting me every day,harassment,individual,medium,0.45
"Seriously, dont keep pinging me for no reason",harassment,individual,high,0.5
"Basically, are you seriously this dumb (no offense).",insult,individual,high,0.35
stop chasing me for replies ... whatever.,harassment,individual,medium,0.45
"Look, dont start with me",aggression,appearance,medium,0.55
you dont have common sense right now.,insult,individual,medium,0.3
"profile, do you even understand anything",insult,teacher,medium,0.3
"hair, i will make sure everyone knows",threat,appearance,high,0.87
"Look, this is between us only",exclusion,appearance,medium,0.42
"Hey, you are so clueless",insult,individual,medium,0.3
your kind is unwanted here so please stop.,hate,individual,medium,0.75
"Just so you know, everyone laughs at you",insult,individual,high,0.35
"all of you, dont overdo it",aggression,group,medium,0.55
"To be honest, stop irritating everyone for real.",aggression,individual,high,0.6
Everyone knows you are acting childish period.,insult,individual,high,0.35
"girls, we already decided without you",exclusion,gender,medium,0.42
It's obvious that why are you watching my profile daily,stalking,teacher,medium,0.62
"attendance, this place feels suffocating",toxicity,academic,medium,0.5
"Actually, we already decided without you immediately.",exclusion,individual,medium,0.42
"Honestly, this group makes me uncomfortable",toxicity,group,medium,0.5
Everyone knows stay out of my matters,aggression,individual,high,0.6
"Hey, people like you make everything dirty",hate,individual,medium,0.75
"Honestly, this group is very disturbing for sure.",toxicity,group,medium,0.5
"girls, we dont need people like you",hate,gender,medium,0.75
"this group, shut up now",aggression,group,medium,0.55
It's obvious that you are done now for sure.,threat,individual,medium,0.82
"people here, we dont want you in this discussion",exclusion,group,medium,0.42
"grade, mind your own group",exclusion,academic,medium,0.42
"Look, i cant stand people like you",hate,appearance,medium,0.75
"Seriously, no need for you here",exclusion,individual,high,0.47
"score, why are you watching my profile daily",stalking,teacher,medium,0.62
"Hey, dont push me beyond my limit (no offense).",threat,individual,low,0.77
"Actually, dont act smart here and it's sad.",aggression,individual,medium,0.55
"To be honest, you are not smart enough for this and it's sad.",insult,individual,medium,0.3
"Basically, we are doing this without you and it's sad.",exclusion,individual,medium,0.42
"Listen, go mind your work",aggression,individual,medium,0.55
"Listen, dont follow up again please",harassment,individual,medium,0.45
"Hey, this place is full of nonsense for real.",toxicity,individual,medium,0.5
your kind is unwanted here right now.,hate,individual,medium,0.75
I just wanted to say i will complain about you so please stop.,threat,individual,medium,0.82
"madam, dont think this will go unnoticed",threat,teacher,medium,0.82
"In my opinion, people like you should stay away without a doubt.",hate,individual,medium,0.75
i will expose what you did immediately.,threat,individual,medium,0.82
go away from here for sure.,aggression,individual,medium,0.55
It's obvious that i will complain about you so please stop.,threat,individual,medium,0.82
"reply, dont overdo it",aggression,social,medium,0.55
"mute, this chat ruins my mood",toxicity,group,medium,0.5
"Stop it, shut up now",aggression,individual,medium,0.55
"Basically, you are everywhere i go right now.",stalking,individual,medium,0.62
It's obvious that you will face consequences for this,threat,appearance,medium,0.82
"Basically, your type should not be here !!!",hate,individual,medium,0.75
why do you remember my timings for sure.,stalking,individual,medium,0.62
this group makes me uncomfortable and it's annoying.,toxicity,group,medium,0.5
"men, how many times should i say no",harassment,gender,medium,0.45
"behavior, we dont want you in this discussion",exclusion,personal,medium,0.42
"Look, go away from here",aggression,appearance,medium,0.55
"Just so you know, we are tired of people like you",hate,individual,medium,0.75
"prof, you asked for it",threat,teacher,medium,0.82
It's obvious that this chat ruins my mood and everyone agrees.,toxicity,group,high,0.55
"In my opinion, why do you follow everything i do",stalking,individual,medium,0.62
"Look, go mind your work ... whatever.",aggression,appearance,medium,0.55
"girls, why do you remember my timings",stalking,gender,medium,0.62
"habit, better you leave this group",exclusion,group,medium,0.42
"Look, stop spamming me",harassment,appearance,medium,0.45
stop keeping tabs on me so please stop.,stalking,individual,medium,0.62
"Stop it, this chat ruins my mood (no offense).",toxicity,group,low,0.45
you dont belong in this level - just my opinion.,insult,individual,medium,0.3
I just wanted to say this group is too negative,toxicity,group,medium,0.5
"Stop it, you will pay for what you did",threat,individual,medium,0.82
"mindset, back off right now",aggression,personal,medium,0.55
stop spamming me,harassment,individual,medium,0.45
this place feels unhealthy for sure.,toxicity,individual,medium,0.5
"Look, dont annoy me - just my opinion.",aggression,appearance,medium,0.55
please remove yourself - just my opinion.,exclusion,individual,medium,0.42
stop bothering me about this right now.,harassment,individual,medium,0.45
are you seriously this dumb (no offense).,insult,individual,high,0.35
"To be honest, stop stalking me and everyone agrees.",stalking,individual,high,0.67
this is not meant for you so please stop.,exclusion,individual,medium,0.42
"In my opinion, this is between us only",exclusion,individual,medium,0.42
dont message me late night for sure.,harassment,individual,medium,0.45
"this group, mind your own group",exclusion,group,medium,0.42
this is not meant for you - just my opinion.,exclusion,individual,medium,0.42
"Actually, you keep irritating me daily",harassment,individual,medium,0.45
"coordinator, this place feels unhealthy",toxicity,teacher,medium,0.5
"Hey, stop irritating everyone",aggression,individual,high,0.6
this place feels unhealthy and everyone agrees.,toxicity,individual,high,0.55
"Basically, dont start with me and it's annoying.",aggression,individual,medium,0.55
you always talk nonsense,insult,individual,high,0.35
"Listen, you are acting childish !!!",insult,individual,medium,0.3
"Look, why are you always wrong and everyone agrees.",insult,appearance,high,0.35
this is between us only immediately.,exclusion,individual,medium,0.42
"To be honest, why do you keep noticing when i am active period.",stalking,individual,medium,0.62
"Just so you know, you are embarrassing yourself",insult,individual,medium,0.3
"Honestly, you will regret this later",threat,individual,medium,0.82
"In my opinion, we dont like people like you don't you think?",hate,individual,medium,0.75
"To be honest, stop talking nonsense",aggression,individual,medium,0.55
"approach, dont test my patience",threat,academic,medium,0.82
stop getting involved for real.,aggression,individual,medium,0.55
"coordinator, people here are very problematic",toxicity,teacher,medium,0.5
"To be honest, nobody takes you seriously immediately.",insult,appearance,high,0.35
why do you keep calling me,harassment,individual,medium,0.45
"men, dont start with me",aggression,gender,medium,0.55
"block, why are you always online when i come",stalking,social,high,0.67
I think why do you keep calling me,harassment,individual,medium,0.45
"profile, this chat is mentally draining",toxicity,teacher,medium,0.5
"teacher, people like you are always the problem",hate,teacher,high,0.8
you will face consequences for this - just my opinion.,threat,appearance,medium,0.82
"Seriously, this group has become so toxic for real.",toxicity,group,high,0.55
"Look, you make everything worse",insult,appearance,medium,0.3
"Just so you know, why are you messaging me again so please stop.",harassment,individual,medium,0.45
Everyone knows you asked for it period.,threat,individual,high,0.87
people here are very problematic immediately.,toxicity,group,medium,0.5
"ladies, you are not required",exclusion,gender,medium,0.42
"Actually, go away from here",aggression,individual,medium,0.55
I think dont start with me,aggression,individual,medium,0.55
"In my opinion, why are you always behind me",stalking,individual,high,0.67
"Just so you know, why are you always behind me (no offense).",stalking,individual,high,0.67
Everyone knows this chat ruins my mood !!!,toxicity,group,high,0.55
"this batch, back off right now",aggression,group,medium,0.55
It's obvious that your kind is unwanted here for real.,hate,individual,medium,0.75
"Listen, stop talking nonsense",aggression,individual,medium,0.55
"hair, we dont want you in this discussion",exclusion,appearance,medium,0.42
I just wanted to say nobody takes you seriously,insult,appearance,high,0.35
"status, you are not invited to this",exclusion,social,medium,0.42
"Actually, why are you watching my profile daily - just my opinion.",stalking,teacher,medium,0.62
"notes, your kind spoils the environment",hate,gender,medium,0.75
