message,label,target_type,severity,severity_score
"Vxrc, nee full time late bartiya dude. #5a76",Insult,Individual,Low,0.17
exam tumba tough aaytu but somehow aaytu. #30dc,Neutral,Individual,Low,0
"Ykdcmd, elli hogidaroo ade tara madthiya, complete waste fellow anta feel agutte. #3057",Harassment,Individual,Low,0.46
"Crjutlsgw, sir ge complaint haakthini nodu, swalpa limit nodu yaar. #eab0",Threat,Individual,High,0.94
"Ioulfllgv, elli hogidaroo ade tara madthiya, tumba irritating agthiya re anta feel agutte. #a550",Harassment,Individual,High,0.78
"Vkyybh, nee ivattu full lazy mode alli idiya yaar. #add3",Insult,Individual,Low,0.22
naale extra pen togond baa pls. #b4c3,Neutral,Unknown,Low,0
"network sakkath slow ide, once repeat maadu. #fae6",Neutral,Unknown,Low,0.03
"naale 9 gante lab ge bartira, late agbeda. #dd32",Neutral,Group,Low,0.02
pizza bekka biryani bekka decide maadi. #e92a,Neutral,Individual,Low,0.02
"Padlzjhb, nee sakkat dumb idiya yaar re. #60e0",Insult,Individual,Medium,0.29
fest practice ge yar yar barthidira. #717e,Neutral,Group,Low,0
"Mvuloqo, nanna status na yavaglu check madthiya, idu stalking tara kanstide. #74be",Cyberstalking,Individual,High,0.83
weekend ge yava movie nodona. #c67a,Neutral,Individual,Low,0
"Hzpzngddvn, nee ivattu full lazy mode alli idiya machaa. #c653",Insult,Individual,Low,0.25
project help madidakke thanks maga. #0ac1,Neutral,Individual,Low,0.03
"Ozrd, nee full time late bartiya yaar. #054e",Insult,Individual,Low,0.15
"Pgmbfmamiz, prati dina reason illade ping madbedi, idu stalking tara kanstide. #7e3f",Cyberstalking,Individual,High,0.83
"Egjgbsxrbx, nee sakkat dumb idiya yaar machaa. #c6ef",Insult,Individual,Medium,0.39
"Fctc, nee sakkat dumb idiya yaar re. #22e6",Insult,Individual,Medium,0.39
"class grp, ivananna group inda remove maadona, ivan illaadre better ansta. #c3ac",Exclusion,Group,Medium,0.36
"Okycaot, nee reply nodoke tumba time togondiya yaar. #f849",Insult,Individual,Low,0.16
"Ljforw, nee full time late bartiya machaa. #399b",Insult,Individual,Low,0.18
"Iddxr, nee tumba irritating agthiya re re. #5ee4",Insult,Individual,Medium,0.41
"Qpibcun, nee sakkat dumb idiya yaar machaa. #d2b7",Insult,Individual,Medium,0.22
"ninna presentation super aaytu, chennag ide. #8f97",Neutral,Unknown,Low,0
"class grp, ivananna group inda remove maadona, ivan illaadre better ansta. #c054",Exclusion,Group,Medium,0.45
"Txehfzzfn, nee tumba irritating agthiya re yaar. #e229",Insult,Individual,Medium,0.26
"Ifzwdm, elli hogidaroo ade tara madthiya, class nalli full time joker ne anta feel agutte. #2f63",Harassment,Individual,Medium,0.63
exam tumba tough aaytu but somehow aaytu. #b0c4,Neutral,Group,Low,0.03
"Dif, nee full time late bartiya machaa. #97ab",Insult,Individual,Low,0.4
"Msgi, nee full time late bartiya yaar. #9384",Insult,Individual,Low,0.33
"Lncvkt, nee tumba disgusting behaviour machaa. #0a06",Insult,Individual,High,0.45
"Gnvmv, nee tumba irritating agthiya re re. #4676",Insult,Individual,Medium,0.26
"5 nimisha nalli join agthini, swalpa wait maadu. #a79c",Neutral,Unknown,Low,0.02
"happy birthday, tumba olle varsha agli. #4392",Neutral,Unknown,Low,0.02
"network sakkath slow ide, once repeat maadu. #0e44",Neutral,Unknown,Low,0.01
"Uwayy, nee useless tara behave madthiya yaar. #b7f3",Insult,Individual,Medium,0.26
"5 nimisha nalli join agthini, swalpa wait maadu. #0d4d",Neutral,Unknown,Low,0.05
"Txqnrofxpo, nee tumba irritating agthiya re machaa. #dea7",Insult,Individual,Medium,0.26
"Wjhi, elli hogidaroo ade tara madthiya, useless tara behave madthiya anta feel agutte. #a548",Harassment,Individual,Medium,0.59
project help madidakke thanks maga. #6e75,Neutral,Group,Low,0
pizza bekka biryani bekka decide maadi. #5cc5,Neutral,Group,Low,0.05
"Phinpa, elli hogidaroo ade tara madthiya, tumba disgusting behaviour anta feel agutte. #1da4",Harassment,Individual,High,0.79
"Mss, elli hogidaroo ade tara madthiya, tumba disgusting behaviour anta feel agutte. #1063",Harassment,Individual,High,0.82
"ninna presentation super aaytu, chennag ide. #577e",Neutral,Group,Low,0
ivattu assignment submit maadbeku maga. #609c,Neutral,Unknown,Low,0.03
attendance link haakbidu illi. #c11a,Neutral,Individual,Low,0
"Mwgcswuhd, nee complete waste fellow machaa. #0e40",Insult,Individual,High,0.42
"Cqukanpd, elli hogidaroo ade tara madthiya, yen use illa ninna jothe anta feel agutte. #88b8",Harassment,Individual,Medium,0.37
"Tzrypon, elli hogidaroo ade tara madthiya, class nalli full time joker ne anta feel agutte. #1d23",Harassment,Individual,Medium,0.66
"Stvmkapkfp, mundina sari nodu yen agutte anta, swalpa limit nodu yaar. #aae8",Threat,Individual,Low,0.89
naale extra pen togond baa pls. #0ac0,Neutral,Individual,Low,0.05
"Jhmw, nee tumba irritating agthiya re re. #d18b",Insult,Individual,Medium,0.31
"naale 9 gante lab ge bartira, late agbeda. #692e",Neutral,Unknown,Low,0
"Ixsyqtjdgj, nee useless tara behave madthiya re. #c14d",Insult,Individual,Medium,0.19
"naale 9 gante lab ge bartira, late agbeda. #8c3d",Neutral,Individual,Low,0
"Ipd, nee class nalli full time joker ne yaar. #ba6b",Insult,Individual,Medium,0.27
"network sakkath slow ide, once repeat maadu. #bcc4",Neutral,Unknown,Low,0
"Jsnjstbtxd, nee tumba irritating agthiya re re. #7fd4",Insult,Individual,Medium,0.38
"Now, nee full time late bartiya dude. #e048",Insult,Individual,Low,0.13
"naale 9 gante lab ge bartira, late agbeda. #c63c",Neutral,Unknown,Low,0.03
"naale 9 gante lab ge bartira, late agbeda. #2907",Neutral,Group,Low,0
"Octbnxktia, nee sakkat dumb idiya yaar yaar. #ad3f",Insult,Individual,Medium,0.43
"Pquoi, prati dina reason illade ping madbedi, idu stalking tara kanstide. #6f31",Cyberstalking,Individual,High,0.59
"Kvdfknwp, nee sakkat dumb idiya yaar machaa. #6f9a",Insult,Individual,Medium,0.17
ivattu class full bore aaytu. #5efd,Neutral,Unknown,Low,0
"happy birthday, tumba olle varsha agli. #4ec2",Neutral,Unknown,Low,0
attendance link haakbidu illi. #3866,Neutral,Unknown,Low,0.01
"Remgtqxeci, elli hogidaroo ade tara madthiya, complete waste fellow anta feel agutte. #9aff",Harassment,Individual,Medium,0.54
"Eorplkryrm, sir ge complaint haakthini nodu, swalpa limit nodu yaar. #21b3",Threat,Individual,Medium,0.76
"Bkxpwzmmv, yake everywhere message madthiya, idu stalking tara kanstide. #6268",Cyberstalking,Individual,Medium,0.62
"network sakkath slow ide, once repeat maadu. #ecf7",Neutral,Unknown,Low,0.04
"Uckvrmkuw, yake everywhere message madthiya, idu stalking tara kanstide. #7985",Cyberstalking,Individual,Low,0.7
"Xcndyu, nee reply nodoke tumba time togondiya yaar. #c1f7",Insult,Individual,Low,0.29
"Llnehqn, nee total loser tara idiya re. #6629",Insult,Individual,High,0.25
exam tumba tough aaytu but somehow aaytu. #4b2b,Neutral,Unknown,Low,0.04
"5 nimisha nalli join agthini, swalpa wait maadu. #40db",Neutral,Group,Low,0.05
ninne function photos share maadu. #2a2d,Neutral,Group,Low,0
fest practice ge yar yar barthidira. #3a08,Neutral,Group,Low,0.05
yavdru ivattu notes idre send maadu pls. #2765,Neutral,Unknown,Low,0
exam tumba tough aaytu but somehow aaytu. #852e,Neutral,Group,Low,0
"Ceyhvxvmzr, prati dina reason illade ping madbedi, idu stalking tara kanstide. #5eec",Cyberstalking,Individual,Medium,0.81
fest practice ge yar yar barthidira. #f1f5,Neutral,Unknown,Low,0
"happy birthday, tumba olle varsha agli. #430e",Neutral,Unknown,Low,0.02
yavdru ivattu notes idre send maadu pls. #3c3f,Neutral,Unknown,Low,0.01
"naale 9 gante lab ge bartira, late agbeda. #a00b",Neutral,Group,Low,0.02
"review okay aaytu, tension beda. #1129",Neutral,Individual,Low,0
naale 4gante canteen nalli meet aagona. #1bfe,Neutral,Individual,Low,0.01
"Alzzh, nee useless tara behave madthiya machaa. #4822",Insult,Individual,Medium,0.2
"review okay aaytu, tension beda. #f91e",Neutral,Individual,Low,0
"5 nimisha nalli join agthini, swalpa wait maadu. #33f3",Neutral,Individual,Low,0
"guys, ivananna group inda remove maadona, ivan illaadre better ansta. #2a74",Exclusion,Group,Low,0.17
"ninna presentation super aaytu, chennag ide. #818d",Neutral,Individual,Low,0.03
"Rbsrr, next time barbeku anta helthini, swalpa limit nodu yaar. #6318",Threat,Individual,Low,0.65
"review okay aaytu, tension beda. #50d7",Neutral,Unknown,Low,0.03
"happy birthday, tumba olle varsha agli. #b888",Neutral,Group,Low,0
"Tvw, sir ge complaint haakthini nodu, swalpa limit nodu yaar. #dbe7",Threat,Individual,High,1
nee send madida reel super comedy aaytu. #c62d,Neutral,Individual,Low,0.05
fest practice ge yar yar barthidira. #739b,Neutral,Individual,Low,0
"Nigyqdlndj, nee yavattu serious agalla dude. #41eb",Insult,Individual,Low,0.3
attendance link haakbidu illi. #b253,Neutral,Group,Low,0
ninne function photos share maadu. #673d,Neutral,Unknown,Low,0
ivattu assignment submit maadbeku maga. #298c,Neutral,Group,Low,0
attendance link haakbidu illi. #f959,Neutral,Unknown,Low,0.04
naale 4gante canteen nalli meet aagona. #eab1,Neutral,Individual,Low,0
"review okay aaytu, tension beda. #23c8",Neutral,Unknown,Low,0
"review okay aaytu, tension beda. #269d",Neutral,Individual,Low,0.05
fest practice ge yar yar barthidira. #23ac,Neutral,Unknown,Low,0
"Ozs, nee class nalli full time joker ne re. #9c68",Insult,Individual,Medium,0.33
"Wcqufbhw, nee total loser tara idiya dude. #2557",Insult,Individual,High,0.37
naale extra pen togond baa pls. #b6e1,Neutral,Unknown,Low,0.04
ninne function photos share maadu. #78c7,Neutral,Individual,Low,0
"Evwxvqcu, nee tumba disgusting behaviour dude. #82ea",Insult,Individual,High,0.3
naale extra pen togond baa pls. #7cb4,Neutral,Unknown,Low,0.01
"team, ivnanna group nalli add madbeda, ivan illaadre better ansta. #1d8f",Exclusion,Group,Low,0.27
pizza bekka biryani bekka decide maadi. #0029,Neutral,Unknown,Low,0
"team, plan ge ivananna invite madbeda besseru, ivan illaadre better ansta. #1f98",Exclusion,Group,High,0.39
"Cyfioqe, nee reply nodoke tumba time togondiya dude. #db78",Insult,Individual,Low,0.37
"Qlhmclhak, sir ge complaint haakthini nodu, swalpa limit nodu yaar. #9d23",Threat,Individual,High,1
ivattu assignment submit maadbeku maga. #9243,Neutral,Group,Low,0
"naale 9 gante lab ge bartira, late agbeda. #d118",Neutral,Group,Low,0
"Jnatl, nee ivattu full lazy mode alli idiya re. #cc53",Insult,Individual,Low,0.24
yavdru ivattu notes idre send maadu pls. #ea7a,Neutral,Unknown,Low,0.02
yavdru ivattu notes idre send maadu pls. #ac1a,Neutral,Group,Low,0
"Wpufzecwyo, nee total loser tara idiya yaar. #0797",Insult,Individual,High,0.29
pizza bekka biryani bekka decide maadi. #6fd7,Neutral,Individual,Low,0
"Xomkfpwpl, a type jokes swalpa stop maadu, group nalli idu sari alla. #4ef7",Sexual Harassment,Individual,Medium,0.59
"network sakkath slow ide, once repeat maadu. #2512",Neutral,Individual,Low,0.03
"Tniuzbcv, nee reply nodoke tumba time togondiya dude. #a6f5",Insult,Individual,Low,0.13
"Ech, prati dina reason illade ping madbedi, idu stalking tara kanstide. #1774",Cyberstalking,Individual,Low,0.66
"class grp, plan ge ivananna invite madbeda besseru, ivan illaadre better ansta. #28bc",Exclusion,Group,Low,0.19
project help madidakke thanks maga. #55bd,Neutral,Individual,Low,0
yaaru naalege PPT madthare helri. #902b,Neutral,Unknown,Low,0
"Dgzehz, elli hogidaroo ade tara madthiya, total loser tara idiya anta feel agutte. #41ca",Harassment,Individual,High,0.47
"Cjmw, nee ivattu full lazy mode alli idiya dude. #4e35",Insult,Individual,Low,0.34
"Oovq, elli hogidaroo ade tara madthiya, tumba irritating agthiya re anta feel agutte. #ed41",Harassment,Individual,High,0.48
"Qejf, elli hogidaroo ade tara madthiya, class nalli full time joker ne anta feel agutte. #9373",Harassment,Individual,Low,0.52
attendance link haakbidu illi. #9c04,Neutral,Unknown,Low,0.07
"Fvtxt, nee sakkat dumb idiya yaar machaa. #26a9",Insult,Individual,Medium,0.22
"Ugysntu, mundina sari nodu yen agutte anta, swalpa limit nodu yaar. #9453",Threat,Individual,Low,0.62
"Jocwbfonp, nee yavattu serious agalla dude. #258f",Insult,Individual,Low,0.19
"Meylqrdk, nee full time late bartiya re. #5833",Insult,Individual,Low,0.33
yaaru naalege PPT madthare helri. #6bd4,Neutral,Group,Low,0
"Mqoh, ella platform nalli follow madbeda please, idu stalking tara kanstide. #aa3d",Cyberstalking,Individual,Medium,0.8
yavdru ivattu notes idre send maadu pls. #2b72,Neutral,Group,Low,0
"naale 9 gante lab ge bartira, late agbeda. #fce7",Neutral,Group,Low,0
naale 4gante canteen nalli meet aagona. #c47c,Neutral,Unknown,Low,0.05
weekend ge yava movie nodona. #06cc,Neutral,Unknown,Low,0
"Lkv, mundina sari nodu yen agutte anta, swalpa limit nodu yaar. #1e78",Threat,Individual,High,0.95
"Iuzysshxbs, elli hogidaroo ade tara madthiya, tumba disgusting behaviour anta feel agutte. #310c",Harassment,Individual,High,0.66
"network sakkath slow ide, once repeat maadu. #a251",Neutral,Unknown,Low,0
ninne function photos share maadu. #e946,Neutral,Group,Low,0.01
"Tpghirj, ella platform nalli follow madbeda please, idu stalking tara kanstide. #cf10",Cyberstalking,Individual,Medium,0.67
"Jdsvrmm, elli hogidaroo ade tara madthiya, complete waste fellow anta feel agutte. #5f26",Harassment,Individual,High,0.61
"naale 9 gante lab ge bartira, late agbeda. #735d",Neutral,Unknown,Low,0.02
"Uhbdnk, elli hogidaroo ade tara madthiya, tumba irritating agthiya re anta feel agutte. #2936",Harassment,Individual,Medium,0.39
"review okay aaytu, tension beda. #9ee4",Neutral,Individual,Low,0.03
"Nfbmz, nee tumba irritating agthiya re dude. #6d73",Insult,Individual,Medium,0.45
"Jourqpeq, cheap comments madbeda ava bagge, group nalli idu sari alla. #12ad",Sexual Harassment,Individual,Low,0.7
"Axkzj, next time barbeku anta helthini, swalpa limit nodu yaar. #1fac",Threat,Individual,Medium,0.91
"Epkha, sir ge complaint haakthini nodu, swalpa limit nodu yaar. #a909",Threat,Individual,High,0.76
"naale 9 gante lab ge bartira, late agbeda. #06e4",Neutral,Group,Low,0
ivattu class full bore aaytu. #2d5e,Neutral,Individual,Low,0
"5 nimisha nalli join agthini, swalpa wait maadu. #b61e",Neutral,Unknown,Low,0.04
"Srefkq, elli hogidaroo ade tara madthiya, class nalli full time joker ne anta feel agutte. #bd04",Harassment,Individual,Low,0.5
"Oeq, elli hogidaroo ade tara madthiya, sakkat dumb idiya yaar anta feel agutte. #f709",Harassment,Individual,Medium,0.71
"Axgscbn, nee sakkat dumb idiya yaar machaa. #6b82",Insult,Individual,Medium,0.22
"team, chat nalli ivnanna ide irboda anta ansta, ivan illaadre better ansta. #830b",Exclusion,Group,Low,0.4
naale 4gante canteen nalli meet aagona. #c6df,Neutral,Unknown,Low,0.03
"Vxrnrmhhol, nanna status na yavaglu check madthiya, idu stalking tara kanstide. #f2f1",Cyberstalking,Individual,High,0.85
"gang, ivnanna group nalli add madbeda, ivan illaadre better ansta. #154e",Exclusion,Group,Medium,0.25
weekend ge yava movie nodona. #9148,Neutral,Unknown,Low,0
"Vqhnj, nee useless tara behave madthiya machaa. #f27f",Insult,Individual,Medium,0.24
"Zqkwnnejm, nee class nalli full time joker ne re. #01e4",Insult,Individual,Medium,0.32
nee send madida reel super comedy aaytu. #b44e,Neutral,Individual,Low,0
exam tumba tough aaytu but somehow aaytu. #008c,Neutral,Group,Low,0
"Pgkjag, nee class nalli full time joker ne re. #d4b4",Insult,Individual,Medium,0.4
"class grp, plan ge ivananna invite madbeda besseru, ivan illaadre better ansta. #7fff",Exclusion,Group,Medium,0.41
exam tumba tough aaytu but somehow aaytu. #3a97,Neutral,Unknown,Low,0.04
"class grp, chat nalli ivnanna ide irboda anta ansta, ivan illaadre better ansta. #8e90",Exclusion,Group,Medium,0.31
"Fexrpfru, yake everywhere message madthiya, idu stalking tara kanstide. #0126",Cyberstalking,Individual,High,0.69
"Neu, sir ge complaint haakthini nodu, swalpa limit nodu yaar. #1bea",Threat,Individual,Low,0.86
attendance link haakbidu illi. #1e07,Neutral,Individual,Low,0
"Ddqeh, nee tumba irritating agthiya re re. #d684",Insult,Individual,Medium,0.3
"Oshwhjvcu, next time barbeku anta helthini, swalpa limit nodu yaar. #67bf",Threat,Individual,Medium,0.78
weekend ge yava movie nodona. #5c9a,Neutral,Unknown,Low,0
"Gwspib, yake everywhere message madthiya, idu stalking tara kanstide. #29c4",Cyberstalking,Individual,High,0.9
"review okay aaytu, tension beda. #c62e",Neutral,Individual,Low,0.01
"Yxezwxcqx, nee complete waste fellow machaa. #cff5",Insult,Individual,High,0.42
ninne function photos share maadu. #940a,Neutral,Group,Low,0.02
ninne function photos share maadu. #9c67,Neutral,Group,Low,0
ivattu assignment submit maadbeku maga. #32ad,Neutral,Individual,Low,0
nee send madida reel super comedy aaytu. #e69a,Neutral,Individual,Low,0
"Cfnin, nee full time late bartiya machaa. #ee89",Insult,Individual,Low,0.17
"5 nimisha nalli join agthini, swalpa wait maadu. #19dd",Neutral,Group,Low,0.06
yaaru naalege PPT madthare helri. #77a2,Neutral,Group,Low,0.04
"Kmizml, nanna status na yavaglu check madthiya, idu stalking tara kanstide. #019a",Cyberstalking,Individual,Medium,0.73
"Wgozjwczzn, nee tumba irritating agthiya re dude. #2729",Insult,Individual,Medium,0.36
yavdru ivattu notes idre send maadu pls. #d642,Neutral,Group,Low,0.03
"Yhvv, elli hogidaroo ade tara madthiya, sakkat dumb idiya yaar anta feel agutte. #d565",Harassment,Individual,High,0.68
"Zndadihq, nee tumba irritating agthiya re re. #3a64",Insult,Individual,Medium,0.36
"naale 9 gante lab ge bartira, late agbeda. #caa1",Neutral,Unknown,Low,0.03
"ninna presentation super aaytu, chennag ide. #3855",Neutral,Group,Low,0
yaaru naalege PPT madthare helri. #b2d4,Neutral,Group,Low,0
"Fuvnm, nee total loser tara idiya yaar. #6279",Insult,Individual,High,0.28
"naale 9 gante lab ge bartira, late agbeda. #7e26",Neutral,Unknown,Low,0
"naale 9 gante lab ge bartira, late agbeda. #bfce",Neutral,Group,Low,0
"naale 9 gante lab ge bartira, late agbeda. #a808",Neutral,Individual,Low,0
yaaru naalege PPT madthare helri. #5f0d,Neutral,Group,Low,0
ninne function photos share maadu. #c044,Neutral,Unknown,Low,0
"Pfcsazyhjb, nee tumba irritating agthiya re machaa. #905f",Insult,Individual,Medium,0.35
naale extra pen togond baa pls. #7d35,Neutral,Individual,Low,0.01
"Boilcod, ella platform nalli follow madbeda please, idu stalking tara kanstide. #a656",Cyberstalking,Individual,Low,0.75
"Gzbslr, cheap comments madbeda ava bagge, group nalli idu sari alla. #4082",Sexual Harassment,Individual,High,0.79
naale 4gante canteen nalli meet aagona. #adad,Neutral,Unknown,Low,0.01
"Pesuiunmo, a type jokes swalpa stop maadu, group nalli idu sari alla. #ffe7",Sexual Harassment,Individual,Medium,0.85
"Ksayxcxouv, nee ivattu full lazy mode alli idiya machaa. #d8b5",Insult,Individual,Low,0.37
yavdru ivattu notes idre send maadu pls. #1837,Neutral,Individual,Low,0
naale 4gante canteen nalli meet aagona. #011d,Neutral,Unknown,Low,0.03
yavdru ivattu notes idre send maadu pls. #e1f8,Neutral,Group,Low,0.06
"Wdag, nee useless tara behave madthiya dude. #4793",Insult,Individual,Medium,0.37
"Dnwepchm, nee sakkat dumb idiya yaar yaar. #109a",Insult,Individual,Medium,0.26
yaaru naalege PPT madthare helri. #1a9a,Neutral,Group,Low,0.02
"network sakkath slow ide, once repeat maadu. #84b5",Neutral,Group,Low,0
"Ywavjgq, elli hogidaroo ade tara madthiya, complete waste fellow anta feel agutte. #3ceb",Harassment,Individual,Medium,0.6
"Dhputcqal, nee class nalli full time joker ne machaa. #6b93",Insult,Individual,Medium,0.38
"Ycascaigbb, ava body bagge a tara mata beda, group nalli idu sari alla. #a97b",Sexual Harassment,Individual,High,0.77
"Urrt, nee sakkat dumb idiya yaar re. #49d3",Insult,Individual,Medium,0.28
"network sakkath slow ide, once repeat maadu. #779e",Neutral,Unknown,Low,0
"Ottb, yake everywhere message madthiya, idu stalking tara kanstide. #cf74",Cyberstalking,Individual,Medium,0.56
ivattu assignment submit maadbeku maga. #fea6,Neutral,Group,Low,0
"Poql, sir ge complaint haakthini nodu, swalpa limit nodu yaar. #2dab",Threat,Individual,Medium,0.68
"happy birthday, tumba olle varsha agli. #3b2f",Neutral,Individual,Low,0
weekend ge yava movie nodona. #8424,Neutral,Individual,Low,0
"happy birthday, tumba olle varsha agli. #bfc7",Neutral,Unknown,Low,0.01
"Yjkcroa, ella platform nalli follow madbeda please, idu stalking tara kanstide. #77e3",Cyberstalking,Individual,High,0.54
"Yygxryzhea, nee reply nodoke tumba time togondiya dude. #660a",Insult,Individual,Low,0.28
"Ayvmxxjd, nee useless tara behave madthiya re. #2ab2",Insult,Individual,Medium,0.34
"5 nimisha nalli join agthini, swalpa wait maadu. #40d5",Neutral,Unknown,Low,0.07
ninne function photos share maadu. #d483,Neutral,Unknown,Low,0
"Eyysde, next time barbeku anta helthini, swalpa limit nodu yaar. #00a8",Threat,Individual,Medium,0.8
fest practice ge yar yar barthidira. #f3c1,Neutral,Individual,Low,0
ivattu assignment submit maadbeku maga. #fa87,Neutral,Group,Low,0.01
"Zzed, cheap comments madbeda ava bagge, group nalli idu sari alla. #be5b",Sexual Harassment,Individual,High,0.81
project help madidakke thanks maga. #a08b,Neutral,Unknown,Low,0.02
ivattu assignment submit maadbeku maga. #7937,Neutral,Group,Low,0
"Oebttth, nee ivattu full lazy mode alli idiya machaa. #7bd1",Insult,Individual,Low,0.15
"team, plan ge ivananna invite madbeda besseru, ivan illaadre better ansta. #64a4",Exclusion,Group,Medium,0.22
ivattu class full bore aaytu. #a2e6,Neutral,Unknown,Low,0.02
"review okay aaytu, tension beda. #e4c5",Neutral,Group,Low,0
ivattu assignment submit maadbeku maga. #9726,Neutral,Unknown,Low,0.05
"Zprjfp, elli hogidaroo ade tara madthiya, sakkat dumb idiya yaar anta feel agutte. #c79b",Harassment,Individual,High,0.64
yaaru naalege PPT madthare helri. #b0a0,Neutral,Group,Low,0
"review okay aaytu, tension beda. #e7fe",Neutral,Individual,Low,0
"review okay aaytu, tension beda. #c32d",Neutral,Individual,Low,0.01
fest practice ge yar yar barthidira. #cee8,Neutral,Group,Low,0.01
"team, ivnanna group nalli add madbeda, ivan illaadre better ansta. #e6d8",Exclusion,Group,High,0.34
"network sakkath slow ide, once repeat maadu. #33e6",Neutral,Group,Low,0
"class grp, plan ge ivananna invite madbeda besseru, ivan illaadre better ansta. #320f",Exclusion,Group,Low,0.28
"Rckt, prati dina reason illade ping madbedi, idu stalking tara kanstide. #beba",Cyberstalking,Individual,Low,0.46
"class grp, plan ge ivananna invite madbeda besseru, ivan illaadre better ansta. #3e40",Exclusion,Group,Low,0.4
"naale 9 gante lab ge bartira, late agbeda. #7f52",Neutral,Individual,Low,0
pizza bekka biryani bekka decide maadi. #6447,Neutral,Group,Low,0.04
naale extra pen togond baa pls. #08b9,Neutral,Group,Low,0
"Rvpshpjcm, nanna status na yavaglu check madthiya, idu stalking tara kanstide. #7f9a",Cyberstalking,Individual,Medium,0.69
"network sakkath slow ide, once repeat maadu. #e2a8",Neutral,Individual,Low,0.01
"Cmrm, prati dina reason illade ping madbedi, idu stalking tara kanstide. #e801",Cyberstalking,Individual,High,0.83
"gang, ivnanna group nalli add madbeda, ivan illaadre better ansta. #dc84",Exclusion,Group,Low,0.37
"Mupstpb, elli hogidaroo ade tara madthiya, tumba disgusting behaviour anta feel agutte. #1dcd",Harassment,Individual,High,0.79
ivattu class full bore aaytu. #17ed,Neutral,Group,Low,0.02
"class grp, plan ge ivananna invite madbeda besseru, ivan illaadre better ansta. #9fc5",Exclusion,Group,Low,0.38
"Xpyqlbqzf, elli hogidaroo ade tara madthiya, tumba disgusting behaviour anta feel agutte. #9195",Harassment,Individual,High,0.45
yavdru ivattu notes idre send maadu pls. #798e,Neutral,Group,Low,0.06
fest practice ge yar yar barthidira. #c6f4,Neutral,Group,Low,0
yaaru naalege PPT madthare helri. #3a3e,Neutral,Unknown,Low,0.04
"Iunqay, elli hogidaroo ade tara madthiya, tumba irritating agthiya re anta feel agutte. #fbcd",Harassment,Individual,Medium,0.43
"Wwuinml, nee useless tara behave madthiya dude. #06b1",Insult,Individual,Medium,0.14
"naale 9 gante lab ge bartira, late agbeda. #f845",Neutral,Group,Low,0.04
fest practice ge yar yar barthidira. #ff9c,Neutral,Group,Low,0.06
"Inmmxbs, nee useless tara behave madthiya re. #6a78",Insult,Individual,Medium,0.37
"Qjfvrfjd, nee tumba irritating agthiya re dude. #4241",Insult,Individual,Medium,0.31
"Uchlhxjn, elli hogidaroo ade tara madthiya, complete waste fellow anta feel agutte. #7476",Harassment,Individual,Medium,0.73
"Pgqd, nee tumba irritating agthiya re dude. #bff2",Insult,Individual,Medium,0.17
ivattu class full bore aaytu. #c1f6,Neutral,Group,Low,0.02
"Gyyfsyf, nee reply nodoke tumba time togondiya dude. #a853",Insult,Individual,Low,0.26
"Abrgxlaky, nee sakkat dumb idiya yaar re. #c128",Insult,Individual,Medium,0.29
"Dmqsj, nee full time late bartiya re. #77c7",Insult,Individual,Low,0.3
ivattu assignment submit maadbeku maga. #6bf6,Neutral,Individual,Low,0
yavdru ivattu notes idre send maadu pls. #628e,Neutral,Group,Low,0.03
"Vdu, a tara photos haakbeda please, group nalli idu sari alla. #067d",Sexual Harassment,Individual,Medium,0.75
exam tumba tough aaytu but somehow aaytu. #d2e5,Neutral,Unknown,Low,0
"Jdzd, nee reply nodoke tumba time togondiya dude. #4d88",Insult,Individual,Low,0.33
"Jfbrpgwpk, elli hogidaroo ade tara madthiya, sakkat dumb idiya yaar anta feel agutte. #39f9",Harassment,Individual,High,0.79
"Cyqcx, nee total loser tara idiya yaar. #d01a",Insult,Individual,High,0.48
weekend ge yava movie nodona. #abad,Neutral,Group,Low,0.03
"Vufkl, elli hogidaroo ade tara madthiya, complete waste fellow anta feel agutte. #1f0a",Harassment,Individual,Low,0.58
"Moimwpznu, cheap comments madbeda ava bagge, group nalli idu sari alla. #41bd",Sexual Harassment,Individual,Low,0.81
"Spzsvoftm, nee full time late bartiya machaa. #742a",Insult,Individual,Low,0.36
"Pdnobciuka, a tara photos haakbeda please, group nalli idu sari alla. #cd8a",Sexual Harassment,Individual,High,0.93
"ninna presentation super aaytu, chennag ide. #a234",Neutral,Group,Low,0.02
"review okay aaytu, tension beda. #c707",Neutral,Group,Low,0
fest practice ge yar yar barthidira. #218d,Neutral,Unknown,Low,0
"5 nimisha nalli join agthini, swalpa wait maadu. #ea7f",Neutral,Individual,Low,0
ivattu class full bore aaytu. #feda,Neutral,Individual,Low,0
"Gdmgoz, nodu careful iru, illa problem agutte, swalpa limit nodu yaar. #c2d8",Threat,Individual,High,0.84
"Yoov, elli hogidaroo ade tara madthiya, sakkat dumb idiya yaar anta feel agutte. #e0ea",Harassment,Individual,Low,0.56
"Qyfwsfxedm, nee ivattu full lazy mode alli idiya machaa. #3d0f",Insult,Individual,Low,0.4
"network sakkath slow ide, once repeat maadu. #d240",Neutral,Unknown,Low,0.02
"Wxrugggt, elli hogidaroo ade tara madthiya, tumba irritating agthiya re anta feel agutte. #6900",Harassment,Individual,High,0.55
"Wdylrpss, ella platform nalli follow madbeda please, idu stalking tara kanstide. #11aa",Cyberstalking,Individual,High,0.9
"Ebvbgiyzf, cheap comments madbeda ava bagge, group nalli idu sari alla. #877c",Sexual Harassment,Individual,High,0.59
"Lod, next time barbeku anta helthini, swalpa limit nodu yaar. #7691",Threat,Individual,High,0.84
yavdru ivattu notes idre send maadu pls. #9489,Neutral,Individual,Low,0.05
"Huwwulysrx, elli hogidaroo ade tara madthiya, complete waste fellow anta feel agutte. #aab8",Harassment,Individual,Medium,0.71
naale extra pen togond baa pls. #877e,Neutral,Group,Low,0.02
"review okay aaytu, tension beda. #593f",Neutral,Unknown,Low,0
naale extra pen togond baa pls. #95ad,Neutral,Group,Low,0.02
pizza bekka biryani bekka decide maadi. #7074,Neutral,Group,Low,0
naale extra pen togond baa pls. #91e0,Neutral,Unknown,Low,0.04
nee send madida reel super comedy aaytu. #c345,Neutral,Individual,Low,0.06
"team, ivnanna group nalli add madbeda, ivan illaadre better ansta. #4a18",Exclusion,Group,Low,0.44
"ninna presentation super aaytu, chennag ide. #2709",Neutral,Individual,Low,0.06
ivattu assignment submit maadbeku maga. #06a8,Neutral,Group,Low,0
"Wcl, nee tumba irritating agthiya re yaar. #7e1c",Insult,Individual,Medium,0.35
"Pfr, nee ivattu full lazy mode alli idiya re. #75ae",Insult,Individual,Low,0.37
"Vzxular, elli hogidaroo ade tara madthiya, sakkat dumb idiya yaar anta feel agutte. #a343",Harassment,Individual,High,0.54
"network sakkath slow ide, once repeat maadu. #33e3",Neutral,Unknown,Low,0.01
"Gdfvzsb, a tara photos haakbeda please, group nalli idu sari alla. #944c",Sexual Harassment,Individual,Medium,0.63
ivattu class full bore aaytu. #26b8,Neutral,Group,Low,0
ivattu assignment submit maadbeku maga. #f245,Neutral,Group,Low,0.03
ivattu class full bore aaytu. #ee6e,Neutral,Unknown,Low,0
nee send madida reel super comedy aaytu. #3f4a,Neutral,Unknown,Low,0
ninne function photos share maadu. #bfe2,Neutral,Individual,Low,0
"gang, ivananna group inda remove maadona, ivan illaadre better ansta. #f736",Exclusion,Group,Medium,0.44
"Xxplb, elli hogidaroo ade tara madthiya, class nalli full time joker ne anta feel agutte. #3a10",Harassment,Individual,Low,0.37
weekend ge yava movie nodona. #199e,Neutral,Individual,Low,0
"Srsfmum, elli hogidaroo ade tara madthiya, useless tara behave madthiya anta feel agutte. #39ce",Harassment,Individual,Medium,0.7
"Lpzptaqe, nee reply nodoke tumba time togondiya dude. #7ac6",Insult,Individual,Low,0.37
weekend ge yava movie nodona. #ea32,Neutral,Unknown,Low,0
"review okay aaytu, tension beda. #b473",Neutral,Individual,Low,0.02
"review okay aaytu, tension beda. #6773",Neutral,Unknown,Low,0.02
fest practice ge yar yar barthidira. #c953,Neutral,Individual,Low,0.03
"Fxvkots, elli hogidaroo ade tara madthiya, tumba disgusting behaviour anta feel agutte. #6f6a",Harassment,Individual,High,0.5
ivattu class full bore aaytu. #d4a6,Neutral,Unknown,Low,0
pizza bekka biryani bekka decide maadi. #9c32,Neutral,Unknown,Low,0.03
"Eipyhcjtr, sir ge complaint haakthini nodu, swalpa limit nodu yaar. #74ab",Threat,Individual,High,1
"network sakkath slow ide, once repeat maadu. #1187",Neutral,Group,Low,0
"network sakkath slow ide, once repeat maadu. #4a19",Neutral,Unknown,Low,0
"Jslywmx, elli hogidaroo ade tara madthiya, class nalli full time joker ne anta feel agutte. #d4b2",Harassment,Individual,Medium,0.5
ninne function photos share maadu. #b520,Neutral,Unknown,Low,0
fest practice ge yar yar barthidira. #a353,Neutral,Unknown,Low,0
"Upoag, nee sakkat dumb idiya yaar machaa. #2b77",Insult,Individual,Medium,0.35
"Lhu, elli hogidaroo ade tara madthiya, useless tara behave madthiya anta feel agutte. #0fdd",Harassment,Individual,Medium,0.63
"Qaxwcc, ella platform nalli follow madbeda please, idu stalking tara kanstide. #607a",Cyberstalking,Individual,High,0.65
"naale 9 gante lab ge bartira, late agbeda. #95c0",Neutral,Unknown,Low,0.02
weekend ge yava movie nodona. #2d4d,Neutral,Group,Low,0.01
"Cmuzhvw, nee yen use illa ninna jothe re. #b16e",Insult,Individual,High,0.47
"Jcmvxk, nanna status na yavaglu check madthiya, idu stalking tara kanstide. #28f6",Cyberstalking,Individual,Medium,0.47
exam tumba tough aaytu but somehow aaytu. #5241,Neutral,Individual,Low,0.01
yavdru ivattu notes idre send maadu pls. #cf0a,Neutral,Group,Low,0.05
nee send madida reel super comedy aaytu. #74c1,Neutral,Group,Low,0.01
project help madidakke thanks maga. #ec98,Neutral,Group,Low,0
"Hiptklf, nee reply nodoke tumba time togondiya dude. #ec1a",Insult,Individual,Low,0.27
naale extra pen togond baa pls. #32f7,Neutral,Group,Low,0.02
"Zafnpeuqrx, ava body bagge a tara mata beda, group nalli idu sari alla. #d920",Sexual Harassment,Individual,Medium,0.88
"naale 9 gante lab ge bartira, late agbeda. #aa45",Neutral,Group,Low,0.01
"Landlvt, elli hogidaroo ade tara madthiya, tumba irritating agthiya re anta feel agutte. #bb01",Harassment,Individual,Medium,0.5
"Cmtjouefuz, prati dina reason illade ping madbedi, idu stalking tara kanstide. #77e7",Cyberstalking,Individual,Medium,0.58
"Ujwitumi, next time barbeku anta helthini, swalpa limit nodu yaar. #1c74",Threat,Individual,Low,0.64
ninne function photos share maadu. #425e,Neutral,Individual,Low,0
exam tumba tough aaytu but somehow aaytu. #d9bd,Neutral,Unknown,Low,0.04
yaaru naalege PPT madthare helri. #fd79,Neutral,Individual,Low,0.04
"network sakkath slow ide, once repeat maadu. #cbc6",Neutral,Unknown,Low,0.01
"Zcojln, nee tumba irritating agthiya re machaa. #a255",Insult,Individual,Medium,0.42
attendance link haakbidu illi. #2b55,Neutral,Individual,Low,0.02
"Gnrnmhfw, elli hogidaroo ade tara madthiya, class nalli full time joker ne anta feel agutte. #3cf3",Harassment,Individual,High,0.67
yaaru naalege PPT madthare helri. #b969,Neutral,Individual,Low,0
ivattu assignment submit maadbeku maga. #dcb3,Neutral,Individual,Low,0.02
"Hce, nanna status na yavaglu check madthiya, idu stalking tara kanstide. #cdc8",Cyberstalking,Individual,Medium,0.5
ninne function photos share maadu. #0de5,Neutral,Individual,Low,0
"Adywhmyoh, nee ivattu full lazy mode alli idiya yaar. #6768",Insult,Individual,Low,0.35
"Vjkfuxbxr, elli hogidaroo ade tara madthiya, yen use illa ninna jothe anta feel agutte. #2111",Harassment,Individual,Low,0.55
"Dhunka, nee full time late bartiya re. #2092",Insult,Individual,Low,0.39
yavdru ivattu notes idre send maadu pls. #d56c,Neutral,Group,Low,0
"Krzuyl, nee sakkat dumb idiya yaar dude. #7126",Insult,Individual,Medium,0.37
"Worjrwpgsf, nee ivattu full lazy mode alli idiya machaa. #1915",Insult,Individual,Low,0.16
pizza bekka biryani bekka decide maadi. #799a,Neutral,Group,Low,0.06
"ninna presentation super aaytu, chennag ide. #9e53",Neutral,Unknown,Low,0.01
"Tjknu, yake everywhere message madthiya, idu stalking tara kanstide. #9678",Cyberstalking,Individual,High,0.6
"Gdp, nee full time late bartiya re. #3f62",Insult,Individual,Low,0.33
"Blhtwca, nee complete waste fellow re. #5b09",Insult,Individual,High,0.41
"ninna presentation super aaytu, chennag ide. #ac1e",Neutral,Individual,Low,0.01
"Gqvhsu, prati dina reason illade ping madbedi, idu stalking tara kanstide. #f045",Cyberstalking,Individual,Low,0.69
"Dfzfrmqkv, elli hogidaroo ade tara madthiya, yen use illa ninna jothe anta feel agutte. #7f14",Harassment,Individual,High,0.66
"team, plan ge ivananna invite madbeda besseru, ivan illaadre better ansta. #4853",Exclusion,Group,High,0.46
naale 4gante canteen nalli meet aagona. #bf89,Neutral,Group,Low,0.02
yavdru ivattu notes idre send maadu pls. #6320,Neutral,Group,Low,0.03
project help madidakke thanks maga. #6254,Neutral,Unknown,Low,0
yavdru ivattu notes idre send maadu pls. #bc75,Neutral,Group,Low,0
yavdru ivattu notes idre send maadu pls. #1689,Neutral,Group,Low,0.03
"Ebvxmo, nee ivattu full lazy mode alli idiya yaar. #f7d3",Insult,Individual,Low,0.26
"ninna presentation super aaytu, chennag ide. #2c9e",Neutral,Group,Low,0
"Pmusgr, nee sakkat dumb idiya yaar re. #a480",Insult,Individual,Medium,0.17
project help madidakke thanks maga. #1d78,Neutral,Group,Low,0
yavdru ivattu notes idre send maadu pls. #3dc6,Neutral,Individual,Low,0.03
ivattu assignment submit maadbeku maga. #ce04,Neutral,Group,Low,0
"Xrggrq, nee ivattu full lazy mode alli idiya machaa. #b9bd",Insult,Individual,Low,0.21
"Svqbifbjg, nee yen use illa ninna jothe machaa. #a370",Insult,Individual,High,0.44
"Dajumhmq, nee ivattu full lazy mode alli idiya yaar. #1a70",Insult,Individual,Low,0.2
"Rwabhqjkpm, ava body bagge a tara mata beda, group nalli idu sari alla. #1040",Sexual Harassment,Individual,High,0.69
"Zbuimar, nee reply nodoke tumba time togondiya machaa. #d75b",Insult,Individual,Low,0.22
attendance link haakbidu illi. #fbbd,Neutral,Unknown,Low,0
nee send madida reel super comedy aaytu. #f5cd,Neutral,Individual,Low,0
weekend ge yava movie nodona. #8934,Neutral,Individual,Low,0.06
"Joxuxieyg, elli hogidaroo ade tara madthiya, tumba irritating agthiya re anta feel agutte. #6869",Harassment,Individual,High,0.76
naale 4gante canteen nalli meet aagona. #d76b,Neutral,Unknown,Low,0.06
"Ppefghbny, next time barbeku anta helthini, swalpa limit nodu yaar. #01c6",Threat,Individual,High,0.92
"happy birthday, tumba olle varsha agli. #e64e",Neutral,Group,Low,0
"naale 9 gante lab ge bartira, late agbeda. #4680",Neutral,Group,Low,0
yavdru ivattu notes idre send maadu pls. #3d47,Neutral,Individual,Low,0.06
"5 nimisha nalli join agthini, swalpa wait maadu. #0d68",Neutral,Individual,Low,0
"Mnkoa, elli hogidaroo ade tara madthiya, class nalli full time joker ne anta feel agutte. #24aa",Harassment,Individual,Low,0.64
"class grp, ivnanna group nalli add madbeda, ivan illaadre better ansta. #283f",Exclusion,Group,Low,0.26
"Mrmby, nee reply nodoke tumba time togondiya re. #3bb6",Insult,Individual,Low,0.34
yaaru naalege PPT madthare helri. #1cc5,Neutral,Individual,Low,0
"gang, chat nalli ivnanna ide irboda anta ansta, ivan illaadre better ansta. #bde0",Exclusion,Group,High,0.28
yaaru naalege PPT madthare helri. #e93e,Neutral,Individual,Low,0.01
"ninna presentation super aaytu, chennag ide. #df2b",Neutral,Individual,Low,0
"review okay aaytu, tension beda. #c368",Neutral,Group,Low,0.03
"class grp, chat nalli ivnanna ide irboda anta ansta, ivan illaadre better ansta. #2a94",Exclusion,Group,Low,0.23
"Pxwt, nee tumba irritating agthiya re machaa. #b3ab",Insult,Individual,Medium,0.32
yaaru naalege PPT madthare helri. #c515,Neutral,Unknown,Low,0.01
fest practice ge yar yar barthidira. #6d11,Neutral,Group,Low,0
attendance link haakbidu illi. #0e7b,Neutral,Unknown,Low,0
"Xstafgkkv, nee sakkat dumb idiya yaar dude. #bbeb",Insult,Individual,Medium,0.18
"Oznxbqjs, nee sakkat dumb idiya yaar machaa. #49b1",Insult,Individual,Medium,0.35
fest practice ge yar yar barthidira. #875c,Neutral,Group,Low,0.04
pizza bekka biryani bekka decide maadi. #cba7,Neutral,Group,Low,0
"Zbygcoqa, sir ge complaint haakthini nodu, swalpa limit nodu yaar. #7086",Threat,Individual,Medium,0.82
yavdru ivattu notes idre send maadu pls. #889b,Neutral,Group,Low,0.06
attendance link haakbidu illi. #6ab9,Neutral,Individual,Low,0.01
"Jirkyo, nee reply nodoke tumba time togondiya yaar. #cf41",Insult,Individual,Low,0.36
naale 4gante canteen nalli meet aagona. #729e,Neutral,Unknown,Low,0
"Robeapvb, nodu careful iru, illa problem agutte, swalpa limit nodu yaar. #628d",Threat,Individual,High,0.76
"review okay aaytu, tension beda. #35c8",Neutral,Individual,Low,0
"happy birthday, tumba olle varsha agli. #6482",Neutral,Individual,Low,0.04
"ninna presentation super aaytu, chennag ide. #2b7c",Neutral,Group,Low,0.03
weekend ge yava movie nodona. #96de,Neutral,Unknown,Low,0.02
"Hthrfpmck, nee class nalli full time joker ne re. #03c9",Insult,Individual,Medium,0.31
"Fvvcxw, elli hogidaroo ade tara madthiya, yen use illa ninna jothe anta feel agutte. #6a38",Harassment,Individual,Medium,0.67
ivattu class full bore aaytu. #8359,Neutral,Unknown,Low,0
"Yev, nee yavattu serious agalla re. #c514",Insult,Individual,Low,0.37
ivattu assignment submit maadbeku maga. #ee94,Neutral,Unknown,Low,0
"Rbawrldj, prati dina reason illade ping madbedi, idu stalking tara kanstide. #f8af",Cyberstalking,Individual,Medium,0.49
"Nrgvfpegr, elli hogidaroo ade tara madthiya, tumba disgusting behaviour anta feel agutte. #4b57",Harassment,Individual,Medium,0.47
naale 4gante canteen nalli meet aagona. #865d,Neutral,Individual,Low,0.06
"network sakkath slow ide, once repeat maadu. #2d3a",Neutral,Unknown,Low,0.05
"naale 9 gante lab ge bartira, late agbeda. #8215",Neutral,Unknown,Low,0.01
naale extra pen togond baa pls. #562f,Neutral,Unknown,Low,0
weekend ge yava movie nodona. #cd32,Neutral,Group,Low,0
ivattu class full bore aaytu. #2b6c,Neutral,Unknown,Low,0.04
"ninna presentation super aaytu, chennag ide. #7cfe",Neutral,Group,Low,0
pizza bekka biryani bekka decide maadi. #1aff,Neutral,Individual,Low,0
"network sakkath slow ide, once repeat maadu. #9efd",Neutral,Group,Low,0.02
yaaru naalege PPT madthare helri. #e0e3,Neutral,Group,Low,0
"network sakkath slow ide, once repeat maadu. #d703",Neutral,Individual,Low,0
exam tumba tough aaytu but somehow aaytu. #b8b5,Neutral,Group,Low,0.02
"Xvsygq, mundina sari nodu yen agutte anta, swalpa limit nodu yaar. #6d24",Threat,Individual,Medium,0.85
"Qdvo, nee tumba irritating agthiya re machaa. #1653",Insult,Individual,Medium,0.38
"ninna presentation super aaytu, chennag ide. #7f04",Neutral,Unknown,Low,0
"5 nimisha nalli join agthini, swalpa wait maadu. #d78a",Neutral,Group,Low,0.04
"Fyciybm, elli hogidaroo ade tara madthiya, sakkat dumb idiya yaar anta feel agutte. #db41",Harassment,Individual,High,0.7
"naale 9 gante lab ge bartira, late agbeda. #acc1",Neutral,Individual,Low,0.01
"Widbccsxiy, nee class nalli full time joker ne dude. #dd40",Insult,Individual,Medium,0.32
"network sakkath slow ide, once repeat maadu. #eb4b",Neutral,Group,Low,0.04
"Mwy, mundina sari nodu yen agutte anta, swalpa limit nodu yaar. #01be",Threat,Individual,High,0.99
project help madidakke thanks maga. #2bff,Neutral,Individual,Low,0
"Duwlpcuox, nee complete waste fellow re. #f852",Insult,Individual,High,0.4
weekend ge yava movie nodona. #de0c,Neutral,Individual,Low,0.03
"happy birthday, tumba olle varsha agli. #3837",Neutral,Individual,Low,0.02
"5 nimisha nalli join agthini, swalpa wait maadu. #71cd",Neutral,Unknown,Low,0
project help madidakke thanks maga. #c9fa,Neutral,Group,Low,0.03
yaaru naalege PPT madthare helri. #c8ba,Neutral,Group,Low,0.05
yavdru ivattu notes idre send maadu pls. #cb35,Neutral,Individual,Low,0
"review okay aaytu, tension beda. #c69a",Neutral,Group,Low,0.04
"happy birthday, tumba olle varsha agli. #e22a",Neutral,Individual,Low,0.05
"Uzjl, nee reply nodoke tumba time togondiya dude. #e69d",Insult,Individual,Low,0.15
yavdru ivattu notes idre send maadu pls. #4359,Neutral,Individual,Low,0.08
weekend ge yava movie nodona. #b3c4,Neutral,Unknown,Low,0
"Fzapq, sir ge complaint haakthini nodu, swalpa limit nodu yaar. #7921",Threat,Individual,High,0.75
"Hydkhdhx, elli hogidaroo ade tara madthiya, tumba disgusting behaviour anta feel agutte. #4693",Harassment,Individual,Medium,0.47
"class grp, plan ge ivananna invite madbeda besseru, ivan illaadre better ansta. #b644",Exclusion,Group,Low,0.3
"network sakkath slow ide, once repeat maadu. #3edb",Neutral,Individual,Low,0
"Srhcn, elli hogidaroo ade tara madthiya, yen use illa ninna jothe anta feel agutte. #20b0",Harassment,Individual,Medium,0.45
"Hknshs, nodu careful iru, illa problem agutte, swalpa limit nodu yaar. #35bc",Threat,Individual,Medium,0.91
"5 nimisha nalli join agthini, swalpa wait maadu. #c52f",Neutral,Group,Low,0
"5 nimisha nalli join agthini, swalpa wait maadu. #25cd",Neutral,Unknown,Low,0
"Fzluowuau, elli hogidaroo ade tara madthiya, total loser tara idiya anta feel agutte. #fd05",Harassment,Individual,Low,0.5
"Zvctkx, nee yavattu serious agalla yaar. #8994",Insult,Individual,Low,0.34
"batch, plan ge ivananna invite madbeda besseru, ivan illaadre better ansta. #1740",Exclusion,Group,Low,0.27
"network sakkath slow ide, once repeat maadu. #d6ef",Neutral,Group,Low,0
fest practice ge yar yar barthidira. #0475,Neutral,Group,Low,0
"Gocc, elli hogidaroo ade tara madthiya, complete waste fellow anta feel agutte. #66d9",Harassment,Individual,High,0.77
"Pegqu, prati dina reason illade ping madbedi, idu stalking tara kanstide. #75a1",Cyberstalking,Individual,Low,0.44
"Xuajgcazhq, ella platform nalli follow madbeda please, idu stalking tara kanstide. #7b3a",Cyberstalking,Individual,Medium,0.5
"Ojsezjfzih, nee tumba irritating agthiya re dude. #e959",Insult,Individual,Medium,0.3
"Tfwrj, elli hogidaroo ade tara madthiya, tumba irritating agthiya re anta feel agutte. #94b5",Harassment,Individual,Low,0.44
pizza bekka biryani bekka decide maadi. #66fc,Neutral,Individual,Low,0
ivattu assignment submit maadbeku maga. #e02e,Neutral,Unknown,Low,0
"Ysvezsx, nee sakkat dumb idiya yaar dude. #e4c9",Insult,Individual,Medium,0.34
"Amtholc, elli hogidaroo ade tara madthiya, class nalli full time joker ne anta feel agutte. #22b5",Harassment,Individual,High,0.47
"Cro, nee ivattu full lazy mode alli idiya yaar. #0d2b",Insult,Individual,Low,0.37
pizza bekka biryani bekka decide maadi. #e896,Neutral,Group,Low,0
"network sakkath slow ide, once repeat maadu. #514e",Neutral,Individual,Low,0
"Csymcanu, sir ge complaint haakthini nodu, swalpa limit nodu yaar. #1548",Threat,Individual,High,0.75
"Mjrpb, nee tumba irritating agthiya re machaa. #7e83",Insult,Individual,Medium,0.36
attendance link haakbidu illi. #6cb5,Neutral,Group,Low,0.01
fest practice ge yar yar barthidira. #e0e3,Neutral,Unknown,Low,0.05
yaaru naalege PPT madthare helri. #3d40,Neutral,Unknown,Low,0
yavdru ivattu notes idre send maadu pls. #4e1f,Neutral,Group,Low,0
weekend ge yava movie nodona. #611c,Neutral,Group,Low,0
"Drsleaeq, next time barbeku anta helthini, swalpa limit nodu yaar. #1c43",Threat,Individual,High,0.83
"5 nimisha nalli join agthini, swalpa wait maadu. #a5da",Neutral,Individual,Low,0.02
attendance link haakbidu illi. #b674,Neutral,Individual,Low,0
"Jegecn, elli hogidaroo ade tara madthiya, sakkat dumb idiya yaar anta feel agutte. #2e10",Harassment,Individual,Low,0.36
"Pdi, elli hogidaroo ade tara madthiya, complete waste fellow anta feel agutte. #a490",Harassment,Individual,High,0.4
"Sgfvla, nee tumba irritating agthiya re yaar. #39a8",Insult,Individual,Medium,0.4
"gang, ivananna group inda remove maadona, ivan illaadre better ansta. #56a9",Exclusion,Group,Low,0.2
"Xdg, elli hogidaroo ade tara madthiya, tumba irritating agthiya re anta feel agutte. #e851",Harassment,Individual,High,0.5
"5 nimisha nalli join agthini, swalpa wait maadu. #b845",Neutral,Individual,Low,0.03
"Ckp, nee tumba irritating agthiya re yaar. #465e",Insult,Individual,Medium,0.25
ivattu assignment submit maadbeku maga. #da94,Neutral,Unknown,Low,0.03
"ninna presentation super aaytu, chennag ide. #83d3",Neutral,Group,Low,0
"Hnxp, ella platform nalli follow madbeda please, idu stalking tara kanstide. #8d24",Cyberstalking,Individual,Medium,0.71
"Pqieyoddi, elli hogidaroo ade tara madthiya, class nalli full time joker ne anta feel agutte. #861d",Harassment,Individual,High,0.78
"Pvaf, nee yavattu serious agalla dude. #188e",Insult,Individual,Low,0.1
project help madidakke thanks maga. #7521,Neutral,Group,Low,0
"Ybn, nee class nalli full time joker ne yaar. #6aca",Insult,Individual,Medium,0.22
ivattu class full bore aaytu. #9e22,Neutral,Group,Low,0
naale extra pen togond baa pls. #dfe3,Neutral,Individual,Low,0.02
"Yjkbasbe, nee full time late bartiya machaa. #a51a",Insult,Individual,Low,0.28
"Nlbvhhhu, elli hogidaroo ade tara madthiya, useless tara behave madthiya anta feel agutte. #07f5",Harassment,Individual,High,0.56
"team, chat nalli ivnanna ide irboda anta ansta, ivan illaadre better ansta. #be9d",Exclusion,Group,Low,0.23
weekend ge yava movie nodona. #122d,Neutral,Group,Low,0.02
"Ngpuzcrg, nee sakkat dumb idiya yaar machaa. #37cf",Insult,Individual,Medium,0.26
"ninna presentation super aaytu, chennag ide. #bf0d",Neutral,Unknown,Low,0.03
"Qzjnvrk, next time barbeku anta helthini, swalpa limit nodu yaar. #245c",Threat,Individual,High,0.81
"5 nimisha nalli join agthini, swalpa wait maadu. #9ac3",Neutral,Group,Low,0.01
"batch, plan ge ivananna invite madbeda besseru, ivan illaadre better ansta. #ac81",Exclusion,Group,Medium,0.4
"Nijufi, sir ge complaint haakthini nodu, swalpa limit nodu yaar. #8587",Threat,Individual,High,1
exam tumba tough aaytu but somehow aaytu. #4911,Neutral,Individual,Low,0
"ninna presentation super aaytu, chennag ide. #42a5",Neutral,Group,Low,0.02
"Vvcmxehd, nee tumba disgusting behaviour yaar. #fe24",Insult,Individual,High,0.48
naale 4gante canteen nalli meet aagona. #4449,Neutral,Individual,Low,0
"network sakkath slow ide, once repeat maadu. #87a8",Neutral,Group,Low,0.04
"Pwljautb, nee tumba disgusting behaviour yaar. #d990",Insult,Individual,High,0.51
"Rhom, nee yavattu serious agalla yaar. #d606",Insult,Individual,Low,0.38
exam tumba tough aaytu but somehow aaytu. #082f,Neutral,Individual,Low,0.06
"Wndfwiqc, mundina sari nodu yen agutte anta, swalpa limit nodu yaar. #bb3b",Threat,Individual,High,0.87
project help madidakke thanks maga. #5105,Neutral,Unknown,Low,0
"5 nimisha nalli join agthini, swalpa wait maadu. #8990",Neutral,Group,Low,0
"Zjgcnlfm, cheap comments madbeda ava bagge, group nalli idu sari alla. #3124",Sexual Harassment,Individual,Medium,0.62
fest practice ge yar yar barthidira. #1041,Neutral,Group,Low,0
"Awqn, nee full time late bartiya dude. #a952",Insult,Individual,Low,0.37
project help madidakke thanks maga. #5b38,Neutral,Group,Low,0
ivattu assignment submit maadbeku maga. #c6ed,Neutral,Group,Low,0
"naale 9 gante lab ge bartira, late agbeda. #6353",Neutral,Unknown,Low,0
nee send madida reel super comedy aaytu. #7961,Neutral,Unknown,Low,0
ivattu class full bore aaytu. #8ddd,Neutral,Group,Low,0.06
"Idkbe, ava body bagge a tara mata beda, group nalli idu sari alla. #7632",Sexual Harassment,Individual,Medium,0.68
"gang, chat nalli ivnanna ide irboda anta ansta, ivan illaadre better ansta. #fe5c",Exclusion,Group,Low,0.42
"naale 9 gante lab ge bartira, late agbeda. #199b",Neutral,Group,Low,0
nee send madida reel super comedy aaytu. #201a,Neutral,Group,Low,0
"Qys, nee sakkat dumb idiya yaar re. #2d0b",Insult,Individual,Medium,0.23
naale 4gante canteen nalli meet aagona. #baea,Neutral,Individual,Low,0
naale 4gante canteen nalli meet aagona. #7d3e,Neutral,Individual,Low,0.04
"Rtmc, cheap comments madbeda ava bagge, group nalli idu sari alla. #54ba",Sexual Harassment,Individual,High,0.75
naale 4gante canteen nalli meet aagona. #87c2,Neutral,Individual,Low,0.02
"5 nimisha nalli join agthini, swalpa wait maadu. #0050",Neutral,Group,Low,0.04
"happy birthday, tumba olle varsha agli. #849f",Neutral,Unknown,Low,0
"Jonc, nee reply nodoke tumba time togondiya dude. #7ad9",Insult,Individual,Low,0.26
"Jsbrcbqdq, yake everywhere message madthiya, idu stalking tara kanstide. #814b",Cyberstalking,Individual,High,0.62
yaaru naalege PPT madthare helri. #b46e,Neutral,Group,Low,0.04
yaaru naalege PPT madthare helri. #3d5c,Neutral,Individual,Low,0
ivattu assignment submit maadbeku maga. #824f,Neutral,Individual,Low,0.03
"Jttlwvwvmz, nee useless tara behave madthiya machaa. #dc5b",Insult,Individual,Medium,0.28
naale extra pen togond baa pls. #1edd,Neutral,Individual,Low,0
"review okay aaytu, tension beda. #8b51",Neutral,Individual,Low,0.01
ivattu class full bore aaytu. #c441,Neutral,Unknown,Low,0.03
"Pqsxtvphw, nee sakkat dumb idiya yaar yaar. #eedf",Insult,Individual,Medium,0.43
attendance link haakbidu illi. #3e17,Neutral,Unknown,Low,0
attendance link haakbidu illi. #4ef4,Neutral,Unknown,Low,0
"Zpzftgjw, elli hogidaroo ade tara madthiya, tumba irritating agthiya re anta feel agutte. #085d",Harassment,Individual,High,0.76
yaaru naalege PPT madthare helri. #8026,Neutral,Unknown,Low,0
naale extra pen togond baa pls. #ffd5,Neutral,Group,Low,0
"guys, ivnanna group nalli add madbeda, ivan illaadre better ansta. #263c",Exclusion,Group,High,0.53
"Qdf, elli hogidaroo ade tara madthiya, total loser tara idiya anta feel agutte. #aa40",Harassment,Individual,High,0.73
"happy birthday, tumba olle varsha agli. #156d",Neutral,Group,Low,0
naale 4gante canteen nalli meet aagona. #a149,Neutral,Group,Low,0
weekend ge yava movie nodona. #a279,Neutral,Group,Low,0
ninne function photos share maadu. #8caa,Neutral,Unknown,Low,0.02
"Aiqtewmo, elli hogidaroo ade tara madthiya, yen use illa ninna jothe anta feel agutte. #4d24",Harassment,Individual,High,0.69
"Jcbrkm, nee tumba disgusting behaviour re. #6848",Insult,Individual,High,0.44
attendance link haakbidu illi. #7fa9,Neutral,Unknown,Low,0
attendance link haakbidu illi. #7dd6,Neutral,Unknown,Low,0.01
"Ljjvzw, elli hogidaroo ade tara madthiya, class nalli full time joker ne anta feel agutte. #d8f7",Harassment,Individual,Medium,0.76
naale 4gante canteen nalli meet aagona. #3be8,Neutral,Group,Low,0
ivattu class full bore aaytu. #bdda,Neutral,Unknown,Low,0
"Ewqqdwgopb, ella platform nalli follow madbeda please, idu stalking tara kanstide. #4285",Cyberstalking,Individual,High,0.55
"class grp, plan ge ivananna invite madbeda besseru, ivan illaadre better ansta. #2d40",Exclusion,Group,Low,0.38
yavdru ivattu notes idre send maadu pls. #fc2e,Neutral,Group,Low,0.01
"5 nimisha nalli join agthini, swalpa wait maadu. #87fd",Neutral,Individual,Low,0
"Mhmkrbvox, cheap comments madbeda ava bagge, group nalli idu sari alla. #2555",Sexual Harassment,Individual,Medium,0.88
"Urcg, elli hogidaroo ade tara madthiya, class nalli full time joker ne anta feel agutte. #c1a9",Harassment,Individual,Medium,0.68
"Aizgh, elli hogidaroo ade tara madthiya, total loser tara idiya anta feel agutte. #ddc7",Harassment,Individual,Medium,0.36
nee send madida reel super comedy aaytu. #1095,Neutral,Group,Low,0
attendance link haakbidu illi. #d9a8,Neutral,Group,Low,0
"Jmd, nee ivattu full lazy mode alli idiya machaa. #1f3a",Insult,Individual,Low,0.37
"team, chat nalli ivnanna ide irboda anta ansta, ivan illaadre better ansta. #6b5a",Exclusion,Group,Low,0.46
"guys, plan ge ivananna invite madbeda besseru, ivan illaadre better ansta. #4eda",Exclusion,Group,Low,0.25
"Jsnoc, nee tumba irritating agthiya re re. #d29c",Insult,Individual,Medium,0.19
"Baotjufabp, nee yavattu serious agalla machaa. #b9df",Insult,Individual,Low,0.2
"Bfxrscj, nodu careful iru, illa problem agutte, swalpa limit nodu yaar. #a80a",Threat,Individual,Medium,0.78
"Tqzkvk, mundina sari nodu yen agutte anta, swalpa limit nodu yaar. #79a3",Threat,Individual,High,1
"network sakkath slow ide, once repeat maadu. #87fe",Neutral,Unknown,Low,0.04
"class grp, chat nalli ivnanna ide irboda anta ansta, ivan illaadre better ansta. #fad8",Exclusion,Group,Medium,0.43
"Dol, nodu careful iru, illa problem agutte, swalpa limit nodu yaar. #c50c",Threat,Individual,Medium,0.72
pizza bekka biryani bekka decide maadi. #7b5b,Neutral,Individual,Low,0
naale extra pen togond baa pls. #0999,Neutral,Individual,Low,0.05
"Sexc, nee useless tara behave madthiya re. #27e0",Insult,Individual,Medium,0.36
"gang, chat nalli ivnanna ide irboda anta ansta, ivan illaadre better ansta. #5cab",Exclusion,Group,Medium,0.3
nee send madida reel super comedy aaytu. #bc73,Neutral,Group,Low,0
project help madidakke thanks maga. #dbdb,Neutral,Group,Low,0
"ninna presentation super aaytu, chennag ide. #bd4d",Neutral,Unknown,Low,0
"Ihdphkbk, nee ivattu full lazy mode alli idiya re. #48c7",Insult,Individual,Low,0.2
"Bmk, elli hogidaroo ade tara madthiya, sakkat dumb idiya yaar anta feel agutte. #d112",Harassment,Individual,High,0.62
"class grp, chat nalli ivnanna ide irboda anta ansta, ivan illaadre better ansta. #ec30",Exclusion,Group,Medium,0.3
fest practice ge yar yar barthidira. #d597,Neutral,Individual,Low,0.01
naale 4gante canteen nalli meet aagona. #1423,Neutral,Unknown,Low,0.06
"Hezbb, nee ivattu full lazy mode alli idiya re. #971d",Insult,Individual,Low,0.25
"Epjtk, nee sakkat dumb idiya yaar machaa. #b002",Insult,Individual,Medium,0.26
"Nlg, nee sakkat dumb idiya yaar re. #25ca",Insult,Individual,Medium,0.18
"5 nimisha nalli join agthini, swalpa wait maadu. #738c",Neutral,Individual,Low,0.03
project help madidakke thanks maga. #7863,Neutral,Group,Low,0.05
"5 nimisha nalli join agthini, swalpa wait maadu. #e7e1",Neutral,Individual,Low,0.04
"Gjfhix, nee total loser tara idiya re. #24d2",Insult,Individual,High,0.36
project help madidakke thanks maga. #a56b,Neutral,Group,Low,0
naale 4gante canteen nalli meet aagona. #0496,Neutral,Individual,Low,0
"Uhbytsgrj, elli hogidaroo ade tara madthiya, class nalli full time joker ne anta feel agutte. #9d8c",Harassment,Individual,Low,0.44
pizza bekka biryani bekka decide maadi. #a87d,Neutral,Group,Low,0.05
"Wppismuzsu, nee reply nodoke tumba time togondiya yaar. #bf4a",Insult,Individual,Low,0.32
"class grp, chat nalli ivnanna ide irboda anta ansta, ivan illaadre better ansta. #2f0a",Exclusion,Group,Medium,0.26
"Noonnlzp, nee ivattu full lazy mode alli idiya machaa. #d378",Insult,Individual,Low,0.11
"happy birthday, tumba olle varsha agli. #2326",Neutral,Individual,Low,0
fest practice ge yar yar barthidira. #137c,Neutral,Individual,Low,0
"Yjj, prati dina reason illade ping madbedi, idu stalking tara kanstide. #5e85",Cyberstalking,Individual,High,0.84
"Mhhxx, sir ge complaint haakthini nodu, swalpa limit nodu yaar. #e1d3",Threat,Individual,High,0.73
"Kzckgnywng, nee sakkat dumb idiya yaar dude. #4606",Insult,Individual,Medium,0.39
"happy birthday, tumba olle varsha agli. #5c91",Neutral,Group,Low,0
"review okay aaytu, tension beda. #2bdb",Neutral,Unknown,Low,0.04
"Gmcrmgpdk, elli hogidaroo ade tara madthiya, useless tara behave madthiya anta feel agutte. #653f",Harassment,Individual,High,0.64
yavdru ivattu notes idre send maadu pls. #bc16,Neutral,Group,Low,0
"Dernp, nee reply nodoke tumba time togondiya yaar. #b808",Insult,Individual,Low,0.35
ivattu assignment submit maadbeku maga. #6bbd,Neutral,Individual,Low,0
attendance link haakbidu illi. #10ab,Neutral,Unknown,Low,0.04
"team, chat nalli ivnanna ide irboda anta ansta, ivan illaadre better ansta. #f4e6",Exclusion,Group,Medium,0.42
"guys, ivananna group inda remove maadona, ivan illaadre better ansta. #5f28",Exclusion,Group,Low,0.31
"batch, plan ge ivananna invite madbeda besseru, ivan illaadre better ansta. #5c32",Exclusion,Group,Medium,0.41
"5 nimisha nalli join agthini, swalpa wait maadu. #fcf4",Neutral,Group,Low,0
ninne function photos share maadu. #ab5f,Neutral,Individual,Low,0
project help madidakke thanks maga. #a818,Neutral,Group,Low,0.04
"Mwjo, nee complete waste fellow yaar. #88e4",Insult,Individual,High,0.47
weekend ge yava movie nodona. #91c8,Neutral,Individual,Low,0
"Xfbnq, nee yavattu serious agalla yaar. #232c",Insult,Individual,Low,0.36
"Dhgdlkfam, nee ivattu full lazy mode alli idiya machaa. #2c1f",Insult,Individual,Low,0.16
ivattu class full bore aaytu. #ccae,Neutral,Individual,Low,0
"Dtkuwmv, elli hogidaroo ade tara madthiya, tumba irritating agthiya re anta feel agutte. #6483",Harassment,Individual,High,0.79
"Ckatsomqux, nee complete waste fellow re. #185f",Insult,Individual,High,0.33
pizza bekka biryani bekka decide maadi. #4275,Neutral,Group,Low,0.04
naale 4gante canteen nalli meet aagona. #f955,Neutral,Group,Low,0
yavdru ivattu notes idre send maadu pls. #2d30,Neutral,Unknown,Low,0
"Qkfouacpc, nanna status na yavaglu check madthiya, idu stalking tara kanstide. #51e5",Cyberstalking,Individual,High,0.77
"batch, ivananna group inda remove maadona, ivan illaadre better ansta. #1bae",Exclusion,Group,Low,0.21
ninne function photos share maadu. #4856,Neutral,Group,Low,0
naale extra pen togond baa pls. #dec9,Neutral,Individual,Low,0
"Mrtpcke, nee reply nodoke tumba time togondiya dude. #6d28",Insult,Individual,Low,0.2
"gang, ivnanna group nalli add madbeda, ivan illaadre better ansta. #d87f",Exclusion,Group,Low,0.42
ivattu class full bore aaytu. #fb8c,Neutral,Unknown,Low,0
"Hpbluw, nee tumba irritating agthiya re yaar. #2f31",Insult,Individual,Medium,0.36
"Adycu, nee complete waste fellow dude. #fbca",Insult,Individual,High,0.24
"Wjqrvms, nee full time late bartiya machaa. #e628",Insult,Individual,Low,0.25
yaaru naalege PPT madthare helri. #a26c,Neutral,Group,Low,0.03
ivattu class full bore aaytu. #496f,Neutral,Individual,Low,0
"Bxfzyg, nee ivattu full lazy mode alli idiya machaa. #6267",Insult,Individual,Low,0.25
"Cmdicka, nee class nalli full time joker ne re. #7059",Insult,Individual,Medium,0.4
"Vsz, nee reply nodoke tumba time togondiya yaar. #7611",Insult,Individual,Low,0.13
"Ppyktnk, nee yavattu serious agalla machaa. #6b84",Insult,Individual,Low,0.31
"Lkz, next time barbeku anta helthini, swalpa limit nodu yaar. #5ac1",Threat,Individual,High,0.94
"Tdq, ava body bagge a tara mata beda, group nalli idu sari alla. #1cd7",Sexual Harassment,Individual,High,0.98
"happy birthday, tumba olle varsha agli. #738c",Neutral,Unknown,Low,0.04
nee send madida reel super comedy aaytu. #331f,Neutral,Unknown,Low,0.04
"Jvro, elli hogidaroo ade tara madthiya, useless tara behave madthiya anta feel agutte. #12ed",Harassment,Individual,High,0.43
yaaru naalege PPT madthare helri. #287e,Neutral,Group,Low,0
"batch, ivnanna group nalli add madbeda, ivan illaadre better ansta. #35d6",Exclusion,Group,Medium,0.26
"Uuzrnzhhi, nee full time late bartiya yaar. #cf5f",Insult,Individual,Low,0.33
ivattu assignment submit maadbeku maga. #f21a,Neutral,Group,Low,0
ninne function photos share maadu. #4097,Neutral,Individual,Low,0.02
"Pvoetj, nee tumba irritating agthiya re re. #d8e0",Insult,Individual,Medium,0.21
yavdru ivattu notes idre send maadu pls. #abc3,Neutral,Individual,Low,0.03
"Armkn, a type jokes swalpa stop maadu, group nalli idu sari alla. #147a",Sexual Harassment,Individual,High,0.76
"5 nimisha nalli join agthini, swalpa wait maadu. #c58e",Neutral,Unknown,Low,0
"review okay aaytu, tension beda. #c65f",Neutral,Individual,Low,0
"Vfbdlpfbd, nee yen use illa ninna jothe machaa. #7376",Insult,Individual,High,0.29
"Mpjwtf, prati dina reason illade ping madbedi, idu stalking tara kanstide. #a2b0",Cyberstalking,Individual,High,0.64
"Addcdpuv, a type jokes swalpa stop maadu, group nalli idu sari alla. #597b",Sexual Harassment,Individual,High,0.74
naale 4gante canteen nalli meet aagona. #4552,Neutral,Individual,Low,0.04
nee send madida reel super comedy aaytu. #aa41,Neutral,Unknown,Low,0.04
"Vdftwf, nee yen use illa ninna jothe yaar. #793f",Insult,Individual,High,0.43
"Criyb, mundina sari nodu yen agutte anta, swalpa limit nodu yaar. #69d8",Threat,Individual,Medium,0.68
"5 nimisha nalli join agthini, swalpa wait maadu. #c997",Neutral,Individual,Low,0
"Trqgwdvb, nee useless tara behave madthiya re. #2013",Insult,Individual,Medium,0.33
fest practice ge yar yar barthidira. #74f3,Neutral,Group,Low,0.02
naale extra pen togond baa pls. #51ed,Neutral,Individual,Low,0
naale 4gante canteen nalli meet aagona. #5761,Neutral,Group,Low,0.05
"Idrd, ella platform nalli follow madbeda please, idu stalking tara kanstide. #0159",Cyberstalking,Individual,Medium,0.46
"Iadmhm, nee reply nodoke tumba time togondiya yaar. #110b",Insult,Individual,Low,0.19
"Qlws, nee tumba disgusting behaviour machaa. #3afd",Insult,Individual,High,0.41
"Flzxvzrrt, nee total loser tara idiya dude. #45cf",Insult,Individual,High,0.3
"happy birthday, tumba olle varsha agli. #0a83",Neutral,Unknown,Low,0.03
"Qjinqwhjuc, nee tumba irritating agthiya re machaa. #d233",Insult,Individual,Medium,0.22
"Fsbc, next time barbeku anta helthini, swalpa limit nodu yaar. #cffe",Threat,Individual,High,0.72
"Ppqvv, nodu careful iru, illa problem agutte, swalpa limit nodu yaar. #ae92",Threat,Individual,Low,0.94
"Hxvqvtbt, nee total loser tara idiya dude. #fb25",Insult,Individual,High,0.45
"naale 9 gante lab ge bartira, late agbeda. #3464",Neutral,Group,Low,0
fest practice ge yar yar barthidira. #51c9,Neutral,Group,Low,0
"ninna presentation super aaytu, chennag ide. #c15d",Neutral,Unknown,Low,0
"Yvihp, nee yavattu serious agalla dude. #922b",Insult,Individual,Low,0.14
pizza bekka biryani bekka decide maadi. #c738,Neutral,Unknown,Low,0.04
"network sakkath slow ide, once repeat maadu. #ab38",Neutral,Group,Low,0
"Qxxmeddza, nee tumba irritating agthiya re re. #f75c",Insult,Individual,Medium,0.36
"Ntxanpjj, nee class nalli full time joker ne dude. #0f7c",Insult,Individual,Medium,0.23
ivattu class full bore aaytu. #edf4,Neutral,Unknown,Low,0
"Suuehd, elli hogidaroo ade tara madthiya, sakkat dumb idiya yaar anta feel agutte. #b221",Harassment,Individual,Low,0.6
"network sakkath slow ide, once repeat maadu. #9ae6",Neutral,Unknown,Low,0
pizza bekka biryani bekka decide maadi. #dc6b,Neutral,Group,Low,0
"batch, plan ge ivananna invite madbeda besseru, ivan illaadre better ansta. #0b7d",Exclusion,Group,Medium,0.29
ivattu assignment submit maadbeku maga. #63d1,Neutral,Unknown,Low,0.02
"Xysqtlhu, nee yen use illa ninna jothe machaa. #93bb",Insult,Individual,High,0.33
"naale 9 gante lab ge bartira, late agbeda. #3676",Neutral,Individual,Low,0
"gang, plan ge ivananna invite madbeda besseru, ivan illaadre better ansta. #2ad4",Exclusion,Group,Medium,0.29
"gang, ivnanna group nalli add madbeda, ivan illaadre better ansta. #2056",Exclusion,Group,Medium,0.46
naale extra pen togond baa pls. #7e8c,Neutral,Unknown,Low,0.01
"Mtigfafsg, prati dina reason illade ping madbedi, idu stalking tara kanstide. #550a",Cyberstalking,Individual,Low,0.69
"Wirdfhb, nee sakkat dumb idiya yaar re. #510f",Insult,Individual,Medium,0.24
"Uhg, nee tumba disgusting behaviour yaar. #d85a",Insult,Individual,High,0.27
"Xentjkb, nee total loser tara idiya yaar. #869f",Insult,Individual,High,0.34
"Xxwm, elli hogidaroo ade tara madthiya, class nalli full time joker ne anta feel agutte. #5112",Harassment,Individual,Medium,0.43
"Eohxxnlep, sir ge complaint haakthini nodu, swalpa limit nodu yaar. #d438",Threat,Individual,Medium,0.75
naale 4gante canteen nalli meet aagona. #baec,Neutral,Individual,Low,0.01
ninne function photos share maadu. #fb0c,Neutral,Individual,Low,0
naale 4gante canteen nalli meet aagona. #df31,Neutral,Unknown,Low,0
"Wcgepyso, nee tumba irritating agthiya re re. #1d36",Insult,Individual,Medium,0.16
nee send madida reel super comedy aaytu. #e9c2,Neutral,Group,Low,0
yaaru naalege PPT madthare helri. #cb50,Neutral,Individual,Low,0.01
fest practice ge yar yar barthidira. #90b3,Neutral,Individual,Low,0.03
exam tumba tough aaytu but somehow aaytu. #549c,Neutral,Unknown,Low,0.01
"Kemox, elli hogidaroo ade tara madthiya, useless tara behave madthiya anta feel agutte. #32e1",Harassment,Individual,High,0.79
"Fymlk, nee yen use illa ninna jothe dude. #43bf",Insult,Individual,High,0.27
"Mnrprr, nee useless tara behave madthiya dude. #b4c0",Insult,Individual,Medium,0.38
naale extra pen togond baa pls. #a995,Neutral,Group,Low,0
"Joern, nanna status na yavaglu check madthiya, idu stalking tara kanstide. #fead",Cyberstalking,Individual,High,0.53
"naale 9 gante lab ge bartira, late agbeda. #3dbe",Neutral,Unknown,Low,0
"Lechc, nee class nalli full time joker ne yaar. #5eff",Insult,Individual,Medium,0.31
"naale 9 gante lab ge bartira, late agbeda. #7a07",Neutral,Individual,Low,0
exam tumba tough aaytu but somehow aaytu. #8511,Neutral,Unknown,Low,0.02
"Qmex, nee sakkat dumb idiya yaar re. #af22",Insult,Individual,Medium,0.26
yaaru naalege PPT madthare helri. #77de,Neutral,Individual,Low,0
"Ltyk, mundina sari nodu yen agutte anta, swalpa limit nodu yaar. #91d6",Threat,Individual,High,0.76
"happy birthday, tumba olle varsha agli. #8b5f",Neutral,Group,Low,0
ninne function photos share maadu. #347d,Neutral,Unknown,Low,0
ninne function photos share maadu. #bda7,Neutral,Group,Low,0
"Cucwhgzvue, nee tumba disgusting behaviour re. #f883",Insult,Individual,High,0.28
"review okay aaytu, tension beda. #8eb1",Neutral,Unknown,Low,0
"Rzzcpdo, ella platform nalli follow madbeda please, idu stalking tara kanstide. #98e7",Cyberstalking,Individual,Low,0.42
ivattu class full bore aaytu. #b400,Neutral,Group,Low,0
"Bljmntveol, elli hogidaroo ade tara madthiya, useless tara behave madthiya anta feel agutte. #8b4a",Harassment,Individual,Medium,0.74
"Tub, nee sakkat dumb idiya yaar re. #5a3c",Insult,Individual,Medium,0.24
"ninna presentation super aaytu, chennag ide. #ca22",Neutral,Individual,Low,0
"Mkckkt, elli hogidaroo ade tara madthiya, yen use illa ninna jothe anta feel agutte. #318e",Harassment,Individual,High,0.8
ivattu class full bore aaytu. #f10a,Neutral,Individual,Low,0
"5 nimisha nalli join agthini, swalpa wait maadu. #6996",Neutral,Group,Low,0.06
"Nkyj, nee tumba irritating agthiya re re. #49ec",Insult,Individual,Medium,0.24
"gang, ivananna group inda remove maadona, ivan illaadre better ansta. #1a0d",Exclusion,Group,Medium,0.37
nee send madida reel super comedy aaytu. #126c,Neutral,Unknown,Low,0.07
project help madidakke thanks maga. #32e0,Neutral,Group,Low,0.02
"Gvsall, nee tumba irritating agthiya re yaar. #a8eb",Insult,Individual,Medium,0.32
"Nnllrnqykd, nee yen use illa ninna jothe re. #97d2",Insult,Individual,High,0.44
"naale 9 gante lab ge bartira, late agbeda. #62aa",Neutral,Individual,Low,0
"Uoqs, nee class nalli full time joker ne yaar. #3382",Insult,Individual,Medium,0.27
ninne function photos share maadu. #b2b2,Neutral,Individual,Low,0.03
"guys, ivnanna group nalli add madbeda, ivan illaadre better ansta. #7600",Exclusion,Group,Medium,0.34
"review okay aaytu, tension beda. #cb70",Neutral,Group,Low,0.01
naale 4gante canteen nalli meet aagona. #e3d8,Neutral,Unknown,Low,0.04
"review okay aaytu, tension beda. #69b2",Neutral,Individual,Low,0
pizza bekka biryani bekka decide maadi. #82f4,Neutral,Individual,Low,0.05
exam tumba tough aaytu but somehow aaytu. #d53b,Neutral,Individual,Low,0.03
"batch, plan ge ivananna invite madbeda besseru, ivan illaadre better ansta. #73bd",Exclusion,Group,Medium,0.39
project help madidakke thanks maga. #f691,Neutral,Unknown,Low,0
weekend ge yava movie nodona. #5973,Neutral,Group,Low,0.05
ivattu assignment submit maadbeku maga. #0ec4,Neutral,Unknown,Low,0.01
"Akehcx, nee yavattu serious agalla re. #1ea8",Insult,Individual,Low,0.34
yaaru naalege PPT madthare helri. #bedc,Neutral,Individual,Low,0.04
"Fzgxpno, nee tumba disgusting behaviour dude. #06cc",Insult,Individual,High,0.29
"Lucofbqi, mundina sari nodu yen agutte anta, swalpa limit nodu yaar. #3802",Threat,Individual,High,0.92
"naale 9 gante lab ge bartira, late agbeda. #2f89",Neutral,Individual,Low,0
naale extra pen togond baa pls. #6270,Neutral,Group,Low,0
"Vynkkggbz, elli hogidaroo ade tara madthiya, sakkat dumb idiya yaar anta feel agutte. #237d",Harassment,Individual,High,0.75
"Smhsajau, ella platform nalli follow madbeda please, idu stalking tara kanstide. #1f82",Cyberstalking,Individual,Medium,0.49
"naale 9 gante lab ge bartira, late agbeda. #dbb0",Neutral,Group,Low,0.02
"Ptbmjwop, elli hogidaroo ade tara madthiya, useless tara behave madthiya anta feel agutte. #d9a1",Harassment,Individual,Medium,0.65
"ninna presentation super aaytu, chennag ide. #9b9a",Neutral,Individual,Low,0
"Wbi, elli hogidaroo ade tara madthiya, sakkat dumb idiya yaar anta feel agutte. #6132",Harassment,Individual,High,0.74
"gang, chat nalli ivnanna ide irboda anta ansta, ivan illaadre better ansta. #8dd3",Exclusion,Group,Low,0.26
"Vpikyxphci, nee tumba irritating agthiya re machaa. #1cb5",Insult,Individual,Medium,0.3
"Wccpbg, nee yen use illa ninna jothe yaar. #3d33",Insult,Individual,High,0.43
"Yjwoueqd, mundina sari nodu yen agutte anta, swalpa limit nodu yaar. #066f",Threat,Individual,Medium,0.67
"review okay aaytu, tension beda. #2834",Neutral,Unknown,Low,0
ivattu class full bore aaytu. #880f,Neutral,Unknown,Low,0
"Ngemqnqk, nee yavattu serious agalla yaar. #aede",Insult,Individual,Low,0.14
"network sakkath slow ide, once repeat maadu. #6d23",Neutral,Individual,Low,0
"Bsi, nee sakkat dumb idiya yaar re. #2180",Insult,Individual,Medium,0.43
pizza bekka biryani bekka decide maadi. #30fd,Neutral,Unknown,Low,0.05
"happy birthday, tumba olle varsha agli. #6585",Neutral,Individual,Low,0.02
fest practice ge yar yar barthidira. #fefc,Neutral,Group,Low,0
"Basv, nanna status na yavaglu check madthiya, idu stalking tara kanstide. #11ec",Cyberstalking,Individual,Medium,0.64
"Opxlrivp, elli hogidaroo ade tara madthiya, yen use illa ninna jothe anta feel agutte. #4a00",Harassment,Individual,High,0.48
ivattu class full bore aaytu. #e4c2,Neutral,Individual,Low,0
yaaru naalege PPT madthare helri. #951f,Neutral,Group,Low,0.05
"team, chat nalli ivnanna ide irboda anta ansta, ivan illaadre better ansta. #bee7",Exclusion,Group,Low,0.25
"Pve, nee tumba irritating agthiya re dude. #28f2",Insult,Individual,Medium,0.24
"Aobgjsd, nee tumba irritating agthiya re yaar. #3438",Insult,Individual,Medium,0.23
naale extra pen togond baa pls. #3669,Neutral,Individual,Low,0.01
"Scjhbplhz, prati dina reason illade ping madbedi, idu stalking tara kanstide. #c45a",Cyberstalking,Individual,High,0.59
"Fsnvkzs, ella platform nalli follow madbeda please, idu stalking tara kanstide. #3c07",Cyberstalking,Individual,Low,0.49
"network sakkath slow ide, once repeat maadu. #e9d3",Neutral,Individual,Low,0
"ninna presentation super aaytu, chennag ide. #6e33",Neutral,Individual,Low,0
"Trsjb, nee ivattu full lazy mode alli idiya dude. #e972",Insult,Individual,Low,0.17
"Cbi, nee sakkat dumb idiya yaar yaar. #d6e6",Insult,Individual,Medium,0.38
"Xsvq, sir ge complaint haakthini nodu, swalpa limit nodu yaar. #c3dc",Threat,Individual,High,0.98
"Jujxa, nee total loser tara idiya dude. #4f72",Insult,Individual,High,0.28
ivattu assignment submit maadbeku maga. #e3c5,Neutral,Unknown,Low,0
naale 4gante canteen nalli meet aagona. #c9aa,Neutral,Unknown,Low,0
attendance link haakbidu illi. #daa1,Neutral,Group,Low,0
"Mwzdonnea, nee complete waste fellow machaa. #cceb",Insult,Individual,High,0.37
"Bleoxoiafl, nee ivattu full lazy mode alli idiya re. #a397",Insult,Individual,Low,0.2
"Owzeizyv, nee full time late bartiya machaa. #4248",Insult,Individual,Low,0.15
"batch, plan ge ivananna invite madbeda besseru, ivan illaadre better ansta. #39a8",Exclusion,Group,Medium,0.31
"Baxf, nee sakkat dumb idiya yaar re. #e141",Insult,Individual,Medium,0.34
"network sakkath slow ide, once repeat maadu. #096e",Neutral,Individual,Low,0.01
weekend ge yava movie nodona. #ca40,Neutral,Individual,Low,0
"Gipovj, nee reply nodoke tumba time togondiya re. #534f",Insult,Individual,Low,0.4
yavdru ivattu notes idre send maadu pls. #1c4f,Neutral,Individual,Low,0.02
"batch, ivananna group inda remove maadona, ivan illaadre better ansta. #69cf",Exclusion,Group,Low,0.28
"Zconu, nee sakkat dumb idiya yaar dude. #6334",Insult,Individual,Medium,0.26
yaaru naalege PPT madthare helri. #4b37,Neutral,Group,Low,0
ivattu assignment submit maadbeku maga. #8c75,Neutral,Individual,Low,0.03
"happy birthday, tumba olle varsha agli. #9e39",Neutral,Group,Low,0
ivattu class full bore aaytu. #ba5e,Neutral,Individual,Low,0.07
yavdru ivattu notes idre send maadu pls. #d9fb,Neutral,Individual,Low,0
"Rpb, elli hogidaroo ade tara madthiya, tumba irritating agthiya re anta feel agutte. #0b3d",Harassment,Individual,High,0.65
ivattu assignment submit maadbeku maga. #9b09,Neutral,Individual,Low,0
"ninna presentation super aaytu, chennag ide. #7c33",Neutral,Individual,Low,0.04
"ninna presentation super aaytu, chennag ide. #95e7",Neutral,Group,Low,0
"batch, plan ge ivananna invite madbeda besseru, ivan illaadre better ansta. #e60e",Exclusion,Group,Low,0.38
naale extra pen togond baa pls. #2447,Neutral,Individual,Low,0
ivattu assignment submit maadbeku maga. #74e5,Neutral,Group,Low,0.04
"Bitm, next time barbeku anta helthini, swalpa limit nodu yaar. #1bbc",Threat,Individual,Medium,0.85
naale extra pen togond baa pls. #a3a7,Neutral,Group,Low,0
"team, ivnanna group nalli add madbeda, ivan illaadre better ansta. #1430",Exclusion,Group,High,0.48
"Ronsxsy, next time barbeku anta helthini, swalpa limit nodu yaar. #0527",Threat,Individual,High,1
"happy birthday, tumba olle varsha agli. #ebb3",Neutral,Unknown,Low,0.03
attendance link haakbidu illi. #4453,Neutral,Unknown,Low,0
"Oao, nee yen use illa ninna jothe yaar. #f4eb",Insult,Individual,High,0.47
"Itrk, nee useless tara behave madthiya yaar. #510b",Insult,Individual,Medium,0.28
nee send madida reel super comedy aaytu. #46d9,Neutral,Group,Low,0.01
"Iavlrwb, nee full time late bartiya re. #75ea",Insult,Individual,Low,0.29
attendance link haakbidu illi. #c2cc,Neutral,Individual,Low,0
"review okay aaytu, tension beda. #9dea",Neutral,Individual,Low,0
"happy birthday, tumba olle varsha agli. #111e",Neutral,Unknown,Low,0
"Qzbt, nee class nalli full time joker ne dude. #36ef",Insult,Individual,Medium,0.31
"naale 9 gante lab ge bartira, late agbeda. #ae1c",Neutral,Unknown,Low,0
"network sakkath slow ide, once repeat maadu. #1679",Neutral,Individual,Low,0.05
"Vsvetizjk, nee complete waste fellow machaa. #750d",Insult,Individual,High,0.26
naale 4gante canteen nalli meet aagona. #c3de,Neutral,Individual,Low,0
"Nlemwrhwj, mundina sari nodu yen agutte anta, swalpa limit nodu yaar. #1f42",Threat,Individual,Low,0.63
"Onuoxnjy, nee useless tara behave madthiya dude. #41e7",Insult,Individual,Medium,0.43
"Asslv, elli hogidaroo ade tara madthiya, total loser tara idiya anta feel agutte. #32cd",Harassment,Individual,Medium,0.68
nee send madida reel super comedy aaytu. #c27d,Neutral,Unknown,Low,0.01
"Yfebxxgn, nee tumba disgusting behaviour machaa. #4c54",Insult,Individual,High,0.33
exam tumba tough aaytu but somehow aaytu. #253c,Neutral,Individual,Low,0
ivattu class full bore aaytu. #ebe3,Neutral,Individual,Low,0.01
"network sakkath slow ide, once repeat maadu. #08d4",Neutral,Group,Low,0.01
weekend ge yava movie nodona. #8db7,Neutral,Individual,Low,0.07
"Wwkb, nee yavattu serious agalla dude. #2ec9",Insult,Individual,Low,0.29
"review okay aaytu, tension beda. #fb31",Neutral,Group,Low,0.03
"Fxpjegucqx, a type jokes swalpa stop maadu, group nalli idu sari alla. #1fbe",Sexual Harassment,Individual,Medium,0.63
"happy birthday, tumba olle varsha agli. #089e",Neutral,Unknown,Low,0
pizza bekka biryani bekka decide maadi. #93a9,Neutral,Unknown,Low,0.03
weekend ge yava movie nodona. #deab,Neutral,Unknown,Low,0
yavdru ivattu notes idre send maadu pls. #af0e,Neutral,Unknown,Low,0.03
"Nmibipxhku, elli hogidaroo ade tara madthiya, yen use illa ninna jothe anta feel agutte. #4388",Harassment,Individual,Medium,0.47
naale extra pen togond baa pls. #c527,Neutral,Individual,Low,0
"Lyyrcubq, nanna status na yavaglu check madthiya, idu stalking tara kanstide. #79eb",Cyberstalking,Individual,Low,0.57
"Zflkngr, yake everywhere message madthiya, idu stalking tara kanstide. #7515",Cyberstalking,Individual,High,0.69
"Bfjjahuywh, nodu careful iru, illa problem agutte, swalpa limit nodu yaar. #03e1",Threat,Individual,High,0.9
"Cccqxwy, nodu careful iru, illa problem agutte, swalpa limit nodu yaar. #01ff",Threat,Individual,Medium,0.8
"Gtjzknqxa, elli hogidaroo ade tara madthiya, yen use illa ninna jothe anta feel agutte. #8a72",Harassment,Individual,Medium,0.7
ivattu assignment submit maadbeku maga. #6320,Neutral,Group,Low,0
"Hsamyholps, elli hogidaroo ade tara madthiya, total loser tara idiya anta feel agutte. #777f",Harassment,Individual,High,0.74
fest practice ge yar yar barthidira. #a12f,Neutral,Group,Low,0
"Injxkebkws, nee tumba disgusting behaviour dude. #0075",Insult,Individual,High,0.41
"Uhkowpqr, nee class nalli full time joker ne yaar. #ac90",Insult,Individual,Medium,0.39
"Fgod, nee ivattu full lazy mode alli idiya yaar. #5b37",Insult,Individual,Low,0.31
pizza bekka biryani bekka decide maadi. #e1e1,Neutral,Unknown,Low,0.03
"Qtipogkx, nee ivattu full lazy mode alli idiya re. #dce9",Insult,Individual,Low,0.24
naale extra pen togond baa pls. #1db1,Neutral,Group,Low,0
project help madidakke thanks maga. #dbe2,Neutral,Group,Low,0
"review okay aaytu, tension beda. #1956",Neutral,Individual,Low,0.04
"review okay aaytu, tension beda. #1336",Neutral,Unknown,Low,0
"Gfazhgczte, nee yen use illa ninna jothe re. #78e1",Insult,Individual,High,0.44
"Nvpkjqydhr, a type jokes swalpa stop maadu, group nalli idu sari alla. #cca4",Sexual Harassment,Individual,Medium,0.89
"Tgfu, elli hogidaroo ade tara madthiya, tumba disgusting behaviour anta feel agutte. #6fa8",Harassment,Individual,Medium,0.68
"Ulfaloyvl, nee useless tara behave madthiya dude. #6010",Insult,Individual,Medium,0.39
"review okay aaytu, tension beda. #9880",Neutral,Group,Low,0
ninne function photos share maadu. #67ad,Neutral,Individual,Low,0.07
"Wpt, nanna status na yavaglu check madthiya, idu stalking tara kanstide. #2b04",Cyberstalking,Individual,High,0.59
naale 4gante canteen nalli meet aagona. #6bf8,Neutral,Individual,Low,0.05
fest practice ge yar yar barthidira. #f41d,Neutral,Unknown,Low,0.01
yavdru ivattu notes idre send maadu pls. #6593,Neutral,Individual,Low,0.05
ivattu assignment submit maadbeku maga. #511e,Neutral,Group,Low,0
"ninna presentation super aaytu, chennag ide. #cbb7",Neutral,Individual,Low,0
"happy birthday, tumba olle varsha agli. #ba7e",Neutral,Group,Low,0
"Jbmwj, sir ge complaint haakthini nodu, swalpa limit nodu yaar. #6231",Threat,Individual,High,1
"Fjiwoi, nee tumba irritating agthiya re yaar. #83f4",Insult,Individual,Medium,0.39
"Bsmer, nee yavattu serious agalla re. #fcf0",Insult,Individual,Low,0.29
"Cqygigo, nee sakkat dumb idiya yaar machaa. #d9c1",Insult,Individual,Medium,0.23
"Lsmvsbkw, nee sakkat dumb idiya yaar yaar. #4837",Insult,Individual,Medium,0.29
yaaru naalege PPT madthare helri. #c41e,Neutral,Individual,Low,0
attendance link haakbidu illi. #0ce0,Neutral,Individual,Low,0.02
"Nnyi, yake everywhere message madthiya, idu stalking tara kanstide. #841a",Cyberstalking,Individual,High,0.85
attendance link haakbidu illi. #cd47,Neutral,Individual,Low,0
"Gfjjc, sir ge complaint haakthini nodu, swalpa limit nodu yaar. #6ea3",Threat,Individual,High,0.74
ivattu class full bore aaytu. #623b,Neutral,Unknown,Low,0
weekend ge yava movie nodona. #685a,Neutral,Group,Low,0
"Lpvx, sir ge complaint haakthini nodu, swalpa limit nodu yaar. #e986",Threat,Individual,High,0.86
"Cuhepgbgj, elli hogidaroo ade tara madthiya, total loser tara idiya anta feel agutte. #535e",Harassment,Individual,Medium,0.5
nee send madida reel super comedy aaytu. #b9e2,Neutral,Individual,Low,0
weekend ge yava movie nodona. #ee4d,Neutral,Individual,Low,0
"Nybjnixud, nee yavattu serious agalla dude. #7624",Insult,Individual,Low,0.24
"Zfnr, elli hogidaroo ade tara madthiya, tumba irritating agthiya re anta feel agutte. #5d38",Harassment,Individual,High,0.79
yavdru ivattu notes idre send maadu pls. #902e,Neutral,Individual,Low,0.06
"Inkvjyar, ava body bagge a tara mata beda, group nalli idu sari alla. #7e93",Sexual Harassment,Individual,High,0.64
ninne function photos share maadu. #5a26,Neutral,Individual,Low,0
"happy birthday, tumba olle varsha agli. #338c",Neutral,Unknown,Low,0
"Etx, nodu careful iru, illa problem agutte, swalpa limit nodu yaar. #9713",Threat,Individual,High,0.72
"review okay aaytu, tension beda. #136b",Neutral,Group,Low,0
"Lsp, ella platform nalli follow madbeda please, idu stalking tara kanstide. #cd00",Cyberstalking,Individual,High,0.75
"Fvjiangaz, elli hogidaroo ade tara madthiya, complete waste fellow anta feel agutte. #6afe",Harassment,Individual,High,0.54
"5 nimisha nalli join agthini, swalpa wait maadu. #3ca3",Neutral,Unknown,Low,0.04
naale extra pen togond baa pls. #a25d,Neutral,Unknown,Low,0.01
nee send madida reel super comedy aaytu. #6cd2,Neutral,Group,Low,0
naale extra pen togond baa pls. #a752,Neutral,Unknown,Low,0.02
"naale 9 gante lab ge bartira, late agbeda. #d6d1",Neutral,Unknown,Low,0
weekend ge yava movie nodona. #5d4b,Neutral,Unknown,Low,0.05
"Joffmjarky, nee full time late bartiya dude. #d4dc",Insult,Individual,Low,0.36
"review okay aaytu, tension beda. #f1b9",Neutral,Unknown,Low,0.04
fest practice ge yar yar barthidira. #1219,Neutral,Unknown,Low,0
weekend ge yava movie nodona. #48f4,Neutral,Individual,Low,0
weekend ge yava movie nodona. #8180,Neutral,Individual,Low,0.02
"ninna presentation super aaytu, chennag ide. #0f7f",Neutral,Group,Low,0
"Opx, prati dina reason illade ping madbedi, idu stalking tara kanstide. #e072",Cyberstalking,Individual,High,0.75
"Nzddeiysyz, mundina sari nodu yen agutte anta, swalpa limit nodu yaar. #af40",Threat,Individual,High,0.72
weekend ge yava movie nodona. #8c87,Neutral,Group,Low,0.01
"Tbyeeqj, nee yavattu serious agalla yaar. #fd2a",Insult,Individual,Low,0.22
"Pwovjex, nee tumba irritating agthiya re re. #dfd1",Insult,Individual,Medium,0.25
"Esailxq, cheap comments madbeda ava bagge, group nalli idu sari alla. #e96a",Sexual Harassment,Individual,Medium,0.66
"Mpufqpfp, yake everywhere message madthiya, idu stalking tara kanstide. #5bc9",Cyberstalking,Individual,High,0.75
"5 nimisha nalli join agthini, swalpa wait maadu. #a934",Neutral,Unknown,Low,0
"class grp, ivnanna group nalli add madbeda, ivan illaadre better ansta. #6f57",Exclusion,Group,High,0.54
exam tumba tough aaytu but somehow aaytu. #dc18,Neutral,Unknown,Low,0.07
exam tumba tough aaytu but somehow aaytu. #1c52,Neutral,Individual,Low,0.07
"Qjbgh, elli hogidaroo ade tara madthiya, yen use illa ninna jothe anta feel agutte. #1099",Harassment,Individual,High,0.81
"naale 9 gante lab ge bartira, late agbeda. #fd7c",Neutral,Unknown,Low,0.02
"Dxoyugszu, nee tumba irritating agthiya re dude. #1e2f",Insult,Individual,Medium,0.22
"Qjujirhkiv, elli hogidaroo ade tara madthiya, useless tara behave madthiya anta feel agutte. #86ca",Harassment,Individual,High,0.59
"Pffcynvjdo, nanna status na yavaglu check madthiya, idu stalking tara kanstide. #992a",Cyberstalking,Individual,High,0.7
project help madidakke thanks maga. #636b,Neutral,Unknown,Low,0
"Ftvfk, nee ivattu full lazy mode alli idiya dude. #aa29",Insult,Individual,Low,0.15
"Lejkxlx, elli hogidaroo ade tara madthiya, complete waste fellow anta feel agutte. #2eed",Harassment,Individual,Medium,0.72
project help madidakke thanks maga. #7548,Neutral,Unknown,Low,0
"Krrxgzgtq, elli hogidaroo ade tara madthiya, useless tara behave madthiya anta feel agutte. #3dcf",Harassment,Individual,Medium,0.49
"naale 9 gante lab ge bartira, late agbeda. #8700",Neutral,Individual,Low,0
"Pexc, nee reply nodoke tumba time togondiya machaa. #c45f",Insult,Individual,Low,0.24
"Hksryvirqj, a tara photos haakbeda please, group nalli idu sari alla. #960b",Sexual Harassment,Individual,High,0.85
"Yoxgfkoh, ava body bagge a tara mata beda, group nalli idu sari alla. #b9b1",Sexual Harassment,Individual,High,0.94
ninne function photos share maadu. #3d5d,Neutral,Group,Low,0.03
"Asnbqzkz, elli hogidaroo ade tara madthiya, total loser tara idiya anta feel agutte. #31d1",Harassment,Individual,High,0.47
"Rfzq, nee class nalli full time joker ne yaar. #f9d4",Insult,Individual,Medium,0.34
"Iooxeukcf, nee yen use illa ninna jothe machaa. #f2bc",Insult,Individual,High,0.46
"gang, chat nalli ivnanna ide irboda anta ansta, ivan illaadre better ansta. #6c15",Exclusion,Group,Medium,0.29
"Gyegj, nee full time late bartiya re. #016c",Insult,Individual,Low,0.37
"Ckkhvggj, nee tumba disgusting behaviour re. #1eac",Insult,Individual,High,0.2
"5 nimisha nalli join agthini, swalpa wait maadu. #e733",Neutral,Unknown,Low,0.06
"Gymsdc, a tara photos haakbeda please, group nalli idu sari alla. #970c",Sexual Harassment,Individual,Medium,0.57
exam tumba tough aaytu but somehow aaytu. #38c8,Neutral,Unknown,Low,0
ninne function photos share maadu. #f032,Neutral,Group,Low,0
ivattu class full bore aaytu. #71dc,Neutral,Individual,Low,0.06
pizza bekka biryani bekka decide maadi. #cafc,Neutral,Individual,Low,0.05
"Itkazaka, elli hogidaroo ade tara madthiya, tumba irritating agthiya re anta feel agutte. #bddf",Harassment,Individual,Low,0.38
"team, ivnanna group nalli add madbeda, ivan illaadre better ansta. #f6b1",Exclusion,Group,Low,0.27
pizza bekka biryani bekka decide maadi. #99e9,Neutral,Unknown,Low,0.03
"Ehqeze, nee full time late bartiya re. #8bb6",Insult,Individual,Low,0.27
"Fxvjkwo, elli hogidaroo ade tara madthiya, total loser tara idiya anta feel agutte. #f96e",Harassment,Individual,Medium,0.59
yaaru naalege PPT madthare helri. #8bbf,Neutral,Individual,Low,0.02
project help madidakke thanks maga. #b8b3,Neutral,Unknown,Low,0
"Tirodxiuyq, cheap comments madbeda ava bagge, group nalli idu sari alla. #46b1",Sexual Harassment,Individual,High,0.81
naale extra pen togond baa pls. #5843,Neutral,Individual,Low,0.03
"5 nimisha nalli join agthini, swalpa wait maadu. #bb5d",Neutral,Group,Low,0.07
"Mqgev, nee total loser tara idiya re. #7b3c",Insult,Individual,High,0.54
"Zrl, elli hogidaroo ade tara madthiya, tumba irritating agthiya re anta feel agutte. #c3c9",Harassment,Individual,Medium,0.58
yavdru ivattu notes idre send maadu pls. #ee8d,Neutral,Group,Low,0
fest practice ge yar yar barthidira. #07c7,Neutral,Unknown,Low,0.07
"Yzhmz, prati dina reason illade ping madbedi, idu stalking tara kanstide. #3521",Cyberstalking,Individual,Low,0.54
"Emdxxsv, nee ivattu full lazy mode alli idiya re. #1c82",Insult,Individual,Low,0.19
"5 nimisha nalli join agthini, swalpa wait maadu. #bdb8",Neutral,Group,Low,0
"Ibmiduon, mundina sari nodu yen agutte anta, swalpa limit nodu yaar. #3849",Threat,Individual,High,0.9
exam tumba tough aaytu but somehow aaytu. #f96a,Neutral,Group,Low,0
"Cadwzphs, nee ivattu full lazy mode alli idiya dude. #2fac",Insult,Individual,Low,0.29
"Tqvmbtdsz, nee full time late bartiya yaar. #fc91",Insult,Individual,Low,0.35
"network sakkath slow ide, once repeat maadu. #b6a9",Neutral,Unknown,Low,0.02
"class grp, plan ge ivananna invite madbeda besseru, ivan illaadre better ansta. #508b",Exclusion,Group,Low,0.21
"Wuiyzfgryr, ella platform nalli follow madbeda please, idu stalking tara kanstide. #e32a",Cyberstalking,Individual,Medium,0.61
"Trxzhkjd, elli hogidaroo ade tara madthiya, total loser tara idiya anta feel agutte. #e797",Harassment,Individual,Low,0.48
"Lkzolyffka, nee tumba irritating agthiya re yaar. #9549",Insult,Individual,Medium,0.37
"guys, chat nalli ivnanna ide irboda anta ansta, ivan illaadre better ansta. #bd0f",Exclusion,Group,Medium,0.38
"Mdxzj, cheap comments madbeda ava bagge, group nalli idu sari alla. #2668",Sexual Harassment,Individual,Medium,0.68
naale 4gante canteen nalli meet aagona. #5b05,Neutral,Individual,Low,0
ninne function photos share maadu. #cf57,Neutral,Unknown,Low,0.07
weekend ge yava movie nodona. #23ac,Neutral,Unknown,Low,0.02
exam tumba tough aaytu but somehow aaytu. #6a5d,Neutral,Unknown,Low,0
"Faro, next time barbeku anta helthini, swalpa limit nodu yaar. #3b9b",Threat,Individual,High,0.87
"Sixawtp, a type jokes swalpa stop maadu, group nalli idu sari alla. #0582",Sexual Harassment,Individual,Medium,0.81
fest practice ge yar yar barthidira. #3e21,Neutral,Individual,Low,0
"Qnxf, elli hogidaroo ade tara madthiya, tumba irritating agthiya re anta feel agutte. #4afa",Harassment,Individual,Medium,0.42
"Cdmswvmz, next time barbeku anta helthini, swalpa limit nodu yaar. #5095",Threat,Individual,Low,0.94
"happy birthday, tumba olle varsha agli. #3d80",Neutral,Group,Low,0
"Atbrbvl, yake everywhere message madthiya, idu stalking tara kanstide. #e69e",Cyberstalking,Individual,High,0.67
"Zss, nanna status na yavaglu check madthiya, idu stalking tara kanstide. #e138",Cyberstalking,Individual,Medium,0.45
yaaru naalege PPT madthare helri. #baad,Neutral,Unknown,Low,0
"naale 9 gante lab ge bartira, late agbeda. #96b3",Neutral,Group,Low,0
"Tetkov, nee sakkat dumb idiya yaar dude. #c72e",Insult,Individual,Medium,0.18
"Gzmblbpzvw, nee full time late bartiya yaar. #a999",Insult,Individual,Low,0.15
"Yrugjkeoy, nee ivattu full lazy mode alli idiya re. #855a",Insult,Individual,Low,0.26
nee send madida reel super comedy aaytu. #083e,Neutral,Individual,Low,0
attendance link haakbidu illi. #fb83,Neutral,Group,Low,0
"5 nimisha nalli join agthini, swalpa wait maadu. #9195",Neutral,Individual,Low,0.02
"guys, plan ge ivananna invite madbeda besseru, ivan illaadre better ansta. #9328",Exclusion,Group,Medium,0.21
exam tumba tough aaytu but somehow aaytu. #b6e0,Neutral,Group,Low,0
"Nwannmi, nee tumba irritating agthiya re re. #3cec",Insult,Individual,Medium,0.41
"Evwhcuddfz, nee useless tara behave madthiya dude. #9ae8",Insult,Individual,Medium,0.28
"Jrjjsidyd, nee full time late bartiya dude. #a354",Insult,Individual,Low,0.35
"Pddhbmfcyw, nee class nalli full time joker ne yaar. #9183",Insult,Individual,Medium,0.21
"Vqy, nee tumba irritating agthiya re re. #4188",Insult,Individual,Medium,0.2
attendance link haakbidu illi. #59e3,Neutral,Unknown,Low,0
"naale 9 gante lab ge bartira, late agbeda. #336e",Neutral,Unknown,Low,0
ivattu assignment submit maadbeku maga. #19f3,Neutral,Group,Low,0
ivattu class full bore aaytu. #fb76,Neutral,Unknown,Low,0
"Vptilu, nee reply nodoke tumba time togondiya dude. #b107",Insult,Individual,Low,0.28
attendance link haakbidu illi. #137b,Neutral,Individual,Low,0.02
"5 nimisha nalli join agthini, swalpa wait maadu. #1894",Neutral,Unknown,Low,0.01
"review okay aaytu, tension beda. #c67e",Neutral,Individual,Low,0.04
"guys, chat nalli ivnanna ide irboda anta ansta, ivan illaadre better ansta. #7869",Exclusion,Group,Medium,0.43
"5 nimisha nalli join agthini, swalpa wait maadu. #dca2",Neutral,Individual,Low,0.05
"Umszz, nee ivattu full lazy mode alli idiya re. #51da",Insult,Individual,Low,0.29
ivattu assignment submit maadbeku maga. #4662,Neutral,Individual,Low,0
"gang, chat nalli ivnanna ide irboda anta ansta, ivan illaadre better ansta. #e37a",Exclusion,Group,High,0.34
"naale 9 gante lab ge bartira, late agbeda. #0ae2",Neutral,Unknown,Low,0.01
"batch, chat nalli ivnanna ide irboda anta ansta, ivan illaadre better ansta. #c2b5",Exclusion,Group,Medium,0.37
"ninna presentation super aaytu, chennag ide. #0435",Neutral,Group,Low,0.01
fest practice ge yar yar barthidira. #0b21,Neutral,Group,Low,0
weekend ge yava movie nodona. #e3eb,Neutral,Individual,Low,0.03
yavdru ivattu notes idre send maadu pls. #d975,Neutral,Individual,Low,0
"Mgpmmbw, ava body bagge a tara mata beda, group nalli idu sari alla. #284f",Sexual Harassment,Individual,High,0.62
exam tumba tough aaytu but somehow aaytu. #cf49,Neutral,Individual,Low,0.03
"guys, ivananna group inda remove maadona, ivan illaadre better ansta. #a7c5",Exclusion,Group,High,0.3
"ninna presentation super aaytu, chennag ide. #4995",Neutral,Individual,Low,0
"Zvdtdbwe, nee total loser tara idiya re. #38e7",Insult,Individual,High,0.51
project help madidakke thanks maga. #7db2,Neutral,Unknown,Low,0.02
"Ofq, nanna status na yavaglu check madthiya, idu stalking tara kanstide. #dff5",Cyberstalking,Individual,High,0.57
"Wdwycg, nanna status na yavaglu check madthiya, idu stalking tara kanstide. #bc87",Cyberstalking,Individual,Medium,0.8
attendance link haakbidu illi. #cc57,Neutral,Individual,Low,0.02
ivattu assignment submit maadbeku maga. #a896,Neutral,Unknown,Low,0
"Sixk, nee ivattu full lazy mode alli idiya dude. #5f4d",Insult,Individual,Low,0.36
"5 nimisha nalli join agthini, swalpa wait maadu. #61b8",Neutral,Group,Low,0
"team, ivananna group inda remove maadona, ivan illaadre better ansta. #6386",Exclusion,Group,High,0.55
ivattu class full bore aaytu. #977c,Neutral,Individual,Low,0
ivattu class full bore aaytu. #6190,Neutral,Group,Low,0
fest practice ge yar yar barthidira. #e554,Neutral,Group,Low,0.03
fest practice ge yar yar barthidira. #f4f4,Neutral,Group,Low,0
"Zwelspca, nee class nalli full time joker ne dude. #35d6",Insult,Individual,Medium,0.3
naale 4gante canteen nalli meet aagona. #2a89,Neutral,Group,Low,0.06
"Hpspak, elli hogidaroo ade tara madthiya, tumba irritating agthiya re anta feel agutte. #583a",Harassment,Individual,Medium,0.72
"Comygzy, nee yavattu serious agalla machaa. #8853",Insult,Individual,Low,0.25
"Ltprezik, sir ge complaint haakthini nodu, swalpa limit nodu yaar. #c21d",Threat,Individual,Low,0.69
"Jxbx, mundina sari nodu yen agutte anta, swalpa limit nodu yaar. #803d",Threat,Individual,High,1
ivattu assignment submit maadbeku maga. #3acd,Neutral,Individual,Low,0
"Oumrf, nee sakkat dumb idiya yaar dude. #5c9c",Insult,Individual,Medium,0.17
"gang, chat nalli ivnanna ide irboda anta ansta, ivan illaadre better ansta. #ff49",Exclusion,Group,Medium,0.26
yaaru naalege PPT madthare helri. #2ee9,Neutral,Group,Low,0
"Qbx, nee sakkat dumb idiya yaar re. #f620",Insult,Individual,Medium,0.34
"class grp, ivnanna group nalli add madbeda, ivan illaadre better ansta. #7588",Exclusion,Group,Low,0.16
"happy birthday, tumba olle varsha agli. #fb8c",Neutral,Individual,Low,0.01
"Pbbhyh, nee tumba irritating agthiya re re. #2e48",Insult,Individual,Medium,0.18
"network sakkath slow ide, once repeat maadu. #9978",Neutral,Unknown,Low,0.04
yaaru naalege PPT madthare helri. #d88b,Neutral,Group,Low,0
project help madidakke thanks maga. #d966,Neutral,Group,Low,0.03
"guys, ivananna group inda remove maadona, ivan illaadre better ansta. #108c",Exclusion,Group,Low,0.34
exam tumba tough aaytu but somehow aaytu. #66aa,Neutral,Individual,Low,0.02
"Gpxmxkom, nee ivattu full lazy mode alli idiya re. #95ca",Insult,Individual,Low,0.15
"Ctdaat, nee yavattu serious agalla yaar. #fd4f",Insult,Individual,Low,0.42
"team, plan ge ivananna invite madbeda besseru, ivan illaadre better ansta. #0fa6",Exclusion,Group,Low,0.27
project help madidakke thanks maga. #a757,Neutral,Individual,Low,0
"class grp, ivnanna group nalli add madbeda, ivan illaadre better ansta. #9ac5",Exclusion,Group,Medium,0.39
"Mvma, elli hogidaroo ade tara madthiya, tumba disgusting behaviour anta feel agutte. #d656",Harassment,Individual,Medium,0.63
"Vcy, next time barbeku anta helthini, swalpa limit nodu yaar. #e8a6",Threat,Individual,High,1
"network sakkath slow ide, once repeat maadu. #ca7c",Neutral,Unknown,Low,0
"Jlc, prati dina reason illade ping madbedi, idu stalking tara kanstide. #c826",Cyberstalking,Individual,Medium,0.56
"Kxuln, nee ivattu full lazy mode alli idiya re. #8956",Insult,Individual,Low,0.38
"network sakkath slow ide, once repeat maadu. #3f2d",Neutral,Individual,Low,0.06
"Oyrvfbkque, nee total loser tara idiya machaa. #e448",Insult,Individual,High,0.3
"Cndqrbqds, cheap comments madbeda ava bagge, group nalli idu sari alla. #e5a7",Sexual Harassment,Individual,High,1
"Xzlrmqvm, elli hogidaroo ade tara madthiya, total loser tara idiya anta feel agutte. #0102",Harassment,Individual,High,0.73
"Ewygwazqzd, elli hogidaroo ade tara madthiya, useless tara behave madthiya anta feel agutte. #8357",Harassment,Individual,High,0.79
"Rudgaa, nee full time late bartiya yaar. #d6f3",Insult,Individual,Low,0.31
ivattu assignment submit maadbeku maga. #b537,Neutral,Unknown,Low,0.04
"Utsbvpbpkl, nee ivattu full lazy mode alli idiya yaar. #61e3",Insult,Individual,Low,0.2
"Vpambpyc, a tara photos haakbeda please, group nalli idu sari alla. #6804",Sexual Harassment,Individual,Medium,0.75
ivattu class full bore aaytu. #48eb,Neutral,Individual,Low,0.04
"5 nimisha nalli join agthini, swalpa wait maadu. #b799",Neutral,Individual,Low,0.02
"Isd, nee class nalli full time joker ne dude. #add2",Insult,Individual,Medium,0.35
ninne function photos share maadu. #fff1,Neutral,Unknown,Low,0
"Hkvsp, nodu careful iru, illa problem agutte, swalpa limit nodu yaar. #3977",Threat,Individual,High,0.95
nee send madida reel super comedy aaytu. #268e,Neutral,Unknown,Low,0
"ninna presentation super aaytu, chennag ide. #c488",Neutral,Individual,Low,0
naale extra pen togond baa pls. #20a7,Neutral,Group,Low,0.04
"Drbhgejex, nee tumba irritating agthiya re dude. #99f1",Insult,Individual,Medium,0.45
project help madidakke thanks maga. #e2ba,Neutral,Individual,Low,0.01
"Eveq, nee class nalli full time joker ne re. #1bec",Insult,Individual,Medium,0.2
"Ulhinbynb, nee complete waste fellow machaa. #6a3c",Insult,Individual,High,0.37
fest practice ge yar yar barthidira. #5cb0,Neutral,Unknown,Low,0.02
yavdru ivattu notes idre send maadu pls. #5ddd,Neutral,Group,Low,0.02
naale extra pen togond baa pls. #d650,Neutral,Unknown,Low,0
"Wpkr, nee tumba irritating agthiya re yaar. #72d4",Insult,Individual,Medium,0.32
"class grp, plan ge ivananna invite madbeda besseru, ivan illaadre better ansta. #6b88",Exclusion,Group,High,0.42
"Zywjg, nee tumba irritating agthiya re machaa. #d850",Insult,Individual,Medium,0.21
fest practice ge yar yar barthidira. #c62f,Neutral,Unknown,Low,0
"Mpwiso, mundina sari nodu yen agutte anta, swalpa limit nodu yaar. #2428",Threat,Individual,Medium,0.88
"Acgzipors, nee ivattu full lazy mode alli idiya machaa. #d4ca",Insult,Individual,Low,0.41
yavdru ivattu notes idre send maadu pls. #e114,Neutral,Individual,Low,0
yavdru ivattu notes idre send maadu pls. #aca7,Neutral,Individual,Low,0
pizza bekka biryani bekka decide maadi. #5779,Neutral,Individual,Low,0.06
"ninna presentation super aaytu, chennag ide. #8843",Neutral,Unknown,Low,0
"Hnhh, elli hogidaroo ade tara madthiya, tumba irritating agthiya re anta feel agutte. #d113",Harassment,Individual,High,0.52
"guys, chat nalli ivnanna ide irboda anta ansta, ivan illaadre better ansta. #5c59",Exclusion,Group,High,0.31
"Aryigvpnz, elli hogidaroo ade tara madthiya, sakkat dumb idiya yaar anta feel agutte. #e767",Harassment,Individual,Medium,0.64
ninne function photos share maadu. #d51e,Neutral,Individual,Low,0.03
"5 nimisha nalli join agthini, swalpa wait maadu. #4d61",Neutral,Unknown,Low,0
"Nxoncnilhi, next time barbeku anta helthini, swalpa limit nodu yaar. #cbb0",Threat,Individual,Medium,0.77
"ninna presentation super aaytu, chennag ide. #f6d1",Neutral,Unknown,Low,0
"Ejenifhnjf, nee full time late bartiya yaar. #550c",Insult,Individual,Low,0.15
"Jrpnf, nee useless tara behave madthiya re. #5f01",Insult,Individual,Medium,0.4
"Rdyor, nee reply nodoke tumba time togondiya machaa. #255e",Insult,Individual,Low,0.32
"Yiqaq, nee reply nodoke tumba time togondiya yaar. #7c45",Insult,Individual,Low,0.33
yaaru naalege PPT madthare helri. #fbb5,Neutral,Unknown,Low,0.02
"5 nimisha nalli join agthini, swalpa wait maadu. #8f78",Neutral,Unknown,Low,0
"Qouqlztsw, elli hogidaroo ade tara madthiya, tumba disgusting behaviour anta feel agutte. #daa4",Harassment,Individual,High,0.58
"naale 9 gante lab ge bartira, late agbeda. #81bb",Neutral,Unknown,Low,0.01
"class grp, chat nalli ivnanna ide irboda anta ansta, ivan illaadre better ansta. #2d1d",Exclusion,Group,Low,0.21
"happy birthday, tumba olle varsha agli. #ac2c",Neutral,Individual,Low,0
"team, ivnanna group nalli add madbeda, ivan illaadre better ansta. #3801",Exclusion,Group,High,0.32
ivattu assignment submit maadbeku maga. #7c6b,Neutral,Unknown,Low,0
"review okay aaytu, tension beda. #ed3e",Neutral,Individual,Low,0
"class grp, ivananna group inda remove maadona, ivan illaadre better ansta. #9906",Exclusion,Group,Medium,0.33
project help madidakke thanks maga. #e157,Neutral,Group,Low,0.02
"Acfbix, elli hogidaroo ade tara madthiya, class nalli full time joker ne anta feel agutte. #9117",Harassment,Individual,High,0.59
naale extra pen togond baa pls. #ba73,Neutral,Unknown,Low,0.07
"gang, ivananna group inda remove maadona, ivan illaadre better ansta. #6a22",Exclusion,Group,High,0.38
naale 4gante canteen nalli meet aagona. #07f7,Neutral,Unknown,Low,0
ninne function photos share maadu. #7326,Neutral,Group,Low,0.05
"Ykbn, nee reply nodoke tumba time togondiya dude. #65d6",Insult,Individual,Low,0.18
"happy birthday, tumba olle varsha agli. #33a1",Neutral,Group,Low,0.04
naale extra pen togond baa pls. #73bc,Neutral,Group,Low,0.02
pizza bekka biryani bekka decide maadi. #ed9d,Neutral,Unknown,Low,0
"Fjk, nee complete waste fellow yaar. #af4b",Insult,Individual,High,0.33
"Mpdis, yake everywhere message madthiya, idu stalking tara kanstide. #b7f5",Cyberstalking,Individual,High,0.82
"Fuywqdp, nodu careful iru, illa problem agutte, swalpa limit nodu yaar. #a802",Threat,Individual,Medium,0.68
weekend ge yava movie nodona. #6b0e,Neutral,Individual,Low,0
naale 4gante canteen nalli meet aagona. #fde6,Neutral,Individual,Low,0
"Wpnndu, elli hogidaroo ade tara madthiya, yen use illa ninna jothe anta feel agutte. #fe35",Harassment,Individual,Medium,0.48
"Bzi, nee ivattu full lazy mode alli idiya dude. #ed3b",Insult,Individual,Low,0.21
yaaru naalege PPT madthare helri. #8251,Neutral,Group,Low,0.06
project help madidakke thanks maga. #d72d,Neutral,Unknown,Low,0.03
project help madidakke thanks maga. #e33d,Neutral,Individual,Low,0
"5 nimisha nalli join agthini, swalpa wait maadu. #e670",Neutral,Unknown,Low,0.04
"Kansuzc, nee ivattu full lazy mode alli idiya dude. #1794",Insult,Individual,Low,0.4
"team, plan ge ivananna invite madbeda besseru, ivan illaadre better ansta. #a689",Exclusion,Group,Medium,0.26
nee send madida reel super comedy aaytu. #05cc,Neutral,Unknown,Low,0
"Psg, elli hogidaroo ade tara madthiya, class nalli full time joker ne anta feel agutte. #272d",Harassment,Individual,High,0.54
"team, ivnanna group nalli add madbeda, ivan illaadre better ansta. #e6f3",Exclusion,Group,Low,0.35
project help madidakke thanks maga. #db01,Neutral,Unknown,Low,0.06
"happy birthday, tumba olle varsha agli. #2cb6",Neutral,Individual,Low,0
"Yokd, elli hogidaroo ade tara madthiya, useless tara behave madthiya anta feel agutte. #a44e",Harassment,Individual,High,0.83
fest practice ge yar yar barthidira. #4abe,Neutral,Individual,Low,0.03
"Pyulak, yake everywhere message madthiya, idu stalking tara kanstide. #3368",Cyberstalking,Individual,Low,0.54
"Ysxwcxhvyp, mundina sari nodu yen agutte anta, swalpa limit nodu yaar. #7000",Threat,Individual,High,0.83
"Sla, nee ivattu full lazy mode alli idiya machaa. #cd04",Insult,Individual,Low,0.11
"Dtqry, elli hogidaroo ade tara madthiya, tumba irritating agthiya re anta feel agutte. #7fa0",Harassment,Individual,Low,0.42
"network sakkath slow ide, once repeat maadu. #53f7",Neutral,Group,Low,0.01
"ninna presentation super aaytu, chennag ide. #5d35",Neutral,Unknown,Low,0
"naale 9 gante lab ge bartira, late agbeda. #cd44",Neutral,Individual,Low,0.01
"Szchbi, yake everywhere message madthiya, idu stalking tara kanstide. #35af",Cyberstalking,Individual,High,0.62
"Rvjdmyb, nodu careful iru, illa problem agutte, swalpa limit nodu yaar. #318b",Threat,Individual,High,0.93
"Dpb, nee ivattu full lazy mode alli idiya dude. #4584",Insult,Individual,Low,0.09
"Ckffus, nee ivattu full lazy mode alli idiya yaar. #2e57",Insult,Individual,Low,0.28
naale extra pen togond baa pls. #0e94,Neutral,Individual,Low,0
attendance link haakbidu illi. #4cf9,Neutral,Group,Low,0
"review okay aaytu, tension beda. #f7ed",Neutral,Individual,Low,0.01
"Hhx, next time barbeku anta helthini, swalpa limit nodu yaar. #3553",Threat,Individual,High,1
"network sakkath slow ide, once repeat maadu. #1a39",Neutral,Individual,Low,0
project help madidakke thanks maga. #6383,Neutral,Unknown,Low,0
"5 nimisha nalli join agthini, swalpa wait maadu. #a69e",Neutral,Individual,Low,0
ivattu class full bore aaytu. #4f29,Neutral,Unknown,Low,0.01
ivattu class full bore aaytu. #97f6,Neutral,Individual,Low,0
exam tumba tough aaytu but somehow aaytu. #ef49,Neutral,Unknown,Low,0
"Hjiz, nee reply nodoke tumba time togondiya re. #fd6e",Insult,Individual,Low,0.19
"Ywyrnska, nee total loser tara idiya dude. #cccd",Insult,Individual,High,0.25
ninne function photos share maadu. #78ff,Neutral,Group,Low,0
"Pyhrkphn, nee complete waste fellow yaar. #f165",Insult,Individual,High,0.34
"Nrxcdvrowe, nee reply nodoke tumba time togondiya re. #828c",Insult,Individual,Low,0.2
exam tumba tough aaytu but somehow aaytu. #24fe,Neutral,Unknown,Low,0
"Rfvywxa, nee class nalli full time joker ne dude. #71ef",Insult,Individual,Medium,0.36
"guys, ivnanna group nalli add madbeda, ivan illaadre better ansta. #c14d",Exclusion,Group,Low,0.28
"Hxbxf, nanna status na yavaglu check madthiya, idu stalking tara kanstide. #e1d7",Cyberstalking,Individual,Medium,0.7
attendance link haakbidu illi. #174e,Neutral,Unknown,Low,0.01
yaaru naalege PPT madthare helri. #98bf,Neutral,Unknown,Low,0.04
"Endn, mundina sari nodu yen agutte anta, swalpa limit nodu yaar. #1435",Threat,Individual,High,0.72
"Oftrvsgo, elli hogidaroo ade tara madthiya, yen use illa ninna jothe anta feel agutte. #ddb0",Harassment,Individual,High,0.77
"5 nimisha nalli join agthini, swalpa wait maadu. #2b12",Neutral,Individual,Low,0
"Xwrdrp, cheap comments madbeda ava bagge, group nalli idu sari alla. #7890",Sexual Harassment,Individual,Medium,0.84
naale extra pen togond baa pls. #1345,Neutral,Unknown,Low,0
"happy birthday, tumba olle varsha agli. #7567",Neutral,Unknown,Low,0
"Xyko, nee tumba irritating agthiya re re. #e1c4",Insult,Individual,Medium,0.32
yaaru naalege PPT madthare helri. #32d3,Neutral,Unknown,Low,0.04
"Ozru, nodu careful iru, illa problem agutte, swalpa limit nodu yaar. #f0df",Threat,Individual,High,0.72
"Yjifcre, elli hogidaroo ade tara madthiya, yen use illa ninna jothe anta feel agutte. #910a",Harassment,Individual,High,0.55
"Qtzbkmp, nee class nalli full time joker ne yaar. #900b",Insult,Individual,Medium,0.21
naale 4gante canteen nalli meet aagona. #a2a5,Neutral,Group,Low,0
"review okay aaytu, tension beda. #6484",Neutral,Group,Low,0
"Ghnttrotl, elli hogidaroo ade tara madthiya, tumba irritating agthiya re anta feel agutte. #70a1",Harassment,Individual,Medium,0.36
exam tumba tough aaytu but somehow aaytu. #ab93,Neutral,Unknown,Low,0
exam tumba tough aaytu but somehow aaytu. #d076,Neutral,Individual,Low,0.04
attendance link haakbidu illi. #d0d8,Neutral,Individual,Low,0
attendance link haakbidu illi. #b238,Neutral,Group,Low,0.05
yaaru naalege PPT madthare helri. #7206,Neutral,Group,Low,0.06
"Jgxav, elli hogidaroo ade tara madthiya, tumba disgusting behaviour anta feel agutte. #216e",Harassment,Individual,High,0.57
"happy birthday, tumba olle varsha agli. #1369",Neutral,Unknown,Low,0.05
"Otwbv, nee tumba irritating agthiya re machaa. #13e6",Insult,Individual,Medium,0.39
"Gylgqi, nee ivattu full lazy mode alli idiya machaa. #8a0c",Insult,Individual,Low,0.34
"Qoxzdrbtgh, elli hogidaroo ade tara madthiya, yen use illa ninna jothe anta feel agutte. #bba4",Harassment,Individual,High,0.71
ninne function photos share maadu. #034b,Neutral,Individual,Low,0
"review okay aaytu, tension beda. #9598",Neutral,Individual,Low,0
ivattu class full bore aaytu. #8fbc,Neutral,Group,Low,0
"Atvgmltzl, elli hogidaroo ade tara madthiya, useless tara behave madthiya anta feel agutte. #aee1",Harassment,Individual,High,0.69
ivattu assignment submit maadbeku maga. #6161,Neutral,Unknown,Low,0
"5 nimisha nalli join agthini, swalpa wait maadu. #0ced",Neutral,Group,Low,0.03
nee send madida reel super comedy aaytu. #e11d,Neutral,Unknown,Low,0
ninne function photos share maadu. #aada,Neutral,Group,Low,0.04
project help madidakke thanks maga. #ba62,Neutral,Individual,Low,0
"Yame, nee yavattu serious agalla dude. #6a76",Insult,Individual,Low,0.24
"gang, ivnanna group nalli add madbeda, ivan illaadre better ansta. #f08c",Exclusion,Group,Low,0.45
"happy birthday, tumba olle varsha agli. #b9b1",Neutral,Group,Low,0.03
"team, ivnanna group nalli add madbeda, ivan illaadre better ansta. #8fb4",Exclusion,Group,Low,0.31
fest practice ge yar yar barthidira. #6aab,Neutral,Individual,Low,0.02
"Jsfawoi, nee yen use illa ninna jothe re. #8ecb",Insult,Individual,High,0.36
"Rutytxx, elli hogidaroo ade tara madthiya, complete waste fellow anta feel agutte. #fa5b",Harassment,Individual,Medium,0.51
fest practice ge yar yar barthidira. #aa17,Neutral,Individual,Low,0.03
"Jyeynm, yake everywhere message madthiya, idu stalking tara kanstide. #7870",Cyberstalking,Individual,High,0.58
"Auofxgjrx, nanna status na yavaglu check madthiya, idu stalking tara kanstide. #6a0c",Cyberstalking,Individual,Medium,0.59
pizza bekka biryani bekka decide maadi. #b8ee,Neutral,Group,Low,0.04
"gang, ivananna group inda remove maadona, ivan illaadre better ansta. #d887",Exclusion,Group,Low,0.2
"naale 9 gante lab ge bartira, late agbeda. #4ae4",Neutral,Unknown,Low,0
"Skydigyi, sir ge complaint haakthini nodu, swalpa limit nodu yaar. #e375",Threat,Individual,High,1
nee send madida reel super comedy aaytu. #4bee,Neutral,Group,Low,0.02
"Ymqg, nee total loser tara idiya yaar. #f1e4",Insult,Individual,High,0.37
"Cmq, mundina sari nodu yen agutte anta, swalpa limit nodu yaar. #1700",Threat,Individual,Medium,1
naale 4gante canteen nalli meet aagona. #c1db,Neutral,Individual,Low,0
"Ootjmfbwoe, elli hogidaroo ade tara madthiya, tumba irritating agthiya re anta feel agutte. #6ded",Harassment,Individual,Medium,0.44
"Xupmbfswtc, nee ivattu full lazy mode alli idiya machaa. #31f4",Insult,Individual,Low,0.24
"batch, ivananna group inda remove maadona, ivan illaadre better ansta. #e607",Exclusion,Group,Medium,0.3
fest practice ge yar yar barthidira. #75a4,Neutral,Individual,Low,0.02
"naale 9 gante lab ge bartira, late agbeda. #5dd3",Neutral,Individual,Low,0
naale 4gante canteen nalli meet aagona. #79ac,Neutral,Group,Low,0
naale extra pen togond baa pls. #b172,Neutral,Individual,Low,0
"team, ivananna group inda remove maadona, ivan illaadre better ansta. #97b9",Exclusion,Group,High,0.49
"network sakkath slow ide, once repeat maadu. #9d05",Neutral,Individual,Low,0
"Rvkna, a type jokes swalpa stop maadu, group nalli idu sari alla. #8096",Sexual Harassment,Individual,High,0.99
"Mvdopwbmp, nanna status na yavaglu check madthiya, idu stalking tara kanstide. #ae31",Cyberstalking,Individual,Low,0.72
"Cvffh, cheap comments madbeda ava bagge, group nalli idu sari alla. #18ea",Sexual Harassment,Individual,Low,0.8
naale 4gante canteen nalli meet aagona. #f36a,Neutral,Unknown,Low,0.01
fest practice ge yar yar barthidira. #34cd,Neutral,Individual,Low,0.04
"Zrafebk, nee useless tara behave madthiya yaar. #5797",Insult,Individual,Medium,0.34
"Qjuejtk, nee tumba irritating agthiya re yaar. #0c30",Insult,Individual,Medium,0.45
yaaru naalege PPT madthare helri. #bcdc,Neutral,Individual,Low,0.01
"gang, ivnanna group nalli add madbeda, ivan illaadre better ansta. #7855",Exclusion,Group,Medium,0.3
"Mretsnqpwe, elli hogidaroo ade tara madthiya, class nalli full time joker ne anta feel agutte. #3ce5",Harassment,Individual,High,0.61
yavdru ivattu notes idre send maadu pls. #8afe,Neutral,Unknown,Low,0.04
"naale 9 gante lab ge bartira, late agbeda. #a3a9",Neutral,Individual,Low,0
naale 4gante canteen nalli meet aagona. #e00c,Neutral,Group,Low,0.02
"Vrxsi, sir ge complaint haakthini nodu, swalpa limit nodu yaar. #3358",Threat,Individual,High,0.76
"Ficvvkfry, nee total loser tara idiya machaa. #ee4e",Insult,Individual,High,0.36
"guys, ivananna group inda remove maadona, ivan illaadre better ansta. #f2d7",Exclusion,Group,Low,0.2
"Laupqimr, ava body bagge a tara mata beda, group nalli idu sari alla. #88d7",Sexual Harassment,Individual,High,0.67
"Gju, elli hogidaroo ade tara madthiya, useless tara behave madthiya anta feel agutte. #4d4f",Harassment,Individual,High,0.51
"gang, ivananna group inda remove maadona, ivan illaadre better ansta. #2d36",Exclusion,Group,Low,0.29
weekend ge yava movie nodona. #920e,Neutral,Individual,Low,0
weekend ge yava movie nodona. #9f21,Neutral,Individual,Low,0.01
pizza bekka biryani bekka decide maadi. #9f56,Neutral,Individual,Low,0.04
naale 4gante canteen nalli meet aagona. #a2df,Neutral,Group,Low,0.04
yavdru ivattu notes idre send maadu pls. #4e7e,Neutral,Group,Low,0
"Ijfepwkqkx, ava body bagge a tara mata beda, group nalli idu sari alla. #1864",Sexual Harassment,Individual,High,0.8
"Fqejtdc, elli hogidaroo ade tara madthiya, sakkat dumb idiya yaar anta feel agutte. #6697",Harassment,Individual,Medium,0.51
"review okay aaytu, tension beda. #8bc2",Neutral,Unknown,Low,0.06
"Zkkc, ava body bagge a tara mata beda, group nalli idu sari alla. #7d80",Sexual Harassment,Individual,Low,0.6
"review okay aaytu, tension beda. #b628",Neutral,Unknown,Low,0
"Nouzox, nanna status na yavaglu check madthiya, idu stalking tara kanstide. #8e78",Cyberstalking,Individual,Medium,0.66
"Ljgcq, elli hogidaroo ade tara madthiya, useless tara behave madthiya anta feel agutte. #b19e",Harassment,Individual,Low,0.67
"Uaujt, elli hogidaroo ade tara madthiya, tumba disgusting behaviour anta feel agutte. #5435",Harassment,Individual,Low,0.31
"Fgwrolarfy, elli hogidaroo ade tara madthiya, useless tara behave madthiya anta feel agutte. #ed5e",Harassment,Individual,High,0.62
"Kixlruipem, nee full time late bartiya re. #301a",Insult,Individual,Low,0.15
ivattu class full bore aaytu. #5664,Neutral,Individual,Low,0.01
naale 4gante canteen nalli meet aagona. #e2cd,Neutral,Unknown,Low,0
"Dxnzk, nanna status na yavaglu check madthiya, idu stalking tara kanstide. #15f7",Cyberstalking,Individual,High,0.59
"Whzsrgkr, nee ivattu full lazy mode alli idiya machaa. #6177",Insult,Individual,Low,0.36
ivattu class full bore aaytu. #93d6,Neutral,Unknown,Low,0.02
"Afsfocfbkh, elli hogidaroo ade tara madthiya, yen use illa ninna jothe anta feel agutte. #cb5c",Harassment,Individual,Low,0.66
"Srqhe, elli hogidaroo ade tara madthiya, useless tara behave madthiya anta feel agutte. #9ee6",Harassment,Individual,Medium,0.65
exam tumba tough aaytu but somehow aaytu. #2792,Neutral,Unknown,Low,0
pizza bekka biryani bekka decide maadi. #d513,Neutral,Individual,Low,0.04
ninne function photos share maadu. #12d2,Neutral,Unknown,Low,0.03
naale 4gante canteen nalli meet aagona. #7c92,Neutral,Unknown,Low,0.02
"Vacjgpiu, nee useless tara behave madthiya re. #728b",Insult,Individual,Medium,0.37
"batch, ivananna group inda remove maadona, ivan illaadre better ansta. #d1ff",Exclusion,Group,Medium,0.48
"naale 9 gante lab ge bartira, late agbeda. #d672",Neutral,Group,Low,0.03
nee send madida reel super comedy aaytu. #a5eb,Neutral,Group,Low,0
"team, plan ge ivananna invite madbeda besseru, ivan illaadre better ansta. #bef1",Exclusion,Group,Low,0.35
"ninna presentation super aaytu, chennag ide. #e5dc",Neutral,Group,Low,0
fest practice ge yar yar barthidira. #135f,Neutral,Group,Low,0
project help madidakke thanks maga. #ed9c,Neutral,Unknown,Low,0
"Aydhodeign, nee tumba irritating agthiya re machaa. #f397",Insult,Individual,Medium,0.2
"Icx, nee reply nodoke tumba time togondiya re. #4d75",Insult,Individual,Low,0.31
"Phrpi, yake everywhere message madthiya, idu stalking tara kanstide. #8977",Cyberstalking,Individual,High,0.67
weekend ge yava movie nodona. #c5a0,Neutral,Group,Low,0
"Hww, nanna status na yavaglu check madthiya, idu stalking tara kanstide. #dfde",Cyberstalking,Individual,Low,0.76
"5 nimisha nalli join agthini, swalpa wait maadu. #0ecd",Neutral,Unknown,Low,0
"Hipde, nee yen use illa ninna jothe machaa. #0aa9",Insult,Individual,High,0.32
ivattu assignment submit maadbeku maga. #3873,Neutral,Unknown,Low,0
"Pfnq, elli hogidaroo ade tara madthiya, sakkat dumb idiya yaar anta feel agutte. #037a",Harassment,Individual,Medium,0.39
"Saxdk, nee complete waste fellow yaar. #618f",Insult,Individual,High,0.41
pizza bekka biryani bekka decide maadi. #419a,Neutral,Unknown,Low,0
"Wgaa, ella platform nalli follow madbeda please, idu stalking tara kanstide. #dc31",Cyberstalking,Individual,Medium,0.53
"Tipagdrak, nee class nalli full time joker ne re. #fac6",Insult,Individual,Medium,0.25
"happy birthday, tumba olle varsha agli. #e77f",Neutral,Individual,Low,0.06
"Nndjkusay, nee sakkat dumb idiya yaar yaar. #e3f4",Insult,Individual,Medium,0.18
exam tumba tough aaytu but somehow aaytu. #50da,Neutral,Unknown,Low,0
fest practice ge yar yar barthidira. #6de5,Neutral,Unknown,Low,0
"5 nimisha nalli join agthini, swalpa wait maadu. #a6b0",Neutral,Unknown,Low,0.02
ivattu class full bore aaytu. #119a,Neutral,Group,Low,0
"Fgxwqvstj, nee ivattu full lazy mode alli idiya yaar. #c9ba",Insult,Individual,Low,0.37
"Veagobqor, nodu careful iru, illa problem agutte, swalpa limit nodu yaar. #bf0a",Threat,Individual,Low,0.87
naale extra pen togond baa pls. #12bd,Neutral,Individual,Low,0.04
ivattu assignment submit maadbeku maga. #b3c9,Neutral,Individual,Low,0.03
"Fydol, prati dina reason illade ping madbedi, idu stalking tara kanstide. #695d",Cyberstalking,Individual,High,0.86
"Zai, prati dina reason illade ping madbedi, idu stalking tara kanstide. #62a2",Cyberstalking,Individual,Medium,0.82
"ninna presentation super aaytu, chennag ide. #3bb5",Neutral,Individual,Low,0.04
"Tvnrq, nee class nalli full time joker ne re. #909d",Insult,Individual,Medium,0.39
"Ibs, nee complete waste fellow machaa. #68c5",Insult,Individual,High,0.49
naale extra pen togond baa pls. #46be,Neutral,Unknown,Low,0.05
"network sakkath slow ide, once repeat maadu. #6b50",Neutral,Unknown,Low,0.01
"Tnaioqj, nee yen use illa ninna jothe re. #842d",Insult,Individual,High,0.33
naale extra pen togond baa pls. #ad86,Neutral,Unknown,Low,0
yavdru ivattu notes idre send maadu pls. #a511,Neutral,Group,Low,0
"review okay aaytu, tension beda. #05a4",Neutral,Unknown,Low,0
"network sakkath slow ide, once repeat maadu. #2982",Neutral,Individual,Low,0.05
pizza bekka biryani bekka decide maadi. #562d,Neutral,Group,Low,0.02
"Kubgwjiaz, elli hogidaroo ade tara madthiya, useless tara behave madthiya anta feel agutte. #95a8",Harassment,Individual,Medium,0.46
naale extra pen togond baa pls. #8587,Neutral,Unknown,Low,0.05
"Mor, elli hogidaroo ade tara madthiya, complete waste fellow anta feel agutte. #7717",Harassment,Individual,High,0.67
ninne function photos share maadu. #9940,Neutral,Group,Low,0
"Wsmwtr, nee class nalli full time joker ne dude. #5430",Insult,Individual,Medium,0.32
"Kzvbddt, nee useless tara behave madthiya re. #22a0",Insult,Individual,Medium,0.4
"network sakkath slow ide, once repeat maadu. #6416",Neutral,Unknown,Low,0.02
"Gnkhnwued, elli hogidaroo ade tara madthiya, total loser tara idiya anta feel agutte. #0bd7",Harassment,Individual,Medium,0.6
"Zejqsif, nee ivattu full lazy mode alli idiya yaar. #385f",Insult,Individual,Low,0.07
"Npnbkznif, ella platform nalli follow madbeda please, idu stalking tara kanstide. #2075",Cyberstalking,Individual,High,0.65
nee send madida reel super comedy aaytu. #8a43,Neutral,Unknown,Low,0
attendance link haakbidu illi. #6999,Neutral,Individual,Low,0
naale 4gante canteen nalli meet aagona. #dbf2,Neutral,Group,Low,0.02
"naale 9 gante lab ge bartira, late agbeda. #00e2",Neutral,Individual,Low,0.02
ivattu assignment submit maadbeku maga. #cacf,Neutral,Individual,Low,0
"5 nimisha nalli join agthini, swalpa wait maadu. #e236",Neutral,Individual,Low,0
"Cexdfbgqi, ella platform nalli follow madbeda please, idu stalking tara kanstide. #32b0",Cyberstalking,Individual,Medium,0.54
yaaru naalege PPT madthare helri. #cf3a,Neutral,Group,Low,0
yavdru ivattu notes idre send maadu pls. #d347,Neutral,Unknown,Low,0.03
"class grp, chat nalli ivnanna ide irboda anta ansta, ivan illaadre better ansta. #4e9f",Exclusion,Group,Low,0.33
"Ymyghvjuuv, nee useless tara behave madthiya re. #67e1",Insult,Individual,Medium,0.38
fest practice ge yar yar barthidira. #44c7,Neutral,Group,Low,0.04
"Bmtzhk, nanna status na yavaglu check madthiya, idu stalking tara kanstide. #b169",Cyberstalking,Individual,High,0.63
"ninna presentation super aaytu, chennag ide. #0c90",Neutral,Unknown,Low,0
"Nlfi, ava body bagge a tara mata beda, group nalli idu sari alla. #71a2",Sexual Harassment,Individual,High,0.82
naale extra pen togond baa pls. #8f6b,Neutral,Individual,Low,0.01
ninne function photos share maadu. #9d33,Neutral,Unknown,Low,0.03
"Ywtbj, nee useless tara behave madthiya machaa. #0744",Insult,Individual,Medium,0.33
"Mhbzcxt, sir ge complaint haakthini nodu, swalpa limit nodu yaar. #25a3",Threat,Individual,Medium,0.95
"naale 9 gante lab ge bartira, late agbeda. #6721",Neutral,Unknown,Low,0.06
"Fqqbws, nee useless tara behave madthiya re. #5559",Insult,Individual,Medium,0.28
"network sakkath slow ide, once repeat maadu. #78c3",Neutral,Group,Low,0
yavdru ivattu notes idre send maadu pls. #74dc,Neutral,Unknown,Low,0.04
"network sakkath slow ide, once repeat maadu. #398a",Neutral,Unknown,Low,0.03
"Vzdbagxy, nee ivattu full lazy mode alli idiya yaar. #550a",Insult,Individual,Low,0.21
"team, chat nalli ivnanna ide irboda anta ansta, ivan illaadre better ansta. #b525",Exclusion,Group,Low,0.38
"Uml, yake everywhere message madthiya, idu stalking tara kanstide. #d4e0",Cyberstalking,Individual,High,0.66
"Zor, elli hogidaroo ade tara madthiya, tumba disgusting behaviour anta feel agutte. #7724",Harassment,Individual,High,0.83
"Bqtalyrygn, nee total loser tara idiya dude. #c0da",Insult,Individual,High,0.41
naale extra pen togond baa pls. #505c,Neutral,Unknown,Low,0
"team, ivnanna group nalli add madbeda, ivan illaadre better ansta. #2d89",Exclusion,Group,Medium,0.36
"Acenw, nee total loser tara idiya machaa. #1534",Insult,Individual,High,0.23
"5 nimisha nalli join agthini, swalpa wait maadu. #12b3",Neutral,Group,Low,0
yaaru naalege PPT madthare helri. #edc4,Neutral,Individual,Low,0.01
"network sakkath slow ide, once repeat maadu. #de35",Neutral,Group,Low,0.04
naale 4gante canteen nalli meet aagona. #85b3,Neutral,Individual,Low,0
"Kny, sir ge complaint haakthini nodu, swalpa limit nodu yaar. #fed9",Threat,Individual,Medium,0.75
ninne function photos share maadu. #db4a,Neutral,Individual,Low,0.04
"class grp, ivnanna group nalli add madbeda, ivan illaadre better ansta. #ed76",Exclusion,Group,High,0.42
naale 4gante canteen nalli meet aagona. #7027,Neutral,Group,Low,0.01
"naale 9 gante lab ge bartira, late agbeda. #bee8",Neutral,Unknown,Low,0.05
"5 nimisha nalli join agthini, swalpa wait maadu. #5ce9",Neutral,Individual,Low,0
"Skvaapiwu, mundina sari nodu yen agutte anta, swalpa limit nodu yaar. #4884",Threat,Individual,Medium,0.66
"Zsqon, nee yavattu serious agalla re. #07b5",Insult,Individual,Low,0.21
project help madidakke thanks maga. #a5f3,Neutral,Group,Low,0
"Bikb, next time barbeku anta helthini, swalpa limit nodu yaar. #c600",Threat,Individual,Low,0.93
naale 4gante canteen nalli meet aagona. #c334,Neutral,Group,Low,0
"Xno, nee useless tara behave madthiya re. #84cc",Insult,Individual,Medium,0.23
"Rjfkzh, prati dina reason illade ping madbedi, idu stalking tara kanstide. #3cf6",Cyberstalking,Individual,High,0.9
"team, ivananna group inda remove maadona, ivan illaadre better ansta. #f213",Exclusion,Group,Medium,0.28
yavdru ivattu notes idre send maadu pls. #0b99,Neutral,Group,Low,0
"Hdcd, nee ivattu full lazy mode alli idiya dude. #3f96",Insult,Individual,Low,0.14
ivattu assignment submit maadbeku maga. #bb5e,Neutral,Group,Low,0.02
"Wcvfacv, elli hogidaroo ade tara madthiya, yen use illa ninna jothe anta feel agutte. #3293",Harassment,Individual,Medium,0.46
"guys, plan ge ivananna invite madbeda besseru, ivan illaadre better ansta. #4e9e",Exclusion,Group,Medium,0.46
fest practice ge yar yar barthidira. #6fef,Neutral,Group,Low,0
pizza bekka biryani bekka decide maadi. #e4f2,Neutral,Unknown,Low,0.01
ivattu assignment submit maadbeku maga. #57ad,Neutral,Individual,Low,0
"Gnb, nee sakkat dumb idiya yaar machaa. #efb4",Insult,Individual,Medium,0.14
"Ttfrllyy, nee tumba irritating agthiya re re. #bbbd",Insult,Individual,Medium,0.44
ninne function photos share maadu. #d2be,Neutral,Unknown,Low,0
exam tumba tough aaytu but somehow aaytu. #7a7f,Neutral,Individual,Low,0.06
"Wgvgs, elli hogidaroo ade tara madthiya, total loser tara idiya anta feel agutte. #da23",Harassment,Individual,High,0.81
"Kkagf, a tara photos haakbeda please, group nalli idu sari alla. #a1c9",Sexual Harassment,Individual,Low,0.65
"review okay aaytu, tension beda. #4d82",Neutral,Individual,Low,0.04
"Zhjkdc, nee sakkat dumb idiya yaar yaar. #6f7f",Insult,Individual,Medium,0.33
"Auyrrn, nee complete waste fellow machaa. #f580",Insult,Individual,High,0.43
"review okay aaytu, tension beda. #1c4a",Neutral,Unknown,Low,0.02
"Cfsxs, elli hogidaroo ade tara madthiya, tumba irritating agthiya re anta feel agutte. #a2ca",Harassment,Individual,Medium,0.48
yaaru naalege PPT madthare helri. #e578,Neutral,Individual,Low,0
"happy birthday, tumba olle varsha agli. #6ec3",Neutral,Unknown,Low,0.07
"Duztx, elli hogidaroo ade tara madthiya, total loser tara idiya anta feel agutte. #2e50",Harassment,Individual,Low,0.39
"batch, plan ge ivananna invite madbeda besseru, ivan illaadre better ansta. #c23d",Exclusion,Group,Medium,0.24
naale extra pen togond baa pls. #8e3b,Neutral,Unknown,Low,0.02
ninne function photos share maadu. #01ae,Neutral,Unknown,Low,0
"team, ivananna group inda remove maadona, ivan illaadre better ansta. #6049",Exclusion,Group,Medium,0.39
"ninna presentation super aaytu, chennag ide. #1d6c",Neutral,Group,Low,0
"review okay aaytu, tension beda. #0fe6",Neutral,Unknown,Low,0.06
"Ebu, elli hogidaroo ade tara madthiya, complete waste fellow anta feel agutte. #be0a",Harassment,Individual,High,0.7
"gang, ivnanna group nalli add madbeda, ivan illaadre better ansta. #c3c8",Exclusion,Group,Medium,0.25
"5 nimisha nalli join agthini, swalpa wait maadu. #7bd5",Neutral,Group,Low,0.03
"ninna presentation super aaytu, chennag ide. #8f9c",Neutral,Group,Low,0.02
"Mtbfsxq, nee complete waste fellow re. #9d1e",Insult,Individual,High,0.48
"naale 9 gante lab ge bartira, late agbeda. #b1f0",Neutral,Group,Low,0.05
"ninna presentation super aaytu, chennag ide. #0c33",Neutral,Unknown,Low,0
"Yyzijub, nee ivattu full lazy mode alli idiya dude. #3ea3",Insult,Individual,Low,0.2
"Snlaju, prati dina reason illade ping madbedi, idu stalking tara kanstide. #acc8",Cyberstalking,Individual,High,0.74
naale extra pen togond baa pls. #2f5e,Neutral,Unknown,Low,0.03
"network sakkath slow ide, once repeat maadu. #4dce",Neutral,Individual,Low,0
"Ihgrkzhex, nee useless tara behave madthiya machaa. #f9a8",Insult,Individual,Medium,0.43
"guys, plan ge ivananna invite madbeda besseru, ivan illaadre better ansta. #dae8",Exclusion,Group,Medium,0.3
"Loyxmws, mundina sari nodu yen agutte anta, swalpa limit nodu yaar. #d4bc",Threat,Individual,High,0.85
"Xyukglh, elli hogidaroo ade tara madthiya, yen use illa ninna jothe anta feel agutte. #fbec",Harassment,Individual,Medium,0.64
"Zcngiecfk, yake everywhere message madthiya, idu stalking tara kanstide. #b853",Cyberstalking,Individual,Medium,0.61
"Qckfymt, nee tumba disgusting behaviour re. #825a",Insult,Individual,High,0.42
"Aoiehl, nee reply nodoke tumba time togondiya yaar. #54f8",Insult,Individual,Low,0.33
attendance link haakbidu illi. #78ec,Neutral,Group,Low,0.03
"team, plan ge ivananna invite madbeda besseru, ivan illaadre better ansta. #4c02",Exclusion,Group,Low,0.39
"team, chat nalli ivnanna ide irboda anta ansta, ivan illaadre better ansta. #a2e6",Exclusion,Group,Low,0.18
naale 4gante canteen nalli meet aagona. #61e9,Neutral,Individual,Low,0.04
"class grp, ivananna group inda remove maadona, ivan illaadre better ansta. #5384",Exclusion,Group,Medium,0.24
"Kuqvbbae, sir ge complaint haakthini nodu, swalpa limit nodu yaar. #5f93",Threat,Individual,High,0.77
ninne function photos share maadu. #1c5e,Neutral,Unknown,Low,0
"Gdg, mundina sari nodu yen agutte anta, swalpa limit nodu yaar. #564a",Threat,Individual,High,0.86
pizza bekka biryani bekka decide maadi. #8178,Neutral,Individual,Low,0
"Hefeuw, elli hogidaroo ade tara madthiya, class nalli full time joker ne anta feel agutte. #fc60",Harassment,Individual,High,0.58
"guys, plan ge ivananna invite madbeda besseru, ivan illaadre better ansta. #da24",Exclusion,Group,Medium,0.24
"Bqfmtpzdyq, prati dina reason illade ping madbedi, idu stalking tara kanstide. #b272",Cyberstalking,Individual,Medium,0.47
ivattu class full bore aaytu. #483f,Neutral,Unknown,Low,0
"Ympgkoy, elli hogidaroo ade tara madthiya, tumba irritating agthiya re anta feel agutte. #a67f",Harassment,Individual,High,0.8
attendance link haakbidu illi. #8ab4,Neutral,Group,Low,0.03
"Wvvuf, prati dina reason illade ping madbedi, idu stalking tara kanstide. #83bb",Cyberstalking,Individual,Medium,0.86
"ninna presentation super aaytu, chennag ide. #c616",Neutral,Unknown,Low,0
weekend ge yava movie nodona. #048a,Neutral,Individual,Low,0
ivattu class full bore aaytu. #1a33,Neutral,Unknown,Low,0
"ninna presentation super aaytu, chennag ide. #6675",Neutral,Group,Low,0
"Kniasvcs, nanna status na yavaglu check madthiya, idu stalking tara kanstide. #52a4",Cyberstalking,Individual,Medium,0.49
"Pza, nee tumba irritating agthiya re re. #9656",Insult,Individual,Medium,0.31
naale 4gante canteen nalli meet aagona. #f998,Neutral,Group,Low,0.06
"ninna presentation super aaytu, chennag ide. #59cb",Neutral,Individual,Low,0
weekend ge yava movie nodona. #1aa4,Neutral,Unknown,Low,0.02
"Lhuguvsww, nee sakkat dumb idiya yaar machaa. #fff2",Insult,Individual,Medium,0.34
"Qvx, nee useless tara behave madthiya machaa. #5e11",Insult,Individual,Medium,0.26
exam tumba tough aaytu but somehow aaytu. #d5c3,Neutral,Group,Low,0
"Aen, nee tumba irritating agthiya re dude. #a3b3",Insult,Individual,Medium,0.43
"network sakkath slow ide, once repeat maadu. #1286",Neutral,Unknown,Low,0.01
"Lkwhpg, prati dina reason illade ping madbedi, idu stalking tara kanstide. #f099",Cyberstalking,Individual,Medium,0.56
"Cdusuleswm, nanna status na yavaglu check madthiya, idu stalking tara kanstide. #ecff",Cyberstalking,Individual,Medium,0.72
nee send madida reel super comedy aaytu. #58e2,Neutral,Individual,Low,0
ninne function photos share maadu. #d690,Neutral,Group,Low,0.01
"class grp, ivnanna group nalli add madbeda, ivan illaadre better ansta. #8fd9",Exclusion,Group,Medium,0.32
exam tumba tough aaytu but somehow aaytu. #210f,Neutral,Group,Low,0.05
fest practice ge yar yar barthidira. #fe5f,Neutral,Unknown,Low,0.01
yavdru ivattu notes idre send maadu pls. #cbf2,Neutral,Unknown,Low,0.07
ivattu class full bore aaytu. #4e13,Neutral,Unknown,Low,0.05
ninne function photos share maadu. #246b,Neutral,Individual,Low,0
"naale 9 gante lab ge bartira, late agbeda. #b6cf",Neutral,Individual,Low,0.02
"Gkskuvpar, elli hogidaroo ade tara madthiya, class nalli full time joker ne anta feel agutte. #d965",Harassment,Individual,Medium,0.71
"gang, plan ge ivananna invite madbeda besseru, ivan illaadre better ansta. #3cbf",Exclusion,Group,Low,0.25
attendance link haakbidu illi. #24b8,Neutral,Group,Low,0
"network sakkath slow ide, once repeat maadu. #1eec",Neutral,Unknown,Low,0
"Brz, elli hogidaroo ade tara madthiya, complete waste fellow anta feel agutte. #b96e",Harassment,Individual,High,0.7
"5 nimisha nalli join agthini, swalpa wait maadu. #0e23",Neutral,Group,Low,0
naale extra pen togond baa pls. #d7fd,Neutral,Unknown,Low,0
"gang, ivananna group inda remove maadona, ivan illaadre better ansta. #4b60",Exclusion,Group,Medium,0.3
project help madidakke thanks maga. #15e9,Neutral,Group,Low,0
"5 nimisha nalli join agthini, swalpa wait maadu. #fee8",Neutral,Group,Low,0.01
yaaru naalege PPT madthare helri. #0160,Neutral,Individual,Low,0
"Agiwze, elli hogidaroo ade tara madthiya, complete waste fellow anta feel agutte. #5b14",Harassment,Individual,Medium,0.45
naale 4gante canteen nalli meet aagona. #250f,Neutral,Group,Low,0.06
exam tumba tough aaytu but somehow aaytu. #f745,Neutral,Group,Low,0
"5 nimisha nalli join agthini, swalpa wait maadu. #8a70",Neutral,Individual,Low,0.03
"Fekt, elli hogidaroo ade tara madthiya, total loser tara idiya anta feel agutte. #c65b",Harassment,Individual,Medium,0.41
"review okay aaytu, tension beda. #bc80",Neutral,Individual,Low,0.01
"Qoqb, elli hogidaroo ade tara madthiya, tumba disgusting behaviour anta feel agutte. #3e3e",Harassment,Individual,Low,0.36
"Obpj, sir ge complaint haakthini nodu, swalpa limit nodu yaar. #af00",Threat,Individual,High,0.76
"naale 9 gante lab ge bartira, late agbeda. #4f61",Neutral,Individual,Low,0.02
naale 4gante canteen nalli meet aagona. #e09e,Neutral,Individual,Low,0.07
project help madidakke thanks maga. #6790,Neutral,Individual,Low,0
"Jqq, ella platform nalli follow madbeda please, idu stalking tara kanstide. #54ac",Cyberstalking,Individual,Medium,0.64
pizza bekka biryani bekka decide maadi. #dc57,Neutral,Individual,Low,0.01
"Itwfmnuvgf, nee total loser tara idiya machaa. #5993",Insult,Individual,High,0.28
pizza bekka biryani bekka decide maadi. #22de,Neutral,Unknown,Low,0
project help madidakke thanks maga. #7ea3,Neutral,Individual,Low,0.01
fest practice ge yar yar barthidira. #a637,Neutral,Unknown,Low,0
project help madidakke thanks maga. #c04a,Neutral,Individual,Low,0.01
"Isr, elli hogidaroo ade tara madthiya, useless tara behave madthiya anta feel agutte. #d9a2",Harassment,Individual,Medium,0.58
"Zclxj, sir ge complaint haakthini nodu, swalpa limit nodu yaar. #6353",Threat,Individual,Low,0.87
"Adysdqk, a tara photos haakbeda please, group nalli idu sari alla. #9fdd",Sexual Harassment,Individual,High,0.86
nee send madida reel super comedy aaytu. #c370,Neutral,Group,Low,0.06
"naale 9 gante lab ge bartira, late agbeda. #b5d3",Neutral,Unknown,Low,0
"ninna presentation super aaytu, chennag ide. #2b2e",Neutral,Individual,Low,0
nee send madida reel super comedy aaytu. #b1a1,Neutral,Unknown,Low,0
"Eynstttisw, elli hogidaroo ade tara madthiya, class nalli full time joker ne anta feel agutte. #aef7",Harassment,Individual,High,0.46
pizza bekka biryani bekka decide maadi. #c73b,Neutral,Individual,Low,0
"Akub, elli hogidaroo ade tara madthiya, complete waste fellow anta feel agutte. #bffa",Harassment,Individual,Medium,0.42
fest practice ge yar yar barthidira. #f275,Neutral,Individual,Low,0
"Rwnfoynhh, nee useless tara behave madthiya re. #4dbc",Insult,Individual,Medium,0.32
"guys, chat nalli ivnanna ide irboda anta ansta, ivan illaadre better ansta. #b202",Exclusion,Group,Medium,0.47
"happy birthday, tumba olle varsha agli. #d484",Neutral,Unknown,Low,0
"Lfoxtx, nee ivattu full lazy mode alli idiya yaar. #1282",Insult,Individual,Low,0.26
yavdru ivattu notes idre send maadu pls. #28f1,Neutral,Group,Low,0.06
"Uihy, elli hogidaroo ade tara madthiya, tumba irritating agthiya re anta feel agutte. #4743",Harassment,Individual,High,0.72
ivattu class full bore aaytu. #5a6b,Neutral,Individual,Low,0
"Mlwmrmyft, elli hogidaroo ade tara madthiya, useless tara behave madthiya anta feel agutte. #683c",Harassment,Individual,Low,0.6
"5 nimisha nalli join agthini, swalpa wait maadu. #11e1",Neutral,Unknown,Low,0
fest practice ge yar yar barthidira. #5909,Neutral,Group,Low,0
ivattu class full bore aaytu. #dfdb,Neutral,Group,Low,0.04
"Cqgztzq, nee class nalli full time joker ne machaa. #a12c",Insult,Individual,Medium,0.4
"review okay aaytu, tension beda. #a0eb",Neutral,Unknown,Low,0
yaaru naalege PPT madthare helri. #0a84,Neutral,Individual,Low,0
"Bmmjrtbarf, mundina sari nodu yen agutte anta, swalpa limit nodu yaar. #b900",Threat,Individual,High,0.75
fest practice ge yar yar barthidira. #849c,Neutral,Unknown,Low,0
"5 nimisha nalli join agthini, swalpa wait maadu. #643f",Neutral,Group,Low,0.05
"guys, plan ge ivananna invite madbeda besseru, ivan illaadre better ansta. #9b68",Exclusion,Group,Low,0.22
ivattu class full bore aaytu. #9504,Neutral,Unknown,Low,0
"team, plan ge ivananna invite madbeda besseru, ivan illaadre better ansta. #0616",Exclusion,Group,Medium,0.35
"class grp, chat nalli ivnanna ide irboda anta ansta, ivan illaadre better ansta. #1faa",Exclusion,Group,Low,0.24
"Bmezyed, nee yen use illa ninna jothe machaa. #675a",Insult,Individual,High,0.45
"Fdtak, ava body bagge a tara mata beda, group nalli idu sari alla. #5bb3",Sexual Harassment,Individual,Medium,0.93
yaaru naalege PPT madthare helri. #1590,Neutral,Individual,Low,0
"Cejkxlgdfw, sir ge complaint haakthini nodu, swalpa limit nodu yaar. #f97a",Threat,Individual,High,0.89
ivattu class full bore aaytu. #4f2c,Neutral,Individual,Low,0.04
weekend ge yava movie nodona. #268f,Neutral,Individual,Low,0
fest practice ge yar yar barthidira. #6b08,Neutral,Individual,Low,0
"5 nimisha nalli join agthini, swalpa wait maadu. #0516",Neutral,Group,Low,0
"5 nimisha nalli join agthini, swalpa wait maadu. #5695",Neutral,Individual,Low,0.01
project help madidakke thanks maga. #7efb,Neutral,Individual,Low,0
"Huqtfn, nee class nalli full time joker ne yaar. #ecb4",Insult,Individual,Medium,0.39
"Zfprpgaj, nee tumba disgusting behaviour dude. #4e03",Insult,Individual,High,0.46
"Kvgkxhpzz, nee full time late bartiya yaar. #1ca2",Insult,Individual,Low,0.15
"review okay aaytu, tension beda. #23d5",Neutral,Group,Low,0
"Estsimuzn, nee full time late bartiya machaa. #4c9b",Insult,Individual,Low,0.18
"Brtr, nee useless tara behave madthiya machaa. #9fea",Insult,Individual,Medium,0.39
"Fdwcrtnv, nee useless tara behave madthiya machaa. #8213",Insult,Individual,Medium,0.24
"Tyvtxos, nee reply nodoke tumba time togondiya machaa. #27cd",Insult,Individual,Low,0.32
"Uwslyqeq, nee complete waste fellow yaar. #db64",Insult,Individual,High,0.49
"5 nimisha nalli join agthini, swalpa wait maadu. #daa8",Neutral,Individual,Low,0
ivattu class full bore aaytu. #9793,Neutral,Individual,Low,0.06
"Uagqqk, nee full time late bartiya dude. #3a35",Insult,Individual,Low,0.23
"Iksa, elli hogidaroo ade tara madthiya, tumba irritating agthiya re anta feel agutte. #390c",Harassment,Individual,Medium,0.61
"Rnnsg, nodu careful iru, illa problem agutte, swalpa limit nodu yaar. #c5d4",Threat,Individual,High,0.91
"Yxo, nee useless tara behave madthiya yaar. #e094",Insult,Individual,Medium,0.37
"happy birthday, tumba olle varsha agli. #8337",Neutral,Unknown,Low,0
"review okay aaytu, tension beda. #5bd4",Neutral,Individual,Low,0.01
"Bjkb, nee reply nodoke tumba time togondiya re. #41ba",Insult,Individual,Low,0.24
"Gmymeocgwl, elli hogidaroo ade tara madthiya, class nalli full time joker ne anta feel agutte. #288e",Harassment,Individual,Medium,0.37
"ninna presentation super aaytu, chennag ide. #3735",Neutral,Group,Low,0
"Mmhspsfl, nee full time late bartiya machaa. #1268",Insult,Individual,Low,0.27
ivattu class full bore aaytu. #74b9,Neutral,Individual,Low,0
exam tumba tough aaytu but somehow aaytu. #57af,Neutral,Group,Low,0.04
project help madidakke thanks maga. #b8ac,Neutral,Group,Low,0.02
"Bldbgvr, nee yen use illa ninna jothe yaar. #93cf",Insult,Individual,High,0.48
"Eqdiuivio, nanna status na yavaglu check madthiya, idu stalking tara kanstide. #0605",Cyberstalking,Individual,Low,0.45
"Npm, nee sakkat dumb idiya yaar machaa. #d503",Insult,Individual,Medium,0.43
"Yikyldwhyk, nee ivattu full lazy mode alli idiya dude. #53e7",Insult,Individual,Low,0.28
attendance link haakbidu illi. #0bb1,Neutral,Individual,Low,0
"Rpouxl, nee useless tara behave madthiya re. #9dc3",Insult,Individual,Medium,0.42
project help madidakke thanks maga. #0bc1,Neutral,Unknown,Low,0.02
"Meliz, mundina sari nodu yen agutte anta, swalpa limit nodu yaar. #845d",Threat,Individual,High,1
naale 4gante canteen nalli meet aagona. #9936,Neutral,Individual,Low,0.06
"ninna presentation super aaytu, chennag ide. #aaf7",Neutral,Individual,Low,0
"Eyiro, nee class nalli full time joker ne yaar. #002b",Insult,Individual,Medium,0.26
ivattu assignment submit maadbeku maga. #0c66,Neutral,Group,Low,0
"Drtb, mundina sari nodu yen agutte anta, swalpa limit nodu yaar. #4847",Threat,Individual,High,0.93
yavdru ivattu notes idre send maadu pls. #b91a,Neutral,Individual,Low,0
"Znxecslgn, elli hogidaroo ade tara madthiya, total loser tara idiya anta feel agutte. #120f",Harassment,Individual,Low,0.45
"5 nimisha nalli join agthini, swalpa wait maadu. #4899",Neutral,Individual,Low,0
"Ffcdgrmsbx, nee ivattu full lazy mode alli idiya dude. #a62f",Insult,Individual,Low,0.3
"naale 9 gante lab ge bartira, late agbeda. #aab1",Neutral,Unknown,Low,0
naale 4gante canteen nalli meet aagona. #9fd5,Neutral,Individual,Low,0.06
ivattu assignment submit maadbeku maga. #9e9f,Neutral,Unknown,Low,0
"naale 9 gante lab ge bartira, late agbeda. #5399",Neutral,Individual,Low,0.02
"gang, plan ge ivananna invite madbeda besseru, ivan illaadre better ansta. #25dd",Exclusion,Group,Medium,0.22
naale extra pen togond baa pls. #1558,Neutral,Group,Low,0
"Iprnzqvne, prati dina reason illade ping madbedi, idu stalking tara kanstide. #a515",Cyberstalking,Individual,High,0.83
"Iaqxhovrcs, yake everywhere message madthiya, idu stalking tara kanstide. #9ae9",Cyberstalking,Individual,High,0.7
nee send madida reel super comedy aaytu. #becf,Neutral,Individual,Low,0.02
"5 nimisha nalli join agthini, swalpa wait maadu. #6b6d",Neutral,Individual,Low,0.05
"Infewafc, nee ivattu full lazy mode alli idiya re. #9ea5",Insult,Individual,Low,0.27
"Agygabaa, nee tumba irritating agthiya re dude. #0c29",Insult,Individual,Medium,0.4
"Aqq, elli hogidaroo ade tara madthiya, complete waste fellow anta feel agutte. #bd22",Harassment,Individual,High,0.6
naale 4gante canteen nalli meet aagona. #ddb9,Neutral,Unknown,Low,0
"ninna presentation super aaytu, chennag ide. #27dc",Neutral,Unknown,Low,0.06
"happy birthday, tumba olle varsha agli. #cc14",Neutral,Group,Low,0.04
weekend ge yava movie nodona. #3beb,Neutral,Unknown,Low,0
pizza bekka biryani bekka decide maadi. #0419,Neutral,Individual,Low,0.03
"review okay aaytu, tension beda. #4b6b",Neutral,Unknown,Low,0
ivattu assignment submit maadbeku maga. #0e1b,Neutral,Individual,Low,0
"Uhqot, elli hogidaroo ade tara madthiya, tumba irritating agthiya re anta feel agutte. #fb56",Harassment,Individual,Medium,0.39
"Piwk, nanna status na yavaglu check madthiya, idu stalking tara kanstide. #5be5",Cyberstalking,Individual,Medium,0.46
"Hloaa, elli hogidaroo ade tara madthiya, tumba irritating agthiya re anta feel agutte. #ade1",Harassment,Individual,Medium,0.73
"Drdvncuf, nee complete waste fellow machaa. #7ba9",Insult,Individual,High,0.36
yavdru ivattu notes idre send maadu pls. #b4c1,Neutral,Group,Low,0.03
naale 4gante canteen nalli meet aagona. #caf3,Neutral,Unknown,Low,0
"Auirw, elli hogidaroo ade tara madthiya, yen use illa ninna jothe anta feel agutte. #9e31",Harassment,Individual,High,0.58
"Jmxbjuf, elli hogidaroo ade tara madthiya, tumba disgusting behaviour anta feel agutte. #2c32",Harassment,Individual,Medium,0.5
"Dtc, yake everywhere message madthiya, idu stalking tara kanstide. #6478",Cyberstalking,Individual,High,0.66
"network sakkath slow ide, once repeat maadu. #ae1e",Neutral,Individual,Low,0.04
ivattu assignment submit maadbeku maga. #3603,Neutral,Unknown,Low,0
naale extra pen togond baa pls. #1a33,Neutral,Group,Low,0.01
"Cvfsbuglab, nee tumba disgusting behaviour dude. #7836",Insult,Individual,High,0.44
"Kizgjb, nee class nalli full time joker ne machaa. #42ad",Insult,Individual,Medium,0.23
"Itxylflis, nee yen use illa ninna jothe re. #2b06",Insult,Individual,High,0.25
"Dvwt, nee full time late bartiya dude. #41e4",Insult,Individual,Low,0.2
"Jhkvsz, nee useless tara behave madthiya machaa. #57a0",Insult,Individual,Medium,0.16
"Mmi, elli hogidaroo ade tara madthiya, useless tara behave madthiya anta feel agutte. #ba66",Harassment,Individual,Medium,0.47
"Jgvxiczx, nodu careful iru, illa problem agutte, swalpa limit nodu yaar. #e56c",Threat,Individual,High,0.75
yavdru ivattu notes idre send maadu pls. #1893,Neutral,Individual,Low,0
attendance link haakbidu illi. #adb3,Neutral,Group,Low,0.03
"Soyu, nodu careful iru, illa problem agutte, swalpa limit nodu yaar. #a1fc",Threat,Individual,Medium,0.91
"gang, plan ge ivananna invite madbeda besseru, ivan illaadre better ansta. #6ff6",Exclusion,Group,Medium,0.45
"Audcgokh, sir ge complaint haakthini nodu, swalpa limit nodu yaar. #4d89",Threat,Individual,High,0.99
"Qxapeyotyb, elli hogidaroo ade tara madthiya, useless tara behave madthiya anta feel agutte. #2396",Harassment,Individual,Low,0.67
"batch, chat nalli ivnanna ide irboda anta ansta, ivan illaadre better ansta. #5b96",Exclusion,Group,Low,0.17
yaaru naalege PPT madthare helri. #4479,Neutral,Group,Low,0
"Oqbafuiv, nee useless tara behave madthiya machaa. #f19d",Insult,Individual,Medium,0.36
ninne function photos share maadu. #8cbe,Neutral,Unknown,Low,0
"review okay aaytu, tension beda. #7005",Neutral,Group,Low,0
"Xdn, nee yen use illa ninna jothe machaa. #fb1a",Insult,Individual,High,0.47
project help madidakke thanks maga. #f363,Neutral,Unknown,Low,0
"Jrjqc, elli hogidaroo ade tara madthiya, sakkat dumb idiya yaar anta feel agutte. #13e3",Harassment,Individual,Low,0.5
pizza bekka biryani bekka decide maadi. #6bc4,Neutral,Individual,Low,0
attendance link haakbidu illi. #e7cf,Neutral,Unknown,Low,0.04
ivattu class full bore aaytu. #dd63,Neutral,Unknown,Low,0
"Phrkkxyd, nodu careful iru, illa problem agutte, swalpa limit nodu yaar. #7492",Threat,Individual,High,0.9
"class grp, plan ge ivananna invite madbeda besseru, ivan illaadre better ansta. #d2a2",Exclusion,Group,High,0.34
"happy birthday, tumba olle varsha agli. #25d7",Neutral,Unknown,Low,0.01
pizza bekka biryani bekka decide maadi. #ce04,Neutral,Individual,Low,0
yavdru ivattu notes idre send maadu pls. #07f9,Neutral,Individual,Low,0
attendance link haakbidu illi. #cc25,Neutral,Unknown,Low,0.01
"Sfkiy, next time barbeku anta helthini, swalpa limit nodu yaar. #b2b1",Threat,Individual,High,0.94
"Bonniea, nanna status na yavaglu check madthiya, idu stalking tara kanstide. #91fe",Cyberstalking,Individual,High,0.59
pizza bekka biryani bekka decide maadi. #70c1,Neutral,Unknown,Low,0.07
"happy birthday, tumba olle varsha agli. #77f4",Neutral,Individual,Low,0.04
project help madidakke thanks maga. #6d50,Neutral,Unknown,Low,0
yavdru ivattu notes idre send maadu pls. #f06c,Neutral,Unknown,Low,0
exam tumba tough aaytu but somehow aaytu. #ccca,Neutral,Individual,Low,0.01
"Oxgfb, sir ge complaint haakthini nodu, swalpa limit nodu yaar. #3692",Threat,Individual,High,1
yaaru naalege PPT madthare helri. #6c30,Neutral,Unknown,Low,0
"batch, ivananna group inda remove maadona, ivan illaadre better ansta. #6ef9",Exclusion,Group,Low,0.26
ivattu class full bore aaytu. #14f7,Neutral,Individual,Low,0.05
ivattu assignment submit maadbeku maga. #4c7b,Neutral,Individual,Low,0.03
"network sakkath slow ide, once repeat maadu. #95eb",Neutral,Individual,Low,0
"guys, ivananna group inda remove maadona, ivan illaadre better ansta. #a817",Exclusion,Group,Low,0.22
"Frcfsdmhlu, elli hogidaroo ade tara madthiya, tumba disgusting behaviour anta feel agutte. #e540",Harassment,Individual,Medium,0.52
ivattu class full bore aaytu. #ff61,Neutral,Group,Low,0.05
"Qrn, nee class nalli full time joker ne machaa. #a82e",Insult,Individual,Medium,0.26
"Fbr, elli hogidaroo ade tara madthiya, tumba irritating agthiya re anta feel agutte. #3805",Harassment,Individual,High,0.74
"Htbiirs, nee reply nodoke tumba time togondiya yaar. #effe",Insult,Individual,Low,0.36
naale 4gante canteen nalli meet aagona. #e579,Neutral,Group,Low,0
"class grp, ivnanna group nalli add madbeda, ivan illaadre better ansta. #4e03",Exclusion,Group,High,0.4
yaaru naalege PPT madthare helri. #261c,Neutral,Group,Low,0
"Zra, sir ge complaint haakthini nodu, swalpa limit nodu yaar. #b972",Threat,Individual,Medium,0.7
fest practice ge yar yar barthidira. #9a92,Neutral,Unknown,Low,0.05
"Mgcpojslif, nee yen use illa ninna jothe yaar. #2d7d",Insult,Individual,High,0.23
naale 4gante canteen nalli meet aagona. #f0ab,Neutral,Individual,Low,0.01
ninne function photos share maadu. #2d15,Neutral,Individual,Low,0
"guys, ivananna group inda remove maadona, ivan illaadre better ansta. #d2f0",Exclusion,Group,Low,0.16
"Ibgfw, nee tumba disgusting behaviour yaar. #7e5d",Insult,Individual,High,0.47
"Gxyedsu, nee total loser tara idiya yaar. #48cc",Insult,Individual,High,0.31
"Ueiotelwxi, nee full time late bartiya re. #f16e",Insult,Individual,Low,0.35
"Wrzdsfxa, nee ivattu full lazy mode alli idiya machaa. #9942",Insult,Individual,Low,0.35
"naale 9 gante lab ge bartira, late agbeda. #84b5",Neutral,Group,Low,0
"Nibqkuq, cheap comments madbeda ava bagge, group nalli idu sari alla. #8e10",Sexual Harassment,Individual,High,0.68
"Wzpemzfax, next time barbeku anta helthini, swalpa limit nodu yaar. #0b09",Threat,Individual,High,1
naale extra pen togond baa pls. #eeae,Neutral,Individual,Low,0
attendance link haakbidu illi. #4ac6,Neutral,Group,Low,0.01
"ninna presentation super aaytu, chennag ide. #f20d",Neutral,Group,Low,0
"Mfwobenma, nee full time late bartiya machaa. #991a",Insult,Individual,Low,0.07
"Ubawhtc, nanna status na yavaglu check madthiya, idu stalking tara kanstide. #7096",Cyberstalking,Individual,Medium,0.51
"happy birthday, tumba olle varsha agli. #9897",Neutral,Group,Low,0.03
"Opvbk, a type jokes swalpa stop maadu, group nalli idu sari alla. #1d69",Sexual Harassment,Individual,High,0.75
project help madidakke thanks maga. #b760,Neutral,Unknown,Low,0.01
"Ofginc, nee total loser tara idiya dude. #574f",Insult,Individual,High,0.22
"Zndauz, a tara photos haakbeda please, group nalli idu sari alla. #7153",Sexual Harassment,Individual,High,0.72
"Lijdxgofo, ella platform nalli follow madbeda please, idu stalking tara kanstide. #4ee8",Cyberstalking,Individual,Medium,0.83
attendance link haakbidu illi. #5d7d,Neutral,Individual,Low,0.02
"Pkkd, nee full time late bartiya dude. #d680",Insult,Individual,Low,0.18
"Wfbfjrh, mundina sari nodu yen agutte anta, swalpa limit nodu yaar. #b9e0",Threat,Individual,High,0.91
"Nykzgqms, elli hogidaroo ade tara madthiya, sakkat dumb idiya yaar anta feel agutte. #5e78",Harassment,Individual,Low,0.48
"5 nimisha nalli join agthini, swalpa wait maadu. #0ded",Neutral,Individual,Low,0.05
nee send madida reel super comedy aaytu. #2bf1,Neutral,Group,Low,0.01
"Mxih, nee full time late bartiya machaa. #ebd7",Insult,Individual,Low,0.31
"Ivnb, next time barbeku anta helthini, swalpa limit nodu yaar. #8819",Threat,Individual,Low,0.87
"Igobmxm, elli hogidaroo ade tara madthiya, yen use illa ninna jothe anta feel agutte. #427c",Harassment,Individual,Medium,0.55
"Oevmyhmrz, mundina sari nodu yen agutte anta, swalpa limit nodu yaar. #45af",Threat,Individual,High,0.83
"batch, ivnanna group nalli add madbeda, ivan illaadre better ansta. #5353",Exclusion,Group,Low,0.26
yavdru ivattu notes idre send maadu pls. #01b8,Neutral,Individual,Low,0
"Gampuo, elli hogidaroo ade tara madthiya, tumba disgusting behaviour anta feel agutte. #0014",Harassment,Individual,Medium,0.72
exam tumba tough aaytu but somehow aaytu. #07e1,Neutral,Individual,Low,0.05
"Kgqykvtzb, nee useless tara behave madthiya dude. #7659",Insult,Individual,Medium,0.29
"Maxkzukavu, nee reply nodoke tumba time togondiya machaa. #2215",Insult,Individual,Low,0.28
ivattu assignment submit maadbeku maga. #f176,Neutral,Group,Low,0
project help madidakke thanks maga. #e135,Neutral,Unknown,Low,0
"Pdren, nee useless tara behave madthiya machaa. #cd5f",Insult,Individual,Medium,0.31
ninne function photos share maadu. #1546,Neutral,Unknown,Low,0.02
attendance link haakbidu illi. #4462,Neutral,Group,Low,0
"Tfctkroga, elli hogidaroo ade tara madthiya, tumba irritating agthiya re anta feel agutte. #cba2",Harassment,Individual,High,0.55
"Vzhzbwe, yake everywhere message madthiya, idu stalking tara kanstide. #debf",Cyberstalking,Individual,Medium,0.68
ninne function photos share maadu. #14b2,Neutral,Unknown,Low,0.03
"Uqcka, a tara photos haakbeda please, group nalli idu sari alla. #0206",Sexual Harassment,Individual,High,0.86
ivattu assignment submit maadbeku maga. #cb59,Neutral,Unknown,Low,0
"Ofme, nee ivattu full lazy mode alli idiya re. #7d93",Insult,Individual,Low,0.31
"Yavaoeqq, nee useless tara behave madthiya machaa. #22b3",Insult,Individual,Medium,0.39
"Nsv, nee class nalli full time joker ne yaar. #6bc5",Insult,Individual,Medium,0.22
"Rbq, cheap comments madbeda ava bagge, group nalli idu sari alla. #7a2a",Sexual Harassment,Individual,Medium,0.73
"Gviiigkzt, nee tumba irritating agthiya re dude. #e4ae",Insult,Individual,Medium,0.35
yaaru naalege PPT madthare helri. #dcee,Neutral,Unknown,Low,0.02
"Holha, ava body bagge a tara mata beda, group nalli idu sari alla. #155c",Sexual Harassment,Individual,Medium,0.79
"Tmuyoa, nee useless tara behave madthiya re. #530c",Insult,Individual,Medium,0.4
"ninna presentation super aaytu, chennag ide. #0ca9",Neutral,Unknown,Low,0
"Hmw, nee useless tara behave madthiya machaa. #337e",Insult,Individual,Medium,0.28
yavdru ivattu notes idre send maadu pls. #b455,Neutral,Group,Low,0.04
yavdru ivattu notes idre send maadu pls. #213b,Neutral,Group,Low,0.01
project help madidakke thanks maga. #4d46,Neutral,Group,Low,0
weekend ge yava movie nodona. #272c,Neutral,Unknown,Low,0.07
"Otflynajdh, elli hogidaroo ade tara madthiya, tumba irritating agthiya re anta feel agutte. #ce00",Harassment,Individual,High,0.58
"ninna presentation super aaytu, chennag ide. #8c10",Neutral,Individual,Low,0.06
"Jbuvwom, yake everywhere message madthiya, idu stalking tara kanstide. #8998",Cyberstalking,Individual,Medium,0.48
"Jxs, ella platform nalli follow madbeda please, idu stalking tara kanstide. #3812",Cyberstalking,Individual,Medium,0.7
ninne function photos share maadu. #8de2,Neutral,Group,Low,0
nee send madida reel super comedy aaytu. #41ab,Neutral,Individual,Low,0.05
naale extra pen togond baa pls. #339c,Neutral,Individual,Low,0.01
"Cpv, nee complete waste fellow machaa. #fc0e",Insult,Individual,High,0.31
attendance link haakbidu illi. #8307,Neutral,Individual,Low,0
"Hcvgpvtk, elli hogidaroo ade tara madthiya, sakkat dumb idiya yaar anta feel agutte. #582a",Harassment,Individual,Medium,0.46
"review okay aaytu, tension beda. #e26a",Neutral,Unknown,Low,0
"5 nimisha nalli join agthini, swalpa wait maadu. #c5da",Neutral,Individual,Low,0
"network sakkath slow ide, once repeat maadu. #23d2",Neutral,Individual,Low,0.04
weekend ge yava movie nodona. #ceec,Neutral,Individual,Low,0.04
"Cpwhvfrs, elli hogidaroo ade tara madthiya, complete waste fellow anta feel agutte. #bd1f",Harassment,Individual,High,0.74
pizza bekka biryani bekka decide maadi. #a15f,Neutral,Unknown,Low,0
"Iiwztmvlht, elli hogidaroo ade tara madthiya, sakkat dumb idiya yaar anta feel agutte. #b608",Harassment,Individual,High,0.73
"Zawjkj, nee tumba disgusting behaviour yaar. #fe53",Insult,Individual,High,0.2
"Fczra, prati dina reason illade ping madbedi, idu stalking tara kanstide. #3832",Cyberstalking,Individual,High,0.64
ivattu assignment submit maadbeku maga. #580f,Neutral,Unknown,Low,0
project help madidakke thanks maga. #80ff,Neutral,Individual,Low,0
"Tojiaq, elli hogidaroo ade tara madthiya, yen use illa ninna jothe anta feel agutte. #731d",Harassment,Individual,Medium,0.51
attendance link haakbidu illi. #5876,Neutral,Individual,Low,0.03
exam tumba tough aaytu but somehow aaytu. #2d1a,Neutral,Unknown,Low,0
yaaru naalege PPT madthare helri. #1e2c,Neutral,Individual,Low,0
attendance link haakbidu illi. #0850,Neutral,Group,Low,0
"Ugcoy, elli hogidaroo ade tara madthiya, tumba disgusting behaviour anta feel agutte. #0220",Harassment,Individual,High,0.44
"Nzpzmne, elli hogidaroo ade tara madthiya, class nalli full time joker ne anta feel agutte. #4356",Harassment,Individual,High,0.66
"ninna presentation super aaytu, chennag ide. #5f31",Neutral,Unknown,Low,0.02
"Agmqmbkbmh, nee ivattu full lazy mode alli idiya yaar. #e9b9",Insult,Individual,Low,0.23
ivattu assignment submit maadbeku maga. #79b6,Neutral,Unknown,Low,0.03
"Fbzx, nee reply nodoke tumba time togondiya re. #2f1e",Insult,Individual,Low,0.36
"5 nimisha nalli join agthini, swalpa wait maadu. #37f9",Neutral,Unknown,Low,0
"Mbbtw, nee reply nodoke tumba time togondiya dude. #1319",Insult,Individual,Low,0.14
"Vkizius, ava body bagge a tara mata beda, group nalli idu sari alla. #8608",Sexual Harassment,Individual,High,1
fest practice ge yar yar barthidira. #3fa6,Neutral,Group,Low,0.01
"naale 9 gante lab ge bartira, late agbeda. #745a",Neutral,Group,Low,0
"Zndzne, nee ivattu full lazy mode alli idiya machaa. #555f",Insult,Individual,Low,0.3
"ninna presentation super aaytu, chennag ide. #1761",Neutral,Group,Low,0
"Coh, nee ivattu full lazy mode alli idiya yaar. #a805",Insult,Individual,Low,0.19
"Lef, nodu careful iru, illa problem agutte, swalpa limit nodu yaar. #0b87",Threat,Individual,Medium,0.67
weekend ge yava movie nodona. #8053,Neutral,Unknown,Low,0
"team, plan ge ivananna invite madbeda besseru, ivan illaadre better ansta. #694b",Exclusion,Group,High,0.43
"Rhgk, next time barbeku anta helthini, swalpa limit nodu yaar. #ec8e",Threat,Individual,High,0.78
exam tumba tough aaytu but somehow aaytu. #decb,Neutral,Individual,Low,0.04
"Tln, cheap comments madbeda ava bagge, group nalli idu sari alla. #7650",Sexual Harassment,Individual,High,0.63
naale 4gante canteen nalli meet aagona. #df59,Neutral,Group,Low,0.04
naale extra pen togond baa pls. #b7dd,Neutral,Group,Low,0
"Iwac, nee reply nodoke tumba time togondiya dude. #e71d",Insult,Individual,Low,0.15
ivattu assignment submit maadbeku maga. #0a29,Neutral,Unknown,Low,0.03
fest practice ge yar yar barthidira. #fee6,Neutral,Unknown,Low,0.05
project help madidakke thanks maga. #88ba,Neutral,Unknown,Low,0
"ninna presentation super aaytu, chennag ide. #0994",Neutral,Group,Low,0.02
"guys, ivananna group inda remove maadona, ivan illaadre better ansta. #53a4",Exclusion,Group,Medium,0.51
yavdru ivattu notes idre send maadu pls. #6814,Neutral,Unknown,Low,0
pizza bekka biryani bekka decide maadi. #a8ac,Neutral,Unknown,Low,0.03
ninne function photos share maadu. #a3f9,Neutral,Individual,Low,0
"Zinxcjsoi, next time barbeku anta helthini, swalpa limit nodu yaar. #f211",Threat,Individual,High,0.86
"Xsrwitzcit, nee yavattu serious agalla dude. #535a",Insult,Individual,Low,0.24
"Enynjg, sir ge complaint haakthini nodu, swalpa limit nodu yaar. #02f4",Threat,Individual,Low,0.71
"Wrswr, ella platform nalli follow madbeda please, idu stalking tara kanstide. #d01c",Cyberstalking,Individual,Medium,0.59
"Wcf, nee useless tara behave madthiya dude. #6357",Insult,Individual,Medium,0.24
ivattu class full bore aaytu. #e4d6,Neutral,Individual,Low,0
"Goqur, mundina sari nodu yen agutte anta, swalpa limit nodu yaar. #c535",Threat,Individual,High,0.93
"Mwc, nee tumba disgusting behaviour re. #869d",Insult,Individual,High,0.29
exam tumba tough aaytu but somehow aaytu. #a4b0,Neutral,Unknown,Low,0.03
"Toe, elli hogidaroo ade tara madthiya, useless tara behave madthiya anta feel agutte. #68aa",Harassment,Individual,Medium,0.71
"network sakkath slow ide, once repeat maadu. #77b6",Neutral,Group,Low,0.01
pizza bekka biryani bekka decide maadi. #57f8,Neutral,Individual,Low,0
"Bmq, prati dina reason illade ping madbedi, idu stalking tara kanstide. #0e22",Cyberstalking,Individual,Low,0.57
"Nmli, sir ge complaint haakthini nodu, swalpa limit nodu yaar. #d349",Threat,Individual,High,0.79
ivattu assignment submit maadbeku maga. #3343,Neutral,Individual,Low,0
"Aqyhkpbxc, sir ge complaint haakthini nodu, swalpa limit nodu yaar. #4a78",Threat,Individual,High,0.78
yavdru ivattu notes idre send maadu pls. #91d5,Neutral,Unknown,Low,0
"Xcgivsa, nee class nalli full time joker ne dude. #5702",Insult,Individual,Medium,0.16
"Eikeridglm, nee complete waste fellow machaa. #0be4",Insult,Individual,High,0.52
weekend ge yava movie nodona. #bc0e,Neutral,Group,Low,0.04
"Suyrbevn, nee tumba disgusting behaviour yaar. #77e1",Insult,Individual,High,0.4
fest practice ge yar yar barthidira. #3036,Neutral,Individual,Low,0.03
"happy birthday, tumba olle varsha agli. #5268",Neutral,Individual,Low,0
"Oltldvjcq, nee useless tara behave madthiya dude. #ef35",Insult,Individual,Medium,0.28
exam tumba tough aaytu but somehow aaytu. #0377,Neutral,Individual,Low,0.02
"Axulxrmwt, nee ivattu full lazy mode alli idiya machaa. #41ef",Insult,Individual,Low,0.28
"review okay aaytu, tension beda. #670a",Neutral,Individual,Low,0.02
"Orqe, nee class nalli full time joker ne machaa. #5041",Insult,Individual,Medium,0.35
"Neh, sir ge complaint haakthini nodu, swalpa limit nodu yaar. #eb86",Threat,Individual,High,0.91
yavdru ivattu notes idre send maadu pls. #23ed,Neutral,Individual,Low,0
"Zwruuob, elli hogidaroo ade tara madthiya, yen use illa ninna jothe anta feel agutte. #08d5",Harassment,Individual,High,0.79
"Pkkgsqcrr, nee useless tara behave madthiya yaar. #a7bb",Insult,Individual,Medium,0.18
ninne function photos share maadu. #aaae,Neutral,Unknown,Low,0
"review okay aaytu, tension beda. #cd58",Neutral,Group,Low,0
"Ukx, nee full time late bartiya yaar. #fd37",Insult,Individual,Low,0.4
ninne function photos share maadu. #d1b6,Neutral,Group,Low,0.02
"Ose, elli hogidaroo ade tara madthiya, tumba irritating agthiya re anta feel agutte. #6aca",Harassment,Individual,High,0.68
"Iwqvnv, nee ivattu full lazy mode alli idiya machaa. #08a8",Insult,Individual,Low,0.29
"class grp, plan ge ivananna invite madbeda besseru, ivan illaadre better ansta. #bda3",Exclusion,Group,Low,0.24
"Yfzv, nee yavattu serious agalla re. #bff6",Insult,Individual,Low,0.23
fest practice ge yar yar barthidira. #cb2a,Neutral,Unknown,Low,0.02
"Bjlqrgd, a tara photos haakbeda please, group nalli idu sari alla. #edaa",Sexual Harassment,Individual,Medium,0.67
project help madidakke thanks maga. #5f70,Neutral,Group,Low,0
"Xbsu, nee class nalli full time joker ne dude. #1fc2",Insult,Individual,Medium,0.26
"Zyuilnq, nee yen use illa ninna jothe machaa. #795f",Insult,Individual,High,0.27
"Ynxnja, nanna status na yavaglu check madthiya, idu stalking tara kanstide. #8969",Cyberstalking,Individual,Medium,0.58
"gang, ivananna group inda remove maadona, ivan illaadre better ansta. #b323",Exclusion,Group,Medium,0.35
"Wbesck, nee reply nodoke tumba time togondiya machaa. #97d3",Insult,Individual,Low,0.28
"Crluxirh, yake everywhere message madthiya, idu stalking tara kanstide. #d55f",Cyberstalking,Individual,Medium,0.5
"gang, plan ge ivananna invite madbeda besseru, ivan illaadre better ansta. #cbe3",Exclusion,Group,High,0.38
"Ncoa, nee total loser tara idiya machaa. #cb50",Insult,Individual,High,0.38
"class grp, chat nalli ivnanna ide irboda anta ansta, ivan illaadre better ansta. #9f40",Exclusion,Group,Low,0.34
"review okay aaytu, tension beda. #44b8",Neutral,Unknown,Low,0.05
"Gyazen, a type jokes swalpa stop maadu, group nalli idu sari alla. #2adf",Sexual Harassment,Individual,High,0.74
"Oodtxmnnn, elli hogidaroo ade tara madthiya, tumba irritating agthiya re anta feel agutte. #3749",Harassment,Individual,Low,0.5
"Eze, ella platform nalli follow madbeda please, idu stalking tara kanstide. #50ad",Cyberstalking,Individual,High,0.87
"Nrhnpltxad, nee sakkat dumb idiya yaar dude. #1edf",Insult,Individual,Medium,0.19
"5 nimisha nalli join agthini, swalpa wait maadu. #1f6e",Neutral,Group,Low,0
"Bdrmhpyem, ava body bagge a tara mata beda, group nalli idu sari alla. #b914",Sexual Harassment,Individual,High,0.78
"Syfufpvo, elli hogidaroo ade tara madthiya, useless tara behave madthiya anta feel agutte. #87d1",Harassment,Individual,High,0.78
attendance link haakbidu illi. #c76b,Neutral,Unknown,Low,0
"happy birthday, tumba olle varsha agli. #90d6",Neutral,Individual,Low,0
pizza bekka biryani bekka decide maadi. #afcf,Neutral,Individual,Low,0.03
"happy birthday, tumba olle varsha agli. #cbe8",Neutral,Group,Low,0.02
"naale 9 gante lab ge bartira, late agbeda. #a180",Neutral,Unknown,Low,0
"Kcci, nee class nalli full time joker ne re. #61c3",Insult,Individual,Medium,0.22
"Zrcrodbtvm, nee yavattu serious agalla machaa. #5892",Insult,Individual,Low,0.15
pizza bekka biryani bekka decide maadi. #6e44,Neutral,Group,Low,0.05
nee send madida reel super comedy aaytu. #3c14,Neutral,Group,Low,0
"Vke, a tara photos haakbeda please, group nalli idu sari alla. #3bd3",Sexual Harassment,Individual,High,0.88
"naale 9 gante lab ge bartira, late agbeda. #5cdf",Neutral,Group,Low,0
"happy birthday, tumba olle varsha agli. #e12f",Neutral,Unknown,Low,0
project help madidakke thanks maga. #c4a2,Neutral,Group,Low,0
"Lfqmd, nee reply nodoke tumba time togondiya re. #0740",Insult,Individual,Low,0.25
"Kegjfqm, elli hogidaroo ade tara madthiya, yen use illa ninna jothe anta feel agutte. #9853",Harassment,Individual,Medium,0.68
"network sakkath slow ide, once repeat maadu. #a996",Neutral,Group,Low,0
"Vsruulf, nee tumba irritating agthiya re dude. #6f3b",Insult,Individual,Medium,0.43
ivattu class full bore aaytu. #8718,Neutral,Group,Low,0.02
"Tnn, ella platform nalli follow madbeda please, idu stalking tara kanstide. #29e0",Cyberstalking,Individual,Medium,0.55
weekend ge yava movie nodona. #4fad,Neutral,Unknown,Low,0.03
project help madidakke thanks maga. #a557,Neutral,Unknown,Low,0
"Kpcf, elli hogidaroo ade tara madthiya, class nalli full time joker ne anta feel agutte. #0d9c",Harassment,Individual,Medium,0.71
"Nrkqxnh, elli hogidaroo ade tara madthiya, useless tara behave madthiya anta feel agutte. #b3a8",Harassment,Individual,Medium,0.43
"naale 9 gante lab ge bartira, late agbeda. #8c1e",Neutral,Group,Low,0
"Wocaha, a type jokes swalpa stop maadu, group nalli idu sari alla. #67dc",Sexual Harassment,Individual,High,0.79
naale extra pen togond baa pls. #9267,Neutral,Unknown,Low,0
attendance link haakbidu illi. #c3c1,Neutral,Group,Low,0.03
ninne function photos share maadu. #9196,Neutral,Individual,Low,0
"guys, ivananna group inda remove maadona, ivan illaadre better ansta. #e180",Exclusion,Group,Low,0.16
"Ctnovanvrh, nee useless tara behave madthiya re. #e19c",Insult,Individual,Medium,0.26
"Zysadmyw, nee yavattu serious agalla re. #1126",Insult,Individual,Low,0.36
"Iigpvn, elli hogidaroo ade tara madthiya, complete waste fellow anta feel agutte. #200a",Harassment,Individual,Low,0.58
"Cxbcnpt, nee full time late bartiya re. #3370",Insult,Individual,Low,0.12
"Suwsvvc, ella platform nalli follow madbeda please, idu stalking tara kanstide. #3a55",Cyberstalking,Individual,High,0.54
"Ndmrbxctt, nee tumba disgusting behaviour yaar. #3c97",Insult,Individual,High,0.45
weekend ge yava movie nodona. #4ffd,Neutral,Individual,Low,0.06
"ninna presentation super aaytu, chennag ide. #4729",Neutral,Group,Low,0
"Dgezwdsvja, elli hogidaroo ade tara madthiya, yen use illa ninna jothe anta feel agutte. #81cc",Harassment,Individual,Low,0.56
"Jcde, nee yavattu serious agalla dude. #2fac",Insult,Individual,Low,0.39
project help madidakke thanks maga. #c662,Neutral,Unknown,Low,0.01
"naale 9 gante lab ge bartira, late agbeda. #5d0c",Neutral,Unknown,Low,0.03
"Bcwhckg, prati dina reason illade ping madbedi, idu stalking tara kanstide. #5edc",Cyberstalking,Individual,Low,0.63
"Rilkfkfyu, nee sakkat dumb idiya yaar dude. #5cf4",Insult,Individual,Medium,0.34
nee send madida reel super comedy aaytu. #193c,Neutral,Group,Low,0
"5 nimisha nalli join agthini, swalpa wait maadu. #a8e9",Neutral,Group,Low,0.01
"team, chat nalli ivnanna ide irboda anta ansta, ivan illaadre better ansta. #ce8c",Exclusion,Group,High,0.32
yavdru ivattu notes idre send maadu pls. #6b37,Neutral,Individual,Low,0.01
exam tumba tough aaytu but somehow aaytu. #e073,Neutral,Individual,Low,0.08
"Aun, elli hogidaroo ade tara madthiya, sakkat dumb idiya yaar anta feel agutte. #616d",Harassment,Individual,Medium,0.65
"Reapn, nee complete waste fellow re. #082f",Insult,Individual,High,0.43
naale 4gante canteen nalli meet aagona. #59eb,Neutral,Group,Low,0.05
ivattu assignment submit maadbeku maga. #16a4,Neutral,Group,Low,0
weekend ge yava movie nodona. #6b70,Neutral,Individual,Low,0.03
"network sakkath slow ide, once repeat maadu. #ba3d",Neutral,Group,Low,0.02
ivattu assignment submit maadbeku maga. #fb88,Neutral,Group,Low,0.03
attendance link haakbidu illi. #7a1b,Neutral,Group,Low,0
"Rbfcu, nee class nalli full time joker ne re. #4a72",Insult,Individual,Medium,0.25
"naale 9 gante lab ge bartira, late agbeda. #5d85",Neutral,Individual,Low,0.01
"Xmtsak, mundina sari nodu yen agutte anta, swalpa limit nodu yaar. #b8e1",Threat,Individual,High,1
"Wyaryif, prati dina reason illade ping madbedi, idu stalking tara kanstide. #13e5",Cyberstalking,Individual,High,0.84
"Amcxbmkno, nee ivattu full lazy mode alli idiya re. #c020",Insult,Individual,Low,0.21
"Eonchnvr, elli hogidaroo ade tara madthiya, sakkat dumb idiya yaar anta feel agutte. #38b0",Harassment,Individual,Medium,0.69
exam tumba tough aaytu but somehow aaytu. #facc,Neutral,Group,Low,0
"happy birthday, tumba olle varsha agli. #508c",Neutral,Unknown,Low,0.06
naale 4gante canteen nalli meet aagona. #ae58,Neutral,Group,Low,0
yaaru naalege PPT madthare helri. #859f,Neutral,Group,Low,0
"Bhyghvetzk, nee reply nodoke tumba time togondiya machaa. #bc66",Insult,Individual,Low,0.13
"batch, chat nalli ivnanna ide irboda anta ansta, ivan illaadre better ansta. #869f",Exclusion,Group,High,0.36
fest practice ge yar yar barthidira. #6a61,Neutral,Individual,Low,0.05
"Dlvhs, next time barbeku anta helthini, swalpa limit nodu yaar. #8d5d",Threat,Individual,Low,0.63
"Elybgd, nee useless tara behave madthiya re. #ce89",Insult,Individual,Medium,0.43
"Feb, nee full time late bartiya dude. #d826",Insult,Individual,Low,0.35
ivattu assignment submit maadbeku maga. #6ef7,Neutral,Individual,Low,0
"Kmwwv, elli hogidaroo ade tara madthiya, useless tara behave madthiya anta feel agutte. #1d50",Harassment,Individual,High,0.58
"Stzehajzyl, nee reply nodoke tumba time togondiya re. #e592",Insult,Individual,Low,0.38
"5 nimisha nalli join agthini, swalpa wait maadu. #ca5e",Neutral,Individual,Low,0
"Vtwdcv, elli hogidaroo ade tara madthiya, tumba disgusting behaviour anta feel agutte. #f3f8",Harassment,Individual,Low,0.43
"Uynceazsfr, prati dina reason illade ping madbedi, idu stalking tara kanstide. #3f1c",Cyberstalking,Individual,High,0.64
"Eeh, nee class nalli full time joker ne yaar. #7243",Insult,Individual,Medium,0.18
weekend ge yava movie nodona. #fac7,Neutral,Individual,Low,0.03
pizza bekka biryani bekka decide maadi. #b67d,Neutral,Group,Low,0
"5 nimisha nalli join agthini, swalpa wait maadu. #07c1",Neutral,Group,Low,0
"Hwwcg, elli hogidaroo ade tara madthiya, tumba disgusting behaviour anta feel agutte. #4e44",Harassment,Individual,Medium,0.65
naale extra pen togond baa pls. #ba0b,Neutral,Individual,Low,0.02
"Gqebddyi, mundina sari nodu yen agutte anta, swalpa limit nodu yaar. #501f",Threat,Individual,High,0.8
pizza bekka biryani bekka decide maadi. #eddf,Neutral,Individual,Low,0
"Kymtpniqo, prati dina reason illade ping madbedi, idu stalking tara kanstide. #b4dd",Cyberstalking,Individual,High,0.73
ivattu assignment submit maadbeku maga. #a03d,Neutral,Group,Low,0
"Devbnyey, nee yen use illa ninna jothe dude. #0110",Insult,Individual,High,0.33
exam tumba tough aaytu but somehow aaytu. #a1c9,Neutral,Individual,Low,0.06
pizza bekka biryani bekka decide maadi. #3113,Neutral,Group,Low,0
"Wuboagh, elli hogidaroo ade tara madthiya, complete waste fellow anta feel agutte. #c3d3",Harassment,Individual,Medium,0.7
"review okay aaytu, tension beda. #5138",Neutral,Unknown,Low,0.04
"Yxoamgnuh, elli hogidaroo ade tara madthiya, tumba disgusting behaviour anta feel agutte. #9e33",Harassment,Individual,Medium,0.63
exam tumba tough aaytu but somehow aaytu. #67fb,Neutral,Individual,Low,0
nee send madida reel super comedy aaytu. #3616,Neutral,Individual,Low,0
"class grp, plan ge ivananna invite madbeda besseru, ivan illaadre better ansta. #312c",Exclusion,Group,Medium,0.38
"gang, plan ge ivananna invite madbeda besseru, ivan illaadre better ansta. #2cae",Exclusion,Group,High,0.41
"Uac, elli hogidaroo ade tara madthiya, complete waste fellow anta feel agutte. #06ad",Harassment,Individual,Low,0.51
exam tumba tough aaytu but somehow aaytu. #a4b8,Neutral,Unknown,Low,0.01
project help madidakke thanks maga. #d354,Neutral,Group,Low,0
yavdru ivattu notes idre send maadu pls. #4cdc,Neutral,Unknown,Low,0
"Jodporibc, nee ivattu full lazy mode alli idiya yaar. #826f",Insult,Individual,Low,0.25
"Pwdncd, elli hogidaroo ade tara madthiya, tumba disgusting behaviour anta feel agutte. #4bd2",Harassment,Individual,High,0.58
pizza bekka biryani bekka decide maadi. #b22d,Neutral,Unknown,Low,0.06
"Pbxk, elli hogidaroo ade tara madthiya, class nalli full time joker ne anta feel agutte. #7045",Harassment,Individual,Medium,0.6
naale extra pen togond baa pls. #8605,Neutral,Group,Low,0
"5 nimisha nalli join agthini, swalpa wait maadu. #4d39",Neutral,Unknown,Low,0.07
ivattu assignment submit maadbeku maga. #4d46,Neutral,Individual,Low,0
"Pymns, elli hogidaroo ade tara madthiya, total loser tara idiya anta feel agutte. #5125",Harassment,Individual,Medium,0.43
"network sakkath slow ide, once repeat maadu. #76c0",Neutral,Individual,Low,0
"Rsp, prati dina reason illade ping madbedi, idu stalking tara kanstide. #7c73",Cyberstalking,Individual,Low,0.64
"Zppoxyddyq, elli hogidaroo ade tara madthiya, total loser tara idiya anta feel agutte. #aab3",Harassment,Individual,Medium,0.71
naale 4gante canteen nalli meet aagona. #db18,Neutral,Unknown,Low,0.03
"Vblxvp, a tara photos haakbeda please, group nalli idu sari alla. #89ad",Sexual Harassment,Individual,Medium,0.66
"Vssu, elli hogidaroo ade tara madthiya, tumba disgusting behaviour anta feel agutte. #b955",Harassment,Individual,High,0.76
"happy birthday, tumba olle varsha agli. #e6b9",Neutral,Individual,Low,0
"5 nimisha nalli join agthini, swalpa wait maadu. #8711",Neutral,Unknown,Low,0
ivattu assignment submit maadbeku maga. #ab27,Neutral,Group,Low,0
weekend ge yava movie nodona. #dd9e,Neutral,Individual,Low,0.02
"Naaqb, elli hogidaroo ade tara madthiya, total loser tara idiya anta feel agutte. #f83a",Harassment,Individual,Low,0.34
"Torghkjq, nee class nalli full time joker ne re. #e533",Insult,Individual,Medium,0.36
"batch, ivananna group inda remove maadona, ivan illaadre better ansta. #ca03",Exclusion,Group,Medium,0.24
naale extra pen togond baa pls. #0156,Neutral,Group,Low,0
naale extra pen togond baa pls. #5106,Neutral,Group,Low,0.06
"Kcs, nee yavattu serious agalla yaar. #cc84",Insult,Individual,Low,0.29
"happy birthday, tumba olle varsha agli. #e866",Neutral,Group,Low,0.03
"gang, ivnanna group nalli add madbeda, ivan illaadre better ansta. #a7c0",Exclusion,Group,High,0.53
"Xazj, nee useless tara behave madthiya yaar. #9e26",Insult,Individual,Medium,0.22
exam tumba tough aaytu but somehow aaytu. #e542,Neutral,Unknown,Low,0.02
"ninna presentation super aaytu, chennag ide. #0eff",Neutral,Individual,Low,0
"Yowiyoa, yake everywhere message madthiya, idu stalking tara kanstide. #7f05",Cyberstalking,Individual,High,0.66
"Vyxhat, nanna status na yavaglu check madthiya, idu stalking tara kanstide. #7000",Cyberstalking,Individual,High,0.58
"Xjev, nee useless tara behave madthiya dude. #1872",Insult,Individual,Medium,0.22
"network sakkath slow ide, once repeat maadu. #1cd9",Neutral,Group,Low,0.01
"Vqrzg, nee ivattu full lazy mode alli idiya dude. #b0f1",Insult,Individual,Low,0.24
"Yzufomfsf, nee yen use illa ninna jothe re. #3832",Insult,Individual,High,0.38
ninne function photos share maadu. #1bc8,Neutral,Individual,Low,0.01
"class grp, ivnanna group nalli add madbeda, ivan illaadre better ansta. #193c",Exclusion,Group,High,0.34
ivattu assignment submit maadbeku maga. #4439,Neutral,Group,Low,0
"review okay aaytu, tension beda. #d0cc",Neutral,Individual,Low,0
"Mlzcrroc, nee yen use illa ninna jothe yaar. #d8d8",Insult,Individual,High,0.29
exam tumba tough aaytu but somehow aaytu. #a48e,Neutral,Unknown,Low,0.03
"Luobuhuaye, elli hogidaroo ade tara madthiya, useless tara behave madthiya anta feel agutte. #2149",Harassment,Individual,Low,0.68
ivattu class full bore aaytu. #9128,Neutral,Group,Low,0.03
ivattu assignment submit maadbeku maga. #a495,Neutral,Group,Low,0
exam tumba tough aaytu but somehow aaytu. #55aa,Neutral,Unknown,Low,0
"Awzkpzw, mundina sari nodu yen agutte anta, swalpa limit nodu yaar. #9b25",Threat,Individual,High,0.83
attendance link haakbidu illi. #b081,Neutral,Group,Low,0.02
"gang, ivananna group inda remove maadona, ivan illaadre better ansta. #5d53",Exclusion,Group,Low,0.22
"Urnufnpg, elli hogidaroo ade tara madthiya, complete waste fellow anta feel agutte. #2533",Harassment,Individual,Medium,0.7
"Plqpaqtjhf, nee reply nodoke tumba time togondiya dude. #f0f7",Insult,Individual,Low,0.12
"Twkrblayx, nee sakkat dumb idiya yaar machaa. #8140",Insult,Individual,Medium,0.26
yaaru naalege PPT madthare helri. #5351,Neutral,Unknown,Low,0.03
"Eskiuzlvuv, elli hogidaroo ade tara madthiya, sakkat dumb idiya yaar anta feel agutte. #e649",Harassment,Individual,Medium,0.63
weekend ge yava movie nodona. #25a4,Neutral,Individual,Low,0
"Ceotiy, nee yen use illa ninna jothe re. #8cc9",Insult,Individual,High,0.22
"Dehv, nee complete waste fellow machaa. #6155",Insult,Individual,High,0.28
pizza bekka biryani bekka decide maadi. #764d,Neutral,Individual,Low,0.03
"Ljkciuyn, nee sakkat dumb idiya yaar yaar. #ce8f",Insult,Individual,Medium,0.3
"Llkyvhw, nee ivattu full lazy mode alli idiya dude. #0036",Insult,Individual,Low,0.13
pizza bekka biryani bekka decide maadi. #a9c1,Neutral,Group,Low,0
"Dfynaqi, elli hogidaroo ade tara madthiya, yen use illa ninna jothe anta feel agutte. #cd22",Harassment,Individual,High,0.73
"network sakkath slow ide, once repeat maadu. #6a0f",Neutral,Individual,Low,0
"review okay aaytu, tension beda. #9c2c",Neutral,Unknown,Low,0.06
naale extra pen togond baa pls. #f9a7,Neutral,Unknown,Low,0.06
"Uebelth, ella platform nalli follow madbeda please, idu stalking tara kanstide. #a382",Cyberstalking,Individual,Medium,0.61
ninne function photos share maadu. #83c3,Neutral,Group,Low,0.02
project help madidakke thanks maga. #3544,Neutral,Unknown,Low,0
"naale 9 gante lab ge bartira, late agbeda. #faec",Neutral,Unknown,Low,0
"Vote, nee full time late bartiya dude. #53af",Insult,Individual,Low,0.23
"gang, ivananna group inda remove maadona, ivan illaadre better ansta. #ffc8",Exclusion,Group,Low,0.18
ivattu class full bore aaytu. #dd09,Neutral,Individual,Low,0
"Aoujltxtxc, elli hogidaroo ade tara madthiya, sakkat dumb idiya yaar anta feel agutte. #5bef",Harassment,Individual,Medium,0.58
ivattu class full bore aaytu. #9596,Neutral,Unknown,Low,0
"Bftkqmoy, nee total loser tara idiya dude. #b7fc",Insult,Individual,High,0.43
"Invwov, nee full time late bartiya machaa. #f918",Insult,Individual,Low,0.12
"Bchr, nee useless tara behave madthiya re. #ba2f",Insult,Individual,Medium,0.22
naale 4gante canteen nalli meet aagona. #4172,Neutral,Individual,Low,0.03
nee send madida reel super comedy aaytu. #7dfb,Neutral,Individual,Low,0.01
"Rsvvvc, elli hogidaroo ade tara madthiya, tumba disgusting behaviour anta feel agutte. #a754",Harassment,Individual,High,0.53
"Npfbbaleci, nee class nalli full time joker ne yaar. #f214",Insult,Individual,Medium,0.31
"batch, ivananna group inda remove maadona, ivan illaadre better ansta. #0f0f",Exclusion,Group,Medium,0.32
pizza bekka biryani bekka decide maadi. #2f56,Neutral,Group,Low,0
"batch, chat nalli ivnanna ide irboda anta ansta, ivan illaadre better ansta. #b86b",Exclusion,Group,Medium,0.35
"5 nimisha nalli join agthini, swalpa wait maadu. #b097",Neutral,Unknown,Low,0
yaaru naalege PPT madthare helri. #fbc7,Neutral,Unknown,Low,0
ivattu class full bore aaytu. #589c,Neutral,Group,Low,0.04
yaaru naalege PPT madthare helri. #8b7f,Neutral,Unknown,Low,0
"Rxngnipai, nee ivattu full lazy mode alli idiya dude. #8062",Insult,Individual,Low,0.17
"Gmr, nee sakkat dumb idiya yaar re. #272d",Insult,Individual,Medium,0.34
yaaru naalege PPT madthare helri. #5833,Neutral,Unknown,Low,0
"Vufp, ella platform nalli follow madbeda please, idu stalking tara kanstide. #bcc5",Cyberstalking,Individual,High,0.83
"Xvesdcrof, nee reply nodoke tumba time togondiya re. #4f46",Insult,Individual,Low,0.1
ivattu class full bore aaytu. #ec03,Neutral,Group,Low,0
"Spjstot, nee useless tara behave madthiya yaar. #8e6b",Insult,Individual,Medium,0.38
"guys, chat nalli ivnanna ide irboda anta ansta, ivan illaadre better ansta. #c433",Exclusion,Group,Low,0.27
pizza bekka biryani bekka decide maadi. #014a,Neutral,Group,Low,0
"Tngprqc, sir ge complaint haakthini nodu, swalpa limit nodu yaar. #78c2",Threat,Individual,High,0.95
"Mqf, nee useless tara behave madthiya yaar. #d416",Insult,Individual,Medium,0.33
"Gzvwfdmh, nee full time late bartiya re. #e4bd",Insult,Individual,Low,0.15
"Isbybjwt, next time barbeku anta helthini, swalpa limit nodu yaar. #9a2b",Threat,Individual,Medium,0.83
"Qhkwnhvt, nee class nalli full time joker ne yaar. #f580",Insult,Individual,Medium,0.37
"Kykdo, cheap comments madbeda ava bagge, group nalli idu sari alla. #bf95",Sexual Harassment,Individual,High,0.71
yavdru ivattu notes idre send maadu pls. #65cf,Neutral,Individual,Low,0.01
"Dgxyrik, nee yavattu serious agalla re. #1804",Insult,Individual,Low,0.26
weekend ge yava movie nodona. #f781,Neutral,Unknown,Low,0.03
naale extra pen togond baa pls. #e21c,Neutral,Unknown,Low,0.02
"Kuycnm, nee total loser tara idiya yaar. #845b",Insult,Individual,High,0.42
yaaru naalege PPT madthare helri. #603c,Neutral,Group,Low,0
"happy birthday, tumba olle varsha agli. #3751",Neutral,Individual,Low,0
"Uzjj, elli hogidaroo ade tara madthiya, complete waste fellow anta feel agutte. #b48f",Harassment,Individual,Medium,0.45
"Fwi, elli hogidaroo ade tara madthiya, sakkat dumb idiya yaar anta feel agutte. #3677",Harassment,Individual,Medium,0.68
"Dvxq, nee yavattu serious agalla dude. #a8ab",Insult,Individual,Low,0.24
"5 nimisha nalli join agthini, swalpa wait maadu. #c1d2",Neutral,Individual,Low,0
ivattu assignment submit maadbeku maga. #ba6b,Neutral,Unknown,Low,0.01
ivattu class full bore aaytu. #d18e,Neutral,Group,Low,0
"Yfslh, elli hogidaroo ade tara madthiya, tumba disgusting behaviour anta feel agutte. #866f",Harassment,Individual,Medium,0.64
exam tumba tough aaytu but somehow aaytu. #bcbb,Neutral,Unknown,Low,0
"Qxgin, nee yavattu serious agalla re. #fbac",Insult,Individual,Low,0.1
"Pldxqm, nee tumba irritating agthiya re dude. #5be7",Insult,Individual,Medium,0.21
"Fjhxrfm, elli hogidaroo ade tara madthiya, total loser tara idiya anta feel agutte. #c3a1",Harassment,Individual,Medium,0.65
exam tumba tough aaytu but somehow aaytu. #22d1,Neutral,Group,Low,0
"Jkgktdpmk, next time barbeku anta helthini, swalpa limit nodu yaar. #6077",Threat,Individual,High,0.8
naale 4gante canteen nalli meet aagona. #b49f,Neutral,Unknown,Low,0
"Vmqnnosrt, nee sakkat dumb idiya yaar machaa. #3b7c",Insult,Individual,Medium,0.45
fest practice ge yar yar barthidira. #2539,Neutral,Group,Low,0
"team, chat nalli ivnanna ide irboda anta ansta, ivan illaadre better ansta. #ec2c",Exclusion,Group,Low,0.42
"Avdmpvjis, elli hogidaroo ade tara madthiya, complete waste fellow anta feel agutte. #a532",Harassment,Individual,Low,0.44
"Sqkaikyau, nee yen use illa ninna jothe machaa. #8ef8",Insult,Individual,High,0.35
"Bewxifz, a type jokes swalpa stop maadu, group nalli idu sari alla. #1682",Sexual Harassment,Individual,High,0.99
"Djbekbvhrk, sir ge complaint haakthini nodu, swalpa limit nodu yaar. #d853",Threat,Individual,High,0.76
"Unyy, elli hogidaroo ade tara madthiya, complete waste fellow anta feel agutte. #8ac6",Harassment,Individual,High,0.57
"Vmg, nee tumba irritating agthiya re machaa. #b7a3",Insult,Individual,Medium,0.27
weekend ge yava movie nodona. #cc01,Neutral,Individual,Low,0
"Ewpolqmy, nanna status na yavaglu check madthiya, idu stalking tara kanstide. #cbb5",Cyberstalking,Individual,High,0.62
fest practice ge yar yar barthidira. #5c80,Neutral,Group,Low,0
pizza bekka biryani bekka decide maadi. #dc28,Neutral,Group,Low,0.02
"Ohd, nee yavattu serious agalla dude. #0803",Insult,Individual,Low,0.33
"Emhmorkwb, ava body bagge a tara mata beda, group nalli idu sari alla. #7b26",Sexual Harassment,Individual,High,0.95
"Uhjqwke, elli hogidaroo ade tara madthiya, yen use illa ninna jothe anta feel agutte. #0b99",Harassment,Individual,High,0.77
"Pmonrp, elli hogidaroo ade tara madthiya, complete waste fellow anta feel agutte. #7aff",Harassment,Individual,High,0.79
"Cjtolgjc, a type jokes swalpa stop maadu, group nalli idu sari alla. #3a75",Sexual Harassment,Individual,Low,0.84
"Zbu, elli hogidaroo ade tara madthiya, complete waste fellow anta feel agutte. #c144",Harassment,Individual,High,0.51
"Hxjxi, elli hogidaroo ade tara madthiya, total loser tara idiya anta feel agutte. #8123",Harassment,Individual,High,0.55
"Vennbu, nee tumba irritating agthiya re yaar. #ecf7",Insult,Individual,Medium,0.24
pizza bekka biryani bekka decide maadi. #4993,Neutral,Group,Low,0.04
ninne function photos share maadu. #317d,Neutral,Group,Low,0.03
"5 nimisha nalli join agthini, swalpa wait maadu. #9e0f",Neutral,Unknown,Low,0.02
"Rewtaxlwe, nee yavattu serious agalla machaa. #96c4",Insult,Individual,Low,0.31
"Iwfw, yake everywhere message madthiya, idu stalking tara kanstide. #0dbf",Cyberstalking,Individual,Medium,0.46
"Akipvht, elli hogidaroo ade tara madthiya, tumba irritating agthiya re anta feel agutte. #6e83",Harassment,Individual,Medium,0.42
attendance link haakbidu illi. #a758,Neutral,Group,Low,0
"Xxqkfiojje, ava body bagge a tara mata beda, group nalli idu sari alla. #b261",Sexual Harassment,Individual,Medium,0.77
"Xhzqp, nee full time late bartiya re. #ec85",Insult,Individual,Low,0.13
"Jppjdgcgl, nee useless tara behave madthiya yaar. #03cb",Insult,Individual,Medium,0.37
"naale 9 gante lab ge bartira, late agbeda. #1836",Neutral,Group,Low,0
"Zsq, nee reply nodoke tumba time togondiya machaa. #8f5e",Insult,Individual,Low,0.38
"Moly, nanna status na yavaglu check madthiya, idu stalking tara kanstide. #9b82",Cyberstalking,Individual,Medium,0.59
"batch, ivnanna group nalli add madbeda, ivan illaadre better ansta. #d644",Exclusion,Group,Low,0.22
"Jfdwt, next time barbeku anta helthini, swalpa limit nodu yaar. #f166",Threat,Individual,High,0.76
"Fcqk, elli hogidaroo ade tara madthiya, class nalli full time joker ne anta feel agutte. #5451",Harassment,Individual,Medium,0.64
weekend ge yava movie nodona. #78d6,Neutral,Individual,Low,0.04
yavdru ivattu notes idre send maadu pls. #7e71,Neutral,Unknown,Low,0
"Konxwnhx, ella platform nalli follow madbeda please, idu stalking tara kanstide. #66fa",Cyberstalking,Individual,High,0.66
naale 4gante canteen nalli meet aagona. #e537,Neutral,Individual,Low,0.03
fest practice ge yar yar barthidira. #8f7b,Neutral,Individual,Low,0.04
naale extra pen togond baa pls. #8824,Neutral,Individual,Low,0.06
ninne function photos share maadu. #ae32,Neutral,Unknown,Low,0
"Pszwcxa, nee reply nodoke tumba time togondiya yaar. #c3bc",Insult,Individual,Low,0.15
naale 4gante canteen nalli meet aagona. #5712,Neutral,Individual,Low,0.04
"5 nimisha nalli join agthini, swalpa wait maadu. #4bad",Neutral,Individual,Low,0.01
nee send madida reel super comedy aaytu. #2090,Neutral,Group,Low,0
"network sakkath slow ide, once repeat maadu. #8587",Neutral,Group,Low,0
"Wtkbwsaic, next time barbeku anta helthini, swalpa limit nodu yaar. #ea58",Threat,Individual,High,0.84
"Ulnzehqr, prati dina reason illade ping madbedi, idu stalking tara kanstide. #1752",Cyberstalking,Individual,Medium,0.48
"Cgmvbn, elli hogidaroo ade tara madthiya, sakkat dumb idiya yaar anta feel agutte. #a170",Harassment,Individual,Medium,0.54
"batch, ivnanna group nalli add madbeda, ivan illaadre better ansta. #7783",Exclusion,Group,High,0.53
attendance link haakbidu illi. #1a34,Neutral,Group,Low,0
pizza bekka biryani bekka decide maadi. #6315,Neutral,Individual,Low,0
"Xhevxmpa, prati dina reason illade ping madbedi, idu stalking tara kanstide. #b67f",Cyberstalking,Individual,Medium,0.52
"Mwvesfly, sir ge complaint haakthini nodu, swalpa limit nodu yaar. #1af7",Threat,Individual,High,1
"Ehlgbn, elli hogidaroo ade tara madthiya, complete waste fellow anta feel agutte. #d76e",Harassment,Individual,High,0.69
"Qatmikzrhp, nee tumba disgusting behaviour machaa. #baa2",Insult,Individual,High,0.35
"Cpklvz, sir ge complaint haakthini nodu, swalpa limit nodu yaar. #9b56",Threat,Individual,High,0.75
"team, chat nalli ivnanna ide irboda anta ansta, ivan illaadre better ansta. #22d1",Exclusion,Group,Medium,0.35
weekend ge yava movie nodona. #3c80,Neutral,Individual,Low,0
"naale 9 gante lab ge bartira, late agbeda. #5595",Neutral,Unknown,Low,0.01
nee send madida reel super comedy aaytu. #0362,Neutral,Individual,Low,0
ivattu class full bore aaytu. #9be1,Neutral,Unknown,Low,0
"Yrzxgjy, nee ivattu full lazy mode alli idiya re. #cfaa",Insult,Individual,Low,0.16
ivattu assignment submit maadbeku maga. #d0af,Neutral,Individual,Low,0
"naale 9 gante lab ge bartira, late agbeda. #37c7",Neutral,Group,Low,0
naale 4gante canteen nalli meet aagona. #b43d,Neutral,Group,Low,0
pizza bekka biryani bekka decide maadi. #ea72,Neutral,Group,Low,0.03
"happy birthday, tumba olle varsha agli. #f60a",Neutral,Individual,Low,0.02
"Fmfn, nee tumba irritating agthiya re machaa. #606e",Insult,Individual,Medium,0.41
nee send madida reel super comedy aaytu. #fb05,Neutral,Individual,Low,0
"naale 9 gante lab ge bartira, late agbeda. #311c",Neutral,Group,Low,0
"class grp, chat nalli ivnanna ide irboda anta ansta, ivan illaadre better ansta. #d485",Exclusion,Group,Medium,0.26
fest practice ge yar yar barthidira. #ba4c,Neutral,Group,Low,0
"Rpvpdknzs, nee sakkat dumb idiya yaar re. #07ed",Insult,Individual,Medium,0.33
"Mwhjdlglso, nodu careful iru, illa problem agutte, swalpa limit nodu yaar. #5e46",Threat,Individual,Medium,0.88
"Ohyjtihvcv, nee ivattu full lazy mode alli idiya machaa. #87a6",Insult,Individual,Low,0.39
"naale 9 gante lab ge bartira, late agbeda. #c1ab",Neutral,Group,Low,0
"Eherlllr, nee tumba disgusting behaviour yaar. #21f7",Insult,Individual,High,0.31
project help madidakke thanks maga. #df18,Neutral,Group,Low,0.03
"5 nimisha nalli join agthini, swalpa wait maadu. #ff7a",Neutral,Unknown,Low,0
"Xzzwhjdrlw, elli hogidaroo ade tara madthiya, total loser tara idiya anta feel agutte. #f77a",Harassment,Individual,Medium,0.75
"Wymbdoag, yake everywhere message madthiya, idu stalking tara kanstide. #1bbf",Cyberstalking,Individual,Medium,0.55
"5 nimisha nalli join agthini, swalpa wait maadu. #b873",Neutral,Unknown,Low,0
"Qkkvd, elli hogidaroo ade tara madthiya, useless tara behave madthiya anta feel agutte. #3845",Harassment,Individual,Medium,0.37
"Omvhlgznp, elli hogidaroo ade tara madthiya, total loser tara idiya anta feel agutte. #05dd",Harassment,Individual,Medium,0.66
"Errgi, elli hogidaroo ade tara madthiya, class nalli full time joker ne anta feel agutte. #ef88",Harassment,Individual,Medium,0.35
"Igbt, sir ge complaint haakthini nodu, swalpa limit nodu yaar. #bc32",Threat,Individual,High,0.99
"ninna presentation super aaytu, chennag ide. #993a",Neutral,Unknown,Low,0
"network sakkath slow ide, once repeat maadu. #ad67",Neutral,Group,Low,0.03
"Fvnhxpzs, nee reply nodoke tumba time togondiya machaa. #e60b",Insult,Individual,Low,0.35
"batch, ivananna group inda remove maadona, ivan illaadre better ansta. #fe6a",Exclusion,Group,High,0.42
"review okay aaytu, tension beda. #2acd",Neutral,Individual,Low,0
"Oiuuimlw, mundina sari nodu yen agutte anta, swalpa limit nodu yaar. #b4bf",Threat,Individual,High,1
"Zywr, nee reply nodoke tumba time togondiya machaa. #9b7a",Insult,Individual,Low,0.16
naale extra pen togond baa pls. #a485,Neutral,Unknown,Low,0
"Qjydryipc, nee reply nodoke tumba time togondiya machaa. #a8d7",Insult,Individual,Low,0.27
"5 nimisha nalli join agthini, swalpa wait maadu. #a14b",Neutral,Individual,Low,0.03
"Ymjopbxsan, nee complete waste fellow dude. #27be",Insult,Individual,High,0.18
"Apnupwcu, yake everywhere message madthiya, idu stalking tara kanstide. #5844",Cyberstalking,Individual,Medium,0.62
yaaru naalege PPT madthare helri. #787b,Neutral,Group,Low,0
"Ojdstcmbk, nodu careful iru, illa problem agutte, swalpa limit nodu yaar. #cf89",Threat,Individual,High,0.98
"happy birthday, tumba olle varsha agli. #db3b",Neutral,Group,Low,0.06
naale extra pen togond baa pls. #7898,Neutral,Individual,Low,0.06
"Khct, nee useless tara behave madthiya re. #e9b0",Insult,Individual,Medium,0.14
"Fdnsx, elli hogidaroo ade tara madthiya, yen use illa ninna jothe anta feel agutte. #b4ad",Harassment,Individual,Medium,0.43
fest practice ge yar yar barthidira. #390d,Neutral,Unknown,Low,0
ivattu assignment submit maadbeku maga. #2840,Neutral,Individual,Low,0
"Rhgcs, elli hogidaroo ade tara madthiya, yen use illa ninna jothe anta feel agutte. #2f61",Harassment,Individual,Medium,0.72
"Dppcpwagbl, nee ivattu full lazy mode alli idiya dude. #14fd",Insult,Individual,Low,0.18
"batch, ivananna group inda remove maadona, ivan illaadre better ansta. #4ad2",Exclusion,Group,High,0.33
weekend ge yava movie nodona. #66a0,Neutral,Unknown,Low,0
"Cuypyh, sir ge complaint haakthini nodu, swalpa limit nodu yaar. #ea47",Threat,Individual,High,0.99
yavdru ivattu notes idre send maadu pls. #0375,Neutral,Unknown,Low,0
yaaru naalege PPT madthare helri. #32eb,Neutral,Group,Low,0.03
ivattu class full bore aaytu. #35e1,Neutral,Unknown,Low,0.03
yaaru naalege PPT madthare helri. #5e21,Neutral,Group,Low,0
"Ygs, nee yavattu serious agalla yaar. #705c",Insult,Individual,Low,0.24
"Nmx, yake everywhere message madthiya, idu stalking tara kanstide. #2fac",Cyberstalking,Individual,Medium,0.8
"review okay aaytu, tension beda. #7ad7",Neutral,Unknown,Low,0
"guys, chat nalli ivnanna ide irboda anta ansta, ivan illaadre better ansta. #ee4d",Exclusion,Group,Medium,0.31
"Ffvzbnruf, elli hogidaroo ade tara madthiya, tumba irritating agthiya re anta feel agutte. #fc19",Harassment,Individual,High,0.47
exam tumba tough aaytu but somehow aaytu. #bf7d,Neutral,Group,Low,0.04
ninne function photos share maadu. #3a55,Neutral,Unknown,Low,0
yavdru ivattu notes idre send maadu pls. #89be,Neutral,Individual,Low,0
"Jrpykhdd, elli hogidaroo ade tara madthiya, tumba irritating agthiya re anta feel agutte. #ac47",Harassment,Individual,High,0.52
naale 4gante canteen nalli meet aagona. #1053,Neutral,Group,Low,0.07
"review okay aaytu, tension beda. #97cd",Neutral,Individual,Low,0
ivattu class full bore aaytu. #2655,Neutral,Unknown,Low,0
"Zwcizf, nee tumba irritating agthiya re machaa. #f9ed",Insult,Individual,Medium,0.43
"Jjdnahgyf, elli hogidaroo ade tara madthiya, sakkat dumb idiya yaar anta feel agutte. #f5aa",Harassment,Individual,Low,0.63
ivattu class full bore aaytu. #ab31,Neutral,Group,Low,0
ninne function photos share maadu. #ebc1,Neutral,Group,Low,0.02
"review okay aaytu, tension beda. #cd7e",Neutral,Group,Low,0.01
ivattu assignment submit maadbeku maga. #bd1a,Neutral,Unknown,Low,0
"Mrwuan, ella platform nalli follow madbeda please, idu stalking tara kanstide. #6d7d",Cyberstalking,Individual,Medium,0.66
"naale 9 gante lab ge bartira, late agbeda. #1cac",Neutral,Unknown,Low,0.03
"Ptpveatel, nee reply nodoke tumba time togondiya yaar. #ac61",Insult,Individual,Low,0.22
project help madidakke thanks maga. #dabe,Neutral,Group,Low,0.01
"Kzdcngzt, nee tumba irritating agthiya re dude. #899b",Insult,Individual,Medium,0.31
"Jwdzjfjrzo, nee yen use illa ninna jothe re. #fc82",Insult,Individual,High,0.48
"happy birthday, tumba olle varsha agli. #dd16",Neutral,Unknown,Low,0
"5 nimisha nalli join agthini, swalpa wait maadu. #70fd",Neutral,Unknown,Low,0.03
fest practice ge yar yar barthidira. #1e21,Neutral,Unknown,Low,0.03
"review okay aaytu, tension beda. #2b30",Neutral,Group,Low,0.02
"Tcn, nanna status na yavaglu check madthiya, idu stalking tara kanstide. #e068",Cyberstalking,Individual,High,0.81
"happy birthday, tumba olle varsha agli. #6068",Neutral,Group,Low,0
"Ubdvkeo, elli hogidaroo ade tara madthiya, useless tara behave madthiya anta feel agutte. #35a4",Harassment,Individual,Medium,0.57
"Ipkn, elli hogidaroo ade tara madthiya, useless tara behave madthiya anta feel agutte. #516a",Harassment,Individual,Low,0.36
"Tqxiozjf, nee reply nodoke tumba time togondiya re. #8371",Insult,Individual,Low,0.27
"Vnwpzpzcl, nodu careful iru, illa problem agutte, swalpa limit nodu yaar. #905d",Threat,Individual,High,0.93
"Oxyhmka, elli hogidaroo ade tara madthiya, tumba irritating agthiya re anta feel agutte. #717a",Harassment,Individual,Low,0.59
"Njo, nee yavattu serious agalla dude. #1b8f",Insult,Individual,Low,0.14
ninne function photos share maadu. #407a,Neutral,Unknown,Low,0
"review okay aaytu, tension beda. #d723",Neutral,Individual,Low,0
"Ikg, nee reply nodoke tumba time togondiya re. #edd0",Insult,Individual,Low,0.17
"Zqdhha, nee tumba irritating agthiya re dude. #e4b3",Insult,Individual,Medium,0.21
attendance link haakbidu illi. #0619,Neutral,Group,Low,0.03
"batch, ivananna group inda remove maadona, ivan illaadre better ansta. #9fe5",Exclusion,Group,Low,0.31
"review okay aaytu, tension beda. #d40a",Neutral,Group,Low,0.03
"Kmjccst, nee tumba irritating agthiya re re. #7c17",Insult,Individual,Medium,0.22
"Pyq, a tara photos haakbeda please, group nalli idu sari alla. #92ca",Sexual Harassment,Individual,Medium,0.66
"Lwx, mundina sari nodu yen agutte anta, swalpa limit nodu yaar. #c829",Threat,Individual,High,1
"class grp, chat nalli ivnanna ide irboda anta ansta, ivan illaadre better ansta. #f18a",Exclusion,Group,High,0.48
"batch, ivnanna group nalli add madbeda, ivan illaadre better ansta. #b446",Exclusion,Group,High,0.4
"Vvrv, sir ge complaint haakthini nodu, swalpa limit nodu yaar. #b685",Threat,Individual,High,0.95
pizza bekka biryani bekka decide maadi. #0fd1,Neutral,Unknown,Low,0
"Vgwnaq, nee sakkat dumb idiya yaar yaar. #ca7a",Insult,Individual,Medium,0.27
fest practice ge yar yar barthidira. #d783,Neutral,Individual,Low,0
nee send madida reel super comedy aaytu. #6557,Neutral,Group,Low,0.05
"Ntblubvs, elli hogidaroo ade tara madthiya, tumba disgusting behaviour anta feel agutte. #150a",Harassment,Individual,High,0.47
"Ape, elli hogidaroo ade tara madthiya, sakkat dumb idiya yaar anta feel agutte. #d76b",Harassment,Individual,Medium,0.41
"Oeugogl, elli hogidaroo ade tara madthiya, sakkat dumb idiya yaar anta feel agutte. #bf3e",Harassment,Individual,High,0.47
"5 nimisha nalli join agthini, swalpa wait maadu. #6d63",Neutral,Unknown,Low,0
"Ljtrgno, elli hogidaroo ade tara madthiya, tumba disgusting behaviour anta feel agutte. #0df4",Harassment,Individual,Medium,0.74
"ninna presentation super aaytu, chennag ide. #d90e",Neutral,Group,Low,0.03
"review okay aaytu, tension beda. #6ff3",Neutral,Individual,Low,0
"happy birthday, tumba olle varsha agli. #edeb",Neutral,Individual,Low,0
"Szfn, nee yavattu serious agalla yaar. #b935",Insult,Individual,Low,0.25
"Vbeljkk, nee tumba irritating agthiya re yaar. #7660",Insult,Individual,Medium,0.14
ivattu class full bore aaytu. #fa28,Neutral,Group,Low,0.05
"Dmgagzzyj, nee reply nodoke tumba time togondiya re. #1940",Insult,Individual,Low,0.23
"Kftjth, elli hogidaroo ade tara madthiya, complete waste fellow anta feel agutte. #5af2",Harassment,Individual,Low,0.29
"naale 9 gante lab ge bartira, late agbeda. #0087",Neutral,Unknown,Low,0.05
"Umbafehb, nee yavattu serious agalla re. #f2bd",Insult,Individual,Low,0.12
"review okay aaytu, tension beda. #dab2",Neutral,Unknown,Low,0
"network sakkath slow ide, once repeat maadu. #410f",Neutral,Individual,Low,0
"Pqrjy, elli hogidaroo ade tara madthiya, sakkat dumb idiya yaar anta feel agutte. #3dfe",Harassment,Individual,High,0.74
"Pmtkr, nee yavattu serious agalla machaa. #9d54",Insult,Individual,Low,0.13
"happy birthday, tumba olle varsha agli. #a513",Neutral,Group,Low,0
"review okay aaytu, tension beda. #887f",Neutral,Individual,Low,0
"guys, ivananna group inda remove maadona, ivan illaadre better ansta. #6c65",Exclusion,Group,Medium,0.37
"Jxpnr, elli hogidaroo ade tara madthiya, useless tara behave madthiya anta feel agutte. #99ad",Harassment,Individual,High,0.58
"Qddr, yake everywhere message madthiya, idu stalking tara kanstide. #6554",Cyberstalking,Individual,Medium,0.47
"class grp, plan ge ivananna invite madbeda besseru, ivan illaadre better ansta. #daac",Exclusion,Group,Low,0.19
project help madidakke thanks maga. #e31e,Neutral,Individual,Low,0
ivattu class full bore aaytu. #9506,Neutral,Unknown,Low,0
fest practice ge yar yar barthidira. #11c9,Neutral,Unknown,Low,0
"Htdwhm, nee total loser tara idiya machaa. #c273",Insult,Individual,High,0.34
"Ahfnyzolh, nodu careful iru, illa problem agutte, swalpa limit nodu yaar. #340a",Threat,Individual,High,0.79
attendance link haakbidu illi. #965f,Neutral,Group,Low,0.04
"Abiojqm, elli hogidaroo ade tara madthiya, complete waste fellow anta feel agutte. #4358",Harassment,Individual,Low,0.36
"Qiqcoau, a tara photos haakbeda please, group nalli idu sari alla. #0765",Sexual Harassment,Individual,Medium,0.81
project help madidakke thanks maga. #5e38,Neutral,Individual,Low,0
"Odsw, nodu careful iru, illa problem agutte, swalpa limit nodu yaar. #8e08",Threat,Individual,High,0.84
exam tumba tough aaytu but somehow aaytu. #8062,Neutral,Individual,Low,0
"happy birthday, tumba olle varsha agli. #5523",Neutral,Group,Low,0.02
ninne function photos share maadu. #38b1,Neutral,Group,Low,0
nee send madida reel super comedy aaytu. #163d,Neutral,Group,Low,0
"Qmkvhtep, elli hogidaroo ade tara madthiya, yen use illa ninna jothe anta feel agutte. #6dc2",Harassment,Individual,Low,0.68
"Isgzdy, nee ivattu full lazy mode alli idiya dude. #906c",Insult,Individual,Low,0.15
"naale 9 gante lab ge bartira, late agbeda. #e6bf",Neutral,Group,Low,0
naale extra pen togond baa pls. #2406,Neutral,Unknown,Low,0
"Lpahtwhi, nee full time late bartiya re. #f4e0",Insult,Individual,Low,0.39
"Lketu, elli hogidaroo ade tara madthiya, sakkat dumb idiya yaar anta feel agutte. #fb7f",Harassment,Individual,High,0.59
"Zzdv, nee yavattu serious agalla yaar. #ba23",Insult,Individual,Low,0.37
"ninna presentation super aaytu, chennag ide. #54d8",Neutral,Individual,Low,0.01
fest practice ge yar yar barthidira. #3973,Neutral,Individual,Low,0.02
"Pegvgcbiv, elli hogidaroo ade tara madthiya, useless tara behave madthiya anta feel agutte. #cf8a",Harassment,Individual,High,0.79
naale 4gante canteen nalli meet aagona. #280f,Neutral,Individual,Low,0.07
"Angyc, yake everywhere message madthiya, idu stalking tara kanstide. #2ffb",Cyberstalking,Individual,High,0.7
fest practice ge yar yar barthidira. #f2e1,Neutral,Individual,Low,0
naale 4gante canteen nalli meet aagona. #ce55,Neutral,Individual,Low,0
"Kezre, elli hogidaroo ade tara madthiya, useless tara behave madthiya anta feel agutte. #2c6e",Harassment,Individual,High,0.72
"network sakkath slow ide, once repeat maadu. #2f1e",Neutral,Group,Low,0.02
"naale 9 gante lab ge bartira, late agbeda. #71f8",Neutral,Individual,Low,0.01
naale extra pen togond baa pls. #d044,Neutral,Group,Low,0.01
ivattu class full bore aaytu. #a1f1,Neutral,Unknown,Low,0.02
"5 nimisha nalli join agthini, swalpa wait maadu. #4846",Neutral,Individual,Low,0
ivattu assignment submit maadbeku maga. #834e,Neutral,Individual,Low,0
"Oyhxozsgtl, nee yavattu serious agalla dude. #d9a7",Insult,Individual,Low,0.29
"Xoivccc, elli hogidaroo ade tara madthiya, tumba disgusting behaviour anta feel agutte. #fba5",Harassment,Individual,Low,0.7
"Lmuon, nanna status na yavaglu check madthiya, idu stalking tara kanstide. #ce38",Cyberstalking,Individual,Medium,0.54
ninne function photos share maadu. #8c3d,Neutral,Individual,Low,0.02
yaaru naalege PPT madthare helri. #eb31,Neutral,Individual,Low,0.06
attendance link haakbidu illi. #d73a,Neutral,Unknown,Low,0.01
attendance link haakbidu illi. #1387,Neutral,Individual,Low,0
"Ptwny, nee yavattu serious agalla re. #19bb",Insult,Individual,Low,0.3
"naale 9 gante lab ge bartira, late agbeda. #2f31",Neutral,Unknown,Low,0.03
project help madidakke thanks maga. #96cb,Neutral,Group,Low,0
naale 4gante canteen nalli meet aagona. #bf4d,Neutral,Unknown,Low,0
"naale 9 gante lab ge bartira, late agbeda. #a254",Neutral,Group,Low,0.04
"Tmrpxvjah, elli hogidaroo ade tara madthiya, complete waste fellow anta feel agutte. #fb35",Harassment,Individual,Medium,0.53
"review okay aaytu, tension beda. #c151",Neutral,Group,Low,0.01
naale 4gante canteen nalli meet aagona. #910f,Neutral,Unknown,Low,0.01
"guys, chat nalli ivnanna ide irboda anta ansta, ivan illaadre better ansta. #1cd1",Exclusion,Group,High,0.28
"Dkfwkl, nee total loser tara idiya re. #a674",Insult,Individual,High,0.36
"5 nimisha nalli join agthini, swalpa wait maadu. #5abb",Neutral,Unknown,Low,0.03
yaaru naalege PPT madthare helri. #10f5,Neutral,Group,Low,0
"Cdky, elli hogidaroo ade tara madthiya, total loser tara idiya anta feel agutte. #6aa0",Harassment,Individual,High,0.62
"Mbhco, nee sakkat dumb idiya yaar machaa. #0f44",Insult,Individual,Medium,0.2
"Wys, prati dina reason illade ping madbedi, idu stalking tara kanstide. #e541",Cyberstalking,Individual,Low,0.75
pizza bekka biryani bekka decide maadi. #f87e,Neutral,Unknown,Low,0.06
"Okopttcdv, cheap comments madbeda ava bagge, group nalli idu sari alla. #06f1",Sexual Harassment,Individual,Low,0.79
"review okay aaytu, tension beda. #c790",Neutral,Group,Low,0
"Lvff, nanna status na yavaglu check madthiya, idu stalking tara kanstide. #4923",Cyberstalking,Individual,Medium,0.8
"network sakkath slow ide, once repeat maadu. #f7e5",Neutral,Unknown,Low,0.02
"Avpimd, elli hogidaroo ade tara madthiya, yen use illa ninna jothe anta feel agutte. #a609",Harassment,Individual,Low,0.51
"Wmbzhgqv, nee tumba disgusting behaviour dude. #b95e",Insult,Individual,High,0.39
"team, ivananna group inda remove maadona, ivan illaadre better ansta. #49f3",Exclusion,Group,Low,0.27
"review okay aaytu, tension beda. #f685",Neutral,Unknown,Low,0.05
"Kovuviz, nodu careful iru, illa problem agutte, swalpa limit nodu yaar. #35f5",Threat,Individual,High,0.93
"Xnemu, sir ge complaint haakthini nodu, swalpa limit nodu yaar. #95e9",Threat,Individual,Low,0.77
weekend ge yava movie nodona. #2ef5,Neutral,Unknown,Low,0
"Ozt, nee tumba irritating agthiya re dude. #af54",Insult,Individual,Medium,0.43
yavdru ivattu notes idre send maadu pls. #5afb,Neutral,Group,Low,0.05
"Zvoo, sir ge complaint haakthini nodu, swalpa limit nodu yaar. #6583",Threat,Individual,High,0.73
ivattu assignment submit maadbeku maga. #0186,Neutral,Individual,Low,0
"team, plan ge ivananna invite madbeda besseru, ivan illaadre better ansta. #e05c",Exclusion,Group,Medium,0.37
naale 4gante canteen nalli meet aagona. #d4c5,Neutral,Individual,Low,0
"5 nimisha nalli join agthini, swalpa wait maadu. #0a00",Neutral,Individual,Low,0
"team, chat nalli ivnanna ide irboda anta ansta, ivan illaadre better ansta. #7b93",Exclusion,Group,Low,0.14
weekend ge yava movie nodona. #41dd,Neutral,Individual,Low,0
ninne function photos share maadu. #5ea0,Neutral,Group,Low,0.01
"review okay aaytu, tension beda. #c93b",Neutral,Group,Low,0
"happy birthday, tumba olle varsha agli. #9dd7",Neutral,Unknown,Low,0.03
nee send madida reel super comedy aaytu. #34e8,Neutral,Individual,Low,0.02
"Nsafv, nee complete waste fellow re. #0792",Insult,Individual,High,0.33
"Oytb, nee full time late bartiya dude. #fd4d",Insult,Individual,Low,0.17
"class grp, plan ge ivananna invite madbeda besseru, ivan illaadre better ansta. #dcac",Exclusion,Group,Low,0.23
"Mfxc, nee useless tara behave madthiya re. #bfaf",Insult,Individual,Medium,0.35
"Smzut, nee sakkat dumb idiya yaar re. #1b4d",Insult,Individual,Medium,0.41
"Bbreeqhuo, cheap comments madbeda ava bagge, group nalli idu sari alla. #1434",Sexual Harassment,Individual,Medium,0.73
ninne function photos share maadu. #5350,Neutral,Individual,Low,0
exam tumba tough aaytu but somehow aaytu. #93ad,Neutral,Group,Low,0.02
"Pnasnwa, elli hogidaroo ade tara madthiya, yen use illa ninna jothe anta feel agutte. #7b76",Harassment,Individual,Medium,0.57
ivattu class full bore aaytu. #ff04,Neutral,Unknown,Low,0.04
"guys, ivananna group inda remove maadona, ivan illaadre better ansta. #49f1",Exclusion,Group,Low,0.3
"gang, ivananna group inda remove maadona, ivan illaadre better ansta. #e9ea",Exclusion,Group,Medium,0.4
"Wuym, nee yen use illa ninna jothe machaa. #dd09",Insult,Individual,High,0.5
ninne function photos share maadu. #9d3d,Neutral,Unknown,Low,0.01
"Mjpsluceo, nee useless tara behave madthiya re. #b326",Insult,Individual,Medium,0.19
"Lvvicm, elli hogidaroo ade tara madthiya, useless tara behave madthiya anta feel agutte. #2285",Harassment,Individual,High,0.48
"Awdpawqyxv, yake everywhere message madthiya, idu stalking tara kanstide. #1a15",Cyberstalking,Individual,Medium,0.54
"happy birthday, tumba olle varsha agli. #47e3",Neutral,Individual,Low,0
"ninna presentation super aaytu, chennag ide. #62ca",Neutral,Individual,Low,0
naale extra pen togond baa pls. #2c74,Neutral,Unknown,Low,0.06
ivattu class full bore aaytu. #e3eb,Neutral,Individual,Low,0
"Bcavf, nee yen use illa ninna jothe dude. #8696",Insult,Individual,High,0.3
yaaru naalege PPT madthare helri. #5a0e,Neutral,Group,Low,0.01
pizza bekka biryani bekka decide maadi. #67ae,Neutral,Unknown,Low,0.03
ninne function photos share maadu. #552d,Neutral,Unknown,Low,0.01
"Xvmy, nee tumba irritating agthiya re yaar. #922d",Insult,Individual,Medium,0.33
nee send madida reel super comedy aaytu. #1563,Neutral,Individual,Low,0.05
attendance link haakbidu illi. #206a,Neutral,Unknown,Low,0
"happy birthday, tumba olle varsha agli. #1452",Neutral,Group,Low,0
naale extra pen togond baa pls. #423e,Neutral,Group,Low,0
project help madidakke thanks maga. #f38d,Neutral,Individual,Low,0
"Ybe, mundina sari nodu yen agutte anta, swalpa limit nodu yaar. #a483",Threat,Individual,High,0.97
nee send madida reel super comedy aaytu. #c330,Neutral,Group,Low,0.04
"gang, plan ge ivananna invite madbeda besseru, ivan illaadre better ansta. #b4cb",Exclusion,Group,Medium,0.23
"ninna presentation super aaytu, chennag ide. #225e",Neutral,Group,Low,0
yaaru naalege PPT madthare helri. #4890,Neutral,Group,Low,0
attendance link haakbidu illi. #1dfa,Neutral,Individual,Low,0.04
fest practice ge yar yar barthidira. #fb9f,Neutral,Group,Low,0
nee send madida reel super comedy aaytu. #9a1a,Neutral,Unknown,Low,0.01
"naale 9 gante lab ge bartira, late agbeda. #ae74",Neutral,Individual,Low,0
"Whbzo, ella platform nalli follow madbeda please, idu stalking tara kanstide. #4fc9",Cyberstalking,Individual,Medium,0.76
"Mbew, nee tumba irritating agthiya re re. #f003",Insult,Individual,Medium,0.43
"network sakkath slow ide, once repeat maadu. #cf74",Neutral,Unknown,Low,0
"Gczzdeucg, nee reply nodoke tumba time togondiya yaar. #eed8",Insult,Individual,Low,0.26
"Nckwjltqk, nee useless tara behave madthiya dude. #d984",Insult,Individual,Medium,0.36
naale 4gante canteen nalli meet aagona. #e3e9,Neutral,Individual,Low,0
"batch, ivananna group inda remove maadona, ivan illaadre better ansta. #d011",Exclusion,Group,High,0.42
"Keb, nanna status na yavaglu check madthiya, idu stalking tara kanstide. #85e4",Cyberstalking,Individual,High,0.91
"Czxyfgxfag, next time barbeku anta helthini, swalpa limit nodu yaar. #ceff",Threat,Individual,Medium,0.87
"Rmenrwvykf, prati dina reason illade ping madbedi, idu stalking tara kanstide. #dead",Cyberstalking,Individual,Low,0.6
"Orhiocxanf, elli hogidaroo ade tara madthiya, complete waste fellow anta feel agutte. #9328",Harassment,Individual,High,0.68
"Phknfgue, nee full time late bartiya dude. #2122",Insult,Individual,Low,0.38
yaaru naalege PPT madthare helri. #98c1,Neutral,Unknown,Low,0
naale 4gante canteen nalli meet aagona. #8212,Neutral,Group,Low,0.04
"naale 9 gante lab ge bartira, late agbeda. #831c",Neutral,Group,Low,0
"5 nimisha nalli join agthini, swalpa wait maadu. #d2ff",Neutral,Individual,Low,0.03
"Jiq, nee yen use illa ninna jothe machaa. #b03d",Insult,Individual,High,0.5
"Wfjr, elli hogidaroo ade tara madthiya, yen use illa ninna jothe anta feel agutte. #3cc6",Harassment,Individual,Medium,0.64
"batch, chat nalli ivnanna ide irboda anta ansta, ivan illaadre better ansta. #be80",Exclusion,Group,Medium,0.22
"happy birthday, tumba olle varsha agli. #133f",Neutral,Unknown,Low,0
"gang, ivnanna group nalli add madbeda, ivan illaadre better ansta. #092e",Exclusion,Group,Medium,0.46
naale 4gante canteen nalli meet aagona. #9669,Neutral,Unknown,Low,0.04
"Mltnvtlo, nee class nalli full time joker ne machaa. #0cf3",Insult,Individual,Medium,0.3
"ninna presentation super aaytu, chennag ide. #99cc",Neutral,Group,Low,0
pizza bekka biryani bekka decide maadi. #58c8,Neutral,Individual,Low,0.02
"Yycmu, nodu careful iru, illa problem agutte, swalpa limit nodu yaar. #9e55",Threat,Individual,Low,0.77
"Pjwjkebz, nee useless tara behave madthiya re. #7e8b",Insult,Individual,Medium,0.19
yavdru ivattu notes idre send maadu pls. #824f,Neutral,Individual,Low,0
"Zfxj, sir ge complaint haakthini nodu, swalpa limit nodu yaar. #037c",Threat,Individual,Medium,0.94
"Sic, nee complete waste fellow re. #1b06",Insult,Individual,High,0.33
naale 4gante canteen nalli meet aagona. #5bca,Neutral,Unknown,Low,0.01
project help madidakke thanks maga. #102b,Neutral,Group,Low,0
"Pcggtyvt, elli hogidaroo ade tara madthiya, yen use illa ninna jothe anta feel agutte. #4c79",Harassment,Individual,High,0.53
fest practice ge yar yar barthidira. #e6c0,Neutral,Individual,Low,0
"gang, ivnanna group nalli add madbeda, ivan illaadre better ansta. #87a7",Exclusion,Group,Medium,0.37
yaaru naalege PPT madthare helri. #b530,Neutral,Individual,Low,0.01
weekend ge yava movie nodona. #26fd,Neutral,Group,Low,0.02
"Hynum, ella platform nalli follow madbeda please, idu stalking tara kanstide. #56f0",Cyberstalking,Individual,High,0.77
"Caugwrsctd, yake everywhere message madthiya, idu stalking tara kanstide. #243c",Cyberstalking,Individual,High,0.76
pizza bekka biryani bekka decide maadi. #857a,Neutral,Group,Low,0.01
"5 nimisha nalli join agthini, swalpa wait maadu. #49d2",Neutral,Individual,Low,0
yavdru ivattu notes idre send maadu pls. #e971,Neutral,Group,Low,0.05
"Gys, elli hogidaroo ade tara madthiya, sakkat dumb idiya yaar anta feel agutte. #16b0",Harassment,Individual,High,0.62
"happy birthday, tumba olle varsha agli. #2af0",Neutral,Individual,Low,0.01
"Qazaspci, nee ivattu full lazy mode alli idiya yaar. #4d67",Insult,Individual,Low,0.26
ivattu class full bore aaytu. #8423,Neutral,Group,Low,0
ivattu class full bore aaytu. #01fc,Neutral,Individual,Low,0.03
weekend ge yava movie nodona. #573f,Neutral,Individual,Low,0.02
naale extra pen togond baa pls. #7fd4,Neutral,Unknown,Low,0.05
"team, plan ge ivananna invite madbeda besseru, ivan illaadre better ansta. #f684",Exclusion,Group,Medium,0.34
ivattu class full bore aaytu. #cd98,Neutral,Individual,Low,0
nee send madida reel super comedy aaytu. #5986,Neutral,Group,Low,0
project help madidakke thanks maga. #e173,Neutral,Unknown,Low,0
ivattu assignment submit maadbeku maga. #c85e,Neutral,Group,Low,0
ivattu class full bore aaytu. #febd,Neutral,Group,Low,0.01
pizza bekka biryani bekka decide maadi. #6062,Neutral,Unknown,Low,0
naale 4gante canteen nalli meet aagona. #91f7,Neutral,Group,Low,0
"Ivewduxyox, elli hogidaroo ade tara madthiya, class nalli full time joker ne anta feel agutte. #7f10",Harassment,Individual,High,0.79
"Vuoazsgi, nee sakkat dumb idiya yaar yaar. #0382",Insult,Individual,Medium,0.43
"happy birthday, tumba olle varsha agli. #3839",Neutral,Group,Low,0.03
"Obawnfzpsk, mundina sari nodu yen agutte anta, swalpa limit nodu yaar. #362c",Threat,Individual,High,0.89
"Nskjecxyw, next time barbeku anta helthini, swalpa limit nodu yaar. #ec62",Threat,Individual,High,0.82
project help madidakke thanks maga. #78c9,Neutral,Group,Low,0
"happy birthday, tumba olle varsha agli. #8c0c",Neutral,Individual,Low,0.02
fest practice ge yar yar barthidira. #a93d,Neutral,Group,Low,0.04
"Biysjr, nee yavattu serious agalla machaa. #c7db",Insult,Individual,Low,0.2
ivattu class full bore aaytu. #dd8c,Neutral,Individual,Low,0.03
"Srdvgbenkm, nee yen use illa ninna jothe machaa. #3b87",Insult,Individual,High,0.45
fest practice ge yar yar barthidira. #2ace,Neutral,Group,Low,0
exam tumba tough aaytu but somehow aaytu. #376e,Neutral,Group,Low,0
attendance link haakbidu illi. #1a48,Neutral,Group,Low,0.04
ivattu assignment submit maadbeku maga. #fa31,Neutral,Individual,Low,0.04
naale extra pen togond baa pls. #5c53,Neutral,Individual,Low,0
"Tnv, nee full time late bartiya dude. #e6d1",Insult,Individual,Low,0.15
attendance link haakbidu illi. #26cb,Neutral,Group,Low,0.02
"Agv, elli hogidaroo ade tara madthiya, sakkat dumb idiya yaar anta feel agutte. #4db7",Harassment,Individual,High,0.44
"review okay aaytu, tension beda. #3a63",Neutral,Individual,Low,0.03
exam tumba tough aaytu but somehow aaytu. #1ddb,Neutral,Unknown,Low,0.02
ivattu class full bore aaytu. #b980,Neutral,Group,Low,0.02
"Npmlv, nee reply nodoke tumba time togondiya machaa. #c4a1",Insult,Individual,Low,0.19
"Azbgjkye, nee useless tara behave madthiya re. #9d24",Insult,Individual,Medium,0.33
yaaru naalege PPT madthare helri. #deb5,Neutral,Group,Low,0
"Oyy, prati dina reason illade ping madbedi, idu stalking tara kanstide. #3630",Cyberstalking,Individual,Medium,0.47
"naale 9 gante lab ge bartira, late agbeda. #fff7",Neutral,Individual,Low,0
ninne function photos share maadu. #9141,Neutral,Unknown,Low,0
"gang, ivananna group inda remove maadona, ivan illaadre better ansta. #9512",Exclusion,Group,Medium,0.47
yavdru ivattu notes idre send maadu pls. #d8a7,Neutral,Individual,Low,0.06
"Arw, sir ge complaint haakthini nodu, swalpa limit nodu yaar. #61c2",Threat,Individual,High,1
exam tumba tough aaytu but somehow aaytu. #6a23,Neutral,Group,Low,0.02
"review okay aaytu, tension beda. #b1fd",Neutral,Unknown,Low,0
"Pnsv, nodu careful iru, illa problem agutte, swalpa limit nodu yaar. #ff54",Threat,Individual,High,0.88
"team, ivananna group inda remove maadona, ivan illaadre better ansta. #da8c",Exclusion,Group,Medium,0.31
nee send madida reel super comedy aaytu. #5c66,Neutral,Group,Low,0
"Uzsbht, nee ivattu full lazy mode alli idiya dude. #2479",Insult,Individual,Low,0.39
"gang, plan ge ivananna invite madbeda besseru, ivan illaadre better ansta. #a59a",Exclusion,Group,Medium,0.34
"Ycvvxaek, elli hogidaroo ade tara madthiya, tumba disgusting behaviour anta feel agutte. #35ea",Harassment,Individual,High,0.57
ivattu class full bore aaytu. #66f4,Neutral,Individual,Low,0.05
"Erslxt, cheap comments madbeda ava bagge, group nalli idu sari alla. #6b3c",Sexual Harassment,Individual,High,0.85
"Edkls, nee ivattu full lazy mode alli idiya dude. #7100",Insult,Individual,Low,0.14
project help madidakke thanks maga. #f494,Neutral,Unknown,Low,0.04
"Yvulgcpbq, nee full time late bartiya dude. #35bd",Insult,Individual,Low,0.32
yaaru naalege PPT madthare helri. #03d6,Neutral,Group,Low,0
"Fxgjq, elli hogidaroo ade tara madthiya, class nalli full time joker ne anta feel agutte. #e3ce",Harassment,Individual,High,0.61
"Sdbt, nee ivattu full lazy mode alli idiya yaar. #e76a",Insult,Individual,Low,0.27
nee send madida reel super comedy aaytu. #cc6b,Neutral,Group,Low,0.02
"Zbztvatgp, nee tumba irritating agthiya re yaar. #4994",Insult,Individual,Medium,0.23
"batch, plan ge ivananna invite madbeda besseru, ivan illaadre better ansta. #0269",Exclusion,Group,Medium,0.39
naale 4gante canteen nalli meet aagona. #bbb3,Neutral,Unknown,Low,0.07
"team, chat nalli ivnanna ide irboda anta ansta, ivan illaadre better ansta. #f9a5",Exclusion,Group,Low,0.25
weekend ge yava movie nodona. #fbd2,Neutral,Unknown,Low,0.02
ninne function photos share maadu. #ad6a,Neutral,Unknown,Low,0
"Liqmtk, nanna status na yavaglu check madthiya, idu stalking tara kanstide. #0a9b",Cyberstalking,Individual,Low,0.76
"Caqrbgkjnt, next time barbeku anta helthini, swalpa limit nodu yaar. #3c59",Threat,Individual,High,0.87
"naale 9 gante lab ge bartira, late agbeda. #c0c6",Neutral,Unknown,Low,0
"Byhxsvmw, elli hogidaroo ade tara madthiya, tumba disgusting behaviour anta feel agutte. #ff9e",Harassment,Individual,Low,0.31
"Bzj, elli hogidaroo ade tara madthiya, class nalli full time joker ne anta feel agutte. #40aa",Harassment,Individual,High,0.71
ivattu assignment submit maadbeku maga. #7c2f,Neutral,Individual,Low,0.01
"Dac, nee tumba irritating agthiya re re. #8731",Insult,Individual,Medium,0.31
"Mxu, ava body bagge a tara mata beda, group nalli idu sari alla. #e9e1",Sexual Harassment,Individual,Low,0.74
"Blkdsdvx, nee class nalli full time joker ne re. #0c01",Insult,Individual,Medium,0.2
"Para, nee reply nodoke tumba time togondiya machaa. #c1b5",Insult,Individual,Low,0.24
"Apwdtnce, nee reply nodoke tumba time togondiya re. #248b",Insult,Individual,Low,0.17
yavdru ivattu notes idre send maadu pls. #8a7d,Neutral,Individual,Low,0
ninne function photos share maadu. #6123,Neutral,Individual,Low,0.04
yavdru ivattu notes idre send maadu pls. #338e,Neutral,Group,Low,0.07
"Vcfddrnbuc, nee total loser tara idiya yaar. #3f4e",Insult,Individual,High,0.49
"Gbfkls, cheap comments madbeda ava bagge, group nalli idu sari alla. #0038",Sexual Harassment,Individual,High,0.95
"review okay aaytu, tension beda. #8882",Neutral,Unknown,Low,0.01
"ninna presentation super aaytu, chennag ide. #f9db",Neutral,Individual,Low,0
exam tumba tough aaytu but somehow aaytu. #4499,Neutral,Unknown,Low,0
"Wtpd, elli hogidaroo ade tara madthiya, class nalli full time joker ne anta feel agutte. #02b9",Harassment,Individual,Medium,0.37
naale 4gante canteen nalli meet aagona. #54cb,Neutral,Unknown,Low,0
"team, plan ge ivananna invite madbeda besseru, ivan illaadre better ansta. #68be",Exclusion,Group,Low,0.28
"5 nimisha nalli join agthini, swalpa wait maadu. #ebb3",Neutral,Group,Low,0.02
yavdru ivattu notes idre send maadu pls. #02ef,Neutral,Individual,Low,0.05
nee send madida reel super comedy aaytu. #dc52,Neutral,Group,Low,0.02
"Etzomcdym, nee ivattu full lazy mode alli idiya dude. #5c19",Insult,Individual,Low,0.42
yavdru ivattu notes idre send maadu pls. #0adf,Neutral,Individual,Low,0.02
naale 4gante canteen nalli meet aagona. #e7c9,Neutral,Group,Low,0.01
"5 nimisha nalli join agthini, swalpa wait maadu. #0503",Neutral,Individual,Low,0
"ninna presentation super aaytu, chennag ide. #9f3b",Neutral,Individual,Low,0.02
"Tthjvehe, elli hogidaroo ade tara madthiya, sakkat dumb idiya yaar anta feel agutte. #cdd7",Harassment,Individual,Medium,0.5
"Xhxdziw, nee complete waste fellow yaar. #a357",Insult,Individual,High,0.5
"Wzgvuop, nodu careful iru, illa problem agutte, swalpa limit nodu yaar. #b674",Threat,Individual,High,0.99
"Hcgpt, elli hogidaroo ade tara madthiya, useless tara behave madthiya anta feel agutte. #9c3a",Harassment,Individual,Low,0.37
"Jfnlo, nee tumba disgusting behaviour dude. #ab5d",Insult,Individual,High,0.46
ivattu class full bore aaytu. #c7dc,Neutral,Unknown,Low,0.03
nee send madida reel super comedy aaytu. #a32e,Neutral,Unknown,Low,0
"Iklhrx, nee ivattu full lazy mode alli idiya re. #c60c",Insult,Individual,Low,0.08
nee send madida reel super comedy aaytu. #a778,Neutral,Group,Low,0.05
pizza bekka biryani bekka decide maadi. #f14d,Neutral,Unknown,Low,0
exam tumba tough aaytu but somehow aaytu. #9e05,Neutral,Individual,Low,0
"5 nimisha nalli join agthini, swalpa wait maadu. #74bf",Neutral,Group,Low,0
fest practice ge yar yar barthidira. #577e,Neutral,Group,Low,0
"Zujhjj, mundina sari nodu yen agutte anta, swalpa limit nodu yaar. #f2e4",Threat,Individual,High,0.76
"Pqmb, mundina sari nodu yen agutte anta, swalpa limit nodu yaar. #82a0",Threat,Individual,High,0.95
"Hqepjsbgg, nee reply nodoke tumba time togondiya yaar. #c74f",Insult,Individual,Low,0.27
"naale 9 gante lab ge bartira, late agbeda. #4f69",Neutral,Group,Low,0.03
"Rojopxpia, elli hogidaroo ade tara madthiya, class nalli full time joker ne anta feel agutte. #0bf3",Harassment,Individual,High,0.77
naale 4gante canteen nalli meet aagona. #4f70,Neutral,Individual,Low,0.02
"Sgqn, ava body bagge a tara mata beda, group nalli idu sari alla. #ca39",Sexual Harassment,Individual,Medium,0.83
"Gajxyl, elli hogidaroo ade tara madthiya, tumba irritating agthiya re anta feel agutte. #48aa",Harassment,Individual,Low,0.42
"Birlhdfgi, nee yavattu serious agalla machaa. #d2a8",Insult,Individual,Low,0.23
"Dqvj, nee sakkat dumb idiya yaar dude. #d572",Insult,Individual,Medium,0.34
naale extra pen togond baa pls. #ffef,Neutral,Unknown,Low,0
"Cwnx, elli hogidaroo ade tara madthiya, total loser tara idiya anta feel agutte. #941f",Harassment,Individual,Medium,0.51
"guys, ivananna group inda remove maadona, ivan illaadre better ansta. #15f3",Exclusion,Group,Medium,0.46
"Fpmonqpppl, elli hogidaroo ade tara madthiya, tumba disgusting behaviour anta feel agutte. #2ae3",Harassment,Individual,Medium,0.71
"network sakkath slow ide, once repeat maadu. #2a7c",Neutral,Group,Low,0.02
"Mdlabdccht, ava body bagge a tara mata beda, group nalli idu sari alla. #8ebf",Sexual Harassment,Individual,Medium,0.77
"Iptfycist, nee full time late bartiya yaar. #f03e",Insult,Individual,Low,0.2
"Yiowtajuz, a type jokes swalpa stop maadu, group nalli idu sari alla. #7344",Sexual Harassment,Individual,High,0.79
yavdru ivattu notes idre send maadu pls. #966f,Neutral,Individual,Low,0
"Blqzm, elli hogidaroo ade tara madthiya, complete waste fellow anta feel agutte. #e81f",Harassment,Individual,Medium,0.51
"guys, ivnanna group nalli add madbeda, ivan illaadre better ansta. #283b",Exclusion,Group,Medium,0.35
ivattu assignment submit maadbeku maga. #b49a,Neutral,Unknown,Low,0
nee send madida reel super comedy aaytu. #7774,Neutral,Group,Low,0
"Gwgniip, prati dina reason illade ping madbedi, idu stalking tara kanstide. #5325",Cyberstalking,Individual,Medium,0.8
"5 nimisha nalli join agthini, swalpa wait maadu. #87fc",Neutral,Unknown,Low,0.02
"Oxclluz, elli hogidaroo ade tara madthiya, yen use illa ninna jothe anta feel agutte. #2490",Harassment,Individual,Medium,0.46
"team, ivananna group inda remove maadona, ivan illaadre better ansta. #ca29",Exclusion,Group,High,0.47
"Khutikaho, nee full time late bartiya machaa. #64d4",Insult,Individual,Low,0.33
"Gxrlms, elli hogidaroo ade tara madthiya, useless tara behave madthiya anta feel agutte. #7a9f",Harassment,Individual,Medium,0.34
"happy birthday, tumba olle varsha agli. #335e",Neutral,Group,Low,0
exam tumba tough aaytu but somehow aaytu. #bf27,Neutral,Individual,Low,0.07
"network sakkath slow ide, once repeat maadu. #5f70",Neutral,Individual,Low,0
project help madidakke thanks maga. #629c,Neutral,Individual,Low,0
"guys, ivnanna group nalli add madbeda, ivan illaadre better ansta. #10d7",Exclusion,Group,Low,0.39
"Zrdvtkdmjq, a type jokes swalpa stop maadu, group nalli idu sari alla. #d677",Sexual Harassment,Individual,Low,0.75
"5 nimisha nalli join agthini, swalpa wait maadu. #cab2",Neutral,Unknown,Low,0
yavdru ivattu notes idre send maadu pls. #db4e,Neutral,Individual,Low,0.02
"Nypbpcuw, elli hogidaroo ade tara madthiya, tumba irritating agthiya re anta feel agutte. #f067",Harassment,Individual,Low,0.46
fest practice ge yar yar barthidira. #2be6,Neutral,Unknown,Low,0.05
"Hpnqoa, nee complete waste fellow machaa. #9d6c",Insult,Individual,High,0.48
project help madidakke thanks maga. #27fe,Neutral,Unknown,Low,0
"Zahiqy, nee reply nodoke tumba time togondiya machaa. #8bd3",Insult,Individual,Low,0.25
yaaru naalege PPT madthare helri. #289a,Neutral,Unknown,Low,0.05
ivattu class full bore aaytu. #bf59,Neutral,Unknown,Low,0
"Ibrrvsk, nee useless tara behave madthiya re. #6a56",Insult,Individual,Medium,0.29
"Nawkentt, ella platform nalli follow madbeda please, idu stalking tara kanstide. #d9b4",Cyberstalking,Individual,High,0.54
"happy birthday, tumba olle varsha agli. #ad4e",Neutral,Individual,Low,0.04
"Liahaotus, ella platform nalli follow madbeda please, idu stalking tara kanstide. #15de",Cyberstalking,Individual,High,0.56
"Fadeut, nodu careful iru, illa problem agutte, swalpa limit nodu yaar. #415f",Threat,Individual,High,1
"Cvrewb, nee total loser tara idiya dude. #f6ca",Insult,Individual,High,0.2
"Shb, mundina sari nodu yen agutte anta, swalpa limit nodu yaar. #6c20",Threat,Individual,Low,0.76
"Togszqxeiw, elli hogidaroo ade tara madthiya, class nalli full time joker ne anta feel agutte. #4d9d",Harassment,Individual,Medium,0.55
"Evgyqenies, nee yavattu serious agalla machaa. #754d",Insult,Individual,Low,0.36
yavdru ivattu notes idre send maadu pls. #c4b6,Neutral,Unknown,Low,0
attendance link haakbidu illi. #9015,Neutral,Unknown,Low,0.01
"Xaqseuij, nee sakkat dumb idiya yaar dude. #6575",Insult,Individual,Medium,0.19
weekend ge yava movie nodona. #3701,Neutral,Unknown,Low,0
"Ooykj, nee yen use illa ninna jothe dude. #8f16",Insult,Individual,High,0.38
"gang, ivananna group inda remove maadona, ivan illaadre better ansta. #97ea",Exclusion,Group,Low,0.3
exam tumba tough aaytu but somehow aaytu. #c92b,Neutral,Unknown,Low,0
"Znvpdekl, nodu careful iru, illa problem agutte, swalpa limit nodu yaar. #82d5",Threat,Individual,Medium,0.79
"batch, chat nalli ivnanna ide irboda anta ansta, ivan illaadre better ansta. #f499",Exclusion,Group,Medium,0.32
"naale 9 gante lab ge bartira, late agbeda. #5173",Neutral,Group,Low,0
"class grp, chat nalli ivnanna ide irboda anta ansta, ivan illaadre better ansta. #c4ec",Exclusion,Group,Medium,0.21
"Glzvpw, nodu careful iru, illa problem agutte, swalpa limit nodu yaar. #ab61",Threat,Individual,High,0.87
"Aqny, nee useless tara behave madthiya yaar. #8d55",Insult,Individual,Medium,0.24
ninne function photos share maadu. #5afc,Neutral,Unknown,Low,0
"ninna presentation super aaytu, chennag ide. #a255",Neutral,Individual,Low,0
yaaru naalege PPT madthare helri. #7732,Neutral,Group,Low,0.03
ivattu assignment submit maadbeku maga. #4d78,Neutral,Unknown,Low,0
"Ucrrt, nee yavattu serious agalla re. #7045",Insult,Individual,Low,0.27
"happy birthday, tumba olle varsha agli. #796e",Neutral,Group,Low,0.05
"Njpiexnji, nee ivattu full lazy mode alli idiya yaar. #a1c4",Insult,Individual,Low,0.2
"Tnnhotzukq, nee ivattu full lazy mode alli idiya yaar. #caf5",Insult,Individual,Low,0.29
exam tumba tough aaytu but somehow aaytu. #9699,Neutral,Group,Low,0.02
"Hczkkznm, sir ge complaint haakthini nodu, swalpa limit nodu yaar. #c8a5",Threat,Individual,Medium,0.93
"Rsz, nee ivattu full lazy mode alli idiya dude. #a6df",Insult,Individual,Low,0.14
naale 4gante canteen nalli meet aagona. #1160,Neutral,Individual,Low,0.04
"Mrpefbh, nee useless tara behave madthiya dude. #7665",Insult,Individual,Medium,0.45
nee send madida reel super comedy aaytu. #2d5a,Neutral,Individual,Low,0
nee send madida reel super comedy aaytu. #6b02,Neutral,Group,Low,0
"Muxpu, nee yavattu serious agalla dude. #f50e",Insult,Individual,Low,0.36
"team, plan ge ivananna invite madbeda besseru, ivan illaadre better ansta. #75ec",Exclusion,Group,Low,0.47
"network sakkath slow ide, once repeat maadu. #f647",Neutral,Group,Low,0
nee send madida reel super comedy aaytu. #8ec5,Neutral,Group,Low,0.04
"Hhkr, nee sakkat dumb idiya yaar machaa. #838b",Insult,Individual,Medium,0.39
"Nnwgfpvsww, nee total loser tara idiya yaar. #ae95",Insult,Individual,High,0.51
yavdru ivattu notes idre send maadu pls. #1e1d,Neutral,Individual,Low,0
fest practice ge yar yar barthidira. #20a8,Neutral,Unknown,Low,0
project help madidakke thanks maga. #d100,Neutral,Group,Low,0.03
"guys, ivananna group inda remove maadona, ivan illaadre better ansta. #6d99",Exclusion,Group,Medium,0.25
weekend ge yava movie nodona. #f617,Neutral,Individual,Low,0
"Bjhct, mundina sari nodu yen agutte anta, swalpa limit nodu yaar. #d356",Threat,Individual,Medium,0.99
nee send madida reel super comedy aaytu. #543b,Neutral,Individual,Low,0
yavdru ivattu notes idre send maadu pls. #beee,Neutral,Individual,Low,0
"5 nimisha nalli join agthini, swalpa wait maadu. #f06e",Neutral,Individual,Low,0
"Owtgzfhlz, elli hogidaroo ade tara madthiya, class nalli full time joker ne anta feel agutte. #c1b7",Harassment,Individual,High,0.45
"Qjxswkc, elli hogidaroo ade tara madthiya, yen use illa ninna jothe anta feel agutte. #47e6",Harassment,Individual,High,0.45
"Wqhb, sir ge complaint haakthini nodu, swalpa limit nodu yaar. #16b1",Threat,Individual,High,0.9
"ninna presentation super aaytu, chennag ide. #35d3",Neutral,Unknown,Low,0
"batch, ivananna group inda remove maadona, ivan illaadre better ansta. #33d9",Exclusion,Group,Low,0.24
"Wjgowbas, prati dina reason illade ping madbedi, idu stalking tara kanstide. #80be",Cyberstalking,Individual,Medium,0.54
"Dzoax, elli hogidaroo ade tara madthiya, sakkat dumb idiya yaar anta feel agutte. #e411",Harassment,Individual,Medium,0.53
"5 nimisha nalli join agthini, swalpa wait maadu. #6dd4",Neutral,Unknown,Low,0
"Tolbltdpx, sir ge complaint haakthini nodu, swalpa limit nodu yaar. #c4c8",Threat,Individual,High,0.82
"ninna presentation super aaytu, chennag ide. #63c6",Neutral,Group,Low,0.05
"Qtw, nee complete waste fellow machaa. #abd8",Insult,Individual,High,0.34
ivattu class full bore aaytu. #f230,Neutral,Group,Low,0.04
"Pru, cheap comments madbeda ava bagge, group nalli idu sari alla. #aeb1",Sexual Harassment,Individual,Low,0.59
"Nayeu, nee sakkat dumb idiya yaar dude. #1f7e",Insult,Individual,Medium,0.29
"Tzh, nee sakkat dumb idiya yaar dude. #59c4",Insult,Individual,Medium,0.42
"Bbgepwmvfq, nee yen use illa ninna jothe yaar. #16cb",Insult,Individual,High,0.22
ninne function photos share maadu. #b8b9,Neutral,Unknown,Low,0
ivattu class full bore aaytu. #3748,Neutral,Group,Low,0.02
project help madidakke thanks maga. #a52c,Neutral,Group,Low,0
pizza bekka biryani bekka decide maadi. #4d6c,Neutral,Individual,Low,0.05
ivattu class full bore aaytu. #f6d1,Neutral,Group,Low,0.05
"Lttvvk, nee total loser tara idiya machaa. #98af",Insult,Individual,High,0.3
fest practice ge yar yar barthidira. #4f52,Neutral,Individual,Low,0.02
"ninna presentation super aaytu, chennag ide. #1345",Neutral,Unknown,Low,0
project help madidakke thanks maga. #f098,Neutral,Individual,Low,0
exam tumba tough aaytu but somehow aaytu. #3508,Neutral,Unknown,Low,0
"Msvsg, yake everywhere message madthiya, idu stalking tara kanstide. #3379",Cyberstalking,Individual,Medium,0.64
"network sakkath slow ide, once repeat maadu. #cca4",Neutral,Group,Low,0
"team, ivnanna group nalli add madbeda, ivan illaadre better ansta. #fe73",Exclusion,Group,Low,0.23
weekend ge yava movie nodona. #f80b,Neutral,Group,Low,0
pizza bekka biryani bekka decide maadi. #f05d,Neutral,Group,Low,0.01
nee send madida reel super comedy aaytu. #7802,Neutral,Unknown,Low,0
"ninna presentation super aaytu, chennag ide. #69c6",Neutral,Individual,Low,0
naale extra pen togond baa pls. #1265,Neutral,Unknown,Low,0.05
"Eyushl, nee useless tara behave madthiya dude. #0963",Insult,Individual,Medium,0.44
"Kwpb, nee class nalli full time joker ne re. #2ac6",Insult,Individual,Medium,0.4
ivattu assignment submit maadbeku maga. #fa73,Neutral,Individual,Low,0
"Twwfevhsj, yake everywhere message madthiya, idu stalking tara kanstide. #c205",Cyberstalking,Individual,High,0.63
"Bztkipvbx, elli hogidaroo ade tara madthiya, sakkat dumb idiya yaar anta feel agutte. #be26",Harassment,Individual,Medium,0.46
"Bosy, elli hogidaroo ade tara madthiya, tumba disgusting behaviour anta feel agutte. #a245",Harassment,Individual,Medium,0.59
"naale 9 gante lab ge bartira, late agbeda. #2e7e",Neutral,Group,Low,0
project help madidakke thanks maga. #23de,Neutral,Unknown,Low,0
"network sakkath slow ide, once repeat maadu. #7495",Neutral,Unknown,Low,0
"Vlxp, elli hogidaroo ade tara madthiya, sakkat dumb idiya yaar anta feel agutte. #54af",Harassment,Individual,Medium,0.4
"Csduv, elli hogidaroo ade tara madthiya, tumba irritating agthiya re anta feel agutte. #cdda",Harassment,Individual,Low,0.63
"Jayc, nee tumba disgusting behaviour re. #b06b",Insult,Individual,High,0.27
"Jfnk, nee full time late bartiya re. #4bf8",Insult,Individual,Low,0.25
"Ebt, next time barbeku anta helthini, swalpa limit nodu yaar. #1ad7",Threat,Individual,High,0.72
"Tjrcwreo, nee sakkat dumb idiya yaar re. #86ae",Insult,Individual,Medium,0.43
project help madidakke thanks maga. #1f0a,Neutral,Individual,Low,0.01
"Bqkegd, elli hogidaroo ade tara madthiya, tumba irritating agthiya re anta feel agutte. #1f7d",Harassment,Individual,Medium,0.34
"team, ivananna group inda remove maadona, ivan illaadre better ansta. #388b",Exclusion,Group,Low,0.19
"batch, ivananna group inda remove maadona, ivan illaadre better ansta. #60f7",Exclusion,Group,Medium,0.21
"Ajyetxguu, nee class nalli full time joker ne dude. #5c1d",Insult,Individual,Medium,0.16
"guys, ivananna group inda remove maadona, ivan illaadre better ansta. #06fc",Exclusion,Group,Low,0.45
"Awvz, mundina sari nodu yen agutte anta, swalpa limit nodu yaar. #c4fc",Threat,Individual,High,1
"Ljcnxzvrs, elli hogidaroo ade tara madthiya, tumba irritating agthiya re anta feel agutte. #07fa",Harassment,Individual,High,0.45
yaaru naalege PPT madthare helri. #5d80,Neutral,Unknown,Low,0.05
"Yorun, nee complete waste fellow yaar. #d4aa",Insult,Individual,High,0.44
"network sakkath slow ide, once repeat maadu. #2887",Neutral,Unknown,Low,0
"Jwoxbl, nee full time late bartiya yaar. #a8b9",Insult,Individual,Low,0.11
pizza bekka biryani bekka decide maadi. #35f7,Neutral,Group,Low,0
pizza bekka biryani bekka decide maadi. #3cd8,Neutral,Individual,Low,0.02
"Xfflskk, nee total loser tara idiya yaar. #4f39",Insult,Individual,High,0.4
"Sngv, elli hogidaroo ade tara madthiya, useless tara behave madthiya anta feel agutte. #d29c",Harassment,Individual,High,0.65
pizza bekka biryani bekka decide maadi. #6054,Neutral,Unknown,Low,0
"Phpe, nee tumba disgusting behaviour re. #0fc9",Insult,Individual,High,0.28
"ninna presentation super aaytu, chennag ide. #a1ce",Neutral,Unknown,Low,0.04
"Voxvxke, sir ge complaint haakthini nodu, swalpa limit nodu yaar. #b14c",Threat,Individual,High,0.9
"naale 9 gante lab ge bartira, late agbeda. #4423",Neutral,Individual,Low,0
"Xykzsivaa, yake everywhere message madthiya, idu stalking tara kanstide. #f0d0",Cyberstalking,Individual,Medium,0.5
"Wcvbbecq, nee full time late bartiya re. #93f5",Insult,Individual,Low,0.3
"Ncnurpr, elli hogidaroo ade tara madthiya, tumba irritating agthiya re anta feel agutte. #4ca7",Harassment,Individual,Low,0.31
"Gve, elli hogidaroo ade tara madthiya, class nalli full time joker ne anta feel agutte. #0794",Harassment,Individual,Medium,0.59
"Jedbnlc, nee tumba irritating agthiya re yaar. #9ef3",Insult,Individual,Medium,0.24
"Dhklkx, mundina sari nodu yen agutte anta, swalpa limit nodu yaar. #3776",Threat,Individual,Low,0.59
"5 nimisha nalli join agthini, swalpa wait maadu. #3e2b",Neutral,Individual,Low,0.04
"Wropnpxolc, nee class nalli full time joker ne re. #3b2b",Insult,Individual,Medium,0.37
yavdru ivattu notes idre send maadu pls. #33a9,Neutral,Group,Low,0
"Kkxqnqz, nee reply nodoke tumba time togondiya yaar. #c4b6",Insult,Individual,Low,0.16
yavdru ivattu notes idre send maadu pls. #492b,Neutral,Individual,Low,0.03
"Qktgsdyr, nee class nalli full time joker ne machaa. #87ce",Insult,Individual,Medium,0.25
"Yhsfoc, elli hogidaroo ade tara madthiya, sakkat dumb idiya yaar anta feel agutte. #7b6b",Harassment,Individual,Low,0.68
"gang, plan ge ivananna invite madbeda besseru, ivan illaadre better ansta. #07db",Exclusion,Group,Low,0.24
nee send madida reel super comedy aaytu. #340f,Neutral,Unknown,Low,0.01
"Uwxez, nee sakkat dumb idiya yaar yaar. #9310",Insult,Individual,Medium,0.31
yaaru naalege PPT madthare helri. #fd52,Neutral,Group,Low,0
"ninna presentation super aaytu, chennag ide. #33ed",Neutral,Unknown,Low,0.01
"ninna presentation super aaytu, chennag ide. #6142",Neutral,Individual,Low,0.02
"Hhf, nodu careful iru, illa problem agutte, swalpa limit nodu yaar. #d5b4",Threat,Individual,High,0.89
"Hejmvnyqst, nee sakkat dumb idiya yaar dude. #a4a4",Insult,Individual,Medium,0.23
"Qdzoot, elli hogidaroo ade tara madthiya, tumba disgusting behaviour anta feel agutte. #c88d",Harassment,Individual,High,0.46
"Dvgb, next time barbeku anta helthini, swalpa limit nodu yaar. #3d94",Threat,Individual,Medium,0.8
"Lwmldqz, elli hogidaroo ade tara madthiya, yen use illa ninna jothe anta feel agutte. #06da",Harassment,Individual,Medium,0.39
exam tumba tough aaytu but somehow aaytu. #2153,Neutral,Individual,Low,0
"Jazzwkgmek, elli hogidaroo ade tara madthiya, class nalli full time joker ne anta feel agutte. #6c3c",Harassment,Individual,Low,0.67
ninne function photos share maadu. #f8d1,Neutral,Individual,Low,0.02
exam tumba tough aaytu but somehow aaytu. #fe70,Neutral,Individual,Low,0
"Xylgri, nee class nalli full time joker ne re. #26ab",Insult,Individual,Medium,0.43
"ninna presentation super aaytu, chennag ide. #33b0",Neutral,Unknown,Low,0.01
naale extra pen togond baa pls. #42d0,Neutral,Individual,Low,0.02
"happy birthday, tumba olle varsha agli. #dc95",Neutral,Group,Low,0.03
"Ufqqakaz, nee sakkat dumb idiya yaar dude. #1238",Insult,Individual,Medium,0.44
"Zglizzjelf, a type jokes swalpa stop maadu, group nalli idu sari alla. #ee63",Sexual Harassment,Individual,High,0.82
attendance link haakbidu illi. #247b,Neutral,Individual,Low,0
pizza bekka biryani bekka decide maadi. #f9c8,Neutral,Individual,Low,0
ivattu assignment submit maadbeku maga. #6338,Neutral,Group,Low,0.03
fest practice ge yar yar barthidira. #19d1,Neutral,Individual,Low,0
pizza bekka biryani bekka decide maadi. #0e75,Neutral,Unknown,Low,0
"batch, plan ge ivananna invite madbeda besseru, ivan illaadre better ansta. #431b",Exclusion,Group,Medium,0.4
"5 nimisha nalli join agthini, swalpa wait maadu. #0d9e",Neutral,Unknown,Low,0.05
"Sisnxikzjt, nee yavattu serious agalla machaa. #d901",Insult,Individual,Low,0.37
"Xdpwjv, nodu careful iru, illa problem agutte, swalpa limit nodu yaar. #ddae",Threat,Individual,High,1
"Fgt, nee reply nodoke tumba time togondiya re. #0837",Insult,Individual,Low,0.15
pizza bekka biryani bekka decide maadi. #eaca,Neutral,Individual,Low,0
naale extra pen togond baa pls. #4355,Neutral,Unknown,Low,0
"Slfzqweo, nee ivattu full lazy mode alli idiya dude. #699c",Insult,Individual,Low,0.32
"Gyhuogx, elli hogidaroo ade tara madthiya, class nalli full time joker ne anta feel agutte. #3c9a",Harassment,Individual,Low,0.54
"Dbaemapo, nee tumba irritating agthiya re re. #6b52",Insult,Individual,Medium,0.31
ivattu class full bore aaytu. #9dcf,Neutral,Individual,Low,0
ivattu class full bore aaytu. #3c5f,Neutral,Unknown,Low,0
nee send madida reel super comedy aaytu. #bdd4,Neutral,Group,Low,0
fest practice ge yar yar barthidira. #5439,Neutral,Individual,Low,0.03
weekend ge yava movie nodona. #bfb3,Neutral,Unknown,Low,0
"naale 9 gante lab ge bartira, late agbeda. #b718",Neutral,Group,Low,0
ivattu assignment submit maadbeku maga. #0157,Neutral,Unknown,Low,0
"5 nimisha nalli join agthini, swalpa wait maadu. #e827",Neutral,Unknown,Low,0
"Kkvrkasksy, nee tumba irritating agthiya re yaar. #092a",Insult,Individual,Medium,0.35
"5 nimisha nalli join agthini, swalpa wait maadu. #1fed",Neutral,Individual,Low,0.04
"Ywebjzh, nee complete waste fellow machaa. #5e87",Insult,Individual,High,0.28
"Mivgjtgsjd, nee class nalli full time joker ne dude. #84f6",Insult,Individual,Medium,0.41
yavdru ivattu notes idre send maadu pls. #897a,Neutral,Group,Low,0
"Jcqothuso, nee yen use illa ninna jothe machaa. #ebc1",Insult,Individual,High,0.33
"happy birthday, tumba olle varsha agli. #62f4",Neutral,Group,Low,0
"Mlczqo, nee reply nodoke tumba time togondiya machaa. #76de",Insult,Individual,Low,0.07
"Yyh, nanna status na yavaglu check madthiya, idu stalking tara kanstide. #7fa3",Cyberstalking,Individual,High,0.85
"Fcehaaryko, yake everywhere message madthiya, idu stalking tara kanstide. #816a",Cyberstalking,Individual,High,0.55
ivattu class full bore aaytu. #633b,Neutral,Unknown,Low,0
project help madidakke thanks maga. #3dc4,Neutral,Individual,Low,0
"Xzoaxpzbnb, nee yavattu serious agalla yaar. #9784",Insult,Individual,Low,0.32
"class grp, ivananna group inda remove maadona, ivan illaadre better ansta. #6d67",Exclusion,Group,Low,0.22
ivattu assignment submit maadbeku maga. #e185,Neutral,Unknown,Low,0
exam tumba tough aaytu but somehow aaytu. #e520,Neutral,Individual,Low,0.07
"network sakkath slow ide, once repeat maadu. #dd34",Neutral,Individual,Low,0
"Gwhss, elli hogidaroo ade tara madthiya, total loser tara idiya anta feel agutte. #1d6f",Harassment,Individual,High,0.49
"Evwajw, nee yavattu serious agalla machaa. #cbe1",Insult,Individual,Low,0.26
"team, chat nalli ivnanna ide irboda anta ansta, ivan illaadre better ansta. #d3a3",Exclusion,Group,Low,0.3
"5 nimisha nalli join agthini, swalpa wait maadu. #0447",Neutral,Unknown,Low,0
naale extra pen togond baa pls. #18c3,Neutral,Group,Low,0.06
pizza bekka biryani bekka decide maadi. #06c2,Neutral,Individual,Low,0.01
attendance link haakbidu illi. #a390,Neutral,Unknown,Low,0.01
"network sakkath slow ide, once repeat maadu. #1c6a",Neutral,Unknown,Low,0
yaaru naalege PPT madthare helri. #eed4,Neutral,Individual,Low,0
exam tumba tough aaytu but somehow aaytu. #384b,Neutral,Unknown,Low,0
"review okay aaytu, tension beda. #0270",Neutral,Group,Low,0
"5 nimisha nalli join agthini, swalpa wait maadu. #77a1",Neutral,Unknown,Low,0
"gang, chat nalli ivnanna ide irboda anta ansta, ivan illaadre better ansta. #8035",Exclusion,Group,Medium,0.32
"Vmbwdttx, nee reply nodoke tumba time togondiya yaar. #471c",Insult,Individual,Low,0.32
nee send madida reel super comedy aaytu. #3ae7,Neutral,Group,Low,0
"Sxtbcaeupc, mundina sari nodu yen agutte anta, swalpa limit nodu yaar. #4681",Threat,Individual,High,0.9
"Rvofde, a tara photos haakbeda please, group nalli idu sari alla. #fb66",Sexual Harassment,Individual,High,0.98
"Fjxinwfeb, nee tumba irritating agthiya re yaar. #59a9",Insult,Individual,Medium,0.43
ninne function photos share maadu. #0730,Neutral,Individual,Low,0
exam tumba tough aaytu but somehow aaytu. #46be,Neutral,Individual,Low,0
project help madidakke thanks maga. #d14d,Neutral,Unknown,Low,0.04
"Aeiiajzgca, a type jokes swalpa stop maadu, group nalli idu sari alla. #54eb",Sexual Harassment,Individual,High,0.85
"network sakkath slow ide, once repeat maadu. #6358",Neutral,Group,Low,0
naale extra pen togond baa pls. #08fb,Neutral,Individual,Low,0
exam tumba tough aaytu but somehow aaytu. #4fff,Neutral,Individual,Low,0.02
"happy birthday, tumba olle varsha agli. #be9b",Neutral,Unknown,Low,0
fest practice ge yar yar barthidira. #6cfb,Neutral,Unknown,Low,0
"Eolt, ava body bagge a tara mata beda, group nalli idu sari alla. #3bf1",Sexual Harassment,Individual,Medium,0.93
yavdru ivattu notes idre send maadu pls. #1232,Neutral,Unknown,Low,0
ninne function photos share maadu. #35ec,Neutral,Group,Low,0.03
"Xyszz, a tara photos haakbeda please, group nalli idu sari alla. #905a",Sexual Harassment,Individual,Medium,0.65
"5 nimisha nalli join agthini, swalpa wait maadu. #c6ae",Neutral,Group,Low,0
"Rkvpdbtggr, elli hogidaroo ade tara madthiya, sakkat dumb idiya yaar anta feel agutte. #4d42",Harassment,Individual,Medium,0.41
attendance link haakbidu illi. #d8d1,Neutral,Group,Low,0.03
"happy birthday, tumba olle varsha agli. #b925",Neutral,Individual,Low,0
"Qjyckjxnx, elli hogidaroo ade tara madthiya, useless tara behave madthiya anta feel agutte. #9cf0",Harassment,Individual,High,0.58
"review okay aaytu, tension beda. #e8ae",Neutral,Unknown,Low,0
weekend ge yava movie nodona. #3233,Neutral,Individual,Low,0.02
"ninna presentation super aaytu, chennag ide. #216c",Neutral,Unknown,Low,0.05
exam tumba tough aaytu but somehow aaytu. #b294,Neutral,Individual,Low,0.01
"ninna presentation super aaytu, chennag ide. #b011",Neutral,Individual,Low,0.03
"Tyg, elli hogidaroo ade tara madthiya, complete waste fellow anta feel agutte. #e1bd",Harassment,Individual,Low,0.51
"gang, plan ge ivananna invite madbeda besseru, ivan illaadre better ansta. #2328",Exclusion,Group,Medium,0.37
ninne function photos share maadu. #7945,Neutral,Group,Low,0.04
"Jjmnm, nee yavattu serious agalla dude. #0882",Insult,Individual,Low,0.38
"Gqnqfvx, nee yavattu serious agalla machaa. #a0d2",Insult,Individual,Low,0.4
naale 4gante canteen nalli meet aagona. #a4a3,Neutral,Group,Low,0
exam tumba tough aaytu but somehow aaytu. #b215,Neutral,Group,Low,0.03
attendance link haakbidu illi. #804e,Neutral,Unknown,Low,0.04
"Fqrmyxxqw, elli hogidaroo ade tara madthiya, tumba irritating agthiya re anta feel agutte. #d073",Harassment,Individual,Medium,0.59
nee send madida reel super comedy aaytu. #9ad6,Neutral,Group,Low,0
"Ibrrhwu, nee reply nodoke tumba time togondiya re. #7cca",Insult,Individual,Low,0.32
"Nsczeuzgpp, nee full time late bartiya re. #f43e",Insult,Individual,Low,0.26
pizza bekka biryani bekka decide maadi. #0215,Neutral,Individual,Low,0
ninne function photos share maadu. #0f66,Neutral,Unknown,Low,0
"Cfpbf, elli hogidaroo ade tara madthiya, tumba disgusting behaviour anta feel agutte. #c375",Harassment,Individual,Medium,0.39
"review okay aaytu, tension beda. #9218",Neutral,Unknown,Low,0
"Omkg, nee yavattu serious agalla re. #9b5d",Insult,Individual,Low,0.08
"Dlckjxpjnt, nee ivattu full lazy mode alli idiya yaar. #9661",Insult,Individual,Low,0.19
"Epe, ella platform nalli follow madbeda please, idu stalking tara kanstide. #0228",Cyberstalking,Individual,Low,0.69
"naale 9 gante lab ge bartira, late agbeda. #8c81",Neutral,Individual,Low,0.02
"Ltw, mundina sari nodu yen agutte anta, swalpa limit nodu yaar. #7f21",Threat,Individual,Medium,0.79
"Fwomfleu, nee sakkat dumb idiya yaar yaar. #7a80",Insult,Individual,Medium,0.2
"naale 9 gante lab ge bartira, late agbeda. #c2f7",Neutral,Unknown,Low,0
"Ozxrnxeta, elli hogidaroo ade tara madthiya, useless tara behave madthiya anta feel agutte. #ede2",Harassment,Individual,Medium,0.54
yavdru ivattu notes idre send maadu pls. #94a0,Neutral,Unknown,Low,0.02
"Guajvalz, nee yavattu serious agalla re. #49e7",Insult,Individual,Low,0.33
"Aqiqkfrj, elli hogidaroo ade tara madthiya, yen use illa ninna jothe anta feel agutte. #34cd",Harassment,Individual,Low,0.43
"5 nimisha nalli join agthini, swalpa wait maadu. #b4d4",Neutral,Group,Low,0.03
yaaru naalege PPT madthare helri. #2eca,Neutral,Group,Low,0
"Sadwr, nee complete waste fellow re. #9410",Insult,Individual,High,0.3
fest practice ge yar yar barthidira. #e1bc,Neutral,Unknown,Low,0
"5 nimisha nalli join agthini, swalpa wait maadu. #a87c",Neutral,Individual,Low,0
"Snqrmguvcf, nee ivattu full lazy mode alli idiya machaa. #0664",Insult,Individual,Low,0.22
"Hrvq, elli hogidaroo ade tara madthiya, sakkat dumb idiya yaar anta feel agutte. #701e",Harassment,Individual,High,0.52
"guys, plan ge ivananna invite madbeda besseru, ivan illaadre better ansta. #e3fc",Exclusion,Group,Low,0.4
"network sakkath slow ide, once repeat maadu. #e888",Neutral,Group,Low,0.02
attendance link haakbidu illi. #6854,Neutral,Group,Low,0.04
"Xebtlu, nee yavattu serious agalla re. #8180",Insult,Individual,Low,0.22
"Fofttgguxk, nee useless tara behave madthiya dude. #f864",Insult,Individual,Medium,0.38
"Vngwtzqjy, elli hogidaroo ade tara madthiya, complete waste fellow anta feel agutte. #6068",Harassment,Individual,Medium,0.71
"happy birthday, tumba olle varsha agli. #570e",Neutral,Unknown,Low,0
yaaru naalege PPT madthare helri. #2200,Neutral,Individual,Low,0.02
"Diw, ava body bagge a tara mata beda, group nalli idu sari alla. #b184",Sexual Harassment,Individual,High,0.68
project help madidakke thanks maga. #2b23,Neutral,Individual,Low,0
naale 4gante canteen nalli meet aagona. #dbe7,Neutral,Individual,Low,0
naale extra pen togond baa pls. #1821,Neutral,Unknown,Low,0
ivattu class full bore aaytu. #1daf,Neutral,Unknown,Low,0.05
"Fioxgkgutt, nee complete waste fellow dude. #3ca8",Insult,Individual,High,0.4
ivattu class full bore aaytu. #f2db,Neutral,Unknown,Low,0.01
"ninna presentation super aaytu, chennag ide. #7529",Neutral,Individual,Low,0
project help madidakke thanks maga. #7bf0,Neutral,Unknown,Low,0.07
ivattu assignment submit maadbeku maga. #1c08,Neutral,Group,Low,0.01
"Tdzezzc, nodu careful iru, illa problem agutte, swalpa limit nodu yaar. #e686",Threat,Individual,High,0.88
ivattu assignment submit maadbeku maga. #0021,Neutral,Individual,Low,0
"Ybfpfrz, elli hogidaroo ade tara madthiya, class nalli full time joker ne anta feel agutte. #16b7",Harassment,Individual,Low,0.44
"Ixwt, nee yavattu serious agalla machaa. #2140",Insult,Individual,Low,0.16
attendance link haakbidu illi. #7c7e,Neutral,Individual,Low,0
"happy birthday, tumba olle varsha agli. #b5a8",Neutral,Unknown,Low,0
"Fqwkxtwt, mundina sari nodu yen agutte anta, swalpa limit nodu yaar. #a99e",Threat,Individual,High,0.77
"Wytqfshakk, nee class nalli full time joker ne dude. #28d7",Insult,Individual,Medium,0.22
"Onapjxudb, nee useless tara behave madthiya machaa. #88ba",Insult,Individual,Medium,0.32
"Hsbhkzn, nee tumba irritating agthiya re yaar. #6e4d",Insult,Individual,Medium,0.3
"Watngljvo, elli hogidaroo ade tara madthiya, yen use illa ninna jothe anta feel agutte. #0234",Harassment,Individual,High,0.7
yaaru naalege PPT madthare helri. #2c1c,Neutral,Unknown,Low,0
"review okay aaytu, tension beda. #5b4f",Neutral,Group,Low,0
ivattu class full bore aaytu. #0bdb,Neutral,Group,Low,0
"Vlyykohpi, elli hogidaroo ade tara madthiya, total loser tara idiya anta feel agutte. #9a89",Harassment,Individual,High,0.57
yaaru naalege PPT madthare helri. #407f,Neutral,Individual,Low,0
"Svynkfg, ava body bagge a tara mata beda, group nalli idu sari alla. #3eb4",Sexual Harassment,Individual,High,0.85
"Bhvqk, nee class nalli full time joker ne machaa. #e58f",Insult,Individual,Medium,0.44
weekend ge yava movie nodona. #f290,Neutral,Individual,Low,0.02
"Mwhkftjncj, sir ge complaint haakthini nodu, swalpa limit nodu yaar. #b50c",Threat,Individual,High,0.77
"network sakkath slow ide, once repeat maadu. #5da9",Neutral,Individual,Low,0
project help madidakke thanks maga. #560c,Neutral,Unknown,Low,0.01
"happy birthday, tumba olle varsha agli. #afb8",Neutral,Individual,Low,0
"Jjcqujhn, nanna status na yavaglu check madthiya, idu stalking tara kanstide. #0ab4",Cyberstalking,Individual,High,0.76
"Rrbxfvcbsh, nee class nalli full time joker ne dude. #2030",Insult,Individual,Medium,0.41
attendance link haakbidu illi. #d314,Neutral,Group,Low,0
"Tkzw, nee yavattu serious agalla machaa. #5149",Insult,Individual,Low,0.2
"Tgsklghbr, elli hogidaroo ade tara madthiya, class nalli full time joker ne anta feel agutte. #adc9",Harassment,Individual,High,0.43
ivattu assignment submit maadbeku maga. #7b9e,Neutral,Individual,Low,0.02
nee send madida reel super comedy aaytu. #afb4,Neutral,Group,Low,0
yavdru ivattu notes idre send maadu pls. #d709,Neutral,Individual,Low,0
"Lfvbf, nee reply nodoke tumba time togondiya re. #be4b",Insult,Individual,Low,0.29
"review okay aaytu, tension beda. #9a8c",Neutral,Group,Low,0.01
"Tscxwwsi, mundina sari nodu yen agutte anta, swalpa limit nodu yaar. #1e2f",Threat,Individual,Medium,0.69
"Aic, ella platform nalli follow madbeda please, idu stalking tara kanstide. #bb71",Cyberstalking,Individual,Medium,0.74
"Prlkipazc, ava body bagge a tara mata beda, group nalli idu sari alla. #5999",Sexual Harassment,Individual,High,0.98
"Xtv, elli hogidaroo ade tara madthiya, yen use illa ninna jothe anta feel agutte. #e4fd",Harassment,Individual,Low,0.57
attendance link haakbidu illi. #2bd5,Neutral,Unknown,Low,0
ivattu assignment submit maadbeku maga. #d6ac,Neutral,Unknown,Low,0.01
ivattu class full bore aaytu. #9df1,Neutral,Group,Low,0.03
pizza bekka biryani bekka decide maadi. #ffcd,Neutral,Unknown,Low,0
pizza bekka biryani bekka decide maadi. #9323,Neutral,Group,Low,0.03
"Bshnxhm, nee full time late bartiya machaa. #4215",Insult,Individual,Low,0.23
pizza bekka biryani bekka decide maadi. #f985,Neutral,Individual,Low,0.03
"Ceuwn, nee ivattu full lazy mode alli idiya dude. #0e5b",Insult,Individual,Low,0.26
"Xgcsnhblf, nee tumba irritating agthiya re dude. #8b3d",Insult,Individual,Medium,0.31
"Ylsxc, elli hogidaroo ade tara madthiya, tumba irritating agthiya re anta feel agutte. #31e1",Harassment,Individual,Medium,0.72
"naale 9 gante lab ge bartira, late agbeda. #80b1",Neutral,Unknown,Low,0.02
ninne function photos share maadu. #c667,Neutral,Individual,Low,0.05
ninne function photos share maadu. #7882,Neutral,Unknown,Low,0
"Azja, elli hogidaroo ade tara madthiya, tumba irritating agthiya re anta feel agutte. #df1f",Harassment,Individual,Low,0.53
weekend ge yava movie nodona. #1b13,Neutral,Individual,Low,0
"Rqwy, nee reply nodoke tumba time togondiya re. #a428",Insult,Individual,Low,0.2
"Qvnevcrk, nodu careful iru, illa problem agutte, swalpa limit nodu yaar. #0c3c",Threat,Individual,High,0.95
ninne function photos share maadu. #42ef,Neutral,Group,Low,0.04
"review okay aaytu, tension beda. #733d",Neutral,Unknown,Low,0
project help madidakke thanks maga. #4d5f,Neutral,Group,Low,0
"Wixke, nee ivattu full lazy mode alli idiya dude. #b2b0",Insult,Individual,Low,0.33
pizza bekka biryani bekka decide maadi. #3b89,Neutral,Group,Low,0
"Kejtjzrtc, nee useless tara behave madthiya machaa. #1319",Insult,Individual,Medium,0.27
"Kdis, nee yen use illa ninna jothe dude. #d688",Insult,Individual,High,0.52
nee send madida reel super comedy aaytu. #857a,Neutral,Individual,Low,0
"Viwsvaes, ella platform nalli follow madbeda please, idu stalking tara kanstide. #0118",Cyberstalking,Individual,High,0.83
"Xkopznm, nee ivattu full lazy mode alli idiya yaar. #de28",Insult,Individual,Low,0.32
pizza bekka biryani bekka decide maadi. #de7f,Neutral,Unknown,Low,0
project help madidakke thanks maga. #6073,Neutral,Group,Low,0
"Uoanm, mundina sari nodu yen agutte anta, swalpa limit nodu yaar. #132d",Threat,Individual,High,0.9
"Oea, nee useless tara behave madthiya re. #3292",Insult,Individual,Medium,0.36
"team, chat nalli ivnanna ide irboda anta ansta, ivan illaadre better ansta. #d53f",Exclusion,Group,Medium,0.37
exam tumba tough aaytu but somehow aaytu. #2749,Neutral,Unknown,Low,0
attendance link haakbidu illi. #272f,Neutral,Individual,Low,0.03
"Gthcmixtas, nee class nalli full time joker ne machaa. #b990",Insult,Individual,Medium,0.15
"gang, ivnanna group nalli add madbeda, ivan illaadre better ansta. #edda",Exclusion,Group,Medium,0.37
naale 4gante canteen nalli meet aagona. #f737,Neutral,Group,Low,0
yavdru ivattu notes idre send maadu pls. #15e4,Neutral,Group,Low,0
ivattu assignment submit maadbeku maga. #4190,Neutral,Individual,Low,0
"team, plan ge ivananna invite madbeda besseru, ivan illaadre better ansta. #2b7a",Exclusion,Group,Medium,0.51
"naale 9 gante lab ge bartira, late agbeda. #59ad",Neutral,Unknown,Low,0
"Edgalj, nee tumba disgusting behaviour re. #f323",Insult,Individual,High,0.3
"Subg, nee tumba irritating agthiya re machaa. #fbac",Insult,Individual,Medium,0.24
"Cfksott, cheap comments madbeda ava bagge, group nalli idu sari alla. #028b",Sexual Harassment,Individual,Low,0.63
project help madidakke thanks maga. #162a,Neutral,Group,Low,0
"naale 9 gante lab ge bartira, late agbeda. #6231",Neutral,Unknown,Low,0
ninne function photos share maadu. #1ba3,Neutral,Individual,Low,0
"Rcrkdhh, nee yen use illa ninna jothe yaar. #ac5c",Insult,Individual,High,0.35
"Pcsewzvrrt, nee reply nodoke tumba time togondiya re. #e413",Insult,Individual,Low,0.23
project help madidakke thanks maga. #5281,Neutral,Group,Low,0
ninne function photos share maadu. #5e26,Neutral,Group,Low,0
"happy birthday, tumba olle varsha agli. #cee6",Neutral,Group,Low,0.01
"network sakkath slow ide, once repeat maadu. #470b",Neutral,Unknown,Low,0
"Dyddkxnp, mundina sari nodu yen agutte anta, swalpa limit nodu yaar. #792b",Threat,Individual,High,1
naale extra pen togond baa pls. #14d6,Neutral,Individual,Low,0
"Nkwbfyp, nee ivattu full lazy mode alli idiya machaa. #75bf",Insult,Individual,Low,0.13
attendance link haakbidu illi. #43de,Neutral,Unknown,Low,0.03
"Kck, nanna status na yavaglu check madthiya, idu stalking tara kanstide. #b672",Cyberstalking,Individual,Medium,0.55
ninne function photos share maadu. #85cb,Neutral,Individual,Low,0
"Soxipnxzf, nee sakkat dumb idiya yaar re. #c948",Insult,Individual,Medium,0.25
"naale 9 gante lab ge bartira, late agbeda. #eb21",Neutral,Unknown,Low,0.01
"Xsicy, nanna status na yavaglu check madthiya, idu stalking tara kanstide. #4923",Cyberstalking,Individual,Low,0.46
"Flhvsixdq, nee tumba irritating agthiya re machaa. #6edf",Insult,Individual,Medium,0.42
yavdru ivattu notes idre send maadu pls. #367d,Neutral,Individual,Low,0
fest practice ge yar yar barthidira. #8e6e,Neutral,Individual,Low,0
project help madidakke thanks maga. #b740,Neutral,Individual,Low,0.01
"Rkmjugjom, elli hogidaroo ade tara madthiya, tumba irritating agthiya re anta feel agutte. #1227",Harassment,Individual,High,0.43
project help madidakke thanks maga. #e550,Neutral,Individual,Low,0.03
ivattu assignment submit maadbeku maga. #d7a9,Neutral,Individual,Low,0
"team, ivananna group inda remove maadona, ivan illaadre better ansta. #ee54",Exclusion,Group,Medium,0.33
"network sakkath slow ide, once repeat maadu. #6da9",Neutral,Individual,Low,0
"Lkjcjya, elli hogidaroo ade tara madthiya, tumba disgusting behaviour anta feel agutte. #d6ed",Harassment,Individual,Medium,0.76
yavdru ivattu notes idre send maadu pls. #03b6,Neutral,Group,Low,0.03
"Fma, elli hogidaroo ade tara madthiya, sakkat dumb idiya yaar anta feel agutte. #b055",Harassment,Individual,High,0.73
"Xmej, nee sakkat dumb idiya yaar machaa. #24a8",Insult,Individual,Medium,0.33
exam tumba tough aaytu but somehow aaytu. #3837,Neutral,Individual,Low,0.02
"batch, plan ge ivananna invite madbeda besseru, ivan illaadre better ansta. #c3af",Exclusion,Group,Medium,0.37
"happy birthday, tumba olle varsha agli. #0ac7",Neutral,Unknown,Low,0
"review okay aaytu, tension beda. #4c10",Neutral,Unknown,Low,0
"Zfq, nee reply nodoke tumba time togondiya yaar. #ebc0",Insult,Individual,Low,0.31
"network sakkath slow ide, once repeat maadu. #f0de",Neutral,Individual,Low,0.04
fest practice ge yar yar barthidira. #c666,Neutral,Individual,Low,0
exam tumba tough aaytu but somehow aaytu. #c3b8,Neutral,Unknown,Low,0
ninne function photos share maadu. #6d79,Neutral,Group,Low,0
"happy birthday, tumba olle varsha agli. #6368",Neutral,Individual,Low,0.02
"Uhesubqkz, nee sakkat dumb idiya yaar yaar. #ca6b",Insult,Individual,Medium,0.39
"Ksak, elli hogidaroo ade tara madthiya, tumba irritating agthiya re anta feel agutte. #0198",Harassment,Individual,Medium,0.63
"team, ivananna group inda remove maadona, ivan illaadre better ansta. #47d5",Exclusion,Group,Medium,0.23
"Waagwil, nee tumba irritating agthiya re dude. #a99a",Insult,Individual,Medium,0.29
"team, ivnanna group nalli add madbeda, ivan illaadre better ansta. #21cf",Exclusion,Group,Medium,0.32
"naale 9 gante lab ge bartira, late agbeda. #a935",Neutral,Individual,Low,0
attendance link haakbidu illi. #3b59,Neutral,Individual,Low,0
"Tywkpolew, nee tumba irritating agthiya re dude. #71da",Insult,Individual,Medium,0.17
"batch, plan ge ivananna invite madbeda besseru, ivan illaadre better ansta. #c1ef",Exclusion,Group,High,0.35
fest practice ge yar yar barthidira. #fe1d,Neutral,Group,Low,0
yaaru naalege PPT madthare helri. #4372,Neutral,Unknown,Low,0.04
"Cci, next time barbeku anta helthini, swalpa limit nodu yaar. #f859",Threat,Individual,High,1
"Obiystbsno, ella platform nalli follow madbeda please, idu stalking tara kanstide. #5748",Cyberstalking,Individual,Medium,0.65
exam tumba tough aaytu but somehow aaytu. #9c9d,Neutral,Individual,Low,0.06
ivattu class full bore aaytu. #d47e,Neutral,Group,Low,0
nee send madida reel super comedy aaytu. #5880,Neutral,Group,Low,0.04
"Mkqo, nee yen use illa ninna jothe re. #f8dd",Insult,Individual,High,0.41
ninne function photos share maadu. #342e,Neutral,Group,Low,0
"Ysdfp, mundina sari nodu yen agutte anta, swalpa limit nodu yaar. #b718",Threat,Individual,High,0.88
"Uqj, nee tumba irritating agthiya re yaar. #233a",Insult,Individual,Medium,0.18
"Gongdqk, a type jokes swalpa stop maadu, group nalli idu sari alla. #404d",Sexual Harassment,Individual,Medium,0.82
"Irwdixj, yake everywhere message madthiya, idu stalking tara kanstide. #1ea1",Cyberstalking,Individual,Low,0.72
"Ehy, elli hogidaroo ade tara madthiya, tumba disgusting behaviour anta feel agutte. #7598",Harassment,Individual,Medium,0.66
naale 4gante canteen nalli meet aagona. #a940,Neutral,Group,Low,0.02
"team, chat nalli ivnanna ide irboda anta ansta, ivan illaadre better ansta. #cf07",Exclusion,Group,Medium,0.28
"Qorwvxhv, nee complete waste fellow dude. #d3cd",Insult,Individual,High,0.51
"Luwsb, next time barbeku anta helthini, swalpa limit nodu yaar. #4bde",Threat,Individual,Medium,1
"happy birthday, tumba olle varsha agli. #0c1e",Neutral,Unknown,Low,0
ivattu class full bore aaytu. #96d0,Neutral,Group,Low,0
weekend ge yava movie nodona. #0af5,Neutral,Individual,Low,0.03
"network sakkath slow ide, once repeat maadu. #460b",Neutral,Group,Low,0.02
nee send madida reel super comedy aaytu. #aea1,Neutral,Group,Low,0.02
"Jmz, nanna status na yavaglu check madthiya, idu stalking tara kanstide. #5588",Cyberstalking,Individual,Medium,0.64
"Wdkwzwlbv, yake everywhere message madthiya, idu stalking tara kanstide. #4851",Cyberstalking,Individual,Low,0.49
"network sakkath slow ide, once repeat maadu. #3656",Neutral,Group,Low,0
"Ifuud, ella platform nalli follow madbeda please, idu stalking tara kanstide. #8e01",Cyberstalking,Individual,Medium,0.44
"5 nimisha nalli join agthini, swalpa wait maadu. #4184",Neutral,Individual,Low,0
weekend ge yava movie nodona. #9d73,Neutral,Individual,Low,0
ivattu class full bore aaytu. #9aa0,Neutral,Group,Low,0
ivattu assignment submit maadbeku maga. #04d1,Neutral,Individual,Low,0
"ninna presentation super aaytu, chennag ide. #02ca",Neutral,Unknown,Low,0
nee send madida reel super comedy aaytu. #3a5d,Neutral,Unknown,Low,0.02
"ninna presentation super aaytu, chennag ide. #07d5",Neutral,Group,Low,0
nee send madida reel super comedy aaytu. #ceed,Neutral,Individual,Low,0.04
"Sxoct, ella platform nalli follow madbeda please, idu stalking tara kanstide. #fe7f",Cyberstalking,Individual,Low,0.52
fest practice ge yar yar barthidira. #4d94,Neutral,Individual,Low,0.05
"naale 9 gante lab ge bartira, late agbeda. #0fa6",Neutral,Group,Low,0
weekend ge yava movie nodona. #94ec,Neutral,Group,Low,0
"Zzssbufdy, yake everywhere message madthiya, idu stalking tara kanstide. #4fce",Cyberstalking,Individual,High,0.66
"network sakkath slow ide, once repeat maadu. #7d87",Neutral,Group,Low,0
"Sqgmyfbo, mundina sari nodu yen agutte anta, swalpa limit nodu yaar. #b6d6",Threat,Individual,High,0.74
"Masea, nee sakkat dumb idiya yaar re. #8455",Insult,Individual,Medium,0.23
"Pwdynmlp, elli hogidaroo ade tara madthiya, sakkat dumb idiya yaar anta feel agutte. #d94a",Harassment,Individual,Medium,0.52
"naale 9 gante lab ge bartira, late agbeda. #b0ae",Neutral,Group,Low,0
naale extra pen togond baa pls. #2479,Neutral,Group,Low,0
exam tumba tough aaytu but somehow aaytu. #1deb,Neutral,Group,Low,0
"Shjbqh, nee yavattu serious agalla machaa. #24ef",Insult,Individual,Low,0.34
"Sfan, next time barbeku anta helthini, swalpa limit nodu yaar. #532c",Threat,Individual,High,0.88
"Onwfe, nee reply nodoke tumba time togondiya re. #d33f",Insult,Individual,Low,0.31
ivattu class full bore aaytu. #f664,Neutral,Unknown,Low,0
"Qacop, next time barbeku anta helthini, swalpa limit nodu yaar. #5897",Threat,Individual,High,0.75
"5 nimisha nalli join agthini, swalpa wait maadu. #9361",Neutral,Individual,Low,0
"Whtcaxg, elli hogidaroo ade tara madthiya, useless tara behave madthiya anta feel agutte. #2f04",Harassment,Individual,High,0.56
"Subnnupxip, nodu careful iru, illa problem agutte, swalpa limit nodu yaar. #79bc",Threat,Individual,High,0.94
"Rhq, elli hogidaroo ade tara madthiya, yen use illa ninna jothe anta feel agutte. #37c2",Harassment,Individual,Low,0.54
"Pwpztyluhg, sir ge complaint haakthini nodu, swalpa limit nodu yaar. #0cf7",Threat,Individual,Medium,0.64
"5 nimisha nalli join agthini, swalpa wait maadu. #7464",Neutral,Individual,Low,0.04
"naale 9 gante lab ge bartira, late agbeda. #565d",Neutral,Group,Low,0
"Qhsmwy, nee tumba irritating agthiya re dude. #53a3",Insult,Individual,Medium,0.17
nee send madida reel super comedy aaytu. #b5b3,Neutral,Unknown,Low,0.04
yavdru ivattu notes idre send maadu pls. #6c5c,Neutral,Individual,Low,0
"Wvwupsjnx, yake everywhere message madthiya, idu stalking tara kanstide. #ef9c",Cyberstalking,Individual,High,0.61
"Xchsktwjy, nee useless tara behave madthiya machaa. #35f0",Insult,Individual,Medium,0.3
"Fhukubctio, elli hogidaroo ade tara madthiya, yen use illa ninna jothe anta feel agutte. #62b3",Harassment,Individual,Low,0.58
"Ljystpvos, nee reply nodoke tumba time togondiya yaar. #9cd9",Insult,Individual,Low,0.3
"Azad, next time barbeku anta helthini, swalpa limit nodu yaar. #0ff6",Threat,Individual,High,0.73
"Pkskdisy, nee class nalli full time joker ne yaar. #ce5c",Insult,Individual,Medium,0.26
pizza bekka biryani bekka decide maadi. #84a0,Neutral,Unknown,Low,0.03
"Vujxwsmnlw, nee tumba disgusting behaviour re. #0cba",Insult,Individual,High,0.31
"Odso, nodu careful iru, illa problem agutte, swalpa limit nodu yaar. #cd65",Threat,Individual,Medium,0.69
ivattu class full bore aaytu. #5c18,Neutral,Group,Low,0
yavdru ivattu notes idre send maadu pls. #6b14,Neutral,Individual,Low,0
"Iapp, nee full time late bartiya yaar. #d6b3",Insult,Individual,Low,0.32
"Pim, prati dina reason illade ping madbedi, idu stalking tara kanstide. #5ace",Cyberstalking,Individual,Medium,0.85
"Odyf, mundina sari nodu yen agutte anta, swalpa limit nodu yaar. #bd63",Threat,Individual,Medium,0.72
"review okay aaytu, tension beda. #6022",Neutral,Group,Low,0.02
"Pgkxapryc, elli hogidaroo ade tara madthiya, tumba irritating agthiya re anta feel agutte. #a9fd",Harassment,Individual,High,0.54
"Ixnxvcfvm, nee reply nodoke tumba time togondiya yaar. #61bb",Insult,Individual,Low,0.3
"Fokmwjihs, nee tumba irritating agthiya re yaar. #f22c",Insult,Individual,Medium,0.23
pizza bekka biryani bekka decide maadi. #2138,Neutral,Unknown,Low,0
ivattu class full bore aaytu. #e61e,Neutral,Unknown,Low,0
"Pufyz, nee class nalli full time joker ne machaa. #4f96",Insult,Individual,Medium,0.22
"review okay aaytu, tension beda. #60a2",Neutral,Unknown,Low,0
"happy birthday, tumba olle varsha agli. #cccb",Neutral,Individual,Low,0.05
"Pinafc, elli hogidaroo ade tara madthiya, complete waste fellow anta feel agutte. #86b5",Harassment,Individual,High,0.47
"ninna presentation super aaytu, chennag ide. #09fb",Neutral,Unknown,Low,0
"Krtfehwl, nee tumba irritating agthiya re machaa. #d36f",Insult,Individual,Medium,0.37
"Azveye, nee useless tara behave madthiya re. #49c0",Insult,Individual,Medium,0.43
"Dlxglztunj, elli hogidaroo ade tara madthiya, tumba disgusting behaviour anta feel agutte. #1f50",Harassment,Individual,Medium,0.42
"Vlkbove, nee full time late bartiya re. #6001",Insult,Individual,Low,0.31
"class grp, chat nalli ivnanna ide irboda anta ansta, ivan illaadre better ansta. #66d6",Exclusion,Group,Low,0.31
"Rduakqad, elli hogidaroo ade tara madthiya, tumba disgusting behaviour anta feel agutte. #4ac7",Harassment,Individual,High,0.81
project help madidakke thanks maga. #ff9b,Neutral,Group,Low,0.03
"Hjooix, elli hogidaroo ade tara madthiya, class nalli full time joker ne anta feel agutte. #3566",Harassment,Individual,Medium,0.64
"Fqdtclafg, nanna status na yavaglu check madthiya, idu stalking tara kanstide. #9bd2",Cyberstalking,Individual,Medium,0.78
"Kfd, nee tumba irritating agthiya re machaa. #751f",Insult,Individual,Medium,0.24
"batch, ivnanna group nalli add madbeda, ivan illaadre better ansta. #f6d7",Exclusion,Group,Low,0.31
"naale 9 gante lab ge bartira, late agbeda. #7a8f",Neutral,Unknown,Low,0.04
"Mnlgto, nee class nalli full time joker ne machaa. #a990",Insult,Individual,Medium,0.26
"Odhdzutr, mundina sari nodu yen agutte anta, swalpa limit nodu yaar. #1132",Threat,Individual,High,0.94
"Hskfkpipp, nanna status na yavaglu check madthiya, idu stalking tara kanstide. #0fda",Cyberstalking,Individual,High,0.86
"review okay aaytu, tension beda. #f580",Neutral,Unknown,Low,0
weekend ge yava movie nodona. #5a9d,Neutral,Unknown,Low,0
"happy birthday, tumba olle varsha agli. #6bb7",Neutral,Group,Low,0
project help madidakke thanks maga. #54fb,Neutral,Group,Low,0
"Ksvrasmzfq, a type jokes swalpa stop maadu, group nalli idu sari alla. #680f",Sexual Harassment,Individual,Medium,0.84
"batch, chat nalli ivnanna ide irboda anta ansta, ivan illaadre better ansta. #1521",Exclusion,Group,Medium,0.38
"Hsuqxhnmna, a type jokes swalpa stop maadu, group nalli idu sari alla. #6e9b",Sexual Harassment,Individual,High,0.66
"Vuj, nee full time late bartiya machaa. #3f95",Insult,Individual,Low,0.17
"happy birthday, tumba olle varsha agli. #7d10",Neutral,Unknown,Low,0
ivattu assignment submit maadbeku maga. #4877,Neutral,Group,Low,0.04
"Cook, nee class nalli full time joker ne re. #553b",Insult,Individual,Medium,0.37
nee send madida reel super comedy aaytu. #6231,Neutral,Unknown,Low,0.02
"Wrzalg, nee ivattu full lazy mode alli idiya dude. #8573",Insult,Individual,Low,0.19
"network sakkath slow ide, once repeat maadu. #aa56",Neutral,Unknown,Low,0.02
yaaru naalege PPT madthare helri. #46f4,Neutral,Group,Low,0
"Djxsf, cheap comments madbeda ava bagge, group nalli idu sari alla. #075b",Sexual Harassment,Individual,High,0.74
exam tumba tough aaytu but somehow aaytu. #3dd7,Neutral,Unknown,Low,0
"team, plan ge ivananna invite madbeda besseru, ivan illaadre better ansta. #ec63",Exclusion,Group,Low,0.42
"Slozhxyz, nee full time late bartiya machaa. #1eb5",Insult,Individual,Low,0.22
"Pvelajbfkw, mundina sari nodu yen agutte anta, swalpa limit nodu yaar. #db77",Threat,Individual,Medium,0.92
"Ylzpueb, mundina sari nodu yen agutte anta, swalpa limit nodu yaar. #d634",Threat,Individual,High,0.76
"team, ivnanna group nalli add madbeda, ivan illaadre better ansta. #0c19",Exclusion,Group,Low,0.23
yavdru ivattu notes idre send maadu pls. #f9ae,Neutral,Individual,Low,0.02
"Eupam, ava body bagge a tara mata beda, group nalli idu sari alla. #67fc",Sexual Harassment,Individual,Medium,0.75
"Xwuqbvhz, nee reply nodoke tumba time togondiya dude. #38ba",Insult,Individual,Low,0.17
"happy birthday, tumba olle varsha agli. #6f3d",Neutral,Individual,Low,0.02
"happy birthday, tumba olle varsha agli. #8338",Neutral,Unknown,Low,0.04
"Swraiw, nee useless tara behave madthiya dude. #1145",Insult,Individual,Medium,0.36
"Xobs, nodu careful iru, illa problem agutte, swalpa limit nodu yaar. #9b1d",Threat,Individual,Medium,0.66
ivattu assignment submit maadbeku maga. #3be9,Neutral,Individual,Low,0
"Rdlbd, ava body bagge a tara mata beda, group nalli idu sari alla. #9263",Sexual Harassment,Individual,High,0.74
ninne function photos share maadu. #1f2f,Neutral,Unknown,Low,0.02
"Pzxusjpi, nee full time late bartiya machaa. #dd1d",Insult,Individual,Low,0.31
"Huhcykypdn, nee useless tara behave madthiya yaar. #39e8",Insult,Individual,Medium,0.33
yaaru naalege PPT madthare helri. #f976,Neutral,Group,Low,0.02
exam tumba tough aaytu but somehow aaytu. #52c0,Neutral,Individual,Low,0.06
"Xorbit, nee total loser tara idiya dude. #f017",Insult,Individual,High,0.43
yaaru naalege PPT madthare helri. #adf2,Neutral,Group,Low,0
"Jniy, nee reply nodoke tumba time togondiya machaa. #1908",Insult,Individual,Low,0.33
"network sakkath slow ide, once repeat maadu. #6186",Neutral,Unknown,Low,0
pizza bekka biryani bekka decide maadi. #40e2,Neutral,Group,Low,0
"guys, chat nalli ivnanna ide irboda anta ansta, ivan illaadre better ansta. #3104",Exclusion,Group,High,0.47
nee send madida reel super comedy aaytu. #4a80,Neutral,Individual,Low,0
"Heneoo, elli hogidaroo ade tara madthiya, complete waste fellow anta feel agutte. #31f3",Harassment,Individual,Medium,0.5
"5 nimisha nalli join agthini, swalpa wait maadu. #b233",Neutral,Unknown,Low,0.04
"Ittgzcg, elli hogidaroo ade tara madthiya, total loser tara idiya anta feel agutte. #a886",Harassment,Individual,High,0.62
"Nqiwtavkh, nee class nalli full time joker ne dude. #91f6",Insult,Individual,Medium,0.46
"Dwwygdpot, nee reply nodoke tumba time togondiya yaar. #e810",Insult,Individual,Low,0.14
ivattu assignment submit maadbeku maga. #f6c4,Neutral,Individual,Low,0.04
"happy birthday, tumba olle varsha agli. #10fb",Neutral,Unknown,Low,0
"Gcdliyvh, nee sakkat dumb idiya yaar dude. #2e2f",Insult,Individual,Medium,0.43
"network sakkath slow ide, once repeat maadu. #5f6b",Neutral,Individual,Low,0
weekend ge yava movie nodona. #30c8,Neutral,Individual,Low,0
"Udzyhkbne, nee tumba irritating agthiya re yaar. #c86a",Insult,Individual,Medium,0.37
yaaru naalege PPT madthare helri. #9732,Neutral,Group,Low,0
"Nrcymr, nee tumba irritating agthiya re re. #c1d4",Insult,Individual,Medium,0.28
ivattu assignment submit maadbeku maga. #5e7b,Neutral,Individual,Low,0.04
"Kzx, nee class nalli full time joker ne dude. #8bf5",Insult,Individual,Medium,0.42
"Pjqkuot, elli hogidaroo ade tara madthiya, class nalli full time joker ne anta feel agutte. #267f",Harassment,Individual,Medium,0.62
weekend ge yava movie nodona. #e11b,Neutral,Group,Low,0
"ninna presentation super aaytu, chennag ide. #5b49",Neutral,Unknown,Low,0
"Bpu, nee class nalli full time joker ne re. #261b",Insult,Individual,Medium,0.25
weekend ge yava movie nodona. #e49d,Neutral,Unknown,Low,0
"ninna presentation super aaytu, chennag ide. #75e1",Neutral,Individual,Low,0
"Ghdzyl, elli hogidaroo ade tara madthiya, tumba disgusting behaviour anta feel agutte. #8501",Harassment,Individual,High,0.66
yaaru naalege PPT madthare helri. #b1d8,Neutral,Group,Low,0
attendance link haakbidu illi. #30ed,Neutral,Individual,Low,0
"guys, plan ge ivananna invite madbeda besseru, ivan illaadre better ansta. #13f2",Exclusion,Group,High,0.29
"Twaa, elli hogidaroo ade tara madthiya, yen use illa ninna jothe anta feel agutte. #6203",Harassment,Individual,High,0.66
"Ltlcpz, elli hogidaroo ade tara madthiya, total loser tara idiya anta feel agutte. #ae29",Harassment,Individual,Medium,0.51
"naale 9 gante lab ge bartira, late agbeda. #6ddf",Neutral,Individual,Low,0
"5 nimisha nalli join agthini, swalpa wait maadu. #8eca",Neutral,Group,Low,0
yaaru naalege PPT madthare helri. #aa5d,Neutral,Group,Low,0
"Mxrh, yake everywhere message madthiya, idu stalking tara kanstide. #2296",Cyberstalking,Individual,Medium,0.65
attendance link haakbidu illi. #2b00,Neutral,Group,Low,0.02
ivattu assignment submit maadbeku maga. #ad0f,Neutral,Unknown,Low,0
"naale 9 gante lab ge bartira, late agbeda. #ac55",Neutral,Unknown,Low,0
"Oamd, yake everywhere message madthiya, idu stalking tara kanstide. #85aa",Cyberstalking,Individual,Low,0.62
ivattu assignment submit maadbeku maga. #20da,Neutral,Individual,Low,0
"Iaacscvyu, nanna status na yavaglu check madthiya, idu stalking tara kanstide. #1233",Cyberstalking,Individual,Medium,0.62
"Jcdni, elli hogidaroo ade tara madthiya, tumba irritating agthiya re anta feel agutte. #6462",Harassment,Individual,High,0.72
"network sakkath slow ide, once repeat maadu. #4eb5",Neutral,Individual,Low,0.05
"network sakkath slow ide, once repeat maadu. #df7c",Neutral,Unknown,Low,0
weekend ge yava movie nodona. #6e57,Neutral,Individual,Low,0
weekend ge yava movie nodona. #145e,Neutral,Individual,Low,0.01
"network sakkath slow ide, once repeat maadu. #bddb",Neutral,Unknown,Low,0.04
"team, chat nalli ivnanna ide irboda anta ansta, ivan illaadre better ansta. #1da1",Exclusion,Group,Low,0.19
ivattu class full bore aaytu. #872c,Neutral,Group,Low,0.02
"Hnytpbdvnq, mundina sari nodu yen agutte anta, swalpa limit nodu yaar. #1888",Threat,Individual,Medium,0.73
"Biazsgpa, mundina sari nodu yen agutte anta, swalpa limit nodu yaar. #b6e3",Threat,Individual,Low,0.9
"Xtl, nee sakkat dumb idiya yaar re. #e6ea",Insult,Individual,Medium,0.35
"ninna presentation super aaytu, chennag ide. #3831",Neutral,Unknown,Low,0.06
"ninna presentation super aaytu, chennag ide. #d827",Neutral,Group,Low,0.02
"batch, chat nalli ivnanna ide irboda anta ansta, ivan illaadre better ansta. #b391",Exclusion,Group,Low,0.35
"Mqz, nee complete waste fellow re. #f612",Insult,Individual,High,0.4
weekend ge yava movie nodona. #a86b,Neutral,Group,Low,0
"naale 9 gante lab ge bartira, late agbeda. #55a5",Neutral,Group,Low,0
attendance link haakbidu illi. #df1d,Neutral,Unknown,Low,0
weekend ge yava movie nodona. #5e06,Neutral,Individual,Low,0
"Huzaysll, nanna status na yavaglu check madthiya, idu stalking tara kanstide. #943f",Cyberstalking,Individual,High,0.89
"ninna presentation super aaytu, chennag ide. #2f36",Neutral,Individual,Low,0
"Hugb, nee ivattu full lazy mode alli idiya yaar. #242d",Insult,Individual,Low,0.17
attendance link haakbidu illi. #6b16,Neutral,Unknown,Low,0
"Fhfbr, elli hogidaroo ade tara madthiya, total loser tara idiya anta feel agutte. #0fa6",Harassment,Individual,Low,0.4
"gang, chat nalli ivnanna ide irboda anta ansta, ivan illaadre better ansta. #8f8f",Exclusion,Group,High,0.44
"Nxrf, yake everywhere message madthiya, idu stalking tara kanstide. #46ab",Cyberstalking,Individual,Medium,0.68
"Ldth, nee tumba irritating agthiya re yaar. #66e1",Insult,Individual,Medium,0.38
naale extra pen togond baa pls. #35fc,Neutral,Individual,Low,0.01
"5 nimisha nalli join agthini, swalpa wait maadu. #9f8c",Neutral,Group,Low,0.03
"guys, ivnanna group nalli add madbeda, ivan illaadre better ansta. #9a94",Exclusion,Group,Low,0.23
"Bzexripp, nee yen use illa ninna jothe re. #6e77",Insult,Individual,High,0.4
"Dkzhgxb, elli hogidaroo ade tara madthiya, tumba disgusting behaviour anta feel agutte. #8fdc",Harassment,Individual,Medium,0.37
"naale 9 gante lab ge bartira, late agbeda. #4c64",Neutral,Unknown,Low,0.02
ivattu class full bore aaytu. #18ab,Neutral,Group,Low,0
"Suugandzrs, nee complete waste fellow re. #82fd",Insult,Individual,High,0.25
yaaru naalege PPT madthare helri. #f0d8,Neutral,Group,Low,0.04
naale 4gante canteen nalli meet aagona. #d991,Neutral,Unknown,Low,0
"Tudeaofxxb, nee full time late bartiya machaa. #6a4b",Insult,Individual,Low,0.3
"Styz, mundina sari nodu yen agutte anta, swalpa limit nodu yaar. #db42",Threat,Individual,Medium,0.98
weekend ge yava movie nodona. #a55e,Neutral,Group,Low,0.02
exam tumba tough aaytu but somehow aaytu. #ae39,Neutral,Individual,Low,0.04
"Zktxtvhbac, nee full time late bartiya re. #dd94",Insult,Individual,Low,0.13
"ninna presentation super aaytu, chennag ide. #cfdb",Neutral,Group,Low,0
"Ababjba, elli hogidaroo ade tara madthiya, complete waste fellow anta feel agutte. #531c",Harassment,Individual,Medium,0.52
"Jxrzol, next time barbeku anta helthini, swalpa limit nodu yaar. #712d",Threat,Individual,Medium,0.81
yavdru ivattu notes idre send maadu pls. #3380,Neutral,Individual,Low,0.05
"Cqdf, ella platform nalli follow madbeda please, idu stalking tara kanstide. #51fd",Cyberstalking,Individual,Medium,0.73
"happy birthday, tumba olle varsha agli. #6df9",Neutral,Individual,Low,0
ivattu class full bore aaytu. #a6b9,Neutral,Group,Low,0
"Ubwh, a tara photos haakbeda please, group nalli idu sari alla. #ec9c",Sexual Harassment,Individual,High,0.91
"Dnqijimsn, nee useless tara behave madthiya machaa. #3501",Insult,Individual,Medium,0.16
naale 4gante canteen nalli meet aagona. #dc08,Neutral,Group,Low,0.01
"gang, ivnanna group nalli add madbeda, ivan illaadre better ansta. #4523",Exclusion,Group,Medium,0.28
"Aasvjmk, elli hogidaroo ade tara madthiya, class nalli full time joker ne anta feel agutte. #73f3",Harassment,Individual,Medium,0.7
"team, plan ge ivananna invite madbeda besseru, ivan illaadre better ansta. #ff9a",Exclusion,Group,Medium,0.26
"Hieldsdr, a type jokes swalpa stop maadu, group nalli idu sari alla. #4e4d",Sexual Harassment,Individual,High,0.7
"naale 9 gante lab ge bartira, late agbeda. #2c4a",Neutral,Unknown,Low,0
"network sakkath slow ide, once repeat maadu. #b548",Neutral,Unknown,Low,0
project help madidakke thanks maga. #9d59,Neutral,Unknown,Low,0.01
"Izoppdi, nee class nalli full time joker ne yaar. #36df",Insult,Individual,Medium,0.44
"Xawcllji, mundina sari nodu yen agutte anta, swalpa limit nodu yaar. #93e8",Threat,Individual,High,1
weekend ge yava movie nodona. #9f13,Neutral,Unknown,Low,0
"Ghkwifawk, nee tumba irritating agthiya re yaar. #22fa",Insult,Individual,Medium,0.45
"Equwwyepms, prati dina reason illade ping madbedi, idu stalking tara kanstide. #c179",Cyberstalking,Individual,High,0.77
fest practice ge yar yar barthidira. #4009,Neutral,Unknown,Low,0.03
pizza bekka biryani bekka decide maadi. #f9f0,Neutral,Individual,Low,0.03
nee send madida reel super comedy aaytu. #0cc5,Neutral,Group,Low,0.02
weekend ge yava movie nodona. #c74c,Neutral,Individual,Low,0
"Lbdmt, a type jokes swalpa stop maadu, group nalli idu sari alla. #08f5",Sexual Harassment,Individual,High,0.93
"Bpvbaq, nee useless tara behave madthiya yaar. #aaff",Insult,Individual,Medium,0.29
"Gypjh, elli hogidaroo ade tara madthiya, tumba irritating agthiya re anta feel agutte. #cc39",Harassment,Individual,High,0.75
"Wmvs, elli hogidaroo ade tara madthiya, useless tara behave madthiya anta feel agutte. #50d8",Harassment,Individual,Medium,0.46
"5 nimisha nalli join agthini, swalpa wait maadu. #ffa4",Neutral,Unknown,Low,0.02
"batch, ivnanna group nalli add madbeda, ivan illaadre better ansta. #4839",Exclusion,Group,Low,0.43
"Usiegsjgr, ella platform nalli follow madbeda please, idu stalking tara kanstide. #1f5e",Cyberstalking,Individual,High,0.66
"team, ivananna group inda remove maadona, ivan illaadre better ansta. #4eb9",Exclusion,Group,Medium,0.46
ivattu class full bore aaytu. #603d,Neutral,Individual,Low,0.02
"Mflb, nee reply nodoke tumba time togondiya machaa. #30d6",Insult,Individual,Low,0.22
naale 4gante canteen nalli meet aagona. #cdb7,Neutral,Group,Low,0
"Xqvqsi, prati dina reason illade ping madbedi, idu stalking tara kanstide. #1a6f",Cyberstalking,Individual,High,0.82
ninne function photos share maadu. #efa6,Neutral,Unknown,Low,0
"Xkph, yake everywhere message madthiya, idu stalking tara kanstide. #19b7",Cyberstalking,Individual,Medium,0.53
fest practice ge yar yar barthidira. #c468,Neutral,Group,Low,0
ninne function photos share maadu. #47fb,Neutral,Individual,Low,0.02
"Cvcadx, mundina sari nodu yen agutte anta, swalpa limit nodu yaar. #887d",Threat,Individual,Medium,0.67
"5 nimisha nalli join agthini, swalpa wait maadu. #061b",Neutral,Group,Low,0
"Zph, nee full time late bartiya yaar. #2987",Insult,Individual,Low,0.38
"Oghtpz, elli hogidaroo ade tara madthiya, sakkat dumb idiya yaar anta feel agutte. #7e96",Harassment,Individual,High,0.85
exam tumba tough aaytu but somehow aaytu. #8447,Neutral,Individual,Low,0.03
"Wsnmbfu, ella platform nalli follow madbeda please, idu stalking tara kanstide. #24ea",Cyberstalking,Individual,Medium,0.53
weekend ge yava movie nodona. #d881,Neutral,Individual,Low,0
naale 4gante canteen nalli meet aagona. #0933,Neutral,Group,Low,0
exam tumba tough aaytu but somehow aaytu. #8d68,Neutral,Unknown,Low,0.05
"Iff, mundina sari nodu yen agutte anta, swalpa limit nodu yaar. #82bf",Threat,Individual,Medium,0.7
"Ydyxypkid, elli hogidaroo ade tara madthiya, yen use illa ninna jothe anta feel agutte. #160a",Harassment,Individual,Medium,0.71
"review okay aaytu, tension beda. #e962",Neutral,Group,Low,0
"Mpxrm, nee tumba disgusting behaviour machaa. #21aa",Insult,Individual,High,0.32
ivattu assignment submit maadbeku maga. #de30,Neutral,Unknown,Low,0
"Hovq, nee class nalli full time joker ne dude. #0a4c",Insult,Individual,Medium,0.39
"Eicnxsv, nee total loser tara idiya yaar. #e2b3",Insult,Individual,High,0.5
"Ouab, a tara photos haakbeda please, group nalli idu sari alla. #09d2",Sexual Harassment,Individual,High,0.78
"guys, ivnanna group nalli add madbeda, ivan illaadre better ansta. #4b72",Exclusion,Group,Low,0.26
ivattu assignment submit maadbeku maga. #7a62,Neutral,Individual,Low,0
"Aop, nee tumba disgusting behaviour machaa. #c17c",Insult,Individual,High,0.35
"Ppzbnnpew, nanna status na yavaglu check madthiya, idu stalking tara kanstide. #c41f",Cyberstalking,Individual,Medium,0.63
"Igau, elli hogidaroo ade tara madthiya, total loser tara idiya anta feel agutte. #86b2",Harassment,Individual,Low,0.59
yavdru ivattu notes idre send maadu pls. #760e,Neutral,Group,Low,0.06
"Sxrracfvy, nee yen use illa ninna jothe re. #3425",Insult,Individual,High,0.47
"Rrb, elli hogidaroo ade tara madthiya, yen use illa ninna jothe anta feel agutte. #6ffb",Harassment,Individual,Low,0.36
"Wbxum, nodu careful iru, illa problem agutte, swalpa limit nodu yaar. #e2a2",Threat,Individual,Low,0.62
"network sakkath slow ide, once repeat maadu. #99a7",Neutral,Individual,Low,0
"Xgmbeylhm, nanna status na yavaglu check madthiya, idu stalking tara kanstide. #f6b8",Cyberstalking,Individual,Medium,0.77
"Bzramtia, next time barbeku anta helthini, swalpa limit nodu yaar. #b23f",Threat,Individual,High,0.8
"Drgujdybbu, next time barbeku anta helthini, swalpa limit nodu yaar. #3ac5",Threat,Individual,High,1
exam tumba tough aaytu but somehow aaytu. #615a,Neutral,Group,Low,0
"happy birthday, tumba olle varsha agli. #9b98",Neutral,Group,Low,0.01
ivattu class full bore aaytu. #4ab3,Neutral,Unknown,Low,0.02
"Dgavybku, nee yavattu serious agalla yaar. #14d0",Insult,Individual,Low,0.35
"class grp, ivnanna group nalli add madbeda, ivan illaadre better ansta. #831b",Exclusion,Group,Low,0.32
yaaru naalege PPT madthare helri. #83dc,Neutral,Individual,Low,0
yaaru naalege PPT madthare helri. #9330,Neutral,Group,Low,0
exam tumba tough aaytu but somehow aaytu. #4e7c,Neutral,Individual,Low,0
"Awapi, nee yavattu serious agalla yaar. #e47b",Insult,Individual,Low,0.12
naale extra pen togond baa pls. #0316,Neutral,Unknown,Low,0
"gang, ivnanna group nalli add madbeda, ivan illaadre better ansta. #387d",Exclusion,Group,Medium,0.33
attendance link haakbidu illi. #0a92,Neutral,Unknown,Low,0
"network sakkath slow ide, once repeat maadu. #8714",Neutral,Group,Low,0.02
"network sakkath slow ide, once repeat maadu. #cf42",Neutral,Unknown,Low,0
"Jmwh, elli hogidaroo ade tara madthiya, yen use illa ninna jothe anta feel agutte. #ab30",Harassment,Individual,Medium,0.66
"Vybega, nee useless tara behave madthiya machaa. #88ef",Insult,Individual,Medium,0.42
ivattu assignment submit maadbeku maga. #d698,Neutral,Unknown,Low,0
"Yjh, elli hogidaroo ade tara madthiya, tumba disgusting behaviour anta feel agutte. #3c3a",Harassment,Individual,High,0.6
"Bxfokpxqt, nee useless tara behave madthiya dude. #41ac",Insult,Individual,Medium,0.4
"ninna presentation super aaytu, chennag ide. #c753",Neutral,Unknown,Low,0
"Uvo, elli hogidaroo ade tara madthiya, tumba disgusting behaviour anta feel agutte. #56c3",Harassment,Individual,Medium,0.42
naale extra pen togond baa pls. #56ed,Neutral,Unknown,Low,0
pizza bekka biryani bekka decide maadi. #79a1,Neutral,Individual,Low,0
"Rycvotefu, nee ivattu full lazy mode alli idiya machaa. #5519",Insult,Individual,Low,0.22
"Qgi, ella platform nalli follow madbeda please, idu stalking tara kanstide. #294c",Cyberstalking,Individual,Medium,0.52
"batch, plan ge ivananna invite madbeda besseru, ivan illaadre better ansta. #4e3a",Exclusion,Group,Low,0.45
"network sakkath slow ide, once repeat maadu. #6918",Neutral,Unknown,Low,0.03
"Uvjhuaqpxr, elli hogidaroo ade tara madthiya, yen use illa ninna jothe anta feel agutte. #9cb0",Harassment,Individual,Medium,0.48
"Odenxq, nee tumba disgusting behaviour dude. #9ec1",Insult,Individual,High,0.4
"Huxo, ella platform nalli follow madbeda please, idu stalking tara kanstide. #02ca",Cyberstalking,Individual,Low,0.7
"Meipttix, sir ge complaint haakthini nodu, swalpa limit nodu yaar. #9414",Threat,Individual,High,0.76
"Lut, next time barbeku anta helthini, swalpa limit nodu yaar. #1836",Threat,Individual,High,0.9
"network sakkath slow ide, once repeat maadu. #6b46",Neutral,Group,Low,0.02
weekend ge yava movie nodona. #110a,Neutral,Unknown,Low,0.02
"Ofe, elli hogidaroo ade tara madthiya, complete waste fellow anta feel agutte. #6ac4",Harassment,Individual,Medium,0.41
nee send madida reel super comedy aaytu. #f205,Neutral,Individual,Low,0
"Eeluinuqx, prati dina reason illade ping madbedi, idu stalking tara kanstide. #f324",Cyberstalking,Individual,High,0.86
"guys, plan ge ivananna invite madbeda besseru, ivan illaadre better ansta. #d690",Exclusion,Group,High,0.27
"Aumbbxce, mundina sari nodu yen agutte anta, swalpa limit nodu yaar. #167c",Threat,Individual,High,0.86
"Jtzb, a tara photos haakbeda please, group nalli idu sari alla. #e0d3",Sexual Harassment,Individual,High,0.65
"Jkjxhbbd, nee tumba irritating agthiya re dude. #ff1e",Insult,Individual,Medium,0.26
"Yuwfzau, cheap comments madbeda ava bagge, group nalli idu sari alla. #0fde",Sexual Harassment,Individual,Medium,0.84
"review okay aaytu, tension beda. #dee0",Neutral,Individual,Low,0.02
yavdru ivattu notes idre send maadu pls. #353c,Neutral,Individual,Low,0
naale 4gante canteen nalli meet aagona. #c71c,Neutral,Group,Low,0
"Jppvic, nee complete waste fellow yaar. #2aea",Insult,Individual,High,0.22
"review okay aaytu, tension beda. #3d92",Neutral,Unknown,Low,0
"naale 9 gante lab ge bartira, late agbeda. #71cf",Neutral,Group,Low,0
"class grp, plan ge ivananna invite madbeda besseru, ivan illaadre better ansta. #e886",Exclusion,Group,Low,0.24
attendance link haakbidu illi. #81e2,Neutral,Group,Low,0.06
"class grp, ivnanna group nalli add madbeda, ivan illaadre better ansta. #bfd7",Exclusion,Group,Low,0.36
"Abts, nee yavattu serious agalla dude. #6653",Insult,Individual,Low,0.26
naale 4gante canteen nalli meet aagona. #bfea,Neutral,Group,Low,0
weekend ge yava movie nodona. #8c55,Neutral,Unknown,Low,0
"naale 9 gante lab ge bartira, late agbeda. #c867",Neutral,Unknown,Low,0.01
project help madidakke thanks maga. #c08f,Neutral,Individual,Low,0.01
"class grp, ivnanna group nalli add madbeda, ivan illaadre better ansta. #aa1f",Exclusion,Group,Low,0.26
"Qfcud, elli hogidaroo ade tara madthiya, tumba disgusting behaviour anta feel agutte. #2635",Harassment,Individual,Medium,0.64
nee send madida reel super comedy aaytu. #3a4e,Neutral,Unknown,Low,0
ivattu assignment submit maadbeku maga. #e5d0,Neutral,Unknown,Low,0.02
"network sakkath slow ide, once repeat maadu. #0dc6",Neutral,Group,Low,0
nee send madida reel super comedy aaytu. #9f90,Neutral,Unknown,Low,0
"Pvkfwugtst, prati dina reason illade ping madbedi, idu stalking tara kanstide. #b02d",Cyberstalking,Individual,High,0.77
"Dvzsrvh, nee reply nodoke tumba time togondiya machaa. #8698",Insult,Individual,Low,0.25
"Nzld, nee yavattu serious agalla machaa. #2873",Insult,Individual,Low,0.15
"happy birthday, tumba olle varsha agli. #cfdd",Neutral,Individual,Low,0.04
"Ctnxdomlu, elli hogidaroo ade tara madthiya, useless tara behave madthiya anta feel agutte. #b2b1",Harassment,Individual,Medium,0.47
"Jvtyslqvy, nodu careful iru, illa problem agutte, swalpa limit nodu yaar. #c96f",Threat,Individual,High,0.97
fest practice ge yar yar barthidira. #3c73,Neutral,Unknown,Low,0.04
attendance link haakbidu illi. #443e,Neutral,Unknown,Low,0.06
"Kgccxlfviy, next time barbeku anta helthini, swalpa limit nodu yaar. #5f0b",Threat,Individual,Medium,0.71
"review okay aaytu, tension beda. #be79",Neutral,Unknown,Low,0.01
"Fuivgrias, nee class nalli full time joker ne re. #ac50",Insult,Individual,Medium,0.25
"guys, plan ge ivananna invite madbeda besseru, ivan illaadre better ansta. #14d1",Exclusion,Group,Low,0.28
"Zagc, nee total loser tara idiya dude. #f780",Insult,Individual,High,0.23
"Nnctnzmx, yake everywhere message madthiya, idu stalking tara kanstide. #f602",Cyberstalking,Individual,Medium,0.67
"Aycafmu, prati dina reason illade ping madbedi, idu stalking tara kanstide. #3194",Cyberstalking,Individual,High,0.52
"ninna presentation super aaytu, chennag ide. #866c",Neutral,Individual,Low,0
"happy birthday, tumba olle varsha agli. #15ab",Neutral,Individual,Low,0
"Djwpu, nee full time late bartiya yaar. #b324",Insult,Individual,Low,0.38
"Hzakgyjfrt, nodu careful iru, illa problem agutte, swalpa limit nodu yaar. #6dc6",Threat,Individual,High,0.86
"Dlbpdbnmd, nee complete waste fellow dude. #47f6",Insult,Individual,High,0.24
fest practice ge yar yar barthidira. #afae,Neutral,Group,Low,0.03
"Bstmvbroit, nee reply nodoke tumba time togondiya dude. #725d",Insult,Individual,Low,0.26
nee send madida reel super comedy aaytu. #e598,Neutral,Group,Low,0.04
"Iygol, elli hogidaroo ade tara madthiya, tumba disgusting behaviour anta feel agutte. #10ed",Harassment,Individual,Medium,0.58
"Whayb, nee tumba irritating agthiya re dude. #8bad",Insult,Individual,Medium,0.22
"ninna presentation super aaytu, chennag ide. #4f79",Neutral,Individual,Low,0.04
"Iarf, next time barbeku anta helthini, swalpa limit nodu yaar. #b44f",Threat,Individual,Medium,0.92
yavdru ivattu notes idre send maadu pls. #b48d,Neutral,Unknown,Low,0.03
naale extra pen togond baa pls. #ec5f,Neutral,Individual,Low,0.02
"Dqxcwhmz, elli hogidaroo ade tara madthiya, complete waste fellow anta feel agutte. #1271",Harassment,Individual,Low,0.57
"class grp, ivnanna group nalli add madbeda, ivan illaadre better ansta. #8c49",Exclusion,Group,Medium,0.3
"Wuct, nee full time late bartiya re. #24af",Insult,Individual,Low,0.16
attendance link haakbidu illi. #3c48,Neutral,Individual,Low,0.03
"network sakkath slow ide, once repeat maadu. #cf6d",Neutral,Group,Low,0.04
"review okay aaytu, tension beda. #63ce",Neutral,Unknown,Low,0.04
pizza bekka biryani bekka decide maadi. #2ad9,Neutral,Individual,Low,0
"Fyevjtjuo, elli hogidaroo ade tara madthiya, useless tara behave madthiya anta feel agutte. #f9ba",Harassment,Individual,Medium,0.51
"Flctsb, nee useless tara behave madthiya yaar. #8b12",Insult,Individual,Medium,0.42
"Eoypw, ava body bagge a tara mata beda, group nalli idu sari alla. #d372",Sexual Harassment,Individual,High,0.69
"Tvxlxl, nee tumba disgusting behaviour machaa. #adc7",Insult,Individual,High,0.27
ninne function photos share maadu. #602f,Neutral,Unknown,Low,0
"happy birthday, tumba olle varsha agli. #c583",Neutral,Individual,Low,0
"class grp, ivananna group inda remove maadona, ivan illaadre better ansta. #3d0c",Exclusion,Group,Low,0.26
"Dxgsl, nee class nalli full time joker ne dude. #94bb",Insult,Individual,Medium,0.18
yavdru ivattu notes idre send maadu pls. #81a5,Neutral,Group,Low,0
"Qmflx, elli hogidaroo ade tara madthiya, yen use illa ninna jothe anta feel agutte. #1d36",Harassment,Individual,Low,0.63
"Yny, elli hogidaroo ade tara madthiya, yen use illa ninna jothe anta feel agutte. #cb70",Harassment,Individual,Medium,0.71
"Veney, elli hogidaroo ade tara madthiya, tumba disgusting behaviour anta feel agutte. #60be",Harassment,Individual,Medium,0.55
"Euoxay, yake everywhere message madthiya, idu stalking tara kanstide. #ea50",Cyberstalking,Individual,Medium,0.44
"Ymwrqwvn, nodu careful iru, illa problem agutte, swalpa limit nodu yaar. #4caa",Threat,Individual,High,1
naale 4gante canteen nalli meet aagona. #5486,Neutral,Unknown,Low,0
"Owxlgyup, elli hogidaroo ade tara madthiya, complete waste fellow anta feel agutte. #ba9b",Harassment,Individual,Medium,0.62
exam tumba tough aaytu but somehow aaytu. #4d56,Neutral,Individual,Low,0
"Ocr, nee class nalli full time joker ne dude. #eec8",Insult,Individual,Medium,0.25
"Cbmvqgqx, nee useless tara behave madthiya re. #dd53",Insult,Individual,Medium,0.21
"happy birthday, tumba olle varsha agli. #536f",Neutral,Group,Low,0
"Fkubvsmtj, nee useless tara behave madthiya yaar. #4ac1",Insult,Individual,Medium,0.26
nee send madida reel super comedy aaytu. #8fd9,Neutral,Individual,Low,0.01
nee send madida reel super comedy aaytu. #8887,Neutral,Individual,Low,0.04
"Zyigzpe, nee reply nodoke tumba time togondiya yaar. #205f",Insult,Individual,Low,0.27
"happy birthday, tumba olle varsha agli. #980b",Neutral,Unknown,Low,0.04
"gang, ivnanna group nalli add madbeda, ivan illaadre better ansta. #aaf8",Exclusion,Group,Medium,0.22
"Ioftcwwhdd, nee tumba disgusting behaviour re. #dbc6",Insult,Individual,High,0.24
"Vgdec, nee sakkat dumb idiya yaar dude. #ae97",Insult,Individual,Medium,0.25
naale extra pen togond baa pls. #4d38,Neutral,Group,Low,0.01
"Dmleofm, nee full time late bartiya yaar. #75c5",Insult,Individual,Low,0.2
"ninna presentation super aaytu, chennag ide. #0a96",Neutral,Individual,Low,0
yaaru naalege PPT madthare helri. #6f61,Neutral,Individual,Low,0
"Acyimtm, a type jokes swalpa stop maadu, group nalli idu sari alla. #d9fa",Sexual Harassment,Individual,High,0.86
project help madidakke thanks maga. #0b63,Neutral,Unknown,Low,0
"Admwfnek, nee tumba disgusting behaviour yaar. #2967",Insult,Individual,High,0.32
"Blvczx, sir ge complaint haakthini nodu, swalpa limit nodu yaar. #f02b",Threat,Individual,High,0.82
"review okay aaytu, tension beda. #4d61",Neutral,Unknown,Low,0
"Zmhvql, nee useless tara behave madthiya dude. #f3d7",Insult,Individual,Medium,0.22
ninne function photos share maadu. #03e9,Neutral,Individual,Low,0
"Qhudimlaz, nee tumba irritating agthiya re yaar. #deaa",Insult,Individual,Medium,0.17
"Mxjufbd, elli hogidaroo ade tara madthiya, sakkat dumb idiya yaar anta feel agutte. #cf35",Harassment,Individual,High,0.59
"naale 9 gante lab ge bartira, late agbeda. #6870",Neutral,Group,Low,0
"Mopul, elli hogidaroo ade tara madthiya, tumba disgusting behaviour anta feel agutte. #6848",Harassment,Individual,Low,0.66
"network sakkath slow ide, once repeat maadu. #3323",Neutral,Group,Low,0
weekend ge yava movie nodona. #e523,Neutral,Individual,Low,0.06
"5 nimisha nalli join agthini, swalpa wait maadu. #e860",Neutral,Group,Low,0
"review okay aaytu, tension beda. #37ba",Neutral,Group,Low,0
"ninna presentation super aaytu, chennag ide. #f4d0",Neutral,Individual,Low,0
"Kbuqdiw, prati dina reason illade ping madbedi, idu stalking tara kanstide. #255d",Cyberstalking,Individual,High,0.77
weekend ge yava movie nodona. #431d,Neutral,Individual,Low,0.03
"Ffrasljcp, nee full time late bartiya machaa. #915d",Insult,Individual,Low,0.15
yaaru naalege PPT madthare helri. #e4c1,Neutral,Unknown,Low,0
"network sakkath slow ide, once repeat maadu. #da5c",Neutral,Individual,Low,0
yaaru naalege PPT madthare helri. #14d2,Neutral,Group,Low,0
"class grp, chat nalli ivnanna ide irboda anta ansta, ivan illaadre better ansta. #43da",Exclusion,Group,Medium,0.46
"batch, ivananna group inda remove maadona, ivan illaadre better ansta. #8766",Exclusion,Group,High,0.42
"naale 9 gante lab ge bartira, late agbeda. #536b",Neutral,Unknown,Low,0
"Ylf, elli hogidaroo ade tara madthiya, sakkat dumb idiya yaar anta feel agutte. #e3b1",Harassment,Individual,Low,0.65
"Axvrhz, ava body bagge a tara mata beda, group nalli idu sari alla. #341d",Sexual Harassment,Individual,Medium,0.55
ivattu assignment submit maadbeku maga. #efd1,Neutral,Group,Low,0.03
"batch, chat nalli ivnanna ide irboda anta ansta, ivan illaadre better ansta. #1c5c",Exclusion,Group,Medium,0.2
"Ywuk, elli hogidaroo ade tara madthiya, yen use illa ninna jothe anta feel agutte. #b4d9",Harassment,Individual,Medium,0.56
ivattu class full bore aaytu. #4aea,Neutral,Individual,Low,0.01
yavdru ivattu notes idre send maadu pls. #a78a,Neutral,Group,Low,0
ivattu assignment submit maadbeku maga. #ddde,Neutral,Group,Low,0.04
"review okay aaytu, tension beda. #84cd",Neutral,Individual,Low,0
"5 nimisha nalli join agthini, swalpa wait maadu. #7f7a",Neutral,Individual,Low,0
"Gjcglvp, nee reply nodoke tumba time togondiya yaar. #dd83",Insult,Individual,Low,0.39
ivattu class full bore aaytu. #ae91,Neutral,Individual,Low,0
"Znjogcud, elli hogidaroo ade tara madthiya, total loser tara idiya anta feel agutte. #550a",Harassment,Individual,Medium,0.48
"Aru, nee useless tara behave madthiya machaa. #8610",Insult,Individual,Medium,0.22
nee send madida reel super comedy aaytu. #759b,Neutral,Unknown,Low,0
"Zwfrqzfnc, nee tumba irritating agthiya re dude. #406c",Insult,Individual,Medium,0.34
"Yzngci, nee full time late bartiya re. #a202",Insult,Individual,Low,0.38
nee send madida reel super comedy aaytu. #7d68,Neutral,Unknown,Low,0.06
"naale 9 gante lab ge bartira, late agbeda. #1483",Neutral,Individual,Low,0.02
"Upzwy, a tara photos haakbeda please, group nalli idu sari alla. #3ab1",Sexual Harassment,Individual,High,0.78
"ninna presentation super aaytu, chennag ide. #96e8",Neutral,Individual,Low,0.05
ivattu assignment submit maadbeku maga. #44db,Neutral,Individual,Low,0
"Wviqqcakw, nee full time late bartiya yaar. #11da",Insult,Individual,Low,0.4
"happy birthday, tumba olle varsha agli. #1377",Neutral,Individual,Low,0
"Uqdinslhsk, elli hogidaroo ade tara madthiya, tumba irritating agthiya re anta feel agutte. #f1ea",Harassment,Individual,High,0.82
yavdru ivattu notes idre send maadu pls. #1d76,Neutral,Unknown,Low,0.03
ivattu assignment submit maadbeku maga. #55ac,Neutral,Group,Low,0
naale extra pen togond baa pls. #f9dc,Neutral,Group,Low,0
"5 nimisha nalli join agthini, swalpa wait maadu. #121c",Neutral,Group,Low,0
pizza bekka biryani bekka decide maadi. #0ef7,Neutral,Group,Low,0.01
pizza bekka biryani bekka decide maadi. #2d93,Neutral,Group,Low,0.03
"Popwpqls, elli hogidaroo ade tara madthiya, complete waste fellow anta feel agutte. #632a",Harassment,Individual,High,0.61
"Ojjrsf, prati dina reason illade ping madbedi, idu stalking tara kanstide. #47db",Cyberstalking,Individual,Medium,0.62
naale 4gante canteen nalli meet aagona. #f48a,Neutral,Individual,Low,0
"Mydx, prati dina reason illade ping madbedi, idu stalking tara kanstide. #2061",Cyberstalking,Individual,High,0.57
"Zqxajg, elli hogidaroo ade tara madthiya, useless tara behave madthiya anta feel agutte. #6806",Harassment,Individual,Medium,0.41
"Qxm, nee sakkat dumb idiya yaar machaa. #b414",Insult,Individual,Medium,0.42
naale 4gante canteen nalli meet aagona. #2040,Neutral,Unknown,Low,0.01
pizza bekka biryani bekka decide maadi. #1bf6,Neutral,Group,Low,0
weekend ge yava movie nodona. #a12d,Neutral,Group,Low,0
"network sakkath slow ide, once repeat maadu. #4101",Neutral,Group,Low,0.07
"Vkgc, next time barbeku anta helthini, swalpa limit nodu yaar. #8154",Threat,Individual,High,1
"happy birthday, tumba olle varsha agli. #d805",Neutral,Unknown,Low,0.01
"gang, ivananna group inda remove maadona, ivan illaadre better ansta. #f80e",Exclusion,Group,High,0.56
ninne function photos share maadu. #3d91,Neutral,Group,Low,0.05
"Qoyk, elli hogidaroo ade tara madthiya, useless tara behave madthiya anta feel agutte. #b613",Harassment,Individual,Medium,0.68
"naale 9 gante lab ge bartira, late agbeda. #a7b4",Neutral,Unknown,Low,0
"Uxtga, cheap comments madbeda ava bagge, group nalli idu sari alla. #2b3c",Sexual Harassment,Individual,High,0.89
"guys, chat nalli ivnanna ide irboda anta ansta, ivan illaadre better ansta. #f42c",Exclusion,Group,Low,0.22
"ninna presentation super aaytu, chennag ide. #3300",Neutral,Unknown,Low,0.01
"Mpopmp, nee reply nodoke tumba time togondiya machaa. #ee6e",Insult,Individual,Low,0.32
"Pgocsnpkk, elli hogidaroo ade tara madthiya, useless tara behave madthiya anta feel agutte. #4a4d",Harassment,Individual,High,0.49
"Frw, sir ge complaint haakthini nodu, swalpa limit nodu yaar. #e9af",Threat,Individual,Low,0.8
"Msidhvmmpi, nee class nalli full time joker ne dude. #7a6b",Insult,Individual,Medium,0.21
"Scjdrw, nee full time late bartiya re. #60d0",Insult,Individual,Low,0.33
"Zjioifo, elli hogidaroo ade tara madthiya, tumba irritating agthiya re anta feel agutte. #89b1",Harassment,Individual,High,0.5
yavdru ivattu notes idre send maadu pls. #6184,Neutral,Group,Low,0
naale extra pen togond baa pls. #8178,Neutral,Individual,Low,0
"Varu, prati dina reason illade ping madbedi, idu stalking tara kanstide. #d354",Cyberstalking,Individual,High,0.51
ninne function photos share maadu. #085d,Neutral,Group,Low,0
"Yvzmhcy, nodu careful iru, illa problem agutte, swalpa limit nodu yaar. #be2a",Threat,Individual,High,1
"Cmhzhyrmg, nee full time late bartiya yaar. #b5ef",Insult,Individual,Low,0.22
"team, ivnanna group nalli add madbeda, ivan illaadre better ansta. #faee",Exclusion,Group,Low,0.37
"Isukjd, elli hogidaroo ade tara madthiya, yen use illa ninna jothe anta feel agutte. #a4e2",Harassment,Individual,Medium,0.49
nee send madida reel super comedy aaytu. #d26b,Neutral,Individual,Low,0
"Lhm, nee tumba disgusting behaviour machaa. #30d1",Insult,Individual,High,0.46
"Bct, nee reply nodoke tumba time togondiya re. #7fcb",Insult,Individual,Low,0.22
"5 nimisha nalli join agthini, swalpa wait maadu. #d287",Neutral,Group,Low,0.02
"Oxsxgzhhhk, nee tumba disgusting behaviour dude. #08c1",Insult,Individual,High,0.26
"guys, chat nalli ivnanna ide irboda anta ansta, ivan illaadre better ansta. #5f83",Exclusion,Group,Low,0.3
naale 4gante canteen nalli meet aagona. #7674,Neutral,Individual,Low,0
exam tumba tough aaytu but somehow aaytu. #8558,Neutral,Unknown,Low,0.04
"Cty, yake everywhere message madthiya, idu stalking tara kanstide. #d309",Cyberstalking,Individual,Medium,0.51
"guys, chat nalli ivnanna ide irboda anta ansta, ivan illaadre better ansta. #b0dd",Exclusion,Group,Medium,0.47
"Wozkchx, nee class nalli full time joker ne machaa. #be62",Insult,Individual,Medium,0.39
"Lwr, nee sakkat dumb idiya yaar re. #57f4",Insult,Individual,Medium,0.31
"Cebmtavu, elli hogidaroo ade tara madthiya, useless tara behave madthiya anta feel agutte. #f232",Harassment,Individual,High,0.52
"Uoekhz, nee sakkat dumb idiya yaar yaar. #1093",Insult,Individual,Medium,0.26
yavdru ivattu notes idre send maadu pls. #6d87,Neutral,Unknown,Low,0
"Bprphakv, yake everywhere message madthiya, idu stalking tara kanstide. #5d6c",Cyberstalking,Individual,High,0.79
"Fxtfme, mundina sari nodu yen agutte anta, swalpa limit nodu yaar. #e35b",Threat,Individual,Medium,0.75
"Eqjtplmzl, elli hogidaroo ade tara madthiya, class nalli full time joker ne anta feel agutte. #522e",Harassment,Individual,Medium,0.51
"Gcasvlc, next time barbeku anta helthini, swalpa limit nodu yaar. #d09b",Threat,Individual,High,0.93
"Vsk, nee reply nodoke tumba time togondiya dude. #41e3",Insult,Individual,Low,0.39
"Luusyvqjm, nee tumba irritating agthiya re yaar. #e169",Insult,Individual,Medium,0.17
nee send madida reel super comedy aaytu. #fa8a,Neutral,Group,Low,0
"Bpkve, next time barbeku anta helthini, swalpa limit nodu yaar. #f8b7",Threat,Individual,Low,0.83
"Gsaumir, elli hogidaroo ade tara madthiya, yen use illa ninna jothe anta feel agutte. #d2f5",Harassment,Individual,Medium,0.37
ivattu class full bore aaytu. #b9cf,Neutral,Individual,Low,0
"team, ivananna group inda remove maadona, ivan illaadre better ansta. #3cd2",Exclusion,Group,Medium,0.4
"Encuymn, nee yen use illa ninna jothe dude. #f76d",Insult,Individual,High,0.23
naale extra pen togond baa pls. #6793,Neutral,Individual,Low,0
"happy birthday, tumba olle varsha agli. #653c",Neutral,Individual,Low,0.04
ninne function photos share maadu. #3cb0,Neutral,Unknown,Low,0
"Ervhdmp, nee reply nodoke tumba time togondiya re. #1549",Insult,Individual,Low,0.1
"Pdbmbzm, a type jokes swalpa stop maadu, group nalli idu sari alla. #1ff3",Sexual Harassment,Individual,Medium,0.87
"Cidrd, prati dina reason illade ping madbedi, idu stalking tara kanstide. #1bf4",Cyberstalking,Individual,Medium,0.81
"5 nimisha nalli join agthini, swalpa wait maadu. #674f",Neutral,Individual,Low,0.01
"Xkruloylo, elli hogidaroo ade tara madthiya, class nalli full time joker ne anta feel agutte. #8e38",Harassment,Individual,High,0.53
nee send madida reel super comedy aaytu. #275d,Neutral,Group,Low,0.01
"Raj, nee total loser tara idiya machaa. #2a77",Insult,Individual,High,0.29
ninne function photos share maadu. #5a61,Neutral,Group,Low,0
"naale 9 gante lab ge bartira, late agbeda. #586c",Neutral,Group,Low,0
"Zlqfcp, cheap comments madbeda ava bagge, group nalli idu sari alla. #1b7d",Sexual Harassment,Individual,Medium,0.93
"Ruuarwq, nee complete waste fellow dude. #b465",Insult,Individual,High,0.41
naale 4gante canteen nalli meet aagona. #0d86,Neutral,Individual,Low,0
"network sakkath slow ide, once repeat maadu. #cbf8",Neutral,Individual,Low,0.01
"gang, chat nalli ivnanna ide irboda anta ansta, ivan illaadre better ansta. #57f1",Exclusion,Group,Low,0.28
naale extra pen togond baa pls. #5019,Neutral,Unknown,Low,0.07
"review okay aaytu, tension beda. #5bc6",Neutral,Unknown,Low,0
"Cmumbhxf, nee sakkat dumb idiya yaar re. #759e",Insult,Individual,Medium,0.3
"naale 9 gante lab ge bartira, late agbeda. #8cef",Neutral,Unknown,Low,0
"Hbujp, nee yavattu serious agalla dude. #75b6",Insult,Individual,Low,0.31
"Vvuhhzyq, elli hogidaroo ade tara madthiya, tumba disgusting behaviour anta feel agutte. #34f1",Harassment,Individual,Medium,0.63
"network sakkath slow ide, once repeat maadu. #33ab",Neutral,Group,Low,0.04
nee send madida reel super comedy aaytu. #2ced,Neutral,Individual,Low,0.06
fest practice ge yar yar barthidira. #690c,Neutral,Unknown,Low,0
"guys, chat nalli ivnanna ide irboda anta ansta, ivan illaadre better ansta. #4413",Exclusion,Group,High,0.34
"Etugemq, elli hogidaroo ade tara madthiya, yen use illa ninna jothe anta feel agutte. #0438",Harassment,Individual,Medium,0.59
exam tumba tough aaytu but somehow aaytu. #8156,Neutral,Unknown,Low,0.03
"Dfkqde, elli hogidaroo ade tara madthiya, tumba disgusting behaviour anta feel agutte. #ac7e",Harassment,Individual,Medium,0.54
fest practice ge yar yar barthidira. #4670,Neutral,Group,Low,0
"Cplco, nee yavattu serious agalla yaar. #708f",Insult,Individual,Low,0.32
"Awukaualzo, nee full time late bartiya machaa. #5f49",Insult,Individual,Low,0.26
yavdru ivattu notes idre send maadu pls. #1dd6,Neutral,Group,Low,0
"Uzeil, nee full time late bartiya re. #ab50",Insult,Individual,Low,0.19
"naale 9 gante lab ge bartira, late agbeda. #016a",Neutral,Group,Low,0
"review okay aaytu, tension beda. #734d",Neutral,Unknown,Low,0.02
"Zkqijr, nee total loser tara idiya yaar. #b285",Insult,Individual,High,0.43
attendance link haakbidu illi. #74bc,Neutral,Group,Low,0
"review okay aaytu, tension beda. #4d50",Neutral,Unknown,Low,0.03
exam tumba tough aaytu but somehow aaytu. #568c,Neutral,Group,Low,0.01
ivattu assignment submit maadbeku maga. #47be,Neutral,Unknown,Low,0
"happy birthday, tumba olle varsha agli. #55f8",Neutral,Individual,Low,0
yavdru ivattu notes idre send maadu pls. #2e58,Neutral,Individual,Low,0.04
project help madidakke thanks maga. #24a2,Neutral,Unknown,Low,0
"Iclwcsrb, nee reply nodoke tumba time togondiya dude. #813b",Insult,Individual,Low,0.27
"review okay aaytu, tension beda. #8b95",Neutral,Individual,Low,0
"Uuitkltcbt, elli hogidaroo ade tara madthiya, class nalli full time joker ne anta feel agutte. #c88a",Harassment,Individual,Medium,0.58
"ninna presentation super aaytu, chennag ide. #d18e",Neutral,Unknown,Low,0.04
"Gawuesnc, nee full time late bartiya machaa. #0962",Insult,Individual,Low,0.39
"Cnoskuv, nanna status na yavaglu check madthiya, idu stalking tara kanstide. #30b7",Cyberstalking,Individual,High,0.89
naale extra pen togond baa pls. #a07d,Neutral,Unknown,Low,0.03
"Rxpisib, nanna status na yavaglu check madthiya, idu stalking tara kanstide. #54ac",Cyberstalking,Individual,Medium,0.51
"5 nimisha nalli join agthini, swalpa wait maadu. #5584",Neutral,Individual,Low,0.02
naale 4gante canteen nalli meet aagona. #a6e1,Neutral,Group,Low,0.03
ivattu assignment submit maadbeku maga. #3a17,Neutral,Individual,Low,0.04
fest practice ge yar yar barthidira. #fba2,Neutral,Unknown,Low,0.02
"Ldswb, nanna status na yavaglu check madthiya, idu stalking tara kanstide. #d028",Cyberstalking,Individual,Medium,0.62
"5 nimisha nalli join agthini, swalpa wait maadu. #f206",Neutral,Group,Low,0
"naale 9 gante lab ge bartira, late agbeda. #6956",Neutral,Unknown,Low,0.01
ivattu assignment submit maadbeku maga. #48a8,Neutral,Group,Low,0.04
"class grp, chat nalli ivnanna ide irboda anta ansta, ivan illaadre better ansta. #8658",Exclusion,Group,Low,0.33
pizza bekka biryani bekka decide maadi. #08a3,Neutral,Individual,Low,0.07
yaaru naalege PPT madthare helri. #93f4,Neutral,Unknown,Low,0
pizza bekka biryani bekka decide maadi. #28ad,Neutral,Group,Low,0.04
attendance link haakbidu illi. #4faf,Neutral,Group,Low,0
yavdru ivattu notes idre send maadu pls. #5fc9,Neutral,Group,Low,0
"Smud, nee ivattu full lazy mode alli idiya re. #5333",Insult,Individual,Low,0.11
"Ffsqdvg, ava body bagge a tara mata beda, group nalli idu sari alla. #e273",Sexual Harassment,Individual,Medium,0.79
project help madidakke thanks maga. #4cf9,Neutral,Group,Low,0.01
"naale 9 gante lab ge bartira, late agbeda. #b2be",Neutral,Group,Low,0
"network sakkath slow ide, once repeat maadu. #b234",Neutral,Individual,Low,0.01
"ninna presentation super aaytu, chennag ide. #7af3",Neutral,Unknown,Low,0.04
ivattu assignment submit maadbeku maga. #ca79,Neutral,Group,Low,0
pizza bekka biryani bekka decide maadi. #8ce5,Neutral,Unknown,Low,0.02
"Ufnq, elli hogidaroo ade tara madthiya, sakkat dumb idiya yaar anta feel agutte. #57bb",Harassment,Individual,High,0.57
"review okay aaytu, tension beda. #0260",Neutral,Group,Low,0
yavdru ivattu notes idre send maadu pls. #1833,Neutral,Unknown,Low,0.04
project help madidakke thanks maga. #55ec,Neutral,Group,Low,0
naale 4gante canteen nalli meet aagona. #3652,Neutral,Unknown,Low,0.03
"Mhjiggivna, elli hogidaroo ade tara madthiya, class nalli full time joker ne anta feel agutte. #7241",Harassment,Individual,Low,0.47
naale 4gante canteen nalli meet aagona. #743b,Neutral,Individual,Low,0
pizza bekka biryani bekka decide maadi. #a381,Neutral,Individual,Low,0
ivattu class full bore aaytu. #83ae,Neutral,Individual,Low,0.03
"Zhbymcdh, ava body bagge a tara mata beda, group nalli idu sari alla. #0acf",Sexual Harassment,Individual,Medium,0.92
naale extra pen togond baa pls. #05c1,Neutral,Unknown,Low,0.01
fest practice ge yar yar barthidira. #a324,Neutral,Unknown,Low,0.01
"Blw, elli hogidaroo ade tara madthiya, class nalli full time joker ne anta feel agutte. #0810",Harassment,Individual,Medium,0.67
"Mumas, mundina sari nodu yen agutte anta, swalpa limit nodu yaar. #37c7",Threat,Individual,High,1
ninne function photos share maadu. #7f59,Neutral,Group,Low,0.03
"Umk, elli hogidaroo ade tara madthiya, yen use illa ninna jothe anta feel agutte. #8290",Harassment,Individual,Medium,0.66
"Jfbih, a type jokes swalpa stop maadu, group nalli idu sari alla. #59c4",Sexual Harassment,Individual,High,0.88
ninne function photos share maadu. #76d6,Neutral,Individual,Low,0
ninne function photos share maadu. #0d72,Neutral,Individual,Low,0
attendance link haakbidu illi. #9dad,Neutral,Individual,Low,0
ivattu assignment submit maadbeku maga. #c867,Neutral,Individual,Low,0
yavdru ivattu notes idre send maadu pls. #8d84,Neutral,Unknown,Low,0.02
"Hyftkmdu, nee useless tara behave madthiya dude. #635a",Insult,Individual,Medium,0.2
"Zmjbyrytoo, nee yen use illa ninna jothe machaa. #0f7d",Insult,Individual,High,0.41
"happy birthday, tumba olle varsha agli. #bbaa",Neutral,Individual,Low,0
"ninna presentation super aaytu, chennag ide. #ad90",Neutral,Group,Low,0
"Jkztv, elli hogidaroo ade tara madthiya, yen use illa ninna jothe anta feel agutte. #a614",Harassment,Individual,High,0.47
yaaru naalege PPT madthare helri. #d898,Neutral,Individual,Low,0
"batch, plan ge ivananna invite madbeda besseru, ivan illaadre better ansta. #05cf",Exclusion,Group,High,0.34
"Bxvdijc, nee yavattu serious agalla re. #0350",Insult,Individual,Low,0.15
"gang, ivananna group inda remove maadona, ivan illaadre better ansta. #67e5",Exclusion,Group,Low,0.43
"class grp, ivnanna group nalli add madbeda, ivan illaadre better ansta. #368d",Exclusion,Group,Medium,0.3
"ninna presentation super aaytu, chennag ide. #2b8b",Neutral,Unknown,Low,0
"class grp, chat nalli ivnanna ide irboda anta ansta, ivan illaadre better ansta. #a146",Exclusion,Group,High,0.25
ivattu assignment submit maadbeku maga. #b367,Neutral,Individual,Low,0
"5 nimisha nalli join agthini, swalpa wait maadu. #876d",Neutral,Group,Low,0.03
pizza bekka biryani bekka decide maadi. #70bd,Neutral,Individual,Low,0
"Ovaxf, nee tumba irritating agthiya re machaa. #18ab",Insult,Individual,Medium,0.33
"Zdxv, mundina sari nodu yen agutte anta, swalpa limit nodu yaar. #539f",Threat,Individual,High,0.99
"Vnonuqazu, elli hogidaroo ade tara madthiya, total loser tara idiya anta feel agutte. #2135",Harassment,Individual,Low,0.4
"Fjykygw, nee ivattu full lazy mode alli idiya re. #eb9e",Insult,Individual,Low,0.09
project help madidakke thanks maga. #1643,Neutral,Group,Low,0.05
"happy birthday, tumba olle varsha agli. #1b67",Neutral,Unknown,Low,0
"team, plan ge ivananna invite madbeda besseru, ivan illaadre better ansta. #e47d",Exclusion,Group,Medium,0.46
"Uuvmjjfqnu, nee ivattu full lazy mode alli idiya re. #d439",Insult,Individual,Low,0.24
"Xcx, nanna status na yavaglu check madthiya, idu stalking tara kanstide. #027a",Cyberstalking,Individual,High,0.67
"naale 9 gante lab ge bartira, late agbeda. #9197",Neutral,Individual,Low,0.02
"Iis, elli hogidaroo ade tara madthiya, sakkat dumb idiya yaar anta feel agutte. #57b6",Harassment,Individual,Medium,0.64
attendance link haakbidu illi. #6225,Neutral,Individual,Low,0.03
"batch, ivnanna group nalli add madbeda, ivan illaadre better ansta. #76e4",Exclusion,Group,Low,0.17
exam tumba tough aaytu but somehow aaytu. #9413,Neutral,Individual,Low,0
yavdru ivattu notes idre send maadu pls. #bf9e,Neutral,Unknown,Low,0
exam tumba tough aaytu but somehow aaytu. #ac0d,Neutral,Individual,Low,0
"Unka, elli hogidaroo ade tara madthiya, tumba irritating agthiya re anta feel agutte. #0406",Harassment,Individual,High,0.49
"gang, plan ge ivananna invite madbeda besseru, ivan illaadre better ansta. #7935",Exclusion,Group,Low,0.2
"network sakkath slow ide, once repeat maadu. #847e",Neutral,Unknown,Low,0
"Bdvasxuts, nee full time late bartiya re. #66b6",Insult,Individual,Low,0.4
"gang, ivananna group inda remove maadona, ivan illaadre better ansta. #5140",Exclusion,Group,Medium,0.26
"Jxckwsitez, nee total loser tara idiya machaa. #0e0d",Insult,Individual,High,0.41
exam tumba tough aaytu but somehow aaytu. #1459,Neutral,Unknown,Low,0
exam tumba tough aaytu but somehow aaytu. #92dd,Neutral,Individual,Low,0
ivattu assignment submit maadbeku maga. #bbf0,Neutral,Unknown,Low,0
"Ulcwwh, nee yavattu serious agalla re. #bb22",Insult,Individual,Low,0.39
"ninna presentation super aaytu, chennag ide. #02cb",Neutral,Group,Low,0
"Vemu, next time barbeku anta helthini, swalpa limit nodu yaar. #b93d",Threat,Individual,High,0.95
"Ria, yake everywhere message madthiya, idu stalking tara kanstide. #b2ad",Cyberstalking,Individual,Medium,0.48
"Mpgynayqnh, elli hogidaroo ade tara madthiya, total loser tara idiya anta feel agutte. #fd40",Harassment,Individual,Low,0.59
yavdru ivattu notes idre send maadu pls. #fe22,Neutral,Unknown,Low,0
"Lbwws, nee tumba irritating agthiya re yaar. #1882",Insult,Individual,Medium,0.17
"guys, plan ge ivananna invite madbeda besseru, ivan illaadre better ansta. #9b99",Exclusion,Group,High,0.33
"naale 9 gante lab ge bartira, late agbeda. #5449",Neutral,Unknown,Low,0
"guys, chat nalli ivnanna ide irboda anta ansta, ivan illaadre better ansta. #e673",Exclusion,Group,Low,0.4
"naale 9 gante lab ge bartira, late agbeda. #3540",Neutral,Group,Low,0
"Tkbwr, next time barbeku anta helthini, swalpa limit nodu yaar. #b6bd",Threat,Individual,Medium,0.99
ivattu class full bore aaytu. #7c7b,Neutral,Group,Low,0
"Hivwpjgt, a tara photos haakbeda please, group nalli idu sari alla. #86a1",Sexual Harassment,Individual,High,0.72
"Gpr, nee full time late bartiya yaar. #ec93",Insult,Individual,Low,0.21
ninne function photos share maadu. #c3ad,Neutral,Individual,Low,0.03
"Dmmcsapm, nee tumba irritating agthiya re machaa. #6d7c",Insult,Individual,Medium,0.32
"batch, chat nalli ivnanna ide irboda anta ansta, ivan illaadre better ansta. #7dce",Exclusion,Group,Low,0.22
nee send madida reel super comedy aaytu. #6382,Neutral,Unknown,Low,0
fest practice ge yar yar barthidira. #2e3c,Neutral,Unknown,Low,0.02
"gang, plan ge ivananna invite madbeda besseru, ivan illaadre better ansta. #c524",Exclusion,Group,High,0.46
"Hxwhvvy, nee class nalli full time joker ne dude. #dad7",Insult,Individual,Medium,0.38
"Okhyxotj, elli hogidaroo ade tara madthiya, class nalli full time joker ne anta feel agutte. #e27c",Harassment,Individual,High,0.69
yaaru naalege PPT madthare helri. #d6a2,Neutral,Unknown,Low,0.03
"naale 9 gante lab ge bartira, late agbeda. #3895",Neutral,Group,Low,0.03
naale 4gante canteen nalli meet aagona. #ba98,Neutral,Unknown,Low,0.04
weekend ge yava movie nodona. #27e0,Neutral,Individual,Low,0
"Ximmty, nee complete waste fellow yaar. #96b3",Insult,Individual,High,0.36
"Twmzk, nanna status na yavaglu check madthiya, idu stalking tara kanstide. #71d7",Cyberstalking,Individual,Medium,0.68
"Otz, a tara photos haakbeda please, group nalli idu sari alla. #e7c4",Sexual Harassment,Individual,Medium,0.91
"Clb, elli hogidaroo ade tara madthiya, complete waste fellow anta feel agutte. #5086",Harassment,Individual,High,0.69
"Liycqgg, nodu careful iru, illa problem agutte, swalpa limit nodu yaar. #2c31",Threat,Individual,Low,0.79
project help madidakke thanks maga. #dc2a,Neutral,Unknown,Low,0.02
weekend ge yava movie nodona. #af5c,Neutral,Group,Low,0.03
"5 nimisha nalli join agthini, swalpa wait maadu. #5759",Neutral,Individual,Low,0.01
fest practice ge yar yar barthidira. #62d5,Neutral,Group,Low,0
weekend ge yava movie nodona. #ef2a,Neutral,Individual,Low,0.03
ivattu assignment submit maadbeku maga. #613f,Neutral,Individual,Low,0
project help madidakke thanks maga. #dcff,Neutral,Unknown,Low,0
ivattu class full bore aaytu. #e562,Neutral,Group,Low,0.04
yaaru naalege PPT madthare helri. #53ce,Neutral,Group,Low,0
"Fshvmplm, mundina sari nodu yen agutte anta, swalpa limit nodu yaar. #2161",Threat,Individual,High,0.94
"Suqysht, elli hogidaroo ade tara madthiya, total loser tara idiya anta feel agutte. #7cb0",Harassment,Individual,Medium,0.66
weekend ge yava movie nodona. #c538,Neutral,Group,Low,0
"team, ivananna group inda remove maadona, ivan illaadre better ansta. #f88d",Exclusion,Group,Medium,0.32
"Xeqoclyw, mundina sari nodu yen agutte anta, swalpa limit nodu yaar. #76da",Threat,Individual,Low,0.9
exam tumba tough aaytu but somehow aaytu. #6039,Neutral,Unknown,Low,0
"Rwo, elli hogidaroo ade tara madthiya, complete waste fellow anta feel agutte. #b586",Harassment,Individual,Medium,0.52
"class grp, chat nalli ivnanna ide irboda anta ansta, ivan illaadre better ansta. #24a5",Exclusion,Group,Low,0.2
ivattu assignment submit maadbeku maga. #7816,Neutral,Unknown,Low,0.02
"Mnny, nee reply nodoke tumba time togondiya yaar. #4d6f",Insult,Individual,Low,0.13
yaaru naalege PPT madthare helri. #2771,Neutral,Individual,Low,0.01
"review okay aaytu, tension beda. #f259",Neutral,Group,Low,0.02
project help madidakke thanks maga. #b576,Neutral,Group,Low,0
"Ejpydcl, elli hogidaroo ade tara madthiya, tumba irritating agthiya re anta feel agutte. #1bde",Harassment,Individual,Medium,0.52
"Cocztaoa, a type jokes swalpa stop maadu, group nalli idu sari alla. #ced4",Sexual Harassment,Individual,High,0.86
"Gdzm, nee total loser tara idiya machaa. #dd4f",Insult,Individual,High,0.42
"Ahlhhwxx, nee full time late bartiya re. #edc9",Insult,Individual,Low,0.35
"5 nimisha nalli join agthini, swalpa wait maadu. #9e00",Neutral,Group,Low,0
naale extra pen togond baa pls. #38a3,Neutral,Individual,Low,0
fest practice ge yar yar barthidira. #5a7d,Neutral,Unknown,Low,0
"Hnujvjxjs, nee yen use illa ninna jothe yaar. #dd83",Insult,Individual,High,0.5
"batch, plan ge ivananna invite madbeda besseru, ivan illaadre better ansta. #2961",Exclusion,Group,Low,0.18
project help madidakke thanks maga. #e04c,Neutral,Unknown,Low,0
"Rfbssxgqpe, elli hogidaroo ade tara madthiya, tumba irritating agthiya re anta feel agutte. #e42a",Harassment,Individual,High,0.44
"class grp, plan ge ivananna invite madbeda besseru, ivan illaadre better ansta. #4ea6",Exclusion,Group,Low,0.2
"batch, ivnanna group nalli add madbeda, ivan illaadre better ansta. #38e4",Exclusion,Group,Medium,0.33
exam tumba tough aaytu but somehow aaytu. #35c5,Neutral,Individual,Low,0.02
"gang, plan ge ivananna invite madbeda besseru, ivan illaadre better ansta. #049d",Exclusion,Group,Medium,0.47
"Yvpt, nee class nalli full time joker ne yaar. #4dfb",Insult,Individual,Medium,0.33
"Hmjc, mundina sari nodu yen agutte anta, swalpa limit nodu yaar. #ae85",Threat,Individual,High,0.94
"Sjrugzma, prati dina reason illade ping madbedi, idu stalking tara kanstide. #b45f",Cyberstalking,Individual,Medium,0.47
"Xnatmj, mundina sari nodu yen agutte anta, swalpa limit nodu yaar. #cf70",Threat,Individual,Low,0.86
"naale 9 gante lab ge bartira, late agbeda. #086f",Neutral,Group,Low,0.02
yaaru naalege PPT madthare helri. #9529,Neutral,Group,Low,0
"Zjt, nee tumba disgusting behaviour dude. #53f2",Insult,Individual,High,0.4
weekend ge yava movie nodona. #bd30,Neutral,Unknown,Low,0.02
"batch, ivnanna group nalli add madbeda, ivan illaadre better ansta. #a025",Exclusion,Group,Medium,0.41
"Ympovatvl, nee yavattu serious agalla re. #a3dd",Insult,Individual,Low,0.3
"Iwg, nee complete waste fellow machaa. #23c6",Insult,Individual,High,0.35
nee send madida reel super comedy aaytu. #ce84,Neutral,Individual,Low,0.04
"Gop, nee total loser tara idiya re. #a696",Insult,Individual,High,0.36
nee send madida reel super comedy aaytu. #8a28,Neutral,Group,Low,0.06
"gang, ivnanna group nalli add madbeda, ivan illaadre better ansta. #c01f",Exclusion,Group,Low,0.24
exam tumba tough aaytu but somehow aaytu. #c899,Neutral,Unknown,Low,0.03
"class grp, chat nalli ivnanna ide irboda anta ansta, ivan illaadre better ansta. #b0dc",Exclusion,Group,Low,0.35
ivattu class full bore aaytu. #7903,Neutral,Group,Low,0
naale 4gante canteen nalli meet aagona. #d268,Neutral,Unknown,Low,0
yaaru naalege PPT madthare helri. #91eb,Neutral,Unknown,Low,0
"happy birthday, tumba olle varsha agli. #b1d9",Neutral,Unknown,Low,0.02
"Djhjjmf, elli hogidaroo ade tara madthiya, sakkat dumb idiya yaar anta feel agutte. #e5e6",Harassment,Individual,High,0.8
"Qvxsyu, elli hogidaroo ade tara madthiya, total loser tara idiya anta feel agutte. #5f0e",Harassment,Individual,Medium,0.57
weekend ge yava movie nodona. #b675,Neutral,Group,Low,0.05
nee send madida reel super comedy aaytu. #bd66,Neutral,Unknown,Low,0
"Slwzlft, sir ge complaint haakthini nodu, swalpa limit nodu yaar. #adf8",Threat,Individual,High,0.83
"Eiyqpuv, nee full time late bartiya re. #8bb9",Insult,Individual,Low,0.11
"Fmkyduuhxi, nee yavattu serious agalla re. #6522",Insult,Individual,Low,0.12
"Djlyme, nee complete waste fellow machaa. #a0b1",Insult,Individual,High,0.34
"ninna presentation super aaytu, chennag ide. #a437",Neutral,Group,Low,0.03
weekend ge yava movie nodona. #b366,Neutral,Unknown,Low,0.01
"gang, chat nalli ivnanna ide irboda anta ansta, ivan illaadre better ansta. #92ac",Exclusion,Group,Low,0.19
"Ccglaow, nee ivattu full lazy mode alli idiya dude. #b641",Insult,Individual,Low,0.3
"naale 9 gante lab ge bartira, late agbeda. #d971",Neutral,Unknown,Low,0.03
"Ufebdcez, ava body bagge a tara mata beda, group nalli idu sari alla. #fd68",Sexual Harassment,Individual,High,0.67
"happy birthday, tumba olle varsha agli. #0fc3",Neutral,Individual,Low,0.04
ivattu class full bore aaytu. #e4f3,Neutral,Individual,Low,0.07
"review okay aaytu, tension beda. #80fa",Neutral,Individual,Low,0.07
"class grp, plan ge ivananna invite madbeda besseru, ivan illaadre better ansta. #158c",Exclusion,Group,Medium,0.29
"Ourplaq, elli hogidaroo ade tara madthiya, yen use illa ninna jothe anta feel agutte. #13b5",Harassment,Individual,High,0.75
"Ujibbex, nee yavattu serious agalla dude. #7659",Insult,Individual,Low,0.41
"naale 9 gante lab ge bartira, late agbeda. #d15a",Neutral,Individual,Low,0
"Wouhjoojsn, nee yavattu serious agalla dude. #1bf6",Insult,Individual,Low,0.1
"network sakkath slow ide, once repeat maadu. #5b27",Neutral,Group,Low,0
"5 nimisha nalli join agthini, swalpa wait maadu. #deaf",Neutral,Unknown,Low,0
"Uulkgaa, elli hogidaroo ade tara madthiya, class nalli full time joker ne anta feel agutte. #f080",Harassment,Individual,Low,0.67
"5 nimisha nalli join agthini, swalpa wait maadu. #897b",Neutral,Unknown,Low,0.02
weekend ge yava movie nodona. #b801,Neutral,Individual,Low,0
"guys, ivananna group inda remove maadona, ivan illaadre better ansta. #fa8b",Exclusion,Group,Medium,0.48
"naale 9 gante lab ge bartira, late agbeda. #6c78",Neutral,Unknown,Low,0
"review okay aaytu, tension beda. #0452",Neutral,Group,Low,0
ninne function photos share maadu. #8dc2,Neutral,Unknown,Low,0.04
"review okay aaytu, tension beda. #8c9d",Neutral,Group,Low,0.02
"review okay aaytu, tension beda. #a9bd",Neutral,Group,Low,0.01
ninne function photos share maadu. #82ab,Neutral,Group,Low,0.01
"Lhcivzgif, nee ivattu full lazy mode alli idiya re. #1954",Insult,Individual,Low,0.24
"Oof, next time barbeku anta helthini, swalpa limit nodu yaar. #52d4",Threat,Individual,High,0.81
"ninna presentation super aaytu, chennag ide. #168b",Neutral,Group,Low,0.05
"Gqyqbddczg, elli hogidaroo ade tara madthiya, tumba irritating agthiya re anta feel agutte. #a0c3",Harassment,Individual,High,0.69
"Fegopkbi, nee sakkat dumb idiya yaar machaa. #8cb7",Insult,Individual,Medium,0.43
"naale 9 gante lab ge bartira, late agbeda. #a051",Neutral,Unknown,Low,0
naale 4gante canteen nalli meet aagona. #48cc,Neutral,Individual,Low,0
"guys, ivnanna group nalli add madbeda, ivan illaadre better ansta. #cef5",Exclusion,Group,Low,0.28
ivattu class full bore aaytu. #0ca0,Neutral,Group,Low,0.01
"Kag, cheap comments madbeda ava bagge, group nalli idu sari alla. #ee82",Sexual Harassment,Individual,Medium,0.81
naale extra pen togond baa pls. #ebb2,Neutral,Group,Low,0
"Ymxhffvm, a tara photos haakbeda please, group nalli idu sari alla. #dbdc",Sexual Harassment,Individual,Low,0.76
"Ltwfv, elli hogidaroo ade tara madthiya, useless tara behave madthiya anta feel agutte. #1807",Harassment,Individual,Low,0.49
naale extra pen togond baa pls. #2379,Neutral,Group,Low,0
nee send madida reel super comedy aaytu. #f3ca,Neutral,Unknown,Low,0.06
"Hvjbqg, nanna status na yavaglu check madthiya, idu stalking tara kanstide. #a1da",Cyberstalking,Individual,High,0.66
ivattu assignment submit maadbeku maga. #4224,Neutral,Group,Low,0
"Zepla, nee sakkat dumb idiya yaar re. #ad24",Insult,Individual,Medium,0.2
naale 4gante canteen nalli meet aagona. #bde2,Neutral,Unknown,Low,0.04
nee send madida reel super comedy aaytu. #21ad,Neutral,Unknown,Low,0.02
attendance link haakbidu illi. #4f98,Neutral,Individual,Low,0
"Tqduvncv, nee full time late bartiya yaar. #847a",Insult,Individual,Low,0.35
"Hmxfoe, nee tumba irritating agthiya re machaa. #ccdd",Insult,Individual,Medium,0.15
"Phzewwwwp, sir ge complaint haakthini nodu, swalpa limit nodu yaar. #adf1",Threat,Individual,Medium,0.77
"review okay aaytu, tension beda. #b025",Neutral,Group,Low,0
"review okay aaytu, tension beda. #6696",Neutral,Group,Low,0
"Xko, a type jokes swalpa stop maadu, group nalli idu sari alla. #0ec6",Sexual Harassment,Individual,Medium,0.78
ivattu assignment submit maadbeku maga. #c513,Neutral,Group,Low,0.01
"network sakkath slow ide, once repeat maadu. #01ef",Neutral,Individual,Low,0
fest practice ge yar yar barthidira. #ad2f,Neutral,Unknown,Low,0.04
"review okay aaytu, tension beda. #9323",Neutral,Unknown,Low,0.04
"Ovaxig, nee tumba irritating agthiya re machaa. #6685",Insult,Individual,Medium,0.37
"Opyiwiefed, nee total loser tara idiya re. #029c",Insult,Individual,High,0.24
"Gqcvxzvsah, nanna status na yavaglu check madthiya, idu stalking tara kanstide. #c449",Cyberstalking,Individual,Low,0.69
nee send madida reel super comedy aaytu. #9306,Neutral,Unknown,Low,0
attendance link haakbidu illi. #5987,Neutral,Individual,Low,0
"5 nimisha nalli join agthini, swalpa wait maadu. #ce77",Neutral,Unknown,Low,0
ivattu class full bore aaytu. #f0c2,Neutral,Group,Low,0
"Resusxiky, nee tumba disgusting behaviour yaar. #5591",Insult,Individual,High,0.4
yaaru naalege PPT madthare helri. #9816,Neutral,Group,Low,0
"guys, ivananna group inda remove maadona, ivan illaadre better ansta. #a87f",Exclusion,Group,Medium,0.28
"happy birthday, tumba olle varsha agli. #53b4",Neutral,Individual,Low,0.04
ivattu assignment submit maadbeku maga. #86e4,Neutral,Group,Low,0
"Fdoz, nee yen use illa ninna jothe machaa. #b6a4",Insult,Individual,High,0.31
"Bicrn, nee useless tara behave madthiya re. #32e4",Insult,Individual,Medium,0.44
exam tumba tough aaytu but somehow aaytu. #56f5,Neutral,Individual,Low,0
"team, ivnanna group nalli add madbeda, ivan illaadre better ansta. #0232",Exclusion,Group,High,0.42
pizza bekka biryani bekka decide maadi. #569f,Neutral,Group,Low,0
project help madidakke thanks maga. #3e01,Neutral,Group,Low,0
"Qyqfg, nee reply nodoke tumba time togondiya yaar. #fa1c",Insult,Individual,Low,0.26
"Glrwvvl, nee yen use illa ninna jothe yaar. #dca7",Insult,Individual,High,0.34
"batch, chat nalli ivnanna ide irboda anta ansta, ivan illaadre better ansta. #478b",Exclusion,Group,Medium,0.27
"Cozd, nee reply nodoke tumba time togondiya dude. #3c6d",Insult,Individual,Low,0.22
"Tilzbn, nanna status na yavaglu check madthiya, idu stalking tara kanstide. #2c7e",Cyberstalking,Individual,Medium,0.75
"Weqkkwuido, nee tumba irritating agthiya re re. #bb9e",Insult,Individual,Medium,0.23
"team, chat nalli ivnanna ide irboda anta ansta, ivan illaadre better ansta. #2872",Exclusion,Group,Low,0.43
ivattu assignment submit maadbeku maga. #9472,Neutral,Individual,Low,0.04
"ninna presentation super aaytu, chennag ide. #9a5f",Neutral,Unknown,Low,0.04
"Tjap, nee tumba irritating agthiya re re. #20f2",Insult,Individual,Medium,0.27
"Wxcp, nanna status na yavaglu check madthiya, idu stalking tara kanstide. #b799",Cyberstalking,Individual,Medium,0.58
"Ywgt, nee reply nodoke tumba time togondiya yaar. #4e98",Insult,Individual,Low,0.3
"Oivofts, nee yavattu serious agalla yaar. #78a2",Insult,Individual,Low,0.13
attendance link haakbidu illi. #754e,Neutral,Group,Low,0
"ninna presentation super aaytu, chennag ide. #2f93",Neutral,Unknown,Low,0
"batch, ivnanna group nalli add madbeda, ivan illaadre better ansta. #2ab5",Exclusion,Group,Low,0.22
"happy birthday, tumba olle varsha agli. #fb53",Neutral,Group,Low,0.02
"team, ivnanna group nalli add madbeda, ivan illaadre better ansta. #7529",Exclusion,Group,Low,0.29
"Czmva, nee total loser tara idiya dude. #79df",Insult,Individual,High,0.44
"Vcvz, yake everywhere message madthiya, idu stalking tara kanstide. #826c",Cyberstalking,Individual,Low,0.77
"5 nimisha nalli join agthini, swalpa wait maadu. #677a",Neutral,Unknown,Low,0.06
"class grp, plan ge ivananna invite madbeda besseru, ivan illaadre better ansta. #07c5",Exclusion,Group,Low,0.25
"gang, ivananna group inda remove maadona, ivan illaadre better ansta. #38b0",Exclusion,Group,Medium,0.25
ivattu assignment submit maadbeku maga. #1df4,Neutral,Unknown,Low,0
"review okay aaytu, tension beda. #59cc",Neutral,Unknown,Low,0.03
"Hhgqfomkgy, elli hogidaroo ade tara madthiya, sakkat dumb idiya yaar anta feel agutte. #4605",Harassment,Individual,High,0.44
"Hrlrl, a tara photos haakbeda please, group nalli idu sari alla. #5e0c",Sexual Harassment,Individual,High,0.84
"5 nimisha nalli join agthini, swalpa wait maadu. #64dc",Neutral,Group,Low,0
fest practice ge yar yar barthidira. #3536,Neutral,Individual,Low,0
yavdru ivattu notes idre send maadu pls. #36b0,Neutral,Individual,Low,0.04
"Ytoft, nee yavattu serious agalla machaa. #bdff",Insult,Individual,Low,0.3
"Bubpytnyux, yake everywhere message madthiya, idu stalking tara kanstide. #2959",Cyberstalking,Individual,High,0.56
"Rttfdfpjn, elli hogidaroo ade tara madthiya, class nalli full time joker ne anta feel agutte. #76fb",Harassment,Individual,Low,0.33
"review okay aaytu, tension beda. #c7d6",Neutral,Individual,Low,0.01
"Jcyjplg, nee useless tara behave madthiya dude. #c27b",Insult,Individual,Medium,0.38
"Lnjyq, elli hogidaroo ade tara madthiya, tumba disgusting behaviour anta feel agutte. #1f44",Harassment,Individual,High,0.81
"class grp, ivnanna group nalli add madbeda, ivan illaadre better ansta. #93a1",Exclusion,Group,High,0.4
"network sakkath slow ide, once repeat maadu. #a328",Neutral,Unknown,Low,0.03
ninne function photos share maadu. #b39a,Neutral,Group,Low,0
"Qlbwj, sir ge complaint haakthini nodu, swalpa limit nodu yaar. #0fbf",Threat,Individual,High,0.92
"Autff, elli hogidaroo ade tara madthiya, useless tara behave madthiya anta feel agutte. #11d1",Harassment,Individual,Medium,0.7
ninne function photos share maadu. #6c0c,Neutral,Individual,Low,0.01
"guys, ivananna group inda remove maadona, ivan illaadre better ansta. #a5b9",Exclusion,Group,Low,0.26
"Xrkhuh, nee tumba disgusting behaviour machaa. #155a",Insult,Individual,High,0.32
"Nslh, nee tumba irritating agthiya re machaa. #9745",Insult,Individual,Medium,0.34
attendance link haakbidu illi. #9430,Neutral,Unknown,Low,0
weekend ge yava movie nodona. #881d,Neutral,Unknown,Low,0
ivattu class full bore aaytu. #30de,Neutral,Group,Low,0.03
"Txifcawj, elli hogidaroo ade tara madthiya, complete waste fellow anta feel agutte. #589a",Harassment,Individual,Medium,0.73
"Kisborofk, mundina sari nodu yen agutte anta, swalpa limit nodu yaar. #7844",Threat,Individual,High,0.79
"5 nimisha nalli join agthini, swalpa wait maadu. #5b46",Neutral,Individual,Low,0.01
"Vavmcvnsi, ella platform nalli follow madbeda please, idu stalking tara kanstide. #e1c2",Cyberstalking,Individual,High,0.85
"Mtkyzl, sir ge complaint haakthini nodu, swalpa limit nodu yaar. #4acc",Threat,Individual,Medium,0.85
"review okay aaytu, tension beda. #9c19",Neutral,Unknown,Low,0.04
"Pndaa, nee yavattu serious agalla re. #6eed",Insult,Individual,Low,0.13
"Lswymsd, sir ge complaint haakthini nodu, swalpa limit nodu yaar. #6bf5",Threat,Individual,High,0.73
"Ggplsqwxi, elli hogidaroo ade tara madthiya, yen use illa ninna jothe anta feel agutte. #9b88",Harassment,Individual,High,0.77
