message,label,target_type,severity,severity_score
stop talking nonsense nin matu beka illa don't you think?,insult,individual,medium,0.3
Assignment yavaglu submit madbeku,neutral,unknown,medium,0.02
I think yaake nanna hinde bartiya right now.,harassment,individual,medium,0.45
Thanks slides share madiddakke,neutral,unknown,medium,0.02
"Stop it, mind your own business nin work nodko ... whatever.",aggression,individual,medium,0.55
"Look, neenu hopeless yaake heege",insult,individual,medium,0.3
"Basically, just wait and watch ninige lesson sigutte",threat,individual,medium,0.82
yaake nanna follow madthiya everywhere,harassment,individual,medium,0.45
your kind spoils the environment and it's annoying.,hate,individual,medium,0.75
Please check the group description swalpa,neutral,unknown,medium,0.02
stop talking nonsense nin matu beda for real.,aggression,individual,medium,0.55
"Look, your kind spoils the environment",hate,individual,medium,0.75
why do you follow everything i do,stalking,individual,medium,0.62
this chat is very unhealthy and it's sad.,toxicity,individual,medium,0.5
ninige nanna online time gothu how without a doubt.,stalking,individual,medium,0.62
It's obvious that yaake nanna hinde bartiya,harassment,individual,medium,0.45
"Hey, nin illade better agide period.",exclusion,individual,medium,0.42
ninige nanna online time gothu how for real.,stalking,individual,medium,0.62
neenu full dumb yaake heege,insult,individual,medium,0.3
back off right now nin hinde hogu,aggression,individual,medium,0.55
Good morning everyone ellargu,neutral,unknown,high,0.07
"To be honest, this chat is exhausting full headache ... whatever.",toxicity,individual,medium,0.5
Is there any update on results ivattu,neutral,unknown,medium,0.02
"Actually, stay out of my matters nin hogu don't you think?",aggression,individual,medium,0.55
"Seriously, dont involve yourself nin beka illa and it's annoying.",exclusion,individual,medium,0.42
"Hey, Assignment yavaglu submit madbeku",neutral,unknown,medium,0.02
Did anyone finish the project work,neutral,unknown,medium,0.02
people here are very problematic and everyone agrees.,toxicity,individual,high,0.55
ninige simple vishaya kuda artha agalla,insult,individual,medium,0.3
remember this moment ninige gothagutte for sure.,threat,individual,medium,0.82
"Hey, Is the class online or offline naale",neutral,unknown,medium,0.02
It's obvious that you cant escape from this ninige illa,threat,individual,medium,0.82
"To be honest, you wont get away with this",threat,individual,medium,0.82
dont involve yourself nin beka illa,exclusion,individual,medium,0.42
this group has become so toxic ella negative agide,toxicity,individual,medium,0.5
i will complain about you sir ge helthini,threat,individual,medium,0.82
It's obvious that better nin illade nadithivi and it's sad.,exclusion,individual,medium,0.42
"Hey, Good morning everyone ellargu",neutral,unknown,high,0.07
dont think this will go unnoticed - just my opinion.,threat,individual,medium,0.82
"Listen, this chat is mentally draining thale noovu",toxicity,individual,medium,0.5
Can someone share the notes ivattu,neutral,unknown,medium,0.02
"Hey, Thanks slides share madiddakke",neutral,unknown,medium,0.02
"Hey, your type always ruins things nin tara jana beda",hate,individual,high,0.8
"Look, why are you watching me silently",stalking,individual,medium,0.62
"Basically, this place feels unhealthy manasige sari illa (no offense).",toxicity,individual,low,0.45
keep quiet please nin matadbeda,aggression,individual,medium,0.55
"Look, yaake nanna bar bar text madthiya !!!",harassment,individual,medium,0.45
"Listen, why are you always in my dm ninige kelbeda",harassment,individual,high,0.5
"Hey, we dont want you nin beka illa",exclusion,individual,medium,0.42
dont message me late night nin beka illa,harassment,individual,medium,0.45
Everyone knows why are you always online when i come ninige gothagthide - just my opinion.,stalking,individual,high,0.67
"Hey, Please check the group description swalpa",neutral,unknown,medium,0.02
"Hey, there is too much negativity here",toxicity,individual,medium,0.5
people like you yavaglu problem,hate,individual,medium,0.75
this group ninige alla,exclusion,individual,medium,0.42
yaake nanna hinde bartiya,harassment,individual,medium,0.45
you are everywhere i go nin follow madthiya,stalking,individual,medium,0.62
stop stalking me nanige beda,stalking,individual,medium,0.62
control yourself swalpa period.,aggression,individual,medium,0.55
"Hey, Class timings yenu ivattu",neutral,unknown,medium,0.02
i will expose what you did ellargu helthini period.,threat,individual,medium,0.82
"Stop it, yaake nanna bar bar text madthiya so please stop.",harassment,individual,medium,0.45
It's obvious that nininda headache agthide stop it,harassment,individual,medium,0.45
Class timings yenu ivattu,neutral,unknown,medium,0.02
Everyone knows your kind is not welcome here,hate,individual,medium,0.75
you will pay for what you did,threat,individual,medium,0.82
you asked for it nin mistake,threat,individual,medium,0.82
nin iddare problem agthide,exclusion,individual,medium,0.42
nin iddare problem agthide so please stop.,exclusion,individual,medium,0.42
"Hey, you cant escape from this ninige illa period.",threat,individual,medium,0.82
"In my opinion, are you mad or what ninige artha illa ... whatever.",insult,individual,medium,0.3
It's obvious that just wait and watch ninige lesson sigutte without a doubt.,threat,individual,medium,0.82
are you mad or what ninige artha illa,insult,individual,medium,0.3
I think we dont want you nin beka illa,exclusion,individual,medium,0.42
you just dont get it ninige artha illa don't you think?,insult,individual,medium,0.3
"Stop it, stop calling me bar bar without a doubt.",harassment,individual,medium,0.45
I think please remove yourself nin hogu and it's sad.,exclusion,individual,medium,0.42
"Basically, we dont need people like you immediately.",hate,individual,medium,0.75
"Basically, stop tracking my activity nanige gothagthide",stalking,individual,medium,0.62
dont annoy me nin irritate madbeda,aggression,individual,medium,0.55
"Actually, yaake nanna profile daily nodthiya ... whatever.",stalking,individual,medium,0.62
yaake nanna profile daily nodthiya,stalking,individual,medium,0.62
dont cross the line nin limits alli iru for real.,aggression,individual,medium,0.55
"Hey, Does anyone understand this topic swalpa",neutral,unknown,medium,0.02
just wait and watch ninige lesson sigutte right now.,threat,individual,medium,0.82
"Hey, Did anyone finish the project work",neutral,unknown,medium,0.02
dont start with me nin beka illa,aggression,individual,medium,0.55
stop tracking my activity nanige gothagthide,stalking,individual,medium,0.62
"Actually, ninige maturity illa grow up",insult,individual,medium,0.3
your kind spoils the environment immediately.,hate,individual,medium,0.75
you cant escape from this ninige illa immediately.,threat,individual,medium,0.82
dont poke your nose nin business beda and everyone agrees.,aggression,individual,high,0.6
this is between us only nin barbeda (no offense).,exclusion,individual,low,0.37
you sound really stupid nin mathu nodi don't you think?,insult,individual,medium,0.3
Everyone knows people like you never change immediately.,hate,individual,high,0.8
nin iddare delay agthide,exclusion,individual,medium,0.42
ninige nanna online time gothu how don't you think?,stalking,individual,medium,0.62
"Look, this chat is exhausting full headache",toxicity,individual,medium,0.5
"To be honest, this chat is exhausting full headache",toxicity,individual,medium,0.5
you just dont get it ninige artha illa,insult,individual,medium,0.3
I think why are you always online when i come ninige gothagthide and everyone agrees.,stalking,individual,high,0.67
"Stop it, we dont need people like you for real.",hate,individual,medium,0.75
"Just so you know, dont annoy me nin irritate madbeda and it's sad.",aggression,individual,medium,0.55
this place is full of nonsense and it's annoying.,toxicity,individual,medium,0.5
Does anyone understand this topic swalpa,neutral,unknown,medium,0.02
"Seriously, stop tracking my activity nanige gothagthide without a doubt.",stalking,individual,medium,0.62
"Listen, dont keep pinging nanna irritate madthiya",harassment,individual,medium,0.45
"Seriously, we already decided nin illade",exclusion,individual,medium,0.42
I just wanted to say i cant stand people like you nin tara jana right now.,hate,individual,medium,0.75
Everyone knows nin presence irthare problem only right now.,insult,individual,medium,0.3
"In my opinion, remember this moment ninige gothagutte period.",threat,individual,medium,0.82
Everyone knows go away from here nin hogu,aggression,individual,medium,0.55
"In my opinion, dont poke your nose nin business beda",aggression,individual,medium,0.55
this is between us only nin barbeda,exclusion,individual,medium,0.42
"To be honest, are you mad or what ninige artha illa for real.",insult,individual,medium,0.3
"Actually, you sound really stupid nin mathu nodi don't you think?",insult,individual,medium,0.3
"Hey, we dont need people like you and it's annoying.",hate,individual,medium,0.75
"Honestly, ninige common sense illa",insult,individual,medium,0.3
"Honestly, why are you always online when i come ninige gothagthide for sure.",stalking,individual,high,0.67
why do you remember my timings ninige ella gothu and it's annoying.,stalking,individual,medium,0.62
"Hey, why cant you just stop kelthiya",harassment,individual,medium,0.45
"Seriously, stay in your limits please",aggression,individual,medium,0.55
why do you see my story every time nin follow madthiya for real.,stalking,individual,medium,0.62
why cant you just stop kelthiya,harassment,individual,medium,0.45
control yourself swalpa for sure.,aggression,individual,medium,0.55
"In my opinion, people like you yavaglu problem - just my opinion.",hate,individual,medium,0.75
"Look, we dont want you nin beka illa",exclusion,individual,medium,0.42
Everyone knows you will pay for what you did (no offense).,threat,individual,low,0.77
"In my opinion, you are in serious trouble nodu",threat,individual,medium,0.82
"Listen, you asked for it nin mistake and it's annoying.",threat,individual,medium,0.82
dont cross the line nin limits alli iru,aggression,individual,medium,0.55
"Listen, we dont like people like you nin tara beda !!!",hate,individual,medium,0.75
your kind is not welcome here and everyone agrees.,hate,individual,high,0.8
"Look, people here are very problematic",toxicity,individual,medium,0.5
this place is full of nonsense,toxicity,individual,medium,0.5
we are tired of people like you !!!,hate,individual,medium,0.75
you will face consequences ninige problem agutte don't you think?,threat,individual,medium,0.82
"Look, you are not invited nin beka illa",exclusion,individual,medium,0.42
"Hey, dont push me beyond my limit serious agthide",threat,individual,medium,0.82
"Honestly, this is your last warning nodko",threat,individual,medium,0.82
this chat is mentally draining thale noovu,toxicity,individual,medium,0.5
"Actually, this place is full of nonsense and it's sad.",toxicity,individual,medium,0.5
"Seriously, you wont get away with this for real.",threat,individual,medium,0.82
"Basically, use your brain swalpa",insult,individual,medium,0.3
"Seriously, dont push me beyond my limit serious agthide",threat,individual,medium,0.82
"Basically, dont start with me nin beka illa",aggression,individual,medium,0.55
"Hey, this chat ruins my mood for real.",toxicity,individual,medium,0.5
"Honestly, why cant you just stop kelthiya",harassment,individual,medium,0.45
this environment is really bad,toxicity,individual,medium,0.5
stop keeping tabs on me and it's annoying.,stalking,individual,medium,0.62
please remove yourself nin hogu for real.,exclusion,individual,medium,0.42
"Hey, Can someone share the notes ivattu",neutral,unknown,medium,0.02
i will expose what you did ellargu helthini,threat,individual,medium,0.82
"Hey, this is your last warning nodko and everyone agrees.",threat,individual,high,0.87
your kind spoils the environment right now.,hate,individual,medium,0.75
"Just so you know, nin illade better agide ... whatever.",exclusion,individual,medium,0.42
dont message me late night nin beka illa (no offense).,harassment,individual,low,0.4
"Actually, leave me alone nanige disturb beda",harassment,individual,medium,0.45
"In my opinion, this environment is really bad and it's annoying.",toxicity,individual,medium,0.5
this chat is mentally draining thale noovu ... whatever.,toxicity,individual,medium,0.5
this chat is exhausting full headache,toxicity,individual,medium,0.5
this environment is stressful,toxicity,individual,medium,0.5
"Hey, Is there any update on results ivattu",neutral,unknown,medium,0.02
"Hey, why do you keep observing me",stalking,individual,medium,0.62
"In my opinion, stop talking nonsense nin matu beda",aggression,individual,medium,0.55
Everyone knows this chat is mentally draining thale noovu,toxicity,individual,medium,0.5
you cant escape from this ninige illa (no offense).,threat,individual,low,0.77
It's obvious that this place feels unhealthy manasige sari illa and it's sad.,toxicity,individual,medium,0.5
no need for you nin beka illa,exclusion,individual,medium,0.42
you wont get away with this,threat,individual,medium,0.82
Everyone knows this group is too negative,toxicity,individual,medium,0.5
Everyone knows people like you make everything dirty period.,hate,individual,medium,0.75
"Stop it, why do you keep observing me",stalking,individual,medium,0.62
shut up now sumne iru without a doubt.,aggression,individual,medium,0.55
Everyone knows stay in your limits please,aggression,individual,medium,0.55
dont involve yourself nin beka illa for real.,exclusion,individual,medium,0.42
I just wanted to say stop talking nonsense nin matu beka illa,insult,individual,medium,0.3
"Basically, nin illade nav decide madidvi ... whatever.",exclusion,individual,medium,0.42
control yourself swalpa,aggression,individual,medium,0.55
"In my opinion, dont cross the line nin limits alli iru and everyone agrees.",aggression,individual,high,0.6
"Stop it, you are not invited nin beka illa immediately.",exclusion,individual,medium,0.42
better nin illade nadithivi,exclusion,individual,medium,0.42
Everyone knows dont start with me nin beka illa,aggression,individual,medium,0.55
"Honestly, you are not invited nin beka illa ... whatever.",exclusion,individual,medium,0.42
"Just so you know, you just dont get it ninige artha illa ... whatever.",insult,individual,medium,0.3
"Actually, nin illade nav decide madidvi so please stop.",exclusion,individual,medium,0.42
"In my opinion, i will complain about you sir ge helthini - just my opinion.",threat,individual,medium,0.82
"Hey, you will regret this later ninige gothagutte right now.",threat,individual,medium,0.82
"In my opinion, you just dont get it ninige artha illa period.",insult,individual,medium,0.3
stop stalking me nanige beda don't you think?,stalking,individual,medium,0.62
"Honestly, this will not end well for you ninige sari illa agutte",threat,individual,medium,0.82
"Seriously, your type should not be here",hate,individual,medium,0.75
"To be honest, your type should not be here don't you think?",hate,individual,medium,0.75
"Hey, you wont get away with this",threat,individual,medium,0.82
this environment is stressful without a doubt.,toxicity,individual,medium,0.5
dont annoy me nin irritate madbeda for sure.,aggression,individual,medium,0.55
you sound really stupid nin mathu nodi,insult,individual,medium,0.3
"In my opinion, you will pay for what you did immediately.",threat,individual,medium,0.82
Everyone knows stop disturbing me nanige shanti beku,harassment,individual,medium,0.45
"Just so you know, stop disturbing me nanige shanti beku without a doubt.",harassment,individual,medium,0.45
I think stop talking nonsense nin matu beda,aggression,individual,medium,0.55
"Just so you know, dont start with me nin beka illa",aggression,individual,medium,0.55
"Stop it, leave me alone nanige disturb beda (no offense).",harassment,individual,low,0.4
you will regret this later ninige gothagutte don't you think?,threat,individual,medium,0.82
why do you follow everything i do for sure.,stalking,individual,medium,0.62
i cant stand people like you nin tara jana right now.,hate,individual,medium,0.75
"Seriously, why do you see my story every time nin follow madthiya immediately.",stalking,individual,medium,0.62
"In my opinion, stop stalking me nanige beda",stalking,individual,medium,0.62
"Basically, we dont need people like you",hate,individual,medium,0.75
"To be honest, you sound really stupid nin mathu nodi",insult,individual,medium,0.3
nin illade nav decide madidvi,exclusion,individual,medium,0.42
Is the class online or offline naale,neutral,unknown,medium,0.02
"Basically, dont message me late night nin beka illa !!!",harassment,individual,medium,0.45
"Stop it, dont message me late night nin beka illa",harassment,individual,medium,0.45
"In my opinion, ninige buddhi illa seriously (no offense).",insult,individual,high,0.35
"Seriously, dont message me late night nin beka illa period.",harassment,individual,medium,0.45
we are tired of people like you - just my opinion.,hate,individual,medium,0.75
stop talking nonsense nin matu beda,aggression,individual,medium,0.55
"Just so you know, you are everywhere i go nin follow madthiya don't you think?",stalking,individual,medium,0.62
"Look, this chat is exhausting full headache for sure.",toxicity,individual,medium,0.5
people like you dont deserve respect !!!,hate,individual,medium,0.75
It's obvious that we dont need people like you,hate,individual,medium,0.75
"In my opinion, dont cross the line nin limits alli iru period.",aggression,individual,medium,0.55
you will pay for what you did !!!,threat,individual,medium,0.82
your type always ruins things nin tara jana beda so please stop.,hate,individual,high,0.8
you always ruin everything nininda problem right now.,insult,individual,high,0.35
"Stop it, no need for you nin beka illa",exclusion,individual,medium,0.42
dont keep pinging nanna irritate madthiya,harassment,individual,medium,0.45
we dont like people like you nin tara beda ... whatever.,hate,individual,medium,0.75
bar bar kelbeda please,harassment,individual,medium,0.45
this chat is exhausting full headache don't you think?,toxicity,individual,medium,0.5
"Seriously, stop calling me bar bar ... whatever.",harassment,individual,medium,0.45
people here are very problematic right now.,toxicity,individual,medium,0.5
you are in serious trouble nodu,threat,individual,medium,0.82
why are you watching me silently for sure.,stalking,individual,medium,0.62
why are you always wrong ninige gothilla,insult,individual,high,0.35
leave me alone nanige disturb beda so please stop.,harassment,individual,medium,0.45
"Hey, dont poke your nose nin business beda for sure.",aggression,individual,medium,0.55
"In my opinion, we dont like people like you nin tara beda without a doubt.",hate,individual,medium,0.75
stop keeping tabs on me !!!,stalking,individual,medium,0.62
you are not invited nin beka illa,exclusion,individual,medium,0.42
"Honestly, this place is full of nonsense period.",toxicity,individual,medium,0.5
people like you are a headache and it's sad.,hate,individual,medium,0.75
Everyone knows yaake nanna hinde bartiya so please stop.,harassment,individual,medium,0.45
"Actually, you are useless nin work sari illa",insult,individual,medium,0.3
"Seriously, this group ninige alla and it's annoying.",exclusion,individual,medium,0.42
your type should not be here,hate,individual,medium,0.75
"Look, this group ninige alla",exclusion,individual,medium,0.42
"Actually, people here are very problematic",toxicity,individual,medium,0.5
"Basically, dont think this will go unnoticed !!!",threat,individual,medium,0.82
neenu hopeless yaake heege for sure.,insult,individual,medium,0.3
back off right now nin hinde hogu without a doubt.,aggression,individual,medium,0.55
stay out ninige sambhandha illa,exclusion,individual,medium,0.42
please remove yourself nin hogu ... whatever.,exclusion,individual,medium,0.42
dont interfere in this nin barbeda,aggression,individual,medium,0.55
control yourself swalpa for real.,aggression,individual,medium,0.55
people like you yavaglu problem ... whatever.,hate,individual,medium,0.75
"To be honest, yaake nanna profile daily nodthiya",stalking,individual,medium,0.62
ninige simple vishaya kuda artha agalla period.,insult,individual,medium,0.3
"To be honest, this is between us only nin barbeda and it's sad.",exclusion,individual,medium,0.42
"Hey, this place feels unhealthy manasige sari illa",toxicity,individual,medium,0.5
"Actually, this chat ruins my mood",toxicity,individual,medium,0.5
"Basically, dont interfere in this nin barbeda",aggression,individual,medium,0.55
"In my opinion, you will regret this later ninige gothagutte !!!",threat,individual,medium,0.82
nin message inda tension agthide,harassment,individual,medium,0.45
"Seriously, no need for you nin beka illa period.",exclusion,individual,medium,0.42
It's obvious that shut up now sumne iru !!!,aggression,individual,medium,0.55
stop talking nonsense nin matu beda don't you think?,aggression,individual,medium,0.55
"Honestly, neenu full dumb yaake heege and it's annoying.",insult,individual,medium,0.3
"Stop it, stop messaging me yavaglu disturb madthiya and everyone agrees.",harassment,individual,high,0.5
dont think this will go unnoticed,threat,individual,medium,0.82
"To be honest, stop stalking me nanige beda immediately.",stalking,individual,medium,0.62
your type always ruins things nin tara jana beda,hate,individual,high,0.8
"Actually, this group has become so toxic ella negative agide ... whatever.",toxicity,individual,medium,0.5
we dont need people like you,hate,individual,medium,0.75
why cant you just stop kelthiya and it's sad.,harassment,individual,medium,0.45
"Honestly, this group makes me uncomfortable and it's sad.",toxicity,individual,medium,0.5
I think nin message inda tension agthide ... whatever.,harassment,individual,medium,0.45
"In my opinion, you cant escape from this ninige illa and everyone agrees.",threat,individual,high,0.87
"Hey, neenu hopeless yaake heege",insult,individual,medium,0.3
nin presence irthare problem only ... whatever.,insult,individual,medium,0.3
"Actually, this chat ruins my mood and it's sad.",toxicity,individual,medium,0.5
this group is full of drama and it's annoying.,toxicity,individual,medium,0.5
dont involve yourself nin beka illa !!!,exclusion,individual,medium,0.42
"Actually, dont interfere in this nin barbeda - just my opinion.",aggression,individual,medium,0.55
"Actually, are you mad or what ninige artha illa and everyone agrees.",insult,individual,high,0.35
"In my opinion, this group ninige alla",exclusion,individual,medium,0.42
"Seriously, this group has become so toxic ella negative agide",toxicity,individual,medium,0.5
"Honestly, you always ruin everything nininda problem",insult,individual,high,0.35
"Basically, people like you make everything dirty for sure.",hate,individual,medium,0.75
we are tired of people like you immediately.,hate,individual,medium,0.75
remember this moment ninige gothagutte without a doubt.,threat,individual,medium,0.82
"Listen, this is your last warning nodko for sure.",threat,individual,medium,0.82
this chat is mentally draining thale noovu immediately.,toxicity,individual,medium,0.5
nininda headache agthide stop it period.,harassment,individual,medium,0.45
nin illade smooth agide and everyone agrees.,exclusion,individual,high,0.47
"Stop it, people like you never change",hate,individual,high,0.8
"Look, dayavittu nanna bittu bidu without a doubt.",harassment,individual,medium,0.45
"In my opinion, stop getting involved nin barbeda so please stop.",aggression,individual,medium,0.55
"Basically, we dont like people like you nin tara beda",hate,individual,medium,0.75
go away from here nin hogu,aggression,individual,medium,0.55
"To be honest, nin iddare problem agthide",exclusion,individual,medium,0.42
why do you always show up where i am for real.,stalking,individual,high,0.67
nin iddare delay agthide so please stop.,exclusion,individual,medium,0.42
"To be honest, this is between us only nin barbeda",exclusion,individual,medium,0.42
people like you are a headache,hate,individual,medium,0.75
"Basically, this will not end well for you ninige sari illa agutte",threat,individual,medium,0.82
you are useless nin work sari illa immediately.,insult,individual,medium,0.3
"Hey, this place feels unhealthy manasige sari illa - just my opinion.",toxicity,individual,medium,0.5
this place feels unhealthy manasige sari illa so please stop.,toxicity,individual,medium,0.5
dont interfere in this nin barbeda and everyone agrees.,aggression,individual,high,0.6
"Seriously, people like you should stay away ... whatever.",hate,individual,medium,0.75
no need for you nin beka illa period.,exclusion,individual,medium,0.42
Everyone knows people like you should stay away,hate,individual,medium,0.75
this place is full of nonsense - just my opinion.,toxicity,individual,medium,0.5
stop stalking me nanige beda right now.,stalking,individual,medium,0.62
dont interfere in this nin barbeda without a doubt.,aggression,individual,medium,0.55
why do you always show up where i am for sure.,stalking,individual,high,0.67
this environment is stressful for real.,toxicity,individual,medium,0.5
i cant stand people like you nin tara jana and it's annoying.,hate,individual,medium,0.75
"Look, ninige buddhi illa seriously",insult,individual,high,0.35
"To be honest, people here are very problematic so please stop.",toxicity,individual,medium,0.5
stay out ninige sambhandha illa and it's sad.,exclusion,individual,medium,0.42
you will pay for what you did and everyone agrees.,threat,individual,high,0.87
this group makes me uncomfortable - just my opinion.,toxicity,individual,medium,0.5
people like you make everything dirty,hate,individual,medium,0.75
remember this moment ninige gothagutte,threat,individual,medium,0.82
"Look, this will not end well for you ninige sari illa agutte",threat,individual,medium,0.82
I think dont interfere in this nin barbeda,aggression,individual,medium,0.55
why are you always in my dm ninige kelbeda,harassment,individual,high,0.5
"Look, dont interfere in this nin barbeda don't you think?",aggression,individual,medium,0.55
this group is too negative,toxicity,individual,medium,0.5
why are you watching me silently immediately.,stalking,individual,medium,0.62
Everyone knows dont cross the line nin limits alli iru,aggression,individual,medium,0.55
i cant stand people like you nin tara jana immediately.,hate,individual,medium,0.75
"Listen, you will pay for what you did don't you think?",threat,individual,medium,0.82
you will face consequences ninige problem agutte,threat,individual,medium,0.82
"In my opinion, stay out of my matters nin hogu !!!",aggression,individual,medium,0.55
"Listen, this is your last warning nodko don't you think?",threat,individual,medium,0.82
you asked for it nin mistake and it's sad.,threat,individual,medium,0.82
I think stop disturbing me nanige shanti beku,harassment,individual,medium,0.45
Everyone knows we dont want you nin beka illa immediately.,exclusion,individual,medium,0.42
It's obvious that stop disturbing me nanige shanti beku,harassment,individual,medium,0.45
I just wanted to say you just dont get it ninige artha illa,insult,individual,medium,0.3
please remove yourself nin hogu,exclusion,individual,medium,0.42
"To be honest, stop getting involved nin barbeda period.",aggression,individual,medium,0.55
"Honestly, your kind is not welcome here and everyone agrees.",hate,individual,high,0.8
"Hey, no need for you nin beka illa don't you think?",exclusion,individual,medium,0.42
"Honestly, we dont like people like you nin tara beda ... whatever.",hate,individual,medium,0.75
stop talking nonsense nin matu beka illa and it's annoying.,insult,individual,medium,0.3
It's obvious that dont annoy me nin irritate madbeda !!!,aggression,individual,medium,0.55
your kind is not welcome here,hate,individual,medium,0.75
this is your last warning nodko,threat,individual,medium,0.82
"Listen, you are in serious trouble nodu",threat,individual,medium,0.82
"Look, there is too much negativity here so please stop.",toxicity,individual,medium,0.5
"Basically, this environment is stressful",toxicity,individual,medium,0.5
"Stop it, yaake nanna bar bar text madthiya",harassment,individual,medium,0.45
"Seriously, stay out ninige sambhandha illa immediately.",exclusion,individual,medium,0.42
"Stop it, stop talking nonsense nin matu beka illa",insult,individual,medium,0.3
"Actually, nin illade smooth agide period.",exclusion,individual,medium,0.42
stay in your limits please,aggression,individual,medium,0.55
nin iddare delay agthide for sure.,exclusion,individual,medium,0.42
It's obvious that i will expose what you did ellargu helthini (no offense).,threat,individual,low,0.77
why do you remember my timings ninige ella gothu and it's sad.,stalking,individual,medium,0.62
"Seriously, neenu full dumb yaake heege",insult,individual,medium,0.3
"Basically, why are you watching me silently",stalking,individual,medium,0.62
use your brain swalpa don't you think?,insult,individual,medium,0.3
your kind spoils the environment don't you think?,hate,individual,medium,0.75
I just wanted to say nin iddare delay agthide,exclusion,individual,medium,0.42
"Honestly, ninige maturity illa grow up",insult,individual,medium,0.3
this group has become so toxic ella negative agide immediately.,toxicity,individual,medium,0.5
I just wanted to say your type should not be here and it's sad.,hate,individual,medium,0.75
I just wanted to say ninige maturity illa grow up and everyone agrees.,insult,individual,high,0.35
mind your own business nin work nodko don't you think?,aggression,individual,medium,0.55
"In my opinion, bar bar kelbeda please !!!",harassment,individual,medium,0.45
nin presence irthare problem only,insult,individual,medium,0.3
this place feels unhealthy manasige sari illa ... whatever.,toxicity,individual,medium,0.5
"Look, neenu full dumb yaake heege",insult,individual,medium,0.3
It's obvious that you are everywhere i go nin follow madthiya,stalking,individual,medium,0.62
It's obvious that dont think this will go unnoticed immediately.,threat,individual,medium,0.82
Everyone knows you are in serious trouble nodu for sure.,threat,individual,medium,0.82
this environment is stressful period.,toxicity,individual,medium,0.5
I think why do you keep observing me,stalking,individual,medium,0.62
you are not invited nin beka illa don't you think?,exclusion,individual,medium,0.42
why do you remember my timings ninige ella gothu ... whatever.,stalking,individual,medium,0.62
Everyone knows this group makes me uncomfortable and it's sad.,toxicity,individual,medium,0.5
"Look, we dont like people like you nin tara beda",hate,individual,medium,0.75
leave me alone nanige disturb beda,harassment,individual,medium,0.45
"Seriously, dont interfere in this nin barbeda",aggression,individual,medium,0.55
"Actually, neenu full dumb yaake heege right now.",insult,individual,medium,0.3
I think this chat is very unhealthy right now.,toxicity,individual,medium,0.5
shut up now sumne iru,aggression,individual,medium,0.55
you cant escape from this ninige illa right now.,threat,individual,medium,0.82
"Seriously, stop getting involved nin barbeda",aggression,individual,medium,0.55
"Stop it, you are not invited nin beka illa",exclusion,individual,medium,0.42
"Seriously, your kind is not welcome here !!!",hate,individual,medium,0.75
"Look, this space is not safe mentally",toxicity,individual,medium,0.5
I just wanted to say are you mad or what ninige artha illa (no offense).,insult,individual,low,0.25
"Honestly, dont message me late night nin beka illa and it's annoying.",harassment,individual,medium,0.45
stay out of my matters nin hogu,aggression,individual,medium,0.55
control yourself swalpa (no offense).,aggression,individual,low,0.5
nin illade smooth agide,exclusion,individual,medium,0.42
"Basically, stop calling me bar bar !!!",harassment,individual,medium,0.45
I just wanted to say why do you always show up where i am and it's sad.,stalking,individual,high,0.67
stop talking nonsense nin matu beda and it's annoying.,aggression,individual,medium,0.55
stop messaging me yavaglu disturb madthiya,harassment,individual,medium,0.45
this group is full of drama for sure.,toxicity,individual,medium,0.5
I think people like you are a headache ... whatever.,hate,individual,medium,0.75
"Stop it, nin message inda tension agthide",harassment,individual,medium,0.45
"Hey, dont interfere in this nin barbeda",aggression,individual,medium,0.55
there is too much negativity here,toxicity,individual,medium,0.5
stop calling me bar bar don't you think?,harassment,individual,medium,0.45
Everyone knows this space is not safe mentally,toxicity,individual,medium,0.5
stop getting involved nin barbeda - just my opinion.,aggression,individual,medium,0.55
"Stop it, your kind is not welcome here and it's annoying.",hate,individual,medium,0.75
"Stop it, your type always ruins things nin tara jana beda",hate,individual,high,0.8
Everyone knows this group makes me uncomfortable,toxicity,individual,medium,0.5
"Honestly, leave me alone nanige disturb beda - just my opinion.",harassment,individual,medium,0.45
"Seriously, stop getting involved nin barbeda - just my opinion.",aggression,individual,medium,0.55
It's obvious that this space is not safe mentally and everyone agrees.,toxicity,individual,high,0.55
"Basically, you always ruin everything nininda problem !!!",insult,individual,high,0.35
why do you remember my timings ninige ella gothu (no offense).,stalking,individual,low,0.57
"Actually, why are you watching me silently - just my opinion.",stalking,individual,medium,0.62
yaake nanna bar bar text madthiya immediately.,harassment,individual,medium,0.45
"Actually, dont involve yourself nin beka illa",exclusion,individual,medium,0.42
"Honestly, this place feels unhealthy manasige sari illa and it's sad.",toxicity,individual,medium,0.5
I just wanted to say why do you remember my timings ninige ella gothu right now.,stalking,individual,medium,0.62
stay out ninige sambhandha illa don't you think?,exclusion,individual,medium,0.42
It's obvious that this will not end well for you ninige sari illa agutte immediately.,threat,individual,medium,0.82
"Stop it, dont start with me nin beka illa for sure.",aggression,individual,medium,0.55
"In my opinion, this space is not safe mentally",toxicity,individual,medium,0.5
"Stop it, dont start with me nin beka illa",aggression,individual,medium,0.55
It's obvious that nin illade better agide,exclusion,individual,medium,0.42
this space is not safe mentally,toxicity,individual,medium,0.5
"Listen, you are useless nin work sari illa",insult,individual,medium,0.3
I just wanted to say this chat is exhausting full headache without a doubt.,toxicity,individual,medium,0.5
people here are very problematic,toxicity,individual,medium,0.5
remember this moment ninige gothagutte and everyone agrees.,threat,individual,high,0.87
It's obvious that neenu hopeless yaake heege don't you think?,insult,individual,medium,0.3
"Hey, nin message inda tension agthide",harassment,individual,medium,0.45
you are useless nin work sari illa !!!,insult,individual,medium,0.3
yaake nanna profile daily nodthiya for real.,stalking,individual,medium,0.62
"Actually, you will pay for what you did",threat,individual,medium,0.82
you will face consequences ninige problem agutte for real.,threat,individual,medium,0.82
"Just so you know, dont keep pinging nanna irritate madthiya right now.",harassment,individual,medium,0.45
"Listen, we already decided nin illade",exclusion,individual,medium,0.42
"Stop it, keep quiet please nin matadbeda",aggression,individual,medium,0.55
"Seriously, stay in your limits please immediately.",aggression,individual,medium,0.55
yaake nanna follow madthiya everywhere without a doubt.,harassment,individual,medium,0.45
"Actually, people like you never change so please stop.",hate,individual,high,0.8
"In my opinion, mind your own business nin work nodko don't you think?",aggression,individual,medium,0.55
people like you are a headache !!!,hate,individual,medium,0.75
"Basically, this is between us only nin barbeda !!!",exclusion,individual,medium,0.42
ninige buddhi illa seriously,insult,individual,high,0.35
I think nin illade better agide (no offense).,exclusion,individual,low,0.37
dont push me beyond my limit serious agthide ... whatever.,threat,individual,medium,0.82
"Seriously, neenu full dumb yaake heege and it's sad.",insult,individual,medium,0.3
"Look, leave me alone nanige disturb beda and it's sad.",harassment,individual,medium,0.45
stop messaging me yavaglu disturb madthiya !!!,harassment,individual,medium,0.45
"Honestly, we dont want you nin beka illa",exclusion,individual,medium,0.42
nin illade better agide without a doubt.,exclusion,individual,medium,0.42
"Seriously, this group is too negative",toxicity,individual,medium,0.5
"Actually, dont cross the line nin limits alli iru and it's annoying.",aggression,individual,medium,0.55
nin presence irthare problem only don't you think?,insult,individual,medium,0.3
"Hey, why do you keep observing me immediately.",stalking,individual,medium,0.62
"Actually, we dont want you nin beka illa and everyone agrees.",exclusion,individual,high,0.47
I just wanted to say this will not end well for you ninige sari illa agutte without a doubt.,threat,individual,medium,0.82
It's obvious that yaake nanna hinde bartiya elladalli,harassment,individual,medium,0.45
"Look, dayavittu nanna bittu bidu for real.",harassment,individual,medium,0.45
"Actually, use your brain swalpa and everyone agrees.",insult,individual,high,0.35
just wait and watch ninige lesson sigutte and it's sad.,threat,individual,medium,0.82
"Hey, ninige common sense illa and everyone agrees.",insult,individual,high,0.35
"In my opinion, people like you yavaglu problem so please stop.",hate,individual,medium,0.75
"To be honest, stay out of my matters nin hogu",aggression,individual,medium,0.55
"Listen, ninige maturity illa grow up !!!",insult,individual,medium,0.3
remember this moment ninige gothagutte !!!,threat,individual,medium,0.82
why do you remember my timings ninige ella gothu so please stop.,stalking,individual,medium,0.62
"To be honest, why do you keep observing me",stalking,individual,medium,0.62
ninige common sense illa,insult,individual,medium,0.3
we already decided nin illade for sure.,exclusion,individual,medium,0.42
people like you never change,hate,individual,high,0.8
"Seriously, nin iddare delay agthide so please stop.",exclusion,individual,medium,0.42
"Listen, control yourself swalpa",aggression,individual,medium,0.55
"Hey, people like you make everything dirty don't you think?",hate,individual,medium,0.75
dont keep pinging nanna irritate madthiya for real.,harassment,individual,medium,0.45
neenu full dumb yaake heege and it's sad.,insult,individual,medium,0.3
ninige simple vishaya kuda artha agalla ... whatever.,insult,individual,medium,0.3
"In my opinion, this group ninige alla - just my opinion.",exclusion,individual,medium,0.42
"Seriously, why do you see my story every time nin follow madthiya and it's annoying.",stalking,individual,medium,0.62
yaake nanna bar bar text madthiya,harassment,individual,medium,0.45
"In my opinion, why are you always online when i come ninige gothagthide",stalking,individual,high,0.67
yaake nanna hinde bartiya period.,harassment,individual,medium,0.45
"Just so you know, are you mad or what ninige artha illa",insult,individual,medium,0.3
nin illade nav decide madidvi for sure.,exclusion,individual,medium,0.42
Everyone knows dont annoy me nin irritate madbeda right now.,aggression,individual,medium,0.55
dont interfere in this nin barbeda don't you think?,aggression,individual,medium,0.55
"Just so you know, you will face consequences ninige problem agutte and it's sad.",threat,individual,medium,0.82
I think this chat is exhausting full headache for sure.,toxicity,individual,medium,0.5
ninige nanna online time gothu how,stalking,individual,medium,0.62
"Actually, people like you never change period.",hate,individual,high,0.8
we are tired of people like you and it's sad.,hate,individual,medium,0.75
It's obvious that you will regret this later ninige gothagutte !!!,threat,individual,medium,0.82
why are you always online when i come ninige gothagthide,stalking,individual,high,0.67
"Stop it, neenu hopeless yaake heege",insult,individual,medium,0.3
"To be honest, dont cross the line nin limits alli iru",aggression,individual,medium,0.55
stop talking nonsense nin matu beka illa so please stop.,insult,individual,medium,0.3
It's obvious that why do you follow everything i do ... whatever.,stalking,individual,medium,0.62
"Basically, your kind is unwanted here",hate,individual,medium,0.75
your type always ruins things nin tara jana beda without a doubt.,hate,individual,high,0.8
I just wanted to say people like you should stay away,hate,individual,medium,0.75
"Look, just wait and watch ninige lesson sigutte",threat,individual,medium,0.82
use your brain swalpa period.,insult,individual,medium,0.3
leave me alone nanige disturb beda - just my opinion.,harassment,individual,medium,0.45
"Look, why are you always wrong ninige gothilla (no offense).",insult,individual,high,0.35
"Actually, keep quiet please nin matadbeda and everyone agrees.",aggression,individual,high,0.6
"To be honest, this environment is stressful",toxicity,individual,medium,0.5
stop messaging me yavaglu disturb madthiya and it's sad.,harassment,individual,medium,0.45
we already decided nin illade,exclusion,individual,medium,0.42
"Look, stop calling me bar bar right now.",harassment,individual,medium,0.45
"To be honest, this is between us only nin barbeda right now.",exclusion,individual,medium,0.42
this will not end well for you ninige sari illa agutte ... whatever.,threat,individual,medium,0.82
this place feels unhealthy manasige sari illa,toxicity,individual,medium,0.5
"Just so you know, keep quiet please nin matadbeda immediately.",aggression,individual,medium,0.55
It's obvious that stop getting involved nin barbeda,aggression,individual,medium,0.55
"To be honest, nin illade nav decide madidvi and it's sad.",exclusion,individual,medium,0.42
"In my opinion, mind your own business nin work nodko",aggression,individual,medium,0.55
your kind is unwanted here,hate,individual,medium,0.75
"Just so you know, you cant escape from this ninige illa for real.",threat,individual,medium,0.82
"To be honest, yaake nanna follow madthiya everywhere",harassment,individual,medium,0.45
why cant you just stop kelthiya for real.,harassment,individual,medium,0.45
"Hey, your kind is unwanted here (no offense).",hate,individual,low,0.7
"Hey, this group has become so toxic ella negative agide",toxicity,individual,medium,0.5
"Just so you know, shut up now sumne iru period.",aggression,individual,medium,0.55
"Just so you know, why are you always checking my status nin yaake nodthiya ... whatever.",stalking,individual,high,0.67
ninige common sense illa ... whatever.,insult,individual,medium,0.3
why are you always online when i come ninige gothagthide without a doubt.,stalking,individual,high,0.67
"Stop it, your kind is not welcome here immediately.",hate,individual,medium,0.75
stop tracking my activity nanige gothagthide for real.,stalking,individual,medium,0.62
"Stop it, why do you always show up where i am - just my opinion.",stalking,individual,high,0.67
no need for you nin beka illa without a doubt.,exclusion,individual,medium,0.42
dayavittu nanna bittu bidu,harassment,individual,medium,0.45
"In my opinion, no need for you nin beka illa",exclusion,individual,medium,0.42
"Honestly, you are useless nin work sari illa",insult,individual,medium,0.3
this is your last warning nodko (no offense).,threat,individual,low,0.77
people like you never change don't you think?,hate,individual,high,0.8
your kind is not welcome here for real.,hate,individual,medium,0.75
stop keeping tabs on me,stalking,individual,medium,0.62
control yourself swalpa immediately.,aggression,individual,medium,0.55
I just wanted to say you asked for it nin mistake (no offense).,threat,individual,low,0.77
"Honestly, why do you always show up where i am",stalking,individual,high,0.67
this chat ruins my mood and everyone agrees.,toxicity,individual,high,0.55
"Hey, no need for you nin beka illa",exclusion,individual,medium,0.42
nin iddare delay agthide immediately.,exclusion,individual,medium,0.42
stop getting involved nin barbeda !!!,aggression,individual,medium,0.55
It's obvious that dont message me late night nin beka illa,harassment,individual,medium,0.45
"Actually, better nin illade nadithivi",exclusion,individual,medium,0.42
there is too much negativity here for real.,toxicity,individual,medium,0.5
dont message me late night nin beka illa immediately.,harassment,individual,medium,0.45
people like you dont deserve respect,hate,individual,medium,0.75
nin illade better agide,exclusion,individual,medium,0.42
I think we dont need people like you,hate,individual,medium,0.75
yaake nanna profile daily nodthiya ... whatever.,stalking,individual,medium,0.62
"Actually, we are tired of people like you",hate,individual,medium,0.75
"To be honest, this group is full of drama",toxicity,individual,medium,0.5
"Listen, shut up now sumne iru",aggression,individual,medium,0.55
nin illade nav decide madidvi without a doubt.,exclusion,individual,medium,0.42
why are you always wrong ninige gothilla and it's annoying.,insult,individual,high,0.35
you always ruin everything nininda problem,insult,individual,high,0.35
stop talking nonsense nin matu beda - just my opinion.,aggression,individual,medium,0.55
why do you keep observing me,stalking,individual,medium,0.62
stop disturbing me nanige shanti beku so please stop.,harassment,individual,medium,0.45
we dont want you nin beka illa,exclusion,individual,medium,0.42
"Basically, this place feels unhealthy manasige sari illa",toxicity,individual,medium,0.5
I think back off right now nin hinde hogu,aggression,individual,medium,0.55
"Actually, why do you keep observing me don't you think?",stalking,individual,medium,0.62
"In my opinion, leave me alone nanige disturb beda",harassment,individual,medium,0.45
dont poke your nose nin business beda,aggression,individual,medium,0.55
we dont like people like you nin tara beda,hate,individual,medium,0.75
"Look, this environment is really bad for real.",toxicity,individual,medium,0.5
"Seriously, control yourself swalpa",aggression,individual,medium,0.55
"Basically, yaake nanna follow madthiya everywhere so please stop.",harassment,individual,medium,0.45
"Seriously, nin illade better agide period.",exclusion,individual,medium,0.42
are you mad or what ninige artha illa immediately.,insult,individual,medium,0.3
ninige nanna online time gothu how and everyone agrees.,stalking,individual,high,0.67
Everyone knows yaake nanna follow madthiya everywhere,harassment,individual,medium,0.45
people like you should stay away ... whatever.,hate,individual,medium,0.75
Everyone knows why do you see my story every time nin follow madthiya and it's annoying.,stalking,individual,medium,0.62
Everyone knows leave me alone nanige disturb beda !!!,harassment,individual,medium,0.45
"Honestly, you asked for it nin mistake",threat,individual,medium,0.82
"Look, this group is full of drama immediately.",toxicity,individual,medium,0.5
why are you always checking my status nin yaake nodthiya !!!,stalking,individual,high,0.67
you cant escape from this ninige illa without a doubt.,threat,individual,medium,0.82
stop talking nonsense nin matu beda so please stop.,aggression,individual,medium,0.55
"Look, this group is too negative",toxicity,individual,medium,0.5
Everyone knows this place is full of nonsense,toxicity,individual,medium,0.5
"Look, this chat ruins my mood",toxicity,individual,medium,0.5
"Honestly, nin illade nav decide madidvi so please stop.",exclusion,individual,medium,0.42
I just wanted to say i cant stand people like you nin tara jana so please stop.,hate,individual,medium,0.75
"Actually, stop tracking my activity nanige gothagthide ... whatever.",stalking,individual,medium,0.62
"Stop it, better nin illade nadithivi without a doubt.",exclusion,individual,medium,0.42
you wont get away with this without a doubt.,threat,individual,medium,0.82
"Stop it, yaake nanna profile daily nodthiya",stalking,individual,medium,0.62
"Look, your kind is unwanted here",hate,individual,medium,0.75
dont involve yourself nin beka illa without a doubt.,exclusion,individual,medium,0.42
ninige maturity illa grow up,insult,individual,medium,0.3
"Look, yaake nanna hinde bartiya",harassment,individual,medium,0.45
mind your own business nin work nodko without a doubt.,aggression,individual,medium,0.55
"Basically, stay in your limits please immediately.",aggression,individual,medium,0.55
ninige buddhi illa seriously don't you think?,insult,individual,high,0.35
"Just so you know, this group is too negative",toxicity,individual,medium,0.5
"To be honest, stop tracking my activity nanige gothagthide immediately.",stalking,individual,medium,0.62
better nin illade nadithivi right now.,exclusion,individual,medium,0.42
"Just so you know, this group ninige alla",exclusion,individual,medium,0.42
neenu hopeless yaake heege - just my opinion.,insult,individual,medium,0.3
your type always ruins things nin tara jana beda and everyone agrees.,hate,individual,high,0.8
"Seriously, we dont want you nin beka illa !!!",exclusion,individual,medium,0.42
It's obvious that i will complain about you sir ge helthini for real.,threat,individual,medium,0.82
are you mad or what ninige artha illa - just my opinion.,insult,individual,medium,0.3
yaake nanna follow madthiya everywhere and everyone agrees.,harassment,individual,high,0.5
you just dont get it ninige artha illa and everyone agrees.,insult,individual,high,0.35
"Honestly, why are you always in my dm ninige kelbeda for real.",harassment,individual,high,0.5
"Look, this group ninige alla !!!",exclusion,individual,medium,0.42
"Just so you know, yaake nanna hinde bartiya",harassment,individual,medium,0.45
"Honestly, people like you yavaglu problem for sure.",hate,individual,medium,0.75
stop calling me bar bar,harassment,individual,medium,0.45
It's obvious that you are useless nin work sari illa,insult,individual,medium,0.3
"Hey, this will not end well for you ninige sari illa agutte",threat,individual,medium,0.82
"Seriously, people like you yavaglu problem",hate,individual,medium,0.75
"Look, dayavittu nanna bittu bidu",harassment,individual,medium,0.45
"Just so you know, people like you should stay away immediately.",hate,individual,medium,0.75
"Listen, better nin illade nadithivi",exclusion,individual,medium,0.42
this chat is very unhealthy,toxicity,individual,medium,0.5
"Seriously, nin iddare delay agthide",exclusion,individual,medium,0.42
this group is full of drama without a doubt.,toxicity,individual,medium,0.5
we dont need people like you (no offense).,hate,individual,low,0.7
Everyone knows your kind is unwanted here - just my opinion.,hate,individual,medium,0.75
"Basically, nin presence irthare problem only so please stop.",insult,individual,medium,0.3
"Actually, this chat is very unhealthy",toxicity,individual,medium,0.5
It's obvious that just wait and watch ninige lesson sigutte and everyone agrees.,threat,individual,high,0.87
Everyone knows nin illade smooth agide,exclusion,individual,medium,0.42
"Actually, we already decided nin illade right now.",exclusion,individual,medium,0.42
ninige buddhi illa seriously for sure.,insult,individual,high,0.35
you wont get away with this so please stop.,threat,individual,medium,0.82
"Actually, we dont want you nin beka illa so please stop.",exclusion,individual,medium,0.42
nininda headache agthide stop it (no offense).,harassment,individual,low,0.4
"Actually, why are you watching me silently for real.",stalking,individual,medium,0.62
"Just so you know, this environment is stressful so please stop.",toxicity,individual,medium,0.5
I just wanted to say stop disturbing me nanige shanti beku,harassment,individual,medium,0.45
Everyone knows dont message me late night nin beka illa don't you think?,harassment,individual,medium,0.45
I think shut up now sumne iru,aggression,individual,medium,0.55
I think you just dont get it ninige artha illa,insult,individual,medium,0.3
you just dont get it ninige artha illa for sure.,insult,individual,medium,0.3
"Stop it, you are not invited nin beka illa and it's sad.",exclusion,individual,medium,0.42
this is between us only nin barbeda and it's sad.,exclusion,individual,medium,0.42
"Stop it, your kind is unwanted here so please stop.",hate,individual,medium,0.75
"Stop it, dont annoy me nin irritate madbeda",aggression,individual,medium,0.55
"Honestly, stop messaging me yavaglu disturb madthiya and it's sad.",harassment,individual,medium,0.45
It's obvious that you just dont get it ninige artha illa (no offense).,insult,individual,low,0.25
"Listen, stop talking nonsense nin matu beka illa and it's annoying.",insult,individual,medium,0.3
"Just so you know, i will expose what you did ellargu helthini",threat,individual,medium,0.82
"Hey, you will pay for what you did don't you think?",threat,individual,medium,0.82
"Basically, this will not end well for you ninige sari illa agutte don't you think?",threat,individual,medium,0.82
there is too much negativity here and everyone agrees.,toxicity,individual,high,0.55
you will face consequences ninige problem agutte and it's annoying.,threat,individual,medium,0.82
"Seriously, this environment is stressful",toxicity,individual,medium,0.5
"Honestly, use your brain swalpa right now.",insult,individual,medium,0.3
"Seriously, nin illade better agide for sure.",exclusion,individual,medium,0.42
Everyone knows nin iddare delay agthide right now.,exclusion,individual,medium,0.42
use your brain swalpa,insult,individual,medium,0.3
I just wanted to say dont cross the line nin limits alli iru so please stop.,aggression,individual,medium,0.55
people like you make everything dirty don't you think?,hate,individual,medium,0.75
"Stop it, why do you remember my timings ninige ella gothu right now.",stalking,individual,medium,0.62
you asked for it nin mistake without a doubt.,threat,individual,medium,0.82
"Basically, dont start with me nin beka illa don't you think?",aggression,individual,medium,0.55
"Just so you know, this chat is very unhealthy so please stop.",toxicity,individual,medium,0.5
this chat is mentally draining thale noovu for sure.,toxicity,individual,medium,0.5
"Basically, ninige nanna online time gothu how",stalking,individual,medium,0.62
i cant stand people like you nin tara jana,hate,individual,medium,0.75
i will complain about you sir ge helthini for sure.,threat,individual,medium,0.82
Everyone knows your type always ruins things nin tara jana beda,hate,individual,high,0.8
stop keeping tabs on me and it's sad.,stalking,individual,medium,0.62
"Listen, why do you remember my timings ninige ella gothu",stalking,individual,medium,0.62
"Listen, i will complain about you sir ge helthini",threat,individual,medium,0.82
neenu hopeless yaake heege,insult,individual,medium,0.3
your kind spoils the environment - just my opinion.,hate,individual,medium,0.75
"Basically, i will expose what you did ellargu helthini",threat,individual,medium,0.82
"Basically, dont think this will go unnoticed",threat,individual,medium,0.82
Everyone knows ninige maturity illa grow up and everyone agrees.,insult,individual,high,0.35
this group is full of drama,toxicity,individual,medium,0.5
"Hey, people like you make everything dirty - just my opinion.",hate,individual,medium,0.75
nin message inda tension agthide and it's annoying.,harassment,individual,medium,0.45
"Hey, we dont need people like you ... whatever.",hate,individual,medium,0.75
neenu full dumb yaake heege - just my opinion.,insult,individual,medium,0.3
dont message me late night nin beka illa ... whatever.,harassment,individual,medium,0.45
"Stop it, people like you are a headache",hate,individual,medium,0.75
nin illade smooth agide !!!,exclusion,individual,medium,0.42
"Just so you know, this environment is stressful for sure.",toxicity,individual,medium,0.5
"In my opinion, i will expose what you did ellargu helthini",threat,individual,medium,0.82
this is your last warning nodko so please stop.,threat,individual,medium,0.82
"Basically, you asked for it nin mistake for real.",threat,individual,medium,0.82
"Honestly, we already decided nin illade",exclusion,individual,medium,0.42
It's obvious that stop messaging me yavaglu disturb madthiya right now.,harassment,individual,medium,0.45
"Seriously, dayavittu nanna bittu bidu",harassment,individual,medium,0.45
"Listen, back off right now nin hinde hogu",aggression,individual,medium,0.55
"To be honest, this chat is very unhealthy",toxicity,individual,medium,0.5
Everyone knows people like you are a headache for real.,hate,individual,medium,0.75
"To be honest, you cant escape from this ninige illa without a doubt.",threat,individual,medium,0.82
It's obvious that this chat is very unhealthy immediately.,toxicity,individual,medium,0.5
you asked for it nin mistake - just my opinion.,threat,individual,medium,0.82
dont message me late night nin beka illa !!!,harassment,individual,medium,0.45
"Basically, stop talking nonsense nin matu beka illa - just my opinion.",insult,individual,medium,0.3
ninige maturity illa grow up don't you think?,insult,individual,medium,0.3
"To be honest, stay in your limits please",aggression,individual,medium,0.55
"Listen, dont annoy me nin irritate madbeda ... whatever.",aggression,individual,medium,0.55
you will face consequences ninige problem agutte (no offense).,threat,individual,low,0.77
this group ninige alla and it's annoying.,exclusion,individual,medium,0.42
"Just so you know, there is too much negativity here",toxicity,individual,medium,0.5
this chat is exhausting full headache period.,toxicity,individual,medium,0.5
stop talking nonsense nin matu beka illa,insult,individual,medium,0.3
"Honestly, why do you see my story every time nin follow madthiya",stalking,individual,medium,0.62
use your brain swalpa so please stop.,insult,individual,medium,0.3
"Actually, nin illade better agide",exclusion,individual,medium,0.42
"Look, we dont need people like you don't you think?",hate,individual,medium,0.75
"Listen, you cant escape from this ninige illa so please stop.",threat,individual,medium,0.82
Everyone knows nin illade nav decide madidvi,exclusion,individual,medium,0.42
"Just so you know, dont poke your nose nin business beda",aggression,individual,medium,0.55
"Basically, mind your own business nin work nodko and everyone agrees.",aggression,individual,high,0.6
"Honestly, yaake nanna bar bar text madthiya",harassment,individual,medium,0.45
dont annoy me nin irritate madbeda and it's annoying.,aggression,individual,medium,0.55
you cant escape from this ninige illa,threat,individual,medium,0.82
It's obvious that dont push me beyond my limit serious agthide,threat,individual,medium,0.82
"Look, dont involve yourself nin beka illa for sure.",exclusion,individual,medium,0.42
"Look, people like you dont deserve respect immediately.",hate,individual,medium,0.75
It's obvious that dont keep pinging nanna irritate madthiya,harassment,individual,medium,0.45
It's obvious that people like you dont deserve respect,hate,individual,medium,0.75
this chat ruins my mood period.,toxicity,individual,medium,0.5
people like you are a headache (no offense).,hate,individual,low,0.7
dont annoy me nin irritate madbeda so please stop.,aggression,individual,medium,0.55
Everyone knows you are in serious trouble nodu (no offense).,threat,individual,low,0.77
please remove yourself nin hogu right now.,exclusion,individual,medium,0.42
yaake nanna profile daily nodthiya right now.,stalking,individual,medium,0.62
"Seriously, you asked for it nin mistake",threat,individual,medium,0.82
"In my opinion, there is too much negativity here period.",toxicity,individual,medium,0.5
yaake nanna hinde bartiya right now.,harassment,individual,medium,0.45
I just wanted to say people like you make everything dirty period.,hate,individual,medium,0.75
shut up now sumne iru and everyone agrees.,aggression,individual,high,0.6
"Hey, ninige maturity illa grow up for sure.",insult,individual,medium,0.3
"Basically, stop getting involved nin barbeda",aggression,individual,medium,0.55
"Listen, why are you watching me silently",stalking,individual,medium,0.62
I just wanted to say stop messaging me yavaglu disturb madthiya !!!,harassment,individual,medium,0.45
"Stop it, stay out ninige sambhandha illa and it's sad.",exclusion,individual,medium,0.42
yaake nanna profile daily nodthiya and it's sad.,stalking,individual,medium,0.62
you will regret this later ninige gothagutte without a doubt.,threat,individual,medium,0.82
I think i will expose what you did ellargu helthini !!!,threat,individual,medium,0.82
"Stop it, you cant escape from this ninige illa without a doubt.",threat,individual,medium,0.82
"Honestly, you will regret this later ninige gothagutte right now.",threat,individual,medium,0.82
bar bar kelbeda please - just my opinion.,harassment,individual,medium,0.45
"Just so you know, ninige buddhi illa seriously",insult,individual,high,0.35
"Look, people like you never change and it's sad.",hate,individual,high,0.8
"Actually, i will complain about you sir ge helthini",threat,individual,medium,0.82
It's obvious that nin illade nav decide madidvi immediately.,exclusion,individual,medium,0.42
"Stop it, you are everywhere i go nin follow madthiya",stalking,individual,medium,0.62
"Hey, why do you follow everything i do",stalking,individual,medium,0.62
neenu hopeless yaake heege period.,insult,individual,medium,0.3
"Look, back off right now nin hinde hogu period.",aggression,individual,medium,0.55
"Seriously, just wait and watch ninige lesson sigutte",threat,individual,medium,0.82
"Stop it, you will pay for what you did",threat,individual,medium,0.82
"Look, there is too much negativity here immediately.",toxicity,individual,medium,0.5
"To be honest, keep quiet please nin matadbeda and it's sad.",aggression,individual,medium,0.55
"Look, dont think this will go unnoticed",threat,individual,medium,0.82
"Seriously, yaake nanna hinde bartiya elladalli",harassment,individual,medium,0.45
"Just so you know, people like you are a headache don't you think?",hate,individual,medium,0.75
"Look, you always ruin everything nininda problem !!!",insult,individual,high,0.35
It's obvious that you just dont get it ninige artha illa,insult,individual,medium,0.3
It's obvious that ninige maturity illa grow up and it's annoying.,insult,individual,medium,0.3
remember this moment ninige gothagutte - just my opinion.,threat,individual,medium,0.82
"Actually, we dont want you nin beka illa - just my opinion.",exclusion,individual,medium,0.42
"Seriously, stop keeping tabs on me ... whatever.",stalking,individual,medium,0.62
I think we dont want you nin beka illa and it's annoying.,exclusion,individual,medium,0.42
"To be honest, better nin illade nadithivi",exclusion,individual,medium,0.42
why are you always wrong ninige gothilla ... whatever.,insult,individual,high,0.35
"Seriously, this environment is really bad",toxicity,individual,medium,0.5
why are you always checking my status nin yaake nodthiya right now.,stalking,individual,high,0.67
"Stop it, this place feels unhealthy manasige sari illa",toxicity,individual,medium,0.5
"Seriously, this chat is exhausting full headache so please stop.",toxicity,individual,medium,0.5
stop keeping tabs on me so please stop.,stalking,individual,medium,0.62
"To be honest, why are you always checking my status nin yaake nodthiya",stalking,individual,high,0.67
nin illade better agide period.,exclusion,individual,medium,0.42
"In my opinion, why cant you just stop kelthiya and everyone agrees.",harassment,individual,high,0.5
It's obvious that you are in serious trouble nodu don't you think?,threat,individual,medium,0.82
dont think this will go unnoticed ... whatever.,threat,individual,medium,0.82
"Stop it, your kind is unwanted here",hate,individual,medium,0.75
"Just so you know, this place is full of nonsense",toxicity,individual,medium,0.5
shut up now sumne iru !!!,aggression,individual,medium,0.55
"Look, why are you always checking my status nin yaake nodthiya",stalking,individual,high,0.67
"Listen, nin presence irthare problem only",insult,individual,medium,0.3
"Just so you know, your kind is unwanted here - just my opinion.",hate,individual,medium,0.75
"Honestly, nin illade better agide",exclusion,individual,medium,0.42
"Just so you know, people like you never change without a doubt.",hate,individual,high,0.8
"Stop it, we are tired of people like you",hate,individual,medium,0.75
this is your last warning nodko without a doubt.,threat,individual,medium,0.82
nin illade nav decide madidvi and it's annoying.,exclusion,individual,medium,0.42
"Just so you know, neenu hopeless yaake heege and everyone agrees.",insult,individual,high,0.35
remember this moment ninige gothagutte and it's sad.,threat,individual,medium,0.82
"Listen, leave me alone nanige disturb beda",harassment,individual,medium,0.45
"Just so you know, stop calling me bar bar right now.",harassment,individual,medium,0.45
"Listen, why do you always show up where i am",stalking,individual,high,0.67
"To be honest, dayavittu nanna bittu bidu",harassment,individual,medium,0.45
why are you always in my dm ninige kelbeda and everyone agrees.,harassment,individual,high,0.5
we already decided nin illade so please stop.,exclusion,individual,medium,0.42
I think this group has become so toxic ella negative agide,toxicity,individual,medium,0.5
I think are you mad or what ninige artha illa for sure.,insult,individual,medium,0.3
"Stop it, we already decided nin illade !!!",exclusion,individual,medium,0.42
"Seriously, this space is not safe mentally",toxicity,individual,medium,0.5
"Hey, this chat is mentally draining thale noovu immediately.",toxicity,individual,medium,0.5
"Listen, this place is full of nonsense",toxicity,individual,medium,0.5
we already decided nin illade and it's annoying.,exclusion,individual,medium,0.42
I think people like you never change for sure.,hate,individual,high,0.8
"In my opinion, people like you never change and it's sad.",hate,individual,high,0.8
"Listen, this chat is exhausting full headache so please stop.",toxicity,individual,medium,0.5
"Basically, people like you should stay away (no offense).",hate,individual,low,0.7
"To be honest, i cant stand people like you nin tara jana",hate,individual,medium,0.75
"Seriously, nin message inda tension agthide so please stop.",harassment,individual,medium,0.45
"Seriously, nin iddare problem agthide so please stop.",exclusion,individual,medium,0.42
"Honestly, neenu hopeless yaake heege",insult,individual,medium,0.3
"Honestly, this place feels unhealthy manasige sari illa",toxicity,individual,medium,0.5
you will pay for what you did period.,threat,individual,medium,0.82
dont poke your nose nin business beda for sure.,aggression,individual,medium,0.55
"In my opinion, dont annoy me nin irritate madbeda",aggression,individual,medium,0.55
stop talking nonsense nin matu beka illa for sure.,insult,individual,medium,0.3
"Look, neenu full dumb yaake heege so please stop.",insult,individual,medium,0.3
I just wanted to say your type should not be here (no offense).,hate,individual,low,0.7
Everyone knows ninige nanna online time gothu how,stalking,individual,medium,0.62
dont interfere in this nin barbeda for real.,aggression,individual,medium,0.55
"Honestly, we already decided nin illade (no offense).",exclusion,individual,low,0.37
"Honestly, nin illade nav decide madidvi",exclusion,individual,medium,0.42
"Stop it, this chat ruins my mood and it's sad.",toxicity,individual,medium,0.5
I just wanted to say go away from here nin hogu !!!,aggression,individual,medium,0.55
why do you keep observing me (no offense).,stalking,individual,low,0.57
"Look, your type always ruins things nin tara jana beda for sure.",hate,individual,high,0.8
"Honestly, why are you always in my dm ninige kelbeda without a doubt.",harassment,individual,high,0.5
we are tired of people like you and it's annoying.,hate,individual,medium,0.75
this is your last warning nodko right now.,threat,individual,medium,0.82
you wont get away with this right now.,threat,individual,medium,0.82
"Honestly, please remove yourself nin hogu",exclusion,individual,medium,0.42
Everyone knows nin iddare problem agthide,exclusion,individual,medium,0.42
"In my opinion, dont keep pinging nanna irritate madthiya",harassment,individual,medium,0.45
"Listen, stop getting involved nin barbeda immediately.",aggression,individual,medium,0.55
you are not invited nin beka illa right now.,exclusion,individual,medium,0.42
Everyone knows yaake nanna bar bar text madthiya,harassment,individual,medium,0.45
I just wanted to say i will expose what you did ellargu helthini,threat,individual,medium,0.82
keep quiet please nin matadbeda and it's sad.,aggression,individual,medium,0.55
shut up now sumne iru period.,aggression,individual,medium,0.55
control yourself swalpa and everyone agrees.,aggression,individual,high,0.6
are you mad or what ninige artha illa for real.,insult,individual,medium,0.3
you are in serious trouble nodu ... whatever.,threat,individual,medium,0.82
Everyone knows this will not end well for you ninige sari illa agutte and it's annoying.,threat,individual,medium,0.82
It's obvious that why do you keep observing me,stalking,individual,medium,0.62
"Seriously, yaake nanna bar bar text madthiya and everyone agrees.",harassment,individual,high,0.5
I just wanted to say stop messaging me yavaglu disturb madthiya,harassment,individual,medium,0.45
"Honestly, you will face consequences ninige problem agutte period.",threat,individual,medium,0.82
"Basically, your kind is not welcome here",hate,individual,medium,0.75
you sound really stupid nin mathu nodi and it's sad.,insult,individual,medium,0.3
"Stop it, this chat ruins my mood",toxicity,individual,medium,0.5
It's obvious that this chat is mentally draining thale noovu,toxicity,individual,medium,0.5
dont push me beyond my limit serious agthide,threat,individual,medium,0.82
"To be honest, you just dont get it ninige artha illa immediately.",insult,individual,medium,0.3
"Hey, ninige simple vishaya kuda artha agalla and it's sad.",insult,individual,medium,0.3
I just wanted to say this place is full of nonsense for real.,toxicity,individual,medium,0.5
I think nininda headache agthide stop it,harassment,individual,medium,0.45
this chat is mentally draining thale noovu !!!,toxicity,individual,medium,0.5
"Basically, your type always ruins things nin tara jana beda and it's annoying.",hate,individual,high,0.8
"To be honest, this group makes me uncomfortable",toxicity,individual,medium,0.5
I think i will expose what you did ellargu helthini right now.,threat,individual,medium,0.82
"Honestly, yaake nanna hinde bartiya elladalli for real.",harassment,individual,medium,0.45
"Just so you know, we already decided nin illade",exclusion,individual,medium,0.42
"Honestly, this group ninige alla",exclusion,individual,medium,0.42
"Stop it, stop messaging me yavaglu disturb madthiya and it's annoying.",harassment,individual,medium,0.45
I just wanted to say why cant you just stop kelthiya,harassment,individual,medium,0.45
"Basically, stay out ninige sambhandha illa",exclusion,individual,medium,0.42
I think stop getting involved nin barbeda,aggression,individual,medium,0.55
"Look, dont think this will go unnoticed and it's sad.",threat,individual,medium,0.82
I think you are in serious trouble nodu and everyone agrees.,threat,individual,high,0.87
Everyone knows people like you are a headache,hate,individual,medium,0.75
"To be honest, this place is full of nonsense",toxicity,individual,medium,0.5
ninige buddhi illa seriously ... whatever.,insult,individual,high,0.35
"Look, stop messaging me yavaglu disturb madthiya",harassment,individual,medium,0.45
"Look, we are tired of people like you",hate,individual,medium,0.75
people like you should stay away,hate,individual,medium,0.75
"In my opinion, why are you always in my dm ninige kelbeda don't you think?",harassment,individual,high,0.5
"Stop it, why do you see my story every time nin follow madthiya - just my opinion.",stalking,individual,medium,0.62
"Actually, there is too much negativity here and it's sad.",toxicity,individual,medium,0.5
ninige nanna online time gothu how ... whatever.,stalking,individual,medium,0.62
just wait and watch ninige lesson sigutte,threat,individual,medium,0.82
"Basically, this chat is exhausting full headache",toxicity,individual,medium,0.5
"Basically, you will pay for what you did",threat,individual,medium,0.82
"Seriously, this is between us only nin barbeda",exclusion,individual,medium,0.42
"Stop it, this group is too negative",toxicity,individual,medium,0.5
yaake nanna profile daily nodthiya (no offense).,stalking,individual,low,0.57
"Look, ninige buddhi illa seriously and it's annoying.",insult,individual,high,0.35
Everyone knows go away from here nin hogu and it's annoying.,aggression,individual,medium,0.55
"Listen, dont message me late night nin beka illa for sure.",harassment,individual,medium,0.45
"Listen, stop talking nonsense nin matu beka illa and it's sad.",insult,individual,medium,0.3
"Basically, you are useless nin work sari illa and it's sad.",insult,individual,medium,0.3
dont interfere in this nin barbeda immediately.,aggression,individual,medium,0.55
yaake nanna hinde bartiya elladalli,harassment,individual,medium,0.45
"To be honest, nininda headache agthide stop it",harassment,individual,medium,0.45
why are you watching me silently,stalking,individual,medium,0.62
"Actually, yaake nanna hinde bartiya elladalli",harassment,individual,medium,0.45
"Hey, you cant escape from this ninige illa right now.",threat,individual,medium,0.82
dont message me late night nin beka illa - just my opinion.,harassment,individual,medium,0.45
"Seriously, why are you always in my dm ninige kelbeda for sure.",harassment,individual,high,0.5
"Honestly, you sound really stupid nin mathu nodi and everyone agrees.",insult,individual,high,0.35
Everyone knows this group is full of drama without a doubt.,toxicity,individual,medium,0.5
Everyone knows people like you never change ... whatever.,hate,individual,high,0.8
just wait and watch ninige lesson sigutte don't you think?,threat,individual,medium,0.82
"Seriously, better nin illade nadithivi",exclusion,individual,medium,0.42
It's obvious that we dont like people like you nin tara beda,hate,individual,medium,0.75
"Actually, people like you make everything dirty",hate,individual,medium,0.75
dont involve yourself nin beka illa for sure.,exclusion,individual,medium,0.42
"Basically, stay out of my matters nin hogu and it's sad.",aggression,individual,medium,0.55
people like you dont deserve respect - just my opinion.,hate,individual,medium,0.75
"Actually, nin illade smooth agide without a doubt.",exclusion,individual,medium,0.42
"Basically, stop stalking me nanige beda",stalking,individual,medium,0.62
"Actually, mind your own business nin work nodko so please stop.",aggression,individual,medium,0.55
you just dont get it ninige artha illa (no offense).,insult,individual,low,0.25
"Look, why are you always in my dm ninige kelbeda (no offense).",harassment,individual,high,0.5
"Look, just wait and watch ninige lesson sigutte period.",threat,individual,medium,0.82
"Hey, dont keep pinging nanna irritate madthiya",harassment,individual,medium,0.45
"Seriously, your type always ruins things nin tara jana beda right now.",hate,individual,high,0.8
It's obvious that dont think this will go unnoticed,threat,individual,medium,0.82
"In my opinion, you are not invited nin beka illa",exclusion,individual,medium,0.42
this group has become so toxic ella negative agide for real.,toxicity,individual,medium,0.5
"Listen, people here are very problematic right now.",toxicity,individual,medium,0.5
nin iddare problem agthide immediately.,exclusion,individual,medium,0.42
this chat is mentally draining thale noovu (no offense).,toxicity,individual,low,0.45
this chat is mentally draining thale noovu so please stop.,toxicity,individual,medium,0.5
dont annoy me nin irritate madbeda immediately.,aggression,individual,medium,0.55
"Basically, nininda headache agthide stop it",harassment,individual,medium,0.45
people like you are a headache ... whatever.,hate,individual,medium,0.75
your type always ruins things nin tara jana beda for real.,hate,individual,high,0.8
It's obvious that why are you always in my dm ninige kelbeda,harassment,individual,high,0.5
"Just so you know, yaake nanna follow madthiya everywhere for sure.",harassment,individual,medium,0.45
this is your last warning nodko and it's sad.,threat,individual,medium,0.82
we dont like people like you nin tara beda right now.,hate,individual,medium,0.75
"In my opinion, why are you always in my dm ninige kelbeda",harassment,individual,high,0.5
"Listen, stop tracking my activity nanige gothagthide",stalking,individual,medium,0.62
"Seriously, shut up now sumne iru",aggression,individual,medium,0.55
you will regret this later ninige gothagutte,threat,individual,medium,0.82
"To be honest, stop stalking me nanige beda",stalking,individual,medium,0.62
"In my opinion, are you mad or what ninige artha illa",insult,individual,medium,0.3
"Just so you know, stop tracking my activity nanige gothagthide",stalking,individual,medium,0.62
Everyone knows this group is full of drama,toxicity,individual,medium,0.5
dont keep pinging nanna irritate madthiya (no offense).,harassment,individual,low,0.4
"Seriously, your type always ruins things nin tara jana beda and everyone agrees.",hate,individual,high,0.8
"Hey, this place feels unhealthy manasige sari illa for real.",toxicity,individual,medium,0.5
"Honestly, bar bar kelbeda please !!!",harassment,individual,medium,0.45
"Seriously, nin message inda tension agthide",harassment,individual,medium,0.45
"Stop it, why do you always show up where i am",stalking,individual,high,0.67
this environment is really bad and it's annoying.,toxicity,individual,medium,0.5
"Honestly, dont cross the line nin limits alli iru so please stop.",aggression,individual,medium,0.55
people here are very problematic and it's sad.,toxicity,individual,medium,0.5
stop messaging me yavaglu disturb madthiya - just my opinion.,harassment,individual,medium,0.45
dont start with me nin beka illa and it's sad.,aggression,individual,medium,0.55
"Listen, this environment is stressful ... whatever.",toxicity,individual,medium,0.5
"Actually, yaake nanna follow madthiya everywhere for real.",harassment,individual,medium,0.45
Everyone knows this chat is very unhealthy and everyone agrees.,toxicity,individual,high,0.55
why are you always wrong ninige gothilla - just my opinion.,insult,individual,high,0.35
dont start with me nin beka illa and it's annoying.,aggression,individual,medium,0.55
no need for you nin beka illa !!!,exclusion,individual,medium,0.42
neenu hopeless yaake heege (no offense).,insult,individual,low,0.25
"Listen, ninige simple vishaya kuda artha agalla",insult,individual,medium,0.3
leave me alone nanige disturb beda for sure.,harassment,individual,medium,0.45
ninige maturity illa grow up right now.,insult,individual,medium,0.3
"Hey, dont start with me nin beka illa right now.",aggression,individual,medium,0.55
"Stop it, ninige common sense illa (no offense).",insult,individual,low,0.25
"Seriously, why cant you just stop kelthiya without a doubt.",harassment,individual,medium,0.45
people like you never change and it's sad.,hate,individual,high,0.8
Everyone knows we are tired of people like you,hate,individual,medium,0.75
"Hey, leave me alone nanige disturb beda",harassment,individual,medium,0.45
yaake nanna hinde bartiya ... whatever.,harassment,individual,medium,0.45
dont think this will go unnoticed don't you think?,threat,individual,medium,0.82
"Honestly, you will pay for what you did and it's annoying.",threat,individual,medium,0.82
"Stop it, ninige simple vishaya kuda artha agalla",insult,individual,medium,0.3
"Just so you know, this environment is really bad so please stop.",toxicity,individual,medium,0.5
why are you always online when i come ninige gothagthide for real.,stalking,individual,high,0.67
back off right now nin hinde hogu immediately.,aggression,individual,medium,0.55
stay out of my matters nin hogu immediately.,aggression,individual,medium,0.55
"Listen, yaake nanna follow madthiya everywhere",harassment,individual,medium,0.45
"Just so you know, stop getting involved nin barbeda",aggression,individual,medium,0.55
"Listen, nin illade nav decide madidvi",exclusion,individual,medium,0.42
this chat is exhausting full headache for real.,toxicity,individual,medium,0.5
people here are very problematic without a doubt.,toxicity,individual,medium,0.5
Everyone knows i cant stand people like you nin tara jana immediately.,hate,individual,medium,0.75
people like you never change for real.,hate,individual,high,0.8
"Hey, stop tracking my activity nanige gothagthide immediately.",stalking,individual,medium,0.62
I just wanted to say why do you follow everything i do right now.,stalking,individual,medium,0.62
stay out of my matters nin hogu ... whatever.,aggression,individual,medium,0.55
"Honestly, please remove yourself nin hogu !!!",exclusion,individual,medium,0.42
stop getting involved nin barbeda,aggression,individual,medium,0.55
"Just so you know, this group makes me uncomfortable for real.",toxicity,individual,medium,0.5
"Basically, nin iddare delay agthide immediately.",exclusion,individual,medium,0.42
"Listen, stop messaging me yavaglu disturb madthiya",harassment,individual,medium,0.45
"Basically, no need for you nin beka illa !!!",exclusion,individual,medium,0.42
"Honestly, nin iddare problem agthide",exclusion,individual,medium,0.42
we dont need people like you don't you think?,hate,individual,medium,0.75
why are you always checking my status nin yaake nodthiya,stalking,individual,high,0.67
I think stop tracking my activity nanige gothagthide,stalking,individual,medium,0.62
"Basically, stop talking nonsense nin matu beka illa period.",insult,individual,medium,0.3
"Look, this chat is mentally draining thale noovu",toxicity,individual,medium,0.5
"Stop it, we dont want you nin beka illa",exclusion,individual,medium,0.42
"Honestly, your type should not be here don't you think?",hate,individual,medium,0.75
this chat ruins my mood so please stop.,toxicity,individual,medium,0.5
ninige buddhi illa seriously and everyone agrees.,insult,individual,high,0.35
dont think this will go unnoticed and it's sad.,threat,individual,medium,0.82
"Hey, you always ruin everything nininda problem",insult,individual,high,0.35
back off right now nin hinde hogu so please stop.,aggression,individual,medium,0.55
"Basically, your type should not be here and it's sad.",hate,individual,medium,0.75
"To be honest, this group has become so toxic ella negative agide",toxicity,individual,medium,0.5
"Actually, this group has become so toxic ella negative agide without a doubt.",toxicity,individual,medium,0.5
leave me alone nanige disturb beda and it's sad.,harassment,individual,medium,0.45
this chat is very unhealthy so please stop.,toxicity,individual,medium,0.5
"Actually, people like you yavaglu problem without a doubt.",hate,individual,medium,0.75
"Hey, stop talking nonsense nin matu beda and it's sad.",aggression,individual,medium,0.55
"Hey, we dont want you nin beka illa immediately.",exclusion,individual,medium,0.42
nin illade nav decide madidvi - just my opinion.,exclusion,individual,medium,0.42
"Actually, you asked for it nin mistake",threat,individual,medium,0.82
Everyone knows i cant stand people like you nin tara jana,hate,individual,medium,0.75
keep quiet please nin matadbeda so please stop.,aggression,individual,medium,0.55
"Basically, why cant you just stop kelthiya !!!",harassment,individual,medium,0.45
"Seriously, control yourself swalpa right now.",aggression,individual,medium,0.55
"Honestly, this chat is very unhealthy",toxicity,individual,medium,0.5
It's obvious that please remove yourself nin hogu immediately.,exclusion,individual,medium,0.42
I just wanted to say dayavittu nanna bittu bidu for sure.,harassment,individual,medium,0.45
"To be honest, this environment is really bad",toxicity,individual,medium,0.5
It's obvious that you wont get away with this,threat,individual,medium,0.82
I just wanted to say nininda headache agthide stop it for sure.,harassment,individual,medium,0.45
you are in serious trouble nodu so please stop.,threat,individual,medium,0.82
"In my opinion, there is too much negativity here",toxicity,individual,medium,0.5
yaake nanna follow madthiya everywhere !!!,harassment,individual,medium,0.45
"Stop it, this environment is stressful and it's annoying.",toxicity,individual,medium,0.5
"In my opinion, this group makes me uncomfortable immediately.",toxicity,individual,medium,0.5
this environment is really bad without a doubt.,toxicity,individual,medium,0.5
stop getting involved nin barbeda for sure.,aggression,individual,medium,0.55
why do you see my story every time nin follow madthiya and it's annoying.,stalking,individual,medium,0.62
yaake nanna profile daily nodthiya so please stop.,stalking,individual,medium,0.62
shut up now sumne iru right now.,aggression,individual,medium,0.55
I just wanted to say you will regret this later ninige gothagutte - just my opinion.,threat,individual,medium,0.82
dont start with me nin beka illa and everyone agrees.,aggression,individual,high,0.6
"Hey, shut up now sumne iru",aggression,individual,medium,0.55
"Listen, this group is full of drama and everyone agrees.",toxicity,individual,high,0.55
there is too much negativity here without a doubt.,toxicity,individual,medium,0.5
"Hey, this is between us only nin barbeda",exclusion,individual,medium,0.42
"To be honest, stop disturbing me nanige shanti beku and it's sad.",harassment,individual,medium,0.45
"Listen, this environment is really bad",toxicity,individual,medium,0.5
ninige common sense illa !!!,insult,individual,medium,0.3
we are tired of people like you,hate,individual,medium,0.75
Everyone knows nininda headache agthide stop it,harassment,individual,medium,0.45
"In my opinion, you asked for it nin mistake",threat,individual,medium,0.82
"In my opinion, this environment is stressful and it's annoying.",toxicity,individual,medium,0.5
we dont like people like you nin tara beda without a doubt.,hate,individual,medium,0.75
this group makes me uncomfortable,toxicity,individual,medium,0.5
"Actually, neenu full dumb yaake heege ... whatever.",insult,individual,medium,0.3
dayavittu nanna bittu bidu without a doubt.,harassment,individual,medium,0.45
"To be honest, people like you dont deserve respect",hate,individual,medium,0.75
"To be honest, stop getting involved nin barbeda",aggression,individual,medium,0.55
"Just so you know, stay out of my matters nin hogu - just my opinion.",aggression,individual,medium,0.55
"To be honest, people like you yavaglu problem and it's annoying.",hate,individual,medium,0.75
"Basically, shut up now sumne iru right now.",aggression,individual,medium,0.55
"Just so you know, dont think this will go unnoticed immediately.",threat,individual,medium,0.82
this is your last warning nodko period.,threat,individual,medium,0.82
"Look, you asked for it nin mistake",threat,individual,medium,0.82
"Look, stop keeping tabs on me !!!",stalking,individual,medium,0.62
ninige maturity illa grow up (no offense).,insult,individual,low,0.25
dont involve yourself nin beka illa don't you think?,exclusion,individual,medium,0.42
i will complain about you sir ge helthini without a doubt.,threat,individual,medium,0.82
this will not end well for you ninige sari illa agutte for sure.,threat,individual,medium,0.82
you are useless nin work sari illa don't you think?,insult,individual,medium,0.3
why do you always show up where i am ... whatever.,stalking,individual,high,0.67
It's obvious that we already decided nin illade without a doubt.,exclusion,individual,medium,0.42
"In my opinion, dont start with me nin beka illa ... whatever.",aggression,individual,medium,0.55
"Look, keep quiet please nin matadbeda (no offense).",aggression,individual,low,0.5
Everyone knows dont involve yourself nin beka illa,exclusion,individual,medium,0.42
"Seriously, you will regret this later ninige gothagutte",threat,individual,medium,0.82
your kind is not welcome here - just my opinion.,hate,individual,medium,0.75
you just dont get it ninige artha illa period.,insult,individual,medium,0.3
nininda headache agthide stop it for sure.,harassment,individual,medium,0.45
Everyone knows we dont need people like you for real.,hate,individual,medium,0.75
It's obvious that nin illade smooth agide,exclusion,individual,medium,0.42
"To be honest, this chat is very unhealthy for real.",toxicity,individual,medium,0.5
I just wanted to say why cant you just stop kelthiya don't you think?,harassment,individual,medium,0.45
this group makes me uncomfortable immediately.,toxicity,individual,medium,0.5
It's obvious that yaake nanna hinde bartiya elladalli period.,harassment,individual,medium,0.45
we are tired of people like you for sure.,hate,individual,medium,0.75
you always ruin everything nininda problem and it's sad.,insult,individual,high,0.35
"Seriously, people here are very problematic ... whatever.",toxicity,individual,medium,0.5
"Hey, why are you always in my dm ninige kelbeda",harassment,individual,high,0.5
"Basically, this chat is mentally draining thale noovu",toxicity,individual,medium,0.5
"Basically, i cant stand people like you nin tara jana",hate,individual,medium,0.75
"In my opinion, ninige buddhi illa seriously so please stop.",insult,individual,high,0.35
this environment is really bad for real.,toxicity,individual,medium,0.5
"Look, you will regret this later ninige gothagutte",threat,individual,medium,0.82
"Look, leave me alone nanige disturb beda",harassment,individual,medium,0.45
"Listen, you asked for it nin mistake so please stop.",threat,individual,medium,0.82
your kind is unwanted here immediately.,hate,individual,medium,0.75
Everyone knows people like you make everything dirty,hate,individual,medium,0.75
"Honestly, people like you yavaglu problem",hate,individual,medium,0.75
"Basically, go away from here nin hogu (no offense).",aggression,individual,low,0.5
nininda headache agthide stop it,harassment,individual,medium,0.45
dont annoy me nin irritate madbeda (no offense).,aggression,individual,low,0.5
why do you remember my timings ninige ella gothu,stalking,individual,medium,0.62
"Listen, remember this moment ninige gothagutte",threat,individual,medium,0.82
people like you yavaglu problem - just my opinion.,hate,individual,medium,0.75
"In my opinion, why are you always checking my status nin yaake nodthiya",stalking,individual,high,0.67
"Honestly, dont involve yourself nin beka illa",exclusion,individual,medium,0.42
"Look, nin illade nav decide madidvi",exclusion,individual,medium,0.42
I think this will not end well for you ninige sari illa agutte (no offense).,threat,individual,low,0.77
nin presence irthare problem only (no offense).,insult,individual,low,0.25
this place is full of nonsense and everyone agrees.,toxicity,individual,high,0.55
why are you always checking my status nin yaake nodthiya period.,stalking,individual,high,0.67
"Seriously, why do you keep observing me period.",stalking,individual,medium,0.62
you always ruin everything nininda problem for real.,insult,individual,high,0.35
nin presence irthare problem only and everyone agrees.,insult,individual,high,0.35
"Basically, why cant you just stop kelthiya for sure.",harassment,individual,medium,0.45
I think you just dont get it ninige artha illa ... whatever.,insult,individual,medium,0.3
I just wanted to say you sound really stupid nin mathu nodi for sure.,insult,individual,medium,0.3
mind your own business nin work nodko,aggression,individual,medium,0.55
"Seriously, your kind spoils the environment",hate,individual,medium,0.75
"Honestly, stop keeping tabs on me",stalking,individual,medium,0.62
"Look, we are tired of people like you so please stop.",hate,individual,medium,0.75
"To be honest, your kind is not welcome here",hate,individual,medium,0.75
your kind is not welcome here right now.,hate,individual,medium,0.75
It's obvious that this group ninige alla,exclusion,individual,medium,0.42
why are you always wrong ninige gothilla don't you think?,insult,individual,high,0.35
"Stop it, this group makes me uncomfortable without a doubt.",toxicity,individual,medium,0.5
your kind spoils the environment (no offense).,hate,individual,low,0.7
"Look, ninige simple vishaya kuda artha agalla",insult,individual,medium,0.3
"Listen, we dont need people like you (no offense).",hate,individual,low,0.7
"To be honest, stay out ninige sambhandha illa",exclusion,individual,medium,0.42
I just wanted to say nin presence irthare problem only,insult,individual,medium,0.3
"Hey, stop calling me bar bar",harassment,individual,medium,0.45
we dont need people like you immediately.,hate,individual,medium,0.75
"Just so you know, control yourself swalpa",aggression,individual,medium,0.55
"Actually, remember this moment ninige gothagutte",threat,individual,medium,0.82
"Basically, dont keep pinging nanna irritate madthiya period.",harassment,individual,medium,0.45
"To be honest, people like you never change !!!",hate,individual,high,0.8
Everyone knows this group makes me uncomfortable ... whatever.,toxicity,individual,medium,0.5
"Just so you know, neenu full dumb yaake heege",insult,individual,medium,0.3
Everyone knows we are tired of people like you (no offense).,hate,individual,low,0.7
this group is full of drama (no offense).,toxicity,individual,low,0.45
no need for you nin beka illa right now.,exclusion,individual,medium,0.42
you wont get away with this and it's annoying.,threat,individual,medium,0.82
"Listen, no need for you nin beka illa don't you think?",exclusion,individual,medium,0.42
It's obvious that why do you remember my timings ninige ella gothu,stalking,individual,medium,0.62
"Actually, this group makes me uncomfortable and it's annoying.",toxicity,individual,medium,0.5
Everyone knows mind your own business nin work nodko for real.,aggression,individual,medium,0.55
"Hey, we dont like people like you nin tara beda",hate,individual,medium,0.75
"To be honest, you just dont get it ninige artha illa",insult,individual,medium,0.3
I just wanted to say your kind spoils the environment don't you think?,hate,individual,medium,0.75
"Listen, nininda headache agthide stop it - just my opinion.",harassment,individual,medium,0.45
I think this group ninige alla and it's sad.,exclusion,individual,medium,0.42
this is between us only nin barbeda so please stop.,exclusion,individual,medium,0.42
why are you watching me silently period.,stalking,individual,medium,0.62
"Stop it, this place is full of nonsense right now.",toxicity,individual,medium,0.5
"Actually, this will not end well for you ninige sari illa agutte without a doubt.",threat,individual,medium,0.82
I just wanted to say dont think this will go unnoticed,threat,individual,medium,0.82
"Hey, neenu full dumb yaake heege",insult,individual,medium,0.3
this will not end well for you ninige sari illa agutte,threat,individual,medium,0.82
I just wanted to say stop keeping tabs on me and it's annoying.,stalking,individual,medium,0.62
"To be honest, we are tired of people like you ... whatever.",hate,individual,medium,0.75
"In my opinion, there is too much negativity here ... whatever.",toxicity,individual,medium,0.5
ninige simple vishaya kuda artha agalla and it's sad.,insult,individual,medium,0.3
yaake nanna follow madthiya everywhere - just my opinion.,harassment,individual,medium,0.45
"Actually, stop keeping tabs on me",stalking,individual,medium,0.62
why do you see my story every time nin follow madthiya,stalking,individual,medium,0.62
I think we already decided nin illade,exclusion,individual,medium,0.42
leave me alone nanige disturb beda !!!,harassment,individual,medium,0.45
"Just so you know, stop stalking me nanige beda",stalking,individual,medium,0.62
"Listen, stop talking nonsense nin matu beda",aggression,individual,medium,0.55
"Listen, people like you yavaglu problem - just my opinion.",hate,individual,medium,0.75
I just wanted to say bar bar kelbeda please,harassment,individual,medium,0.45
"Hey, this chat is mentally draining thale noovu",toxicity,individual,medium,0.5
"Honestly, people like you dont deserve respect period.",hate,individual,medium,0.75
"Honestly, stay out ninige sambhandha illa",exclusion,individual,medium,0.42
"Seriously, people like you are a headache !!!",hate,individual,medium,0.75
"Actually, yaake nanna bar bar text madthiya",harassment,individual,medium,0.45
"Listen, why are you always online when i come ninige gothagthide immediately.",stalking,individual,high,0.67
we dont like people like you nin tara beda !!!,hate,individual,medium,0.75
"Honestly, ninige maturity illa grow up for real.",insult,individual,medium,0.3
It's obvious that people like you should stay away,hate,individual,medium,0.75
It's obvious that stop stalking me nanige beda !!!,stalking,individual,medium,0.62
"Listen, why are you always checking my status nin yaake nodthiya",stalking,individual,high,0.67
"Look, this environment is really bad",toxicity,individual,medium,0.5
"Seriously, stop tracking my activity nanige gothagthide !!!",stalking,individual,medium,0.62
I just wanted to say nin illade better agide and everyone agrees.,exclusion,individual,high,0.47
"In my opinion, stop getting involved nin barbeda",aggression,individual,medium,0.55
I just wanted to say this group has become so toxic ella negative agide for real.,toxicity,individual,medium,0.5
It's obvious that this environment is really bad so please stop.,toxicity,individual,medium,0.5
"Listen, we dont like people like you nin tara beda and it's sad.",hate,individual,medium,0.75
ninige buddhi illa seriously - just my opinion.,insult,individual,high,0.35
stay in your limits please (no offense).,aggression,individual,low,0.5
"Listen, dont poke your nose nin business beda",aggression,individual,medium,0.55
"Honestly, nin iddare problem agthide and it's sad.",exclusion,individual,medium,0.42
"To be honest, stop keeping tabs on me for real.",stalking,individual,medium,0.62
"Stop it, you cant escape from this ninige illa ... whatever.",threat,individual,medium,0.82
stop messaging me yavaglu disturb madthiya for real.,harassment,individual,medium,0.45
"In my opinion, you will regret this later ninige gothagutte",threat,individual,medium,0.82
It's obvious that stop messaging me yavaglu disturb madthiya (no offense).,harassment,individual,low,0.4
"Actually, dont interfere in this nin barbeda",aggression,individual,medium,0.55
Everyone knows stop tracking my activity nanige gothagthide immediately.,stalking,individual,medium,0.62
"Seriously, leave me alone nanige disturb beda",harassment,individual,medium,0.45
It's obvious that are you mad or what ninige artha illa,insult,individual,medium,0.3
dont start with me nin beka illa period.,aggression,individual,medium,0.55
"Actually, your kind spoils the environment !!!",hate,individual,medium,0.75
"Actually, this is your last warning nodko",threat,individual,medium,0.82
"Honestly, people here are very problematic don't you think?",toxicity,individual,medium,0.5
neenu hopeless yaake heege immediately.,insult,individual,medium,0.3
"Look, you will pay for what you did",threat,individual,medium,0.82
"Basically, use your brain swalpa for sure.",insult,individual,medium,0.3
"Seriously, there is too much negativity here - just my opinion.",toxicity,individual,medium,0.5
"Look, stop messaging me yavaglu disturb madthiya right now.",harassment,individual,medium,0.45
why do you keep observing me immediately.,stalking,individual,medium,0.62
"Just so you know, stop disturbing me nanige shanti beku",harassment,individual,medium,0.45
this chat is mentally draining thale noovu for real.,toxicity,individual,medium,0.5
"Honestly, we are tired of people like you immediately.",hate,individual,medium,0.75
"Listen, stop getting involved nin barbeda",aggression,individual,medium,0.55
yaake nanna hinde bartiya and it's sad.,harassment,individual,medium,0.45
I just wanted to say why do you follow everything i do !!!,stalking,individual,medium,0.62
"Seriously, dont involve yourself nin beka illa",exclusion,individual,medium,0.42
"In my opinion, this group is full of drama",toxicity,individual,medium,0.5
"To be honest, why do you remember my timings ninige ella gothu so please stop.",stalking,individual,medium,0.62
"Honestly, dayavittu nanna bittu bidu for real.",harassment,individual,medium,0.45
"In my opinion, we dont like people like you nin tara beda",hate,individual,medium,0.75
"Look, no need for you nin beka illa (no offense).",exclusion,individual,low,0.37
"Actually, we are tired of people like you and it's annoying.",hate,individual,medium,0.75
nininda headache agthide stop it ... whatever.,harassment,individual,medium,0.45
"Seriously, why do you keep observing me and it's sad.",stalking,individual,medium,0.62
nin presence irthare problem only - just my opinion.,insult,individual,medium,0.3
"To be honest, your kind spoils the environment immediately.",hate,individual,medium,0.75
"Basically, nin iddare delay agthide without a doubt.",exclusion,individual,medium,0.42
"In my opinion, why cant you just stop kelthiya for real.",harassment,individual,medium,0.45
"Actually, this will not end well for you ninige sari illa agutte right now.",threat,individual,medium,0.82
"Hey, why are you always checking my status nin yaake nodthiya without a doubt.",stalking,individual,high,0.67
"Honestly, we dont want you nin beka illa without a doubt.",exclusion,individual,medium,0.42
nininda headache agthide stop it for real.,harassment,individual,medium,0.45
"To be honest, this will not end well for you ninige sari illa agutte so please stop.",threat,individual,medium,0.82
i cant stand people like you nin tara jana so please stop.,hate,individual,medium,0.75
stop talking nonsense nin matu beda ... whatever.,aggression,individual,medium,0.55
"Seriously, we dont want you nin beka illa ... whatever.",exclusion,individual,medium,0.42
"Actually, we dont want you nin beka illa",exclusion,individual,medium,0.42
why do you see my story every time nin follow madthiya for sure.,stalking,individual,medium,0.62
stop talking nonsense nin matu beda immediately.,aggression,individual,medium,0.55
"Seriously, you will pay for what you did and everyone agrees.",threat,individual,high,0.87
you cant escape from this ninige illa so please stop.,threat,individual,medium,0.82
dont interfere in this nin barbeda and it's annoying.,aggression,individual,medium,0.55
"Hey, keep quiet please nin matadbeda",aggression,individual,medium,0.55
we dont want you nin beka illa right now.,exclusion,individual,medium,0.42
"Honestly, your type should not be here",hate,individual,medium,0.75
"Actually, there is too much negativity here and it's annoying.",toxicity,individual,medium,0.5
It's obvious that you will face consequences ninige problem agutte without a doubt.,threat,individual,medium,0.82
stop getting involved nin barbeda for real.,aggression,individual,medium,0.55
Everyone knows why are you always wrong ninige gothilla,insult,individual,high,0.35
"Look, stop talking nonsense nin matu beka illa and everyone agrees.",insult,individual,high,0.35
"To be honest, nin iddare delay agthide",exclusion,individual,medium,0.42
"To be honest, keep quiet please nin matadbeda !!!",aggression,individual,medium,0.55
"In my opinion, your kind is unwanted here",hate,individual,medium,0.75
dayavittu nanna bittu bidu - just my opinion.,harassment,individual,medium,0.45
mind your own business nin work nodko period.,aggression,individual,medium,0.55
"Just so you know, you just dont get it ninige artha illa so please stop.",insult,individual,medium,0.3
your kind is not welcome here for sure.,hate,individual,medium,0.75
"Basically, this group has become so toxic ella negative agide",toxicity,individual,medium,0.5
"Actually, why do you remember my timings ninige ella gothu ... whatever.",stalking,individual,medium,0.62
"Actually, there is too much negativity here",toxicity,individual,medium,0.5
"Seriously, ninige common sense illa",insult,individual,medium,0.3
Everyone knows dont push me beyond my limit serious agthide and everyone agrees.,threat,individual,high,0.87
It's obvious that stay out ninige sambhandha illa without a doubt.,exclusion,individual,medium,0.42
"Actually, use your brain swalpa",insult,individual,medium,0.3
why are you always checking my status nin yaake nodthiya (no offense).,stalking,individual,high,0.67
"Hey, why are you always wrong ninige gothilla ... whatever.",insult,individual,high,0.35
"Look, mind your own business nin work nodko",aggression,individual,medium,0.55
"Listen, ninige nanna online time gothu how - just my opinion.",stalking,individual,medium,0.62
"Listen, nin message inda tension agthide",harassment,individual,medium,0.45
"Listen, this is your last warning nodko",threat,individual,medium,0.82
"Honestly, this group has become so toxic ella negative agide right now.",toxicity,individual,medium,0.5
you are in serious trouble nodu !!!,threat,individual,medium,0.82
why do you always show up where i am,stalking,individual,high,0.67
"Hey, stop tracking my activity nanige gothagthide period.",stalking,individual,medium,0.62
dont interfere in this nin barbeda - just my opinion.,aggression,individual,medium,0.55
stay out ninige sambhandha illa without a doubt.,exclusion,individual,medium,0.42
people like you should stay away don't you think?,hate,individual,medium,0.75
"Just so you know, yaake nanna profile daily nodthiya for sure.",stalking,individual,medium,0.62
It's obvious that this environment is stressful,toxicity,individual,medium,0.5
I just wanted to say use your brain swalpa,insult,individual,medium,0.3
you asked for it nin mistake period.,threat,individual,medium,0.82
"Seriously, bar bar kelbeda please - just my opinion.",harassment,individual,medium,0.45
use your brain swalpa without a doubt.,insult,individual,medium,0.3
Everyone knows why do you keep observing me immediately.,stalking,individual,medium,0.62
"Basically, dont keep pinging nanna irritate madthiya and everyone agrees.",harassment,individual,high,0.5
stay in your limits please don't you think?,aggression,individual,medium,0.55
It's obvious that you just dont get it ninige artha illa without a doubt.,insult,individual,medium,0.3
"Hey, you will face consequences ninige problem agutte",threat,individual,medium,0.82
I think dont keep pinging nanna irritate madthiya,harassment,individual,medium,0.45
"Just so you know, you will regret this later ninige gothagutte",threat,individual,medium,0.82
It's obvious that why do you follow everything i do,stalking,individual,medium,0.62
"Honestly, nin message inda tension agthide ... whatever.",harassment,individual,medium,0.45
"Listen, why do you follow everything i do !!!",stalking,individual,medium,0.62
"Listen, dont interfere in this nin barbeda without a doubt.",aggression,individual,medium,0.55
"Seriously, we dont like people like you nin tara beda - just my opinion.",hate,individual,medium,0.75
you will regret this later ninige gothagutte and it's sad.,threat,individual,medium,0.82
"Look, stop talking nonsense nin matu beda",aggression,individual,medium,0.55
nin iddare problem agthide - just my opinion.,exclusion,individual,medium,0.42
I just wanted to say neenu full dumb yaake heege and it's sad.,insult,individual,medium,0.3
"Honestly, i will complain about you sir ge helthini period.",threat,individual,medium,0.82
"Seriously, dont message me late night nin beka illa",harassment,individual,medium,0.45
It's obvious that better nin illade nadithivi !!!,exclusion,individual,medium,0.42
dont interfere in this nin barbeda so please stop.,aggression,individual,medium,0.55
"Actually, nin illade smooth agide",exclusion,individual,medium,0.42
"Stop it, this group makes me uncomfortable and it's annoying.",toxicity,individual,medium,0.5
I just wanted to say nin illade smooth agide,exclusion,individual,medium,0.42
It's obvious that people here are very problematic and everyone agrees.,toxicity,individual,high,0.55
It's obvious that stop talking nonsense nin matu beda so please stop.,aggression,individual,medium,0.55
"To be honest, i cant stand people like you nin tara jana period.",hate,individual,medium,0.75
"To be honest, nin iddare problem agthide for real.",exclusion,individual,medium,0.42
I think dont message me late night nin beka illa,harassment,individual,medium,0.45
"Look, nin illade better agide",exclusion,individual,medium,0.42
"Look, i will expose what you did ellargu helthini !!!",threat,individual,medium,0.82
people here are very problematic period.,toxicity,individual,medium,0.5
I just wanted to say this is your last warning nodko,threat,individual,medium,0.82
"To be honest, dont push me beyond my limit serious agthide without a doubt.",threat,individual,medium,0.82
"To be honest, dont annoy me nin irritate madbeda right now.",aggression,individual,medium,0.55
mind your own business nin work nodko for sure.,aggression,individual,medium,0.55
"Honestly, i will complain about you sir ge helthini",threat,individual,medium,0.82
I think you always ruin everything nininda problem right now.,insult,individual,high,0.35
you will regret this later ninige gothagutte and it's annoying.,threat,individual,medium,0.82
dont poke your nose nin business beda and it's sad.,aggression,individual,medium,0.55
"Just so you know, stop calling me bar bar without a doubt.",harassment,individual,medium,0.45
Everyone knows this group ninige alla so please stop.,exclusion,individual,medium,0.42
"Basically, stop keeping tabs on me",stalking,individual,medium,0.62
"Actually, people like you never change",hate,individual,high,0.8
"Stop it, mind your own business nin work nodko",aggression,individual,medium,0.55
"Seriously, this is between us only nin barbeda and it's annoying.",exclusion,individual,medium,0.42
please remove yourself nin hogu and it's sad.,exclusion,individual,medium,0.42
"Honestly, this environment is really bad period.",toxicity,individual,medium,0.5
nin illade better agide and everyone agrees.,exclusion,individual,high,0.47
"Look, stop talking nonsense nin matu beka illa",insult,individual,medium,0.3
"Honestly, you are everywhere i go nin follow madthiya for sure.",stalking,individual,medium,0.62
"Seriously, this chat is very unhealthy for sure.",toxicity,individual,medium,0.5
"Actually, mind your own business nin work nodko for sure.",aggression,individual,medium,0.55
"Seriously, this place feels unhealthy manasige sari illa ... whatever.",toxicity,individual,medium,0.5
shut up now sumne iru and it's annoying.,aggression,individual,medium,0.55
"Seriously, you will face consequences ninige problem agutte",threat,individual,medium,0.82
you are not invited nin beka illa (no offense).,exclusion,individual,low,0.37
"Actually, we already decided nin illade period.",exclusion,individual,medium,0.42
"Actually, why do you see my story every time nin follow madthiya",stalking,individual,medium,0.62
"Just so you know, people like you yavaglu problem",hate,individual,medium,0.75
nin illade better agide for sure.,exclusion,individual,medium,0.42
"Honestly, nin iddare delay agthide so please stop.",exclusion,individual,medium,0.42
ninige common sense illa right now.,insult,individual,medium,0.3
"Actually, this chat is exhausting full headache !!!",toxicity,individual,medium,0.5
go away from here nin hogu for sure.,aggression,individual,medium,0.55
this chat is exhausting full headache and it's sad.,toxicity,individual,medium,0.5
I just wanted to say dont involve yourself nin beka illa ... whatever.,exclusion,individual,medium,0.42
control yourself swalpa without a doubt.,aggression,individual,medium,0.55
ninige simple vishaya kuda artha agalla for real.,insult,individual,medium,0.3
It's obvious that yaake nanna hinde bartiya elladalli (no offense).,harassment,individual,low,0.4
I think this chat is exhausting full headache !!!,toxicity,individual,medium,0.5
you will face consequences ninige problem agutte ... whatever.,threat,individual,medium,0.82
I think control yourself swalpa,aggression,individual,medium,0.55
"Stop it, people like you make everything dirty",hate,individual,medium,0.75
"Listen, why are you watching me silently so please stop.",stalking,individual,medium,0.62
"To be honest, neenu hopeless yaake heege immediately.",insult,individual,medium,0.3
we dont want you nin beka illa and everyone agrees.,exclusion,individual,high,0.47
"In my opinion, stop disturbing me nanige shanti beku and it's annoying.",harassment,individual,medium,0.45
"Actually, you wont get away with this",threat,individual,medium,0.82
I think yaake nanna hinde bartiya without a doubt.,harassment,individual,medium,0.45
"Basically, why do you keep observing me ... whatever.",stalking,individual,medium,0.62
"Honestly, dont push me beyond my limit serious agthide",threat,individual,medium,0.82
I just wanted to say why are you always in my dm ninige kelbeda period.,harassment,individual,high,0.5
are you mad or what ninige artha illa !!!,insult,individual,medium,0.3
stop calling me bar bar - just my opinion.,harassment,individual,medium,0.45
"Just so you know, this chat is exhausting full headache don't you think?",toxicity,individual,medium,0.5
I just wanted to say yaake nanna hinde bartiya don't you think?,harassment,individual,medium,0.45
ninige maturity illa grow up so please stop.,insult,individual,medium,0.3
we dont like people like you nin tara beda for sure.,hate,individual,medium,0.75
yaake nanna follow madthiya everywhere so please stop.,harassment,individual,medium,0.45
"Honestly, yaake nanna hinde bartiya and it's annoying.",harassment,individual,medium,0.45
I think people like you should stay away,hate,individual,medium,0.75
this group has become so toxic ella negative agide (no offense).,toxicity,individual,low,0.45
I think just wait and watch ninige lesson sigutte period.,threat,individual,medium,0.82
nininda headache agthide stop it - just my opinion.,harassment,individual,medium,0.45
Everyone knows back off right now nin hinde hogu for real.,aggression,individual,medium,0.55
"Seriously, mind your own business nin work nodko",aggression,individual,medium,0.55
"Just so you know, back off right now nin hinde hogu",aggression,individual,medium,0.55
"Honestly, nin illade smooth agide - just my opinion.",exclusion,individual,medium,0.42
"Honestly, stop stalking me nanige beda - just my opinion.",stalking,individual,medium,0.62
"Listen, we dont need people like you for sure.",hate,individual,medium,0.75
"Look, ninige nanna online time gothu how",stalking,individual,medium,0.62
this chat is mentally draining thale noovu don't you think?,toxicity,individual,medium,0.5
we dont need people like you without a doubt.,hate,individual,medium,0.75
stop keeping tabs on me (no offense).,stalking,individual,low,0.57
"Listen, yaake nanna hinde bartiya elladalli for sure.",harassment,individual,medium,0.45
"Just so you know, dont keep pinging nanna irritate madthiya for sure.",harassment,individual,medium,0.45
"To be honest, why are you always checking my status nin yaake nodthiya ... whatever.",stalking,individual,high,0.67
It's obvious that we dont want you nin beka illa !!!,exclusion,individual,medium,0.42
"To be honest, i will complain about you sir ge helthini so please stop.",threat,individual,medium,0.82
"Seriously, ninige simple vishaya kuda artha agalla",insult,individual,medium,0.3
"To be honest, i will expose what you did ellargu helthini",threat,individual,medium,0.82
people like you dont deserve respect without a doubt.,hate,individual,medium,0.75
this group makes me uncomfortable for real.,toxicity,individual,medium,0.5
why are you always online when i come ninige gothagthide immediately.,stalking,individual,high,0.67
I just wanted to say ninige simple vishaya kuda artha agalla !!!,insult,individual,medium,0.3
Everyone knows you are useless nin work sari illa,insult,individual,medium,0.3
"Look, people like you never change !!!",hate,individual,high,0.8
"Hey, this will not end well for you ninige sari illa agutte !!!",threat,individual,medium,0.82
your kind is not welcome here period.,hate,individual,medium,0.75
"In my opinion, use your brain swalpa don't you think?",insult,individual,medium,0.3
I think stay out ninige sambhandha illa don't you think?,exclusion,individual,medium,0.42
"Look, dont cross the line nin limits alli iru",aggression,individual,medium,0.55
"Hey, this chat ruins my mood",toxicity,individual,medium,0.5
your kind is unwanted here (no offense).,hate,individual,low,0.7
I think you will face consequences ninige problem agutte,threat,individual,medium,0.82
this space is not safe mentally ... whatever.,toxicity,individual,medium,0.5
It's obvious that this chat is very unhealthy,toxicity,individual,medium,0.5
"Hey, nin iddare problem agthide for sure.",exclusion,individual,medium,0.42
you are useless nin work sari illa,insult,individual,medium,0.3
why are you always wrong ninige gothilla immediately.,insult,individual,high,0.35
"Actually, you sound really stupid nin mathu nodi",insult,individual,medium,0.3
nin illade nav decide madidvi and it's sad.,exclusion,individual,medium,0.42
"Just so you know, stay in your limits please for sure.",aggression,individual,medium,0.55
you will pay for what you did and it's sad.,threat,individual,medium,0.82
"Honestly, we dont need people like you",hate,individual,medium,0.75
It's obvious that just wait and watch ninige lesson sigutte don't you think?,threat,individual,medium,0.82
It's obvious that dayavittu nanna bittu bidu and it's sad.,harassment,individual,medium,0.45
It's obvious that stop talking nonsense nin matu beda,aggression,individual,medium,0.55
i cant stand people like you nin tara jana - just my opinion.,hate,individual,medium,0.75
Everyone knows this chat is exhausting full headache right now.,toxicity,individual,medium,0.5
"Seriously, neenu hopeless yaake heege and it's annoying.",insult,individual,medium,0.3
"Honestly, dont interfere in this nin barbeda right now.",aggression,individual,medium,0.55
your kind spoils the environment,hate,individual,medium,0.75
It's obvious that stop talking nonsense nin matu beka illa,insult,individual,medium,0.3
nin iddare problem agthide without a doubt.,exclusion,individual,medium,0.42
"Stop it, neenu hopeless yaake heege without a doubt.",insult,individual,medium,0.3
"To be honest, dont think this will go unnoticed for real.",threat,individual,medium,0.82
"In my opinion, use your brain swalpa",insult,individual,medium,0.3
Everyone knows why are you always online when i come ninige gothagthide,stalking,individual,high,0.67
"In my opinion, dont message me late night nin beka illa (no offense).",harassment,individual,low,0.4
this group has become so toxic ella negative agide and it's sad.,toxicity,individual,medium,0.5
"Actually, i cant stand people like you nin tara jana",hate,individual,medium,0.75
"Hey, people like you never change",hate,individual,high,0.8
"Seriously, you asked for it nin mistake period.",threat,individual,medium,0.82
"Stop it, this chat is exhausting full headache immediately.",toxicity,individual,medium,0.5
"Seriously, your kind spoils the environment right now.",hate,individual,medium,0.75
"Actually, this chat ruins my mood and it's annoying.",toxicity,individual,medium,0.5
"Just so you know, stop getting involved nin barbeda for sure.",aggression,individual,medium,0.55
dont message me late night nin beka illa so please stop.,harassment,individual,medium,0.45
"Actually, you just dont get it ninige artha illa",insult,individual,medium,0.3
yaake nanna profile daily nodthiya - just my opinion.,stalking,individual,medium,0.62
"Look, i will complain about you sir ge helthini",threat,individual,medium,0.82
"Stop it, ninige common sense illa and everyone agrees.",insult,individual,high,0.35
"Listen, we dont like people like you nin tara beda for real.",hate,individual,medium,0.75
nin illade smooth agide for sure.,exclusion,individual,medium,0.42
neenu full dumb yaake heege period.,insult,individual,medium,0.3
why do you follow everything i do (no offense).,stalking,individual,low,0.57
"Just so you know, yaake nanna hinde bartiya period.",harassment,individual,medium,0.45
ninige buddhi illa seriously (no offense).,insult,individual,high,0.35
"Seriously, neenu full dumb yaake heege and it's annoying.",insult,individual,medium,0.3
"To be honest, bar bar kelbeda please ... whatever.",harassment,individual,medium,0.45
It's obvious that yaake nanna bar bar text madthiya don't you think?,harassment,individual,medium,0.45
keep quiet please nin matadbeda and it's annoying.,aggression,individual,medium,0.55
I think ninige maturity illa grow up (no offense).,insult,individual,low,0.25
It's obvious that we dont want you nin beka illa and it's sad.,exclusion,individual,medium,0.42
"In my opinion, nin presence irthare problem only",insult,individual,medium,0.3
"Stop it, stop tracking my activity nanige gothagthide",stalking,individual,medium,0.62
stop disturbing me nanige shanti beku,harassment,individual,medium,0.45
Everyone knows your kind is unwanted here,hate,individual,medium,0.75
we dont need people like you for real.,hate,individual,medium,0.75
"Just so you know, dont push me beyond my limit serious agthide",threat,individual,medium,0.82
why do you see my story every time nin follow madthiya without a doubt.,stalking,individual,medium,0.62
you sound really stupid nin mathu nodi so please stop.,insult,individual,medium,0.3
yaake nanna bar bar text madthiya for real.,harassment,individual,medium,0.45
I just wanted to say this group has become so toxic ella negative agide - just my opinion.,toxicity,individual,medium,0.5
ninige simple vishaya kuda artha agalla right now.,insult,individual,medium,0.3
your kind is unwanted here and it's annoying.,hate,individual,medium,0.75
"Basically, dont annoy me nin irritate madbeda without a doubt.",aggression,individual,medium,0.55
I just wanted to say you wont get away with this so please stop.,threat,individual,medium,0.82
Everyone knows just wait and watch ninige lesson sigutte without a doubt.,threat,individual,medium,0.82
you always ruin everything nininda problem !!!,insult,individual,high,0.35
are you mad or what ninige artha illa so please stop.,insult,individual,medium,0.3
Everyone knows you wont get away with this,threat,individual,medium,0.82
I think this group has become so toxic ella negative agide !!!,toxicity,individual,medium,0.5
dayavittu nanna bittu bidu for sure.,harassment,individual,medium,0.45
remember this moment ninige gothagutte ... whatever.,threat,individual,medium,0.82
"To be honest, you are not invited nin beka illa",exclusion,individual,medium,0.42
"Stop it, nin iddare delay agthide !!!",exclusion,individual,medium,0.42
"Just so you know, stop talking nonsense nin matu beda ... whatever.",aggression,individual,medium,0.55
stay out of my matters nin hogu - just my opinion.,aggression,individual,medium,0.55
i cant stand people like you nin tara jana don't you think?,hate,individual,medium,0.75
I just wanted to say ninige simple vishaya kuda artha agalla,insult,individual,medium,0.3
"Stop it, stop messaging me yavaglu disturb madthiya",harassment,individual,medium,0.45
"Honestly, you always ruin everything nininda problem and everyone agrees.",insult,individual,high,0.35
"In my opinion, your kind is not welcome here",hate,individual,medium,0.75
"Basically, why do you always show up where i am",stalking,individual,high,0.67
"Actually, people like you should stay away without a doubt.",hate,individual,medium,0.75
"Actually, why do you remember my timings ninige ella gothu for sure.",stalking,individual,medium,0.62
bar bar kelbeda please immediately.,harassment,individual,medium,0.45
"Listen, why do you remember my timings ninige ella gothu so please stop.",stalking,individual,medium,0.62
"Basically, please remove yourself nin hogu",exclusion,individual,medium,0.42
this is between us only nin barbeda and it's annoying.,exclusion,individual,medium,0.42
"Honestly, this is between us only nin barbeda period.",exclusion,individual,medium,0.42
"Look, we dont like people like you nin tara beda and everyone agrees.",hate,individual,high,0.8
"Hey, this group makes me uncomfortable and it's annoying.",toxicity,individual,medium,0.5
"Look, we already decided nin illade",exclusion,individual,medium,0.42
I just wanted to say people like you dont deserve respect !!!,hate,individual,medium,0.75
back off right now nin hinde hogu (no offense).,aggression,individual,low,0.5
you are everywhere i go nin follow madthiya so please stop.,stalking,individual,medium,0.62
your type always ruins things nin tara jana beda ... whatever.,hate,individual,high,0.8
ninige nanna online time gothu how and it's sad.,stalking,individual,medium,0.62
"In my opinion, why are you always checking my status nin yaake nodthiya for real.",stalking,individual,high,0.67
It's obvious that dont poke your nose nin business beda and it's sad.,aggression,individual,medium,0.55
Everyone knows dont message me late night nin beka illa ... whatever.,harassment,individual,medium,0.45
"Honestly, your kind is not welcome here without a doubt.",hate,individual,medium,0.75
nin message inda tension agthide period.,harassment,individual,medium,0.45
"To be honest, stop tracking my activity nanige gothagthide - just my opinion.",stalking,individual,medium,0.62
ninige nanna online time gothu how - just my opinion.,stalking,individual,medium,0.62
"Actually, dont think this will go unnoticed don't you think?",threat,individual,medium,0.82
"Actually, dont keep pinging nanna irritate madthiya immediately.",harassment,individual,medium,0.45
"Stop it, this group is too negative (no offense).",toxicity,individual,low,0.45
you sound really stupid nin mathu nodi and everyone agrees.,insult,individual,high,0.35
this will not end well for you ninige sari illa agutte (no offense).,threat,individual,low,0.77
"Hey, this chat is exhausting full headache period.",toxicity,individual,medium,0.5
I just wanted to say you sound really stupid nin mathu nodi don't you think?,insult,individual,medium,0.3
"Basically, dont involve yourself nin beka illa",exclusion,individual,medium,0.42
"To be honest, why do you always show up where i am",stalking,individual,high,0.67
"Hey, dont annoy me nin irritate madbeda",aggression,individual,medium,0.55
"Listen, people like you make everything dirty and everyone agrees.",hate,individual,high,0.8
"Basically, nininda headache agthide stop it - just my opinion.",harassment,individual,medium,0.45
"To be honest, control yourself swalpa for real.",aggression,individual,medium,0.55
"Listen, nin illade nav decide madidvi for real.",exclusion,individual,medium,0.42
remember this moment ninige gothagutte (no offense).,threat,individual,low,0.77
you sound really stupid nin mathu nodi - just my opinion.,insult,individual,medium,0.3
"Seriously, back off right now nin hinde hogu don't you think?",aggression,individual,medium,0.55
stop disturbing me nanige shanti beku !!!,harassment,individual,medium,0.45
"Hey, why are you always checking my status nin yaake nodthiya (no offense).",stalking,individual,high,0.67
I think people like you are a headache,hate,individual,medium,0.75
"Actually, this group is full of drama",toxicity,individual,medium,0.5
I just wanted to say there is too much negativity here right now.,toxicity,individual,medium,0.5
better nin illade nadithivi and everyone agrees.,exclusion,individual,high,0.47
"To be honest, your kind is unwanted here",hate,individual,medium,0.75
"Hey, you just dont get it ninige artha illa",insult,individual,medium,0.3
stay out of my matters nin hogu and everyone agrees.,aggression,individual,high,0.6
"Seriously, why do you see my story every time nin follow madthiya",stalking,individual,medium,0.62
just wait and watch ninige lesson sigutte so please stop.,threat,individual,medium,0.82
I think this place feels unhealthy manasige sari illa,toxicity,individual,medium,0.5
"To be honest, why do you see my story every time nin follow madthiya",stalking,individual,medium,0.62
I just wanted to say use your brain swalpa immediately.,insult,individual,medium,0.3
this group is full of drama for real.,toxicity,individual,medium,0.5
"To be honest, bar bar kelbeda please",harassment,individual,medium,0.45
"In my opinion, this is your last warning nodko",threat,individual,medium,0.82
this place is full of nonsense immediately.,toxicity,individual,medium,0.5
"Listen, your type should not be here so please stop.",hate,individual,medium,0.75
you are everywhere i go nin follow madthiya and it's sad.,stalking,individual,medium,0.62
"Actually, neenu full dumb yaake heege and everyone agrees.",insult,individual,high,0.35
"Stop it, nin presence irthare problem only immediately.",insult,individual,medium,0.3
"Seriously, no need for you nin beka illa",exclusion,individual,medium,0.42
"Honestly, yaake nanna bar bar text madthiya without a doubt.",harassment,individual,medium,0.45
people like you are a headache period.,hate,individual,medium,0.75
"Look, stop tracking my activity nanige gothagthide",stalking,individual,medium,0.62
"Hey, mind your own business nin work nodko",aggression,individual,medium,0.55
I think this group is too negative,toxicity,individual,medium,0.5
"Look, dont interfere in this nin barbeda",aggression,individual,medium,0.55
"Honestly, people like you make everything dirty so please stop.",hate,individual,medium,0.75
Everyone knows use your brain swalpa !!!,insult,individual,medium,0.3
dont keep pinging nanna irritate madthiya ... whatever.,harassment,individual,medium,0.45
Everyone knows dont poke your nose nin business beda for real.,aggression,individual,medium,0.55
"Stop it, you will pay for what you did right now.",threat,individual,medium,0.82
are you mad or what ninige artha illa and it's annoying.,insult,individual,medium,0.3
"To be honest, people like you never change - just my opinion.",hate,individual,high,0.8
nin iddare delay agthide right now.,exclusion,individual,medium,0.42
It's obvious that your type always ruins things nin tara jana beda immediately.,hate,individual,high,0.8
"Honestly, stop keeping tabs on me (no offense).",stalking,individual,low,0.57
I just wanted to say we dont need people like you,hate,individual,medium,0.75
"Stop it, you wont get away with this (no offense).",threat,individual,low,0.77
I think nin illade better agide,exclusion,individual,medium,0.42
"Basically, stop disturbing me nanige shanti beku and it's annoying.",harassment,individual,medium,0.45
"Honestly, this group has become so toxic ella negative agide immediately.",toxicity,individual,medium,0.5
"Hey, you sound really stupid nin mathu nodi without a doubt.",insult,individual,medium,0.3
people here are very problematic and it's annoying.,toxicity,individual,medium,0.5
people like you are a headache for sure.,hate,individual,medium,0.75
"In my opinion, go away from here nin hogu immediately.",aggression,individual,medium,0.55
I just wanted to say i will complain about you sir ge helthini right now.,threat,individual,medium,0.82
Everyone knows are you mad or what ninige artha illa !!!,insult,individual,medium,0.3
ninige maturity illa grow up and it's sad.,insult,individual,medium,0.3
"Listen, ninige maturity illa grow up and it's sad.",insult,individual,medium,0.3
stop calling me bar bar (no offense).,harassment,individual,low,0.4
we already decided nin illade without a doubt.,exclusion,individual,medium,0.42
"Seriously, leave me alone nanige disturb beda and it's annoying.",harassment,individual,medium,0.45
"Hey, this place feels unhealthy manasige sari illa without a doubt.",toxicity,individual,medium,0.5
nin iddare delay agthide ... whatever.,exclusion,individual,medium,0.42
"Listen, your type always ruins things nin tara jana beda",hate,individual,high,0.8
"Honestly, this space is not safe mentally so please stop.",toxicity,individual,medium,0.5
"To be honest, people like you make everything dirty - just my opinion.",hate,individual,medium,0.75
"Look, your type always ruins things nin tara jana beda",hate,individual,high,0.8
your kind is not welcome here and it's annoying.,hate,individual,medium,0.75
"Stop it, this group has become so toxic ella negative agide",toxicity,individual,medium,0.5
I just wanted to say your kind spoils the environment and it's annoying.,hate,individual,medium,0.75
I just wanted to say you are everywhere i go nin follow madthiya,stalking,individual,medium,0.62
"Listen, stop messaging me yavaglu disturb madthiya don't you think?",harassment,individual,medium,0.45
"Actually, go away from here nin hogu and it's annoying.",aggression,individual,medium,0.55
stop disturbing me nanige shanti beku and everyone agrees.,harassment,individual,high,0.5
Everyone knows mind your own business nin work nodko and it's annoying.,aggression,individual,medium,0.55
I just wanted to say there is too much negativity here,toxicity,individual,medium,0.5
"Listen, stay in your limits please immediately.",aggression,individual,medium,0.55
I think yaake nanna hinde bartiya !!!,harassment,individual,medium,0.45
"Honestly, this is between us only nin barbeda for sure.",exclusion,individual,medium,0.42
It's obvious that stop talking nonsense nin matu beka illa and everyone agrees.,insult,individual,high,0.35
Everyone knows this place feels unhealthy manasige sari illa,toxicity,individual,medium,0.5
"Look, you are not invited nin beka illa for sure.",exclusion,individual,medium,0.42
"Seriously, this group is too negative and it's annoying.",toxicity,individual,medium,0.5
"In my opinion, you are useless nin work sari illa without a doubt.",insult,individual,medium,0.3
"Look, ninige common sense illa period.",insult,individual,medium,0.3
"Actually, nin message inda tension agthide",harassment,individual,medium,0.45
dont push me beyond my limit serious agthide immediately.,threat,individual,medium,0.82
"Basically, this chat ruins my mood don't you think?",toxicity,individual,medium,0.5
"Actually, your kind is not welcome here and it's annoying.",hate,individual,medium,0.75
you will pay for what you did so please stop.,threat,individual,medium,0.82
"Stop it, you will face consequences ninige problem agutte",threat,individual,medium,0.82
"Honestly, this group makes me uncomfortable ... whatever.",toxicity,individual,medium,0.5
"Actually, keep quiet please nin matadbeda",aggression,individual,medium,0.55
i cant stand people like you nin tara jana (no offense).,hate,individual,low,0.7
"In my opinion, this chat is very unhealthy",toxicity,individual,medium,0.5
I think nin illade better agide immediately.,exclusion,individual,medium,0.42
"Actually, stop disturbing me nanige shanti beku",harassment,individual,medium,0.45
"Look, nin presence irthare problem only",insult,individual,medium,0.3
yaake nanna profile daily nodthiya and it's annoying.,stalking,individual,medium,0.62
"To be honest, yaake nanna profile daily nodthiya right now.",stalking,individual,medium,0.62
you cant escape from this ninige illa for sure.,threat,individual,medium,0.82
It's obvious that bar bar kelbeda please,harassment,individual,medium,0.45
"Stop it, nininda headache agthide stop it",harassment,individual,medium,0.45
"In my opinion, you always ruin everything nininda problem period.",insult,individual,high,0.35
"Stop it, remember this moment ninige gothagutte ... whatever.",threat,individual,medium,0.82
It's obvious that stay out ninige sambhandha illa ... whatever.,exclusion,individual,medium,0.42
"Actually, you will face consequences ninige problem agutte",threat,individual,medium,0.82
Everyone knows why cant you just stop kelthiya,harassment,individual,medium,0.45
"Actually, bar bar kelbeda please immediately.",harassment,individual,medium,0.45
stop tracking my activity nanige gothagthide !!!,stalking,individual,medium,0.62
this chat is mentally draining thale noovu period.,toxicity,individual,medium,0.5
"Listen, stay out ninige sambhandha illa",exclusion,individual,medium,0.42
"Honestly, i cant stand people like you nin tara jana so please stop.",hate,individual,medium,0.75
i will complain about you sir ge helthini - just my opinion.,threat,individual,medium,0.82
"Hey, you are in serious trouble nodu",threat,individual,medium,0.82
people like you are a headache - just my opinion.,hate,individual,medium,0.75
I think stop getting involved nin barbeda and it's annoying.,aggression,individual,medium,0.55
this environment is stressful right now.,toxicity,individual,medium,0.5
"Basically, ninige common sense illa (no offense).",insult,individual,low,0.25
"Stop it, yaake nanna hinde bartiya elladalli",harassment,individual,medium,0.45
"Look, this group has become so toxic ella negative agide period.",toxicity,individual,medium,0.5
I think stop tracking my activity nanige gothagthide for sure.,stalking,individual,medium,0.62
"To be honest, dont push me beyond my limit serious agthide period.",threat,individual,medium,0.82
"In my opinion, we dont need people like you and it's sad.",hate,individual,medium,0.75
It's obvious that you will pay for what you did,threat,individual,medium,0.82
why are you always online when i come ninige gothagthide - just my opinion.,stalking,individual,high,0.67
I think people like you yavaglu problem and everyone agrees.,hate,individual,high,0.8
"Hey, we dont need people like you so please stop.",hate,individual,medium,0.75
"Stop it, yaake nanna hinde bartiya immediately.",harassment,individual,medium,0.45
"In my opinion, why cant you just stop kelthiya ... whatever.",harassment,individual,medium,0.45
I think you will regret this later ninige gothagutte right now.,threat,individual,medium,0.82
"Honestly, i cant stand people like you nin tara jana immediately.",hate,individual,medium,0.75
"Listen, you are not invited nin beka illa",exclusion,individual,medium,0.42
"Listen, ninige nanna online time gothu how",stalking,individual,medium,0.62
I think this chat is mentally draining thale noovu - just my opinion.,toxicity,individual,medium,0.5
"Basically, mind your own business nin work nodko",aggression,individual,medium,0.55
It's obvious that stop messaging me yavaglu disturb madthiya,harassment,individual,medium,0.45
"Seriously, dont keep pinging nanna irritate madthiya",harassment,individual,medium,0.45
your type should not be here (no offense).,hate,individual,low,0.7
"Basically, ninige buddhi illa seriously (no offense).",insult,individual,high,0.35
stop calling me bar bar ... whatever.,harassment,individual,medium,0.45
dont annoy me nin irritate madbeda don't you think?,aggression,individual,medium,0.55
"Just so you know, stop disturbing me nanige shanti beku - just my opinion.",harassment,individual,medium,0.45
"To be honest, use your brain swalpa",insult,individual,medium,0.3
"To be honest, dont involve yourself nin beka illa",exclusion,individual,medium,0.42
"In my opinion, ninige buddhi illa seriously",insult,individual,high,0.35
"In my opinion, you are in serious trouble nodu and it's sad.",threat,individual,medium,0.82
"Look, please remove yourself nin hogu",exclusion,individual,medium,0.42
"Hey, you are useless nin work sari illa",insult,individual,medium,0.3
your kind is unwanted here so please stop.,hate,individual,medium,0.75
"Just so you know, stop talking nonsense nin matu beka illa",insult,individual,medium,0.3
"To be honest, dont annoy me nin irritate madbeda for real.",aggression,individual,medium,0.55
Everyone knows you sound really stupid nin mathu nodi period.,insult,individual,medium,0.3
stay out ninige sambhandha illa so please stop.,exclusion,individual,medium,0.42
"Look, dont message me late night nin beka illa for real.",harassment,individual,medium,0.45
It's obvious that why are you always online when i come ninige gothagthide,stalking,individual,high,0.67
this chat is very unhealthy and it's annoying.,toxicity,individual,medium,0.5
"To be honest, neenu hopeless yaake heege",insult,individual,medium,0.3
this group is too negative don't you think?,toxicity,individual,medium,0.5
Everyone knows keep quiet please nin matadbeda,aggression,individual,medium,0.55
"Hey, people like you make everything dirty",hate,individual,medium,0.75
"Honestly, this environment is stressful for sure.",toxicity,individual,medium,0.5
we dont need people like you for sure.,hate,individual,medium,0.75
nininda headache agthide stop it and it's sad.,harassment,individual,medium,0.45
It's obvious that i will expose what you did ellargu helthini for sure.,threat,individual,medium,0.82
"To be honest, we dont want you nin beka illa",exclusion,individual,medium,0.42
neenu hopeless yaake heege and everyone agrees.,insult,individual,high,0.35
Everyone knows stay out of my matters nin hogu !!!,aggression,individual,medium,0.55
"Listen, stay in your limits please",aggression,individual,medium,0.55
why are you always in my dm ninige kelbeda and it's sad.,harassment,individual,high,0.5
remember this moment ninige gothagutte right now.,threat,individual,medium,0.82
why are you always wrong ninige gothilla for sure.,insult,individual,high,0.35
this environment is stressful don't you think?,toxicity,individual,medium,0.5
nin message inda tension agthide don't you think?,harassment,individual,medium,0.45
I just wanted to say this group is too negative right now.,toxicity,individual,medium,0.5
you wont get away with this period.,threat,individual,medium,0.82
"Stop it, people here are very problematic and everyone agrees.",toxicity,individual,high,0.55
"Look, dont annoy me nin irritate madbeda without a doubt.",aggression,individual,medium,0.55
"Honestly, why are you always wrong ninige gothilla period.",insult,individual,high,0.35
your type always ruins things nin tara jana beda period.,hate,individual,high,0.8
"In my opinion, stop talking nonsense nin matu beka illa period.",insult,individual,medium,0.3
"Basically, your type should not be here !!!",hate,individual,medium,0.75
"In my opinion, no need for you nin beka illa for sure.",exclusion,individual,medium,0.42
"Actually, stop disturbing me nanige shanti beku so please stop.",harassment,individual,medium,0.45
"Listen, nin illade smooth agide ... whatever.",exclusion,individual,medium,0.42
"To be honest, we dont need people like you",hate,individual,medium,0.75
why are you always in my dm ninige kelbeda period.,harassment,individual,high,0.5
I just wanted to say remember this moment ninige gothagutte,threat,individual,medium,0.82
just wait and watch ninige lesson sigutte and everyone agrees.,threat,individual,high,0.87
"Seriously, please remove yourself nin hogu for real.",exclusion,individual,medium,0.42
Everyone knows yaake nanna profile daily nodthiya,stalking,individual,medium,0.62
I just wanted to say this chat is exhausting full headache,toxicity,individual,medium,0.5
dont poke your nose nin business beda without a doubt.,aggression,individual,medium,0.55
It's obvious that nin illade nav decide madidvi !!!,exclusion,individual,medium,0.42
Everyone knows this space is not safe mentally so please stop.,toxicity,individual,medium,0.5
It's obvious that this group ninige alla immediately.,exclusion,individual,medium,0.42
stop disturbing me nanige shanti beku for sure.,harassment,individual,medium,0.45
"Stop it, you are in serious trouble nodu",threat,individual,medium,0.82
"Look, dont poke your nose nin business beda",aggression,individual,medium,0.55
"Look, this group ninige alla for sure.",exclusion,individual,medium,0.42
"Basically, yaake nanna follow madthiya everywhere (no offense).",harassment,individual,low,0.4
there is too much negativity here and it's sad.,toxicity,individual,medium,0.5
"Basically, stop calling me bar bar for sure.",harassment,individual,medium,0.45
ninige simple vishaya kuda artha agalla for sure.,insult,individual,medium,0.3
you will regret this later ninige gothagutte for real.,threat,individual,medium,0.82
It's obvious that this group makes me uncomfortable,toxicity,individual,medium,0.5
why cant you just stop kelthiya period.,harassment,individual,medium,0.45
this is between us only nin barbeda - just my opinion.,exclusion,individual,medium,0.42
"Seriously, stop getting involved nin barbeda immediately.",aggression,individual,medium,0.55
people like you should stay away and it's sad.,hate,individual,medium,0.75
"Basically, people like you yavaglu problem for real.",hate,individual,medium,0.75
"Basically, your kind is unwanted here and everyone agrees.",hate,individual,high,0.8
Everyone knows you are in serious trouble nodu,threat,individual,medium,0.82
I just wanted to say this will not end well for you ninige sari illa agutte (no offense).,threat,individual,low,0.77
"Seriously, this group has become so toxic ella negative agide !!!",toxicity,individual,medium,0.5
"Basically, back off right now nin hinde hogu and it's annoying.",aggression,individual,medium,0.55
nin iddare delay agthide without a doubt.,exclusion,individual,medium,0.42
It's obvious that dont poke your nose nin business beda,aggression,individual,medium,0.55
"Seriously, you just dont get it ninige artha illa",insult,individual,medium,0.3
"Stop it, why do you remember my timings ninige ella gothu",stalking,individual,medium,0.62
"Listen, ninige buddhi illa seriously period.",insult,individual,high,0.35
"Honestly, you will regret this later ninige gothagutte",threat,individual,medium,0.82
"In my opinion, we dont like people like you nin tara beda don't you think?",hate,individual,medium,0.75
"To be honest, shut up now sumne iru",aggression,individual,medium,0.55
"Honestly, you asked for it nin mistake so please stop.",threat,individual,medium,0.82
i will complain about you sir ge helthini (no offense).,threat,individual,low,0.77
I just wanted to say dont annoy me nin irritate madbeda ... whatever.,aggression,individual,medium,0.55
"Hey, why do you follow everything i do so please stop.",stalking,individual,medium,0.62
"Seriously, dont keep pinging nanna irritate madthiya and it's sad.",harassment,individual,medium,0.45
we already decided nin illade immediately.,exclusion,individual,medium,0.42
back off right now nin hinde hogu ... whatever.,aggression,individual,medium,0.55
"Listen, why do you see my story every time nin follow madthiya and it's sad.",stalking,individual,medium,0.62
"Seriously, you are useless nin work sari illa for sure.",insult,individual,medium,0.3
"Stop it, why are you always in my dm ninige kelbeda !!!",harassment,individual,high,0.5
"Look, yaake nanna hinde bartiya elladalli",harassment,individual,medium,0.45
use your brain swalpa for real.,insult,individual,medium,0.3
"Listen, stay out ninige sambhandha illa period.",exclusion,individual,medium,0.42
"Hey, stay in your limits please",aggression,individual,medium,0.55
"Actually, why are you always online when i come ninige gothagthide",stalking,individual,high,0.67
"Seriously, this group has become so toxic ella negative agide for real.",toxicity,individual,medium,0.5
we already decided nin illade !!!,exclusion,individual,medium,0.42
"Basically, leave me alone nanige disturb beda",harassment,individual,medium,0.45
"Just so you know, yaake nanna bar bar text madthiya so please stop.",harassment,individual,medium,0.45
Everyone knows this will not end well for you ninige sari illa agutte period.,threat,individual,medium,0.82
this space is not safe mentally !!!,toxicity,individual,medium,0.5
"Hey, people like you should stay away",hate,individual,medium,0.75
we dont want you nin beka illa period.,exclusion,individual,medium,0.42
"In my opinion, you are everywhere i go nin follow madthiya",stalking,individual,medium,0.62
"Just so you know, you are everywhere i go nin follow madthiya (no offense).",stalking,individual,low,0.57
Everyone knows this place is full of nonsense !!!,toxicity,individual,medium,0.5
"Listen, dont interfere in this nin barbeda",aggression,individual,medium,0.55
It's obvious that your kind is unwanted here for real.,hate,individual,medium,0.75
dont cross the line nin limits alli iru don't you think?,aggression,individual,medium,0.55
"Hey, this chat is mentally draining thale noovu period.",toxicity,individual,medium,0.5
"Just so you know, nin iddare delay agthide and everyone agrees.",exclusion,individual,high,0.47
I just wanted to say this group has become so toxic ella negative agide,toxicity,individual,medium,0.5
"Actually, why are you always online when i come ninige gothagthide - just my opinion.",stalking,individual,high,0.67
"Listen, people like you should stay away",hate,individual,medium,0.75
stop calling me bar bar so please stop.,harassment,individual,medium,0.45
this place is full of nonsense without a doubt.,toxicity,individual,medium,0.5
"Seriously, better nin illade nadithivi and everyone agrees.",exclusion,individual,high,0.47
"Look, dont interfere in this nin barbeda ... whatever.",aggression,individual,medium,0.55
"Just so you know, why do you see my story every time nin follow madthiya",stalking,individual,medium,0.62
Everyone knows use your brain swalpa (no offense).,insult,individual,low,0.25
you always ruin everything nininda problem period.,insult,individual,high,0.35
your kind is unwanted here for sure.,hate,individual,medium,0.75
"Stop it, dont keep pinging nanna irritate madthiya",harassment,individual,medium,0.45
"Seriously, stay out of my matters nin hogu",aggression,individual,medium,0.55
I think stop calling me bar bar so please stop.,harassment,individual,medium,0.45
you are useless nin work sari illa period.,insult,individual,medium,0.3
"Listen, you sound really stupid nin mathu nodi period.",insult,individual,medium,0.3
I just wanted to say we dont need people like you without a doubt.,hate,individual,medium,0.75
your type should not be here and everyone agrees.,hate,individual,high,0.8
"Basically, yaake nanna bar bar text madthiya",harassment,individual,medium,0.45
"Basically, yaake nanna bar bar text madthiya immediately.",harassment,individual,medium,0.45
"Look, why do you remember my timings ninige ella gothu",stalking,individual,medium,0.62
"Honestly, why are you always online when i come ninige gothagthide for real.",stalking,individual,high,0.67
go away from here nin hogu don't you think?,aggression,individual,medium,0.55
It's obvious that your type should not be here,hate,individual,medium,0.75
"Seriously, you always ruin everything nininda problem immediately.",insult,individual,high,0.35
people like you never change without a doubt.,hate,individual,high,0.8
people like you never change and it's annoying.,hate,individual,high,0.8
I think yaake nanna profile daily nodthiya,stalking,individual,medium,0.62
"Actually, keep quiet please nin matadbeda period.",aggression,individual,medium,0.55
Everyone knows keep quiet please nin matadbeda and it's sad.,aggression,individual,medium,0.55
you wont get away with this don't you think?,threat,individual,medium,0.82
stop messaging me yavaglu disturb madthiya without a doubt.,harassment,individual,medium,0.45
It's obvious that just wait and watch ninige lesson sigutte,threat,individual,medium,0.82
I think you are everywhere i go nin follow madthiya ... whatever.,stalking,individual,medium,0.62
people like you dont deserve respect immediately.,hate,individual,medium,0.75
"Actually, mind your own business nin work nodko",aggression,individual,medium,0.55
"Basically, people like you dont deserve respect ... whatever.",hate,individual,medium,0.75
"Just so you know, your type should not be here",hate,individual,medium,0.75
"In my opinion, why do you keep observing me",stalking,individual,medium,0.62
"Just so you know, this space is not safe mentally right now.",toxicity,individual,medium,0.5
"Stop it, yaake nanna follow madthiya everywhere",harassment,individual,medium,0.45
this place is full of nonsense for sure.,toxicity,individual,medium,0.5
yaake nanna hinde bartiya elladalli without a doubt.,harassment,individual,medium,0.45
"Basically, people here are very problematic",toxicity,individual,medium,0.5
"Just so you know, why do you follow everything i do",stalking,individual,medium,0.62
why are you watching me silently don't you think?,stalking,individual,medium,0.62
It's obvious that nin illade better agide and it's sad.,exclusion,individual,medium,0.42
your type always ruins things nin tara jana beda - just my opinion.,hate,individual,high,0.8
we dont like people like you nin tara beda for real.,hate,individual,medium,0.75
"Honestly, ninige simple vishaya kuda artha agalla !!!",insult,individual,medium,0.3
Everyone knows stop talking nonsense nin matu beka illa,insult,individual,medium,0.3
"Honestly, ninige maturity illa grow up and it's annoying.",insult,individual,medium,0.3
I think i will complain about you sir ge helthini,threat,individual,medium,0.82
Everyone knows ninige buddhi illa seriously,insult,individual,high,0.35
shut up now sumne iru - just my opinion.,aggression,individual,medium,0.55
I just wanted to say i cant stand people like you nin tara jana,hate,individual,medium,0.75
you will face consequences ninige problem agutte and everyone agrees.,threat,individual,high,0.87
yaake nanna hinde bartiya elladalli !!!,harassment,individual,medium,0.45
"Stop it, this group has become so toxic ella negative agide immediately.",toxicity,individual,medium,0.5
yaake nanna hinde bartiya elladalli for real.,harassment,individual,medium,0.45
dont poke your nose nin business beda - just my opinion.,aggression,individual,medium,0.55
Everyone knows please remove yourself nin hogu and everyone agrees.,exclusion,individual,high,0.47
"Seriously, dont poke your nose nin business beda",aggression,individual,medium,0.55
your type always ruins things nin tara jana beda (no offense).,hate,individual,high,0.8
just wait and watch ninige lesson sigutte - just my opinion.,threat,individual,medium,0.82
I think this chat is exhausting full headache,toxicity,individual,medium,0.5
It's obvious that nin presence irthare problem only without a doubt.,insult,individual,medium,0.3
"Actually, your type should not be here",hate,individual,medium,0.75
this group is full of drama and it's sad.,toxicity,individual,medium,0.5
"Actually, this chat is very unhealthy (no offense).",toxicity,individual,low,0.45
Everyone knows people like you dont deserve respect and it's annoying.,hate,individual,medium,0.75
this is between us only nin barbeda and everyone agrees.,exclusion,individual,high,0.47
"Just so you know, stop talking nonsense nin matu beda for sure.",aggression,individual,medium,0.55
It's obvious that i cant stand people like you nin tara jana immediately.,hate,individual,medium,0.75
stop stalking me nanige beda without a doubt.,stalking,individual,medium,0.62
"To be honest, why are you always in my dm ninige kelbeda for real.",harassment,individual,high,0.5
"Just so you know, dont message me late night nin beka illa",harassment,individual,medium,0.45
I think dont cross the line nin limits alli iru without a doubt.,aggression,individual,medium,0.55
we are tired of people like you don't you think?,hate,individual,medium,0.75
yaake nanna follow madthiya everywhere immediately.,harassment,individual,medium,0.45
dont message me late night nin beka illa and everyone agrees.,harassment,individual,high,0.5
"Look, dont message me late night nin beka illa !!!",harassment,individual,medium,0.45
"Seriously, this place feels unhealthy manasige sari illa right now.",toxicity,individual,medium,0.5
"Seriously, you just dont get it ninige artha illa and everyone agrees.",insult,individual,high,0.35
"Hey, there is too much negativity here for real.",toxicity,individual,medium,0.5
I think nin illade smooth agide ... whatever.,exclusion,individual,medium,0.42
"Basically, this place feels unhealthy manasige sari illa without a doubt.",toxicity,individual,medium,0.5
"To be honest, stop messaging me yavaglu disturb madthiya",harassment,individual,medium,0.45
I think we dont need people like you without a doubt.,hate,individual,medium,0.75
It's obvious that you sound really stupid nin mathu nodi without a doubt.,insult,individual,medium,0.3
stop messaging me yavaglu disturb madthiya period.,harassment,individual,medium,0.45
It's obvious that people like you never change period.,hate,individual,high,0.8
"Listen, this environment is stressful",toxicity,individual,medium,0.5
"Seriously, this place is full of nonsense",toxicity,individual,medium,0.5
"In my opinion, ninige nanna online time gothu how immediately.",stalking,individual,medium,0.62
"Honestly, shut up now sumne iru",aggression,individual,medium,0.55
"Stop it, we are tired of people like you for real.",hate,individual,medium,0.75
"Honestly, nin illade better agide for real.",exclusion,individual,medium,0.42
you are not invited nin beka illa - just my opinion.,exclusion,individual,medium,0.42
"Basically, nin message inda tension agthide",harassment,individual,medium,0.45
"Hey, your kind is not welcome here - just my opinion.",hate,individual,medium,0.75
I just wanted to say people here are very problematic and it's annoying.,toxicity,individual,medium,0.5
why do you always show up where i am period.,stalking,individual,high,0.67
"Hey, i cant stand people like you nin tara jana ... whatever.",hate,individual,medium,0.75
"Basically, yaake nanna hinde bartiya elladalli",harassment,individual,medium,0.45
"Stop it, people like you should stay away and everyone agrees.",hate,individual,high,0.8
I just wanted to say this group is full of drama,toxicity,individual,medium,0.5
It's obvious that you asked for it nin mistake !!!,threat,individual,medium,0.82
"Basically, are you mad or what ninige artha illa",insult,individual,medium,0.3
"Listen, dont think this will go unnoticed",threat,individual,medium,0.82
"Listen, why are you always online when i come ninige gothagthide and everyone agrees.",stalking,individual,high,0.67
"Listen, why are you always in my dm ninige kelbeda don't you think?",harassment,individual,high,0.5
"Just so you know, please remove yourself nin hogu",exclusion,individual,medium,0.42
Everyone knows dont start with me nin beka illa don't you think?,aggression,individual,medium,0.55
"In my opinion, we already decided nin illade so please stop.",exclusion,individual,medium,0.42
this chat is exhausting full headache !!!,toxicity,individual,medium,0.5
"Look, why do you always show up where i am",stalking,individual,high,0.67
why do you always show up where i am (no offense).,stalking,individual,high,0.67
"Honestly, this group has become so toxic ella negative agide",toxicity,individual,medium,0.5
I think people like you make everything dirty - just my opinion.,hate,individual,medium,0.75
"Seriously, this chat ruins my mood (no offense).",toxicity,individual,low,0.45
"Hey, just wait and watch ninige lesson sigutte for real.",threat,individual,medium,0.82
I just wanted to say nin iddare problem agthide period.,exclusion,individual,medium,0.42
"To be honest, your type should not be here",hate,individual,medium,0.75
"To be honest, why are you always wrong ninige gothilla",insult,individual,high,0.35
Everyone knows i will expose what you did ellargu helthini,threat,individual,medium,0.82
"Just so you know, go away from here nin hogu and everyone agrees.",aggression,individual,high,0.6
"Basically, we dont need people like you ... whatever.",hate,individual,medium,0.75
"To be honest, dont interfere in this nin barbeda and it's annoying.",aggression,individual,medium,0.55
I just wanted to say dont push me beyond my limit serious agthide (no offense).,threat,individual,low,0.77
I think mind your own business nin work nodko,aggression,individual,medium,0.55
I just wanted to say this environment is really bad - just my opinion.,toxicity,individual,medium,0.5
stop talking nonsense nin matu beda !!!,aggression,individual,medium,0.55
I think you asked for it nin mistake,threat,individual,medium,0.82
we already decided nin illade right now.,exclusion,individual,medium,0.42
this chat is exhausting full headache and it's annoying.,toxicity,individual,medium,0.5
your kind spoils the environment ... whatever.,hate,individual,medium,0.75
"Basically, bar bar kelbeda please - just my opinion.",harassment,individual,medium,0.45
"Actually, please remove yourself nin hogu immediately.",exclusion,individual,medium,0.42
"Hey, yaake nanna hinde bartiya (no offense).",harassment,individual,low,0.4
"Basically, stop disturbing me nanige shanti beku period.",harassment,individual,medium,0.45
"Hey, people like you are a headache so please stop.",hate,individual,medium,0.75
people like you dont deserve respect and everyone agrees.,hate,individual,high,0.8
It's obvious that leave me alone nanige disturb beda,harassment,individual,medium,0.45
I just wanted to say we are tired of people like you so please stop.,hate,individual,medium,0.75
"Stop it, why are you always in my dm ninige kelbeda",harassment,individual,high,0.5
"To be honest, stay in your limits please (no offense).",aggression,individual,low,0.5
ninige common sense illa for sure.,insult,individual,medium,0.3
"Just so you know, this chat ruins my mood (no offense).",toxicity,individual,low,0.45
"Stop it, nin illade nav decide madidvi for real.",exclusion,individual,medium,0.42
"Actually, this environment is stressful and everyone agrees.",toxicity,individual,high,0.55
"Basically, stay in your limits please",aggression,individual,medium,0.55
this will not end well for you ninige sari illa agutte don't you think?,threat,individual,medium,0.82
stop talking nonsense nin matu beda period.,aggression,individual,medium,0.55
"Basically, this chat is very unhealthy without a doubt.",toxicity,individual,medium,0.5
"Hey, this group ninige alla",exclusion,individual,medium,0.42
this chat ruins my mood and it's sad.,toxicity,individual,medium,0.5
we dont need people like you !!!,hate,individual,medium,0.75
"Actually, yaake nanna profile daily nodthiya",stalking,individual,medium,0.62
"Just so you know, you cant escape from this ninige illa and everyone agrees.",threat,individual,high,0.87
I think you cant escape from this ninige illa ... whatever.,threat,individual,medium,0.82
"Just so you know, stay out of my matters nin hogu period.",aggression,individual,medium,0.55
stop keeping tabs on me for real.,stalking,individual,medium,0.62
this environment is really bad period.,toxicity,individual,medium,0.5
"Honestly, nin presence irthare problem only",insult,individual,medium,0.3
dont think this will go unnoticed right now.,threat,individual,medium,0.82
"Listen, neenu full dumb yaake heege (no offense).",insult,individual,low,0.25
I think you cant escape from this ninige illa and everyone agrees.,threat,individual,high,0.87
why are you watching me silently and it's annoying.,stalking,individual,medium,0.62
I think we dont like people like you nin tara beda,hate,individual,medium,0.75
Everyone knows stop calling me bar bar,harassment,individual,medium,0.45
It's obvious that your type always ruins things nin tara jana beda for sure.,hate,individual,high,0.8
I just wanted to say stop calling me bar bar,harassment,individual,medium,0.45
why do you remember my timings ninige ella gothu right now.,stalking,individual,medium,0.62
"Seriously, stop getting involved nin barbeda and it's annoying.",aggression,individual,medium,0.55
"Listen, mind your own business nin work nodko",aggression,individual,medium,0.55
It's obvious that why do you follow everything i do and it's annoying.,stalking,individual,medium,0.62
people like you dont deserve respect don't you think?,hate,individual,medium,0.75
I think you are useless nin work sari illa,insult,individual,medium,0.3
ninige simple vishaya kuda artha agalla immediately.,insult,individual,medium,0.3
"Seriously, ninige common sense illa and it's sad.",insult,individual,medium,0.3
Everyone knows yaake nanna hinde bartiya,harassment,individual,medium,0.45
people like you should stay away and everyone agrees.,hate,individual,high,0.8
"To be honest, you wont get away with this ... whatever.",threat,individual,medium,0.82
stop talking nonsense nin matu beda for sure.,aggression,individual,medium,0.55
dayavittu nanna bittu bidu !!!,harassment,individual,medium,0.45
"Stop it, this is between us only nin barbeda",exclusion,individual,medium,0.42
why are you always checking my status nin yaake nodthiya ... whatever.,stalking,individual,high,0.67
"Basically, dont push me beyond my limit serious agthide period.",threat,individual,medium,0.82
you are useless nin work sari illa (no offense).,insult,individual,low,0.25
"Look, you are useless nin work sari illa",insult,individual,medium,0.3
I just wanted to say we already decided nin illade,exclusion,individual,medium,0.42
I think why do you remember my timings ninige ella gothu,stalking,individual,medium,0.62
mind your own business nin work nodko !!!,aggression,individual,medium,0.55
I think this will not end well for you ninige sari illa agutte for sure.,threat,individual,medium,0.82
why do you keep observing me without a doubt.,stalking,individual,medium,0.62
"Look, there is too much negativity here",toxicity,individual,medium,0.5
control yourself swalpa - just my opinion.,aggression,individual,medium,0.55
"Actually, you are not invited nin beka illa don't you think?",exclusion,individual,medium,0.42
"Hey, why do you remember my timings ninige ella gothu (no offense).",stalking,individual,low,0.57
nin iddare problem agthide and it's sad.,exclusion,individual,medium,0.42
"Listen, just wait and watch ninige lesson sigutte - just my opinion.",threat,individual,medium,0.82
"Seriously, why are you watching me silently",stalking,individual,medium,0.62
It's obvious that nin iddare delay agthide right now.,exclusion,individual,medium,0.42
dont start with me nin beka illa right now.,aggression,individual,medium,0.55
Everyone knows your type always ruins things nin tara jana beda so please stop.,hate,individual,high,0.8
It's obvious that people like you never change,hate,individual,high,0.8
"Listen, yaake nanna hinde bartiya",harassment,individual,medium,0.45
I just wanted to say neenu full dumb yaake heege and everyone agrees.,insult,individual,high,0.35
"Look, stop messaging me yavaglu disturb madthiya and it's sad.",harassment,individual,medium,0.45
