message,label,target_type,severity,severity_score,source
"Xiphher, nee tumba thotha maga tara idiya maga. #95b5",insult,Individual,high,0.67,bad_words
Shut up already 🚨,aggression,teacher,medium,0.6,emoji
"Odhdzutr, mundina sari nodu yen agutte anta, swalpa limit nodu yaar. #1132",threat,Individual,High,0.94,kannada
"Ywyrnska, nee total loser tara idiya dude. #cccd",insult,Individual,High,0.25,kannada
yavdru ivattu notes idre send maadu pls. #6b37,neutral,Individual,Low,0.01,kannada
yavdru ivattu notes idre send maadu pls. #1dd6,neutral,Group,Low,0.0,kannada
Why are you always watching me 🥶,stalking,academic,high,0.8,emoji
i cant stand people like you right now.,hate,individual,medium,0.75,english
I think go away from here,aggression,individual,medium,0.55,english
"People are tired of your fuck attitude, Anfptfpg. #09b0",harassment,Individual,medium,0.74,bad_words
Did anyone finish the assignment? 🙌,neutral,individual,low,0.0,emoji
"Xhr, stop acting like a total twat face every day. #c32c",insult,Individual,medium,0.5,bad_words
"Tatwqoexao, nin dagara nataka nodakke bore aaytu. #25f1",insult,Individual,low,0.29,bad_words
"Look, you are not part of this and it's sad.",exclusion,appearance,medium,0.42,english
"Vmg, nee tumba irritating agthiya re machaa. #b7a3",insult,Individual,Medium,0.27,kannada
Wait and see what happens to you 🥶,threat,teacher,high,0.95,emoji
"ninna presentation super aaytu, chennag ide. #3855",neutral,Group,Low,0.0,kannada
"Ninna saayi behavior nodi everyone frustrate agta idare, Bdlvri. #7ec2",threat,Individual,medium,0.46,bad_words
pizza bekka biryani bekka decide maadi. #66fc,neutral,Individual,Low,0.0,kannada
"Jmd, nee ivattu full lazy mode alli idiya machaa. #1f3a",insult,Individual,Low,0.37,kannada
Is there any update on the results??,neutral,academic,medium,0.02,english
"friends, keep quiet please",aggression,social,medium,0.55,english
"review okay aaytu, tension beda. #e26a",neutral,Unknown,Low,0.0,kannada
"Jbmwj, sir ge complaint haakthini nodu, swalpa limit nodu yaar. #6231",threat,Individual,High,1.0,kannada
"Gyhuogx, elli hogidaroo ade tara madthiya, class nalli full time joker ne anta feel agutte. #3c9a",harassment,Individual,Low,0.54,kannada
You never understand anything 🦠,insult,unknown,low,0.25,emoji
"Seriously, stay in your limits please immediately.",aggression,individual,medium,0.55,codemix
"Wuct, nee full time late bartiya re. #24af",insult,Individual,Low,0.16,kannada
yavdru ivattu notes idre send maadu pls. #b4c1,neutral,Group,Low,0.03,kannada
you are acting childish !!!,insult,individual,medium,0.3,english
"review okay aaytu, tension beda. #f259",neutral,Group,Low,0.02,kannada
"Aobgjsd, nee tumba irritating agthiya re yaar. #3438",insult,Individual,Medium,0.23,kannada
"happy birthday, tumba olle varsha agli. #570e",neutral,Unknown,Low,0.0,kannada
"Mahhwsadv, you are such a bitch in this group. #1c69",sexual_harassment,Individual,high,0.76,bad_words
why do you keep observing me without a doubt.,stalking,individual,medium,0.62,codemix
exam tumba tough aaytu but somehow aaytu. #e520,neutral,Individual,Low,0.07,kannada
"Listen, you asked for it don't you think?",threat,individual,medium,0.82,english
we dont need people like you without a doubt.,hate,individual,medium,0.75,english
"ninna presentation super aaytu, chennag ide. #6e33",neutral,Individual,Low,0.0,kannada
"Jcde, nee yavattu serious agalla dude. #2fac",insult,Individual,Low,0.39,kannada
"Moly, nanna status na yavaglu check madthiya, idu stalking tara kanstide. #9b82",cyberstalking,Individual,Medium,0.59,kannada
"Group nalli a tara ninna hendruna keya maga baribeda, Yibkxhnrn. #c8f7",sexual_harassment,Individual,medium,0.4,bad_words
"Look, this chat is mentally draining thale noovu",toxicity,individual,medium,0.5,codemix
"offline, dont overdo it",aggression,social,medium,0.55,english
I will report you to the admin ❌,threat,appearance,high,0.95,emoji
"Yella dina sakath body tara mathadbeda, Xeysehth. #32f4",harassment,Individual,medium,0.59,bad_words
"Gnvmv, nee tumba irritating agthiya re re. #4676",insult,Individual,Medium,0.26,kannada
"review okay aaytu, tension beda. #63ce",neutral,Unknown,Low,0.04,kannada
"team, plan ge ivananna invite madbeda besseru, ivan illaadre better ansta. #f684",exclusion,Group,Medium,0.34,kannada
"Uvjhuaqpxr, elli hogidaroo ade tara madthiya, yen use illa ninna jothe anta feel agutte. #9cb0",harassment,Individual,Medium,0.48,kannada
Leave this group now 😑,exclusion,gender,high,0.55,emoji
you just dont get it ninige artha illa for sure.,insult,individual,medium,0.3,codemix
"Only a fucking balls will spam the group like you, Qlzvf. #b65a",sexual_harassment,Individual,high,0.44,bad_words
Back off now 🕵️,aggression,gender,low,0.55,emoji
"Honestly, you make everything worse and everyone agrees.",insult,individual,high,0.35,english
go away from here nin hogu,aggression,individual,medium,0.55,codemix
"story, this will not end well for you",threat,social,medium,0.82,english
"Tzgv, yaaru kuda ninna idiot thara nature ishta padalla. #be66",insult,Individual,medium,0.71,bad_words
"Look, this group is too negative period.",toxicity,group,medium,0.5,english
Why are you always watching me 🤣,stalking,individual,high,0.8,emoji
"Ninna saayi behavior nodi everyone frustrate agta idare, Hrzwrmm. #61f4",threat,Individual,high,0.59,bad_words
"Actually, dont keep pinging me for no reason",harassment,individual,medium,0.45,english
"Qdzoot, elli hogidaroo ade tara madthiya, tumba disgusting behaviour anta feel agutte. #c88d",harassment,Individual,High,0.46,kannada
"Cpv, nee complete waste fellow machaa. #fc0e",insult,Individual,High,0.31,kannada
ninne function photos share maadu. #3d5d,neutral,Group,Low,0.03,kannada
"Basically, people here are very problematic",toxicity,individual,medium,0.5,codemix
"batch, ivananna group inda remove maadona, ivan illaadre better ansta. #9fe5",exclusion,Group,Low,0.31,kannada
"class grp, chat nalli ivnanna ide irboda anta ansta, ivan illaadre better ansta. #ec30",exclusion,Group,Medium,0.3,kannada
Everyone knows people like you make everything dirty,hate,individual,high,0.8,english
this chat is mentally draining thale noovu (no offense).,toxicity,individual,low,0.45,codemix
"Just so you know, this group is very disturbing",toxicity,group,medium,0.5,english
"Ivattu kooda haavu bro neenu tara act madtidya, Lyylxtadq. #664c",harassment,Individual,high,0.59,bad_words
"gang, ivananna group inda remove maadona, ivan illaadre better ansta. #f736",exclusion,Group,Medium,0.44,kannada
"Group nalli a tara dagar baribeda, Ueaah. #8784",insult,Individual,high,0.48,bad_words
why do you remember my timings ninige ella gothu (no offense).,stalking,individual,low,0.57,codemix
"Emkjhi, yaaru kuda ninna joker thara nature ishta padalla. #65e4",insult,Individual,high,0.78,bad_words
You never understand anything ⛔,insult,academic,medium,0.3,emoji
I just wanted to say i cant stand people like you nin tara jana right now.,hate,individual,medium,0.75,codemix
I think you just dont get it ninige artha illa ... whatever.,insult,individual,medium,0.3,codemix
"Ivattu kooda sexy baby tara act madtidya, Xgsccdl. #eb46",sexual_harassment,Individual,high,0.77,bad_words
"Ninna sexy bro behavior nodi everyone frustrate agta idare, Gtxuxtkk. #99e5",sexual_harassment,Individual,medium,0.73,bad_words
"Actually, dont involve yourself nin beka illa",exclusion,individual,medium,0.42,codemix
"Uhketdy, nin cry baby maga nataka nodakke bore aaytu. #6803",harassment,Individual,high,0.67,bad_words
"Yella dina gaandu tara mathadbeda, Kyzveqcoh. #bd0d",insult,Individual,low,0.43,bad_words
"Seriously, this space is not safe mentally",toxicity,gender,high,0.55,english
"Xsvq, sir ge complaint haakthini nodu, swalpa limit nodu yaar. #c3dc",threat,Individual,High,0.98,kannada
"Just so you know, mind your own group",exclusion,individual,medium,0.42,english
Can we meet after class? Thanks.,neutral,unknown,medium,0.02,english
ivattu assignment submit maadbeku maga. #7c6b,neutral,Unknown,Low,0.0,kannada
"principal, you will pay for what you did",threat,teacher,medium,0.82,english
nin illade nav decide madidvi and it's sad.,exclusion,individual,medium,0.42,codemix
It's obvious that why are you watching my profile daily,stalking,teacher,medium,0.62,english
It's obvious that we dont want you nin beka illa !!!,exclusion,individual,medium,0.42,codemix
"Fvnhxpzs, nee reply nodoke tumba time togondiya machaa. #e60b",insult,Individual,Low,0.35,kannada
"Jocwbfonp, nee yavattu serious agalla dude. #258f",insult,Individual,Low,0.19,kannada
"Yella dina gaandu nan magane tara mathadbeda, Mfcfzaykx. #a309",insult,Individual,medium,0.35,bad_words
"5 nimisha nalli join agthini, swalpa wait maadu. #0a00",neutral,Individual,Low,0.0,kannada
fest practice ge yar yar barthidira. #5a7d,neutral,Unknown,Low,0.0,kannada
"5 nimisha nalli join agthini, swalpa wait maadu. #9ac3",neutral,Group,Low,0.01,kannada
"Bgmpjla, nee tumba dagarina tara idiya maga. #b95f",insult,Individual,medium,0.36,bad_words
"Nwannmi, nee tumba irritating agthiya re re. #3cec",insult,Individual,Medium,0.41,kannada
"Ncnurpr, elli hogidaroo ade tara madthiya, tumba irritating agthiya re anta feel agutte. #4ca7",harassment,Individual,Low,0.31,kannada
naale extra pen togond baa pls. #7e8c,neutral,Unknown,Low,0.01,kannada
"Blkdsdvx, nee class nalli full time joker ne re. #0c01",insult,Individual,Medium,0.2,kannada
"Zzssbufdy, yake everywhere message madthiya, idu stalking tara kanstide. #4fce",cyberstalking,Individual,High,0.66,kannada
"Pzxusjpi, nee full time late bartiya machaa. #dd1d",insult,Individual,Low,0.31,kannada
nobody takes you seriously,insult,appearance,high,0.35,english
Everyone knows you will face consequences for this without a doubt.,threat,appearance,high,0.87,english
Let's meet after class ☀️,neutral,teacher,low,0.0,emoji
"This sex behaviour is not okay, Nqozghciq. #674a",sexual_harassment,Individual,medium,0.66,bad_words
"Jcdni, elli hogidaroo ade tara madthiya, tumba irritating agthiya re anta feel agutte. #6462",harassment,Individual,High,0.72,kannada
"Ocggvf, yaaru kuda ninna sexy bro nature ishta padalla. #6d7c",sexual_harassment,Individual,medium,0.46,bad_words
"Lczd, yaaru kuda ninna dove rani nature ishta padalla. #1a79",harassment,Individual,low,0.41,bad_words
"Dmlblpeay, nee full die tara behave madthiya. #33b2",threat,Individual,high,0.62,bad_words
why do you keep observing me for real.,stalking,individual,medium,0.62,english
attendance link haakbidu illi. #1dfa,neutral,Individual,Low,0.04,kannada
"Look, you always ruin everything nininda problem !!!",insult,individual,high,0.35,codemix
naale extra pen togond baa pls. #08b9,neutral,Group,Low,0.0,kannada
"Clev, nin nimmavvana maga nataka nodakke bore aaytu. #fd42",harassment,Individual,medium,0.71,bad_words
"Dhhavil, nee tumba keiyanna maga tara idiya maga. #13b5",harassment,Individual,medium,0.49,bad_words
"review okay aaytu, tension beda. #8eb1",neutral,Unknown,Low,0.0,kannada
nee send madida reel super comedy aaytu. #74c1,neutral,Group,Low,0.01,kannada
"network sakkath slow ide, once repeat maadu. #398a",neutral,Unknown,Low,0.03,kannada
"Tsuwj, nee tumba thale kettide tara idiya maga. #1903",harassment,Individual,low,0.36,bad_words
I think nin illade better agide immediately.,exclusion,individual,medium,0.42,codemix
"Mxelbmdf, nee tumba dove rani tara idiya maga. #a3f0",harassment,Individual,medium,0.36,bad_words
"To be honest, i will complain about you sir ge helthini so please stop.",threat,individual,medium,0.82,codemix
"Stop it, we dont want you nin beka illa",exclusion,individual,medium,0.42,codemix
Your kind is not welcome here 📛,hate,appearance,high,0.85,emoji
I think dont start with me,aggression,individual,medium,0.55,english
"Ninna idiot thara behavior nodi everyone frustrate agta idare, Nyfbdzswqc. #15e9",insult,Individual,medium,0.45,bad_words
"Naqowjgzso, nee tumba nimavvan tara idiya maga. #621d",harassment,Individual,medium,0.53,bad_words
yaaru naalege PPT madthare helri. #603c,neutral,Group,Low,0.0,kannada
ninne function photos share maadu. #14b2,neutral,Unknown,Low,0.03,kannada
why are you so behind me without a doubt.,harassment,individual,medium,0.45,english
"Group nalli a tara singri maga baribeda, Lvnklgyokz. #3d0f",insult,Individual,high,0.43,bad_words
naale extra pen togond baa pls. #7d35,neutral,Individual,Low,0.01,kannada
"Iapp, nee full time late bartiya yaar. #d6b3",insult,Individual,Low,0.32,kannada
I just wanted to say i will complain about you so please stop.,threat,individual,medium,0.82,english
"Rbsxbuyd, stop acting like a total bugger every day. #ed82",insult,Individual,high,0.53,bad_words
"This shit behaviour is not okay, Ynj. #93af",harassment,Individual,low,0.56,bad_words
"Group nalli a tara tullna keya baribeda, Bteuzk. #27c8",sexual_harassment,Individual,low,0.59,bad_words
Stop following me everywhere 🐖,stalking,teacher,high,0.8,emoji
"Stop it, dont involve yourself here",exclusion,individual,medium,0.42,english
Everyone knows this chat ruins my mood !!!,toxicity,group,high,0.55,english
nee send madida reel super comedy aaytu. #6b02,neutral,Group,Low,0.0,kannada
naale 4gante canteen nalli meet aagona. #1160,neutral,Individual,Low,0.04,kannada
yavdru ivattu notes idre send maadu pls. #bc16,neutral,Group,Low,0.0,kannada
People like you are disgusting 😡,hate,group,high,0.85,emoji
attendance link haakbidu illi. #4ef4,neutral,Unknown,Low,0.0,kannada
shut up now sumne iru,aggression,individual,medium,0.55,codemix
yavdru ivattu notes idre send maadu pls. #f9ae,neutral,Individual,Low,0.02,kannada
ninige maturity illa grow up so please stop.,insult,individual,medium,0.3,codemix
Get lost 🔍,aggression,unknown,medium,0.6,emoji
"review okay aaytu, tension beda. #e4c5",neutral,Group,Low,0.0,kannada
"Only a jerk will spam the group like you, Uritivu. #3dd0",insult,Individual,low,0.45,bad_words
"Wfjr, elli hogidaroo ade tara madthiya, yen use illa ninna jothe anta feel agutte. #3cc6",harassment,Individual,Medium,0.64,kannada
weekend ge yava movie nodona. #1aa4,neutral,Unknown,Low,0.02,kannada
You are really dumb 😑,insult,academic,low,0.25,emoji
weekend ge yava movie nodona. #a12d,neutral,Group,Low,0.0,kannada
"Fxphgib, you are such a wanker in this group. #f79a",sexual_harassment,Individual,medium,0.69,bad_words
"Soyu, nodu careful iru, illa problem agutte, swalpa limit nodu yaar. #a1fc",threat,Individual,Medium,0.91,kannada
"Dssopjf, ivattu full sexy baby maga mode nalli idiya. #6f58",sexual_harassment,Individual,medium,0.63,bad_words
you dont need to be here (no offense).,exclusion,individual,low,0.37,english
"Lzwmagpsy, you are such a twat in this group. #ca79",insult,Individual,low,0.32,bad_words
"archive, this place feels unhealthy",toxicity,social,medium,0.5,english
"Ivattu kooda sucide tara act madtidya, Amyuqnvr. #cda2",threat,Individual,medium,0.61,bad_words
"Group nalli a tara hucchadanta baribeda, Rkld. #d86e",insult,Individual,medium,0.38,bad_words
you will suffer for this - just my opinion.,threat,individual,medium,0.82,english
"naale 9 gante lab ge bartira, late agbeda. #3676",neutral,Individual,Low,0.0,kannada
this will not end well for you and it's sad.,threat,individual,medium,0.82,english
I just wanted to say why are you always behind me period.,stalking,individual,high,0.67,english
"This twat face behaviour is not okay, Mxerfvjmm. #b244",insult,Individual,medium,0.4,bad_words
"happy birthday, tumba olle varsha agli. #cfdd",neutral,Individual,Low,0.04,kannada
Get lost 🤮,aggression,academic,low,0.55,emoji
"Listen, we dont like people like you nin tara beda for real.",hate,individual,medium,0.75,codemix
"reply, this is between us only",exclusion,social,medium,0.42,english
"Adywhmyoh, nee ivattu full lazy mode alli idiya yaar. #6768",insult,Individual,Low,0.35,kannada
stop keeping tabs on me period.,stalking,individual,medium,0.62,english
"Stop it, yaake nanna profile daily nodthiya",stalking,individual,medium,0.62,codemix
"Group nalli ee sexy bro attitude beda, Udzg. #bcc0",sexual_harassment,Individual,medium,0.6,bad_words
you dont belong in this level don't you think?,insult,individual,medium,0.3,english
It's obvious that i told you already dont text me don't you think?,harassment,individual,medium,0.45,english
"Group nalli a tara nin thullu keya baribeda, Myt. #9aec",sexual_harassment,Individual,medium,0.4,bad_words
Stop following me everywhere 🌑,stalking,unknown,high,0.8,emoji
this will not end well for you ninige sari illa agutte for sure.,threat,individual,medium,0.82,codemix
"Mglben, you are such a queer in this group. #8197",insult,Individual,medium,0.45,bad_words
"Stop it, we dont need people like you for real.",hate,individual,medium,0.75,codemix
pizza bekka biryani bekka decide maadi. #67ae,neutral,Unknown,Low,0.03,kannada
"Landlvt, elli hogidaroo ade tara madthiya, tumba irritating agthiya re anta feel agutte. #bb01",harassment,Individual,Medium,0.5,kannada
Nice explanation today ✨,neutral,individual,low,0.0,emoji
Everyone here is awful 🐮,toxicity,unknown,medium,0.4,emoji
"Neu, sir ge complaint haakthini nodu, swalpa limit nodu yaar. #1bea",threat,Individual,Low,0.86,kannada
"happy birthday, tumba olle varsha agli. #4ec2",neutral,Unknown,Low,0.0,kannada
"Hey, why are you always checking my status nin yaake nodthiya without a doubt.",stalking,individual,high,0.67,codemix
"naale 9 gante lab ge bartira, late agbeda. #6721",neutral,Unknown,Low,0.06,kannada
naale 4gante canteen nalli meet aagona. #baec,neutral,Individual,Low,0.01,kannada
"Xhxdziw, nee complete waste fellow yaar. #a357",insult,Individual,High,0.5,kannada
back off right now nin hinde hogu (no offense).,aggression,individual,low,0.5,codemix
"record work, you are embarrassing yourself",insult,academic,medium,0.3,english
why do you always show up where i am immediately.,stalking,individual,high,0.67,english
"Stop it, why do you see my story every time nin follow madthiya - just my opinion.",stalking,individual,medium,0.62,codemix
"Look, ninige common sense illa period.",insult,individual,medium,0.3,codemix
"face, dont poke your nose",aggression,appearance,medium,0.55,english
why are you so slow !!!,insult,individual,medium,0.3,english
"Gjfhix, nee total loser tara idiya re. #24d2",insult,Individual,High,0.36,kannada
"Ivattu kooda dove rani tara act madtidya, Zklwtjqk. #24d6",harassment,Individual,high,0.7,bad_words
Why are you always watching me 🧊,stalking,gender,high,0.8,emoji
"Pvelajbfkw, mundina sari nodu yen agutte anta, swalpa limit nodu yaar. #db77",threat,Individual,Medium,0.92,kannada
"Ckkhvggj, nee tumba disgusting behaviour re. #1eac",insult,Individual,High,0.2,kannada
why are you always wrong and everyone agrees.,insult,individual,high,0.35,english
"Group nalli ee die attitude beda, Etie. #34ca",threat,Individual,low,0.6,bad_words
"Bubpytnyux, yake everywhere message madthiya, idu stalking tara kanstide. #2959",cyberstalking,Individual,High,0.56,kannada
"Pfnq, elli hogidaroo ade tara madthiya, sakkat dumb idiya yaar anta feel agutte. #037a",harassment,Individual,Medium,0.39,kannada
"whole class, dont keep asking the same thing",harassment,group,medium,0.45,english
exam tumba tough aaytu but somehow aaytu. #3837,neutral,Individual,Low,0.02,kannada
"Znjogcud, elli hogidaroo ade tara madthiya, total loser tara idiya anta feel agutte. #550a",harassment,Individual,Medium,0.48,kannada
"To be honest, why are you always checking my status nin yaake nodthiya",stalking,individual,high,0.67,codemix
"Only a jerk will spam the group like you, Aygzyfra. #e87c",insult,Individual,low,0.38,bad_words
you look foolish right now !!!,insult,appearance,medium,0.3,english
People like you are disgusting ⛔,hate,unknown,high,0.85,emoji
dont start with me without a doubt.,aggression,individual,medium,0.55,english
"Mss, elli hogidaroo ade tara madthiya, tumba disgusting behaviour anta feel agutte. #1063",harassment,Individual,High,0.82,kannada
Nobody wants you here 🚫,exclusion,academic,high,0.55,emoji
ivattu class full bore aaytu. #48eb,neutral,Individual,Low,0.04,kannada
"Wyaryif, prati dina reason illade ping madbedi, idu stalking tara kanstide. #13e5",cyberstalking,Individual,High,0.84,kannada
"gang, ivnanna group nalli add madbeda, ivan illaadre better ansta. #c3c8",exclusion,Group,Medium,0.25,kannada
"Look, why do you always show up where i am",stalking,individual,high,0.67,codemix
"In my opinion, stop tracking my activity for sure.",stalking,individual,medium,0.62,english
I will report you to the admin 🐖,threat,academic,high,0.95,emoji
"Nayeu, nee sakkat dumb idiya yaar dude. #1f7e",insult,Individual,Medium,0.29,kannada
"Honestly, your type always ruins things",hate,individual,high,0.8,english
"naale 9 gante lab ge bartira, late agbeda. #aa45",neutral,Group,Low,0.01,kannada
Leave this group now 🤢,exclusion,academic,high,0.55,emoji
You are not part of this team 📛,exclusion,unknown,medium,0.45,emoji
"Xxwm, elli hogidaroo ade tara madthiya, class nalli full time joker ne anta feel agutte. #5112",harassment,Individual,Medium,0.43,kannada
"Phrkkxyd, nodu careful iru, illa problem agutte, swalpa limit nodu yaar. #7492",threat,Individual,High,0.9,kannada
"ninna presentation super aaytu, chennag ide. #7529",neutral,Individual,Low,0.0,kannada
"ninna presentation super aaytu, chennag ide. #2b2e",neutral,Individual,Low,0.0,kannada
"Sexc, nee useless tara behave madthiya re. #27e0",insult,Individual,Medium,0.36,kannada
this is your last warning,threat,individual,medium,0.82,english
Stop following me everywhere 💀,stalking,unknown,high,0.85,emoji
Everyone knows your type always ruins things nin tara jana beda so please stop.,hate,individual,high,0.8,codemix
"5 nimisha nalli join agthini, swalpa wait maadu. #e236",neutral,Individual,Low,0.0,kannada
"Only a fuck will spam the group like you, Nxoyfa. #a557",harassment,Individual,high,0.5,bad_words
"Kny, sir ge complaint haakthini nodu, swalpa limit nodu yaar. #fed9",threat,Individual,Medium,0.75,kannada
ivattu assignment submit maadbeku maga. #9b09,neutral,Individual,Low,0.0,kannada
I just wanted to say why do you remember my timings ninige ella gothu right now.,stalking,individual,medium,0.62,codemix
I just wanted to say why are you always wrong,insult,individual,high,0.35,english
"Izjwyywgkh, you are such a loser in this group. #7a9b",insult,Individual,low,0.32,bad_words
"Fhvblhygzf, ivattu full ninna thullu keya mode nalli idiya. #ef9d",sexual_harassment,Individual,medium,0.74,bad_words
"Ninna cry baby behavior nodi everyone frustrate agta idare, Tgefima. #cbbc",harassment,Individual,high,0.78,bad_words
"Yella dina darveshi tara mathadbeda, Ljwknmul. #73c3",insult,Individual,medium,0.44,bad_words
"5 nimisha nalli join agthini, swalpa wait maadu. #d78a",neutral,Group,Low,0.04,kannada
I think stop disturbing me nanige shanti beku,harassment,individual,medium,0.45,codemix
people like you should stay away don't you think?,hate,individual,medium,0.75,english
"guys, ivananna group inda remove maadona, ivan illaadre better ansta. #f2d7",exclusion,Group,Low,0.2,kannada
yaaru naalege PPT madthare helri. #eb31,neutral,Individual,Low,0.06,kannada
ninne function photos share maadu. #5350,neutral,Individual,Low,0.0,kannada
"To be honest, this will not end well for you ninige sari illa agutte so please stop.",threat,individual,medium,0.82,codemix
You are really dumb 🤨,insult,unknown,low,0.25,emoji
"People are tired of your cock-socker attitude, Aegb. #5e15",sexual_harassment,Individual,medium,0.35,bad_words
please remove yourself nin hogu ... whatever.,exclusion,individual,medium,0.42,codemix
This group is so toxic 😠,toxicity,academic,low,0.35,emoji
yavdru ivattu notes idre send maadu pls. #7e71,neutral,Unknown,Low,0.0,kannada
remember this moment ninige gothagutte,threat,individual,medium,0.82,codemix
You are really dumb 😏,insult,group,low,0.25,emoji
"Dxoyugszu, nee tumba irritating agthiya re dude. #1e2f",insult,Individual,Medium,0.22,kannada
"In my opinion, people like you yavaglu problem so please stop.",hate,individual,medium,0.75,codemix
stop getting involved nin barbeda for real.,aggression,individual,medium,0.55,codemix
"Xylgri, nee class nalli full time joker ne re. #26ab",insult,Individual,Medium,0.43,kannada
Shut up already 📸,aggression,group,medium,0.6,emoji
"Ugjoxehlt, ivattu full sexy bro maga mode nalli idiya. #1954",sexual_harassment,Individual,medium,0.68,bad_words
"madam, stop tracking my activity",stalking,teacher,medium,0.62,english
"Kdvtibmg, nee tumba soolya tara idiya maga. #8526",harassment,Individual,low,0.65,bad_words
"People are tired of your bugger attitude, Xwlezaq. #10af",insult,Individual,low,0.64,bad_words
"gang, chat nalli ivnanna ide irboda anta ansta, ivan illaadre better ansta. #bde0",exclusion,Group,High,0.28,kannada
"Mxrh, yake everywhere message madthiya, idu stalking tara kanstide. #2296",cyberstalking,Individual,Medium,0.65,kannada
"attitude, people like you make everything dirty",hate,personal,medium,0.75,english
"Just so you know, dont message me late night nin beka illa",harassment,individual,medium,0.45,codemix
there is too much negativity here so please stop.,toxicity,individual,medium,0.5,english
project help madidakke thanks maga. #7efb,neutral,Individual,Low,0.0,kannada
"Stop it, keep quiet please ... whatever.",aggression,individual,medium,0.55,english
You will regret this 🐋,threat,individual,high,0.95,emoji
"ladies, this is such a dumb question",insult,gender,medium,0.3,english
"Honestly, bar bar kelbeda please !!!",harassment,individual,medium,0.45,codemix
"happy birthday, tumba olle varsha agli. #3d80",neutral,Group,Low,0.0,kannada
"Stop it, why do you keep calling me and everyone agrees.",harassment,individual,high,0.5,english
nee send madida reel super comedy aaytu. #4bee,neutral,Group,Low,0.02,kannada
better nin illade nadithivi and everyone agrees.,exclusion,individual,high,0.47,codemix
Stop following me everywhere 🧊,stalking,academic,high,0.8,emoji
It's obvious that why are you always in my dm ninige kelbeda,harassment,individual,high,0.5,codemix
"Bzexripp, nee yen use illa ninna jothe re. #6e77",insult,Individual,High,0.4,kannada
Stop following me everywhere 📸,stalking,individual,high,0.8,emoji
project help madidakke thanks maga. #1f0a,neutral,Individual,Low,0.01,kannada
neenu hopeless yaake heege,insult,individual,medium,0.3,codemix
pizza bekka biryani bekka decide maadi. #c738,neutral,Unknown,Low,0.04,kannada
project help madidakke thanks maga. #7bf0,neutral,Unknown,Low,0.07,kannada
"Ninna die behavior nodi everyone frustrate agta idare, Nnvt. #1109",threat,Individual,high,0.58,bad_words
"People are tired of your dog attitude, Afw. #2755",insult,Individual,medium,0.4,bad_words
Back off now 😒,aggression,gender,low,0.55,emoji
Stop following me everywhere 💩,stalking,unknown,high,0.8,emoji
"Only a 69 will spam the group like you, Jmlf. #6aca",sexual_harassment,Individual,high,0.54,bad_words
People like you are disgusting 🦠,hate,academic,high,0.85,emoji
why are you watching me silently period.,stalking,individual,medium,0.62,codemix
It's obvious that why do you know when i read messages,stalking,individual,medium,0.62,english
I think stop tracking my activity nanige gothagthide,stalking,individual,medium,0.62,codemix
fest practice ge yar yar barthidira. #62d5,neutral,Group,Low,0.0,kannada
"Yxo, nee useless tara behave madthiya yaar. #e094",insult,Individual,Medium,0.37,kannada
I just wanted to say dont involve yourself nin beka illa ... whatever.,exclusion,individual,medium,0.42,codemix
You will regret this 😈,threat,appearance,high,0.95,emoji
"Ivattu kooda monkey thara tara act madtidya, Slcieebtqs. #d4c4",insult,Individual,medium,0.35,bad_words
yavdru ivattu notes idre send maadu pls. #2e58,neutral,Individual,Low,0.04,kannada
naale extra pen togond baa pls. #32f7,neutral,Group,Low,0.02,kannada
This group is so toxic 🪳,toxicity,gender,medium,0.4,emoji
Your kind is not welcome here 😒,hate,unknown,high,0.85,emoji
yaaru naalege PPT madthare helri. #e578,neutral,Individual,Low,0.0,kannada
"Only a wanker will spam the group like you, Fxzxf. #83e6",sexual_harassment,Individual,low,0.55,bad_words
Leave me alone already 🎥,harassment,appearance,high,0.6,emoji
"Nwzxm, nee full dove rani tara behave madthiya. #8fd6",harassment,Individual,medium,0.72,bad_words
yavdru ivattu notes idre send maadu pls. #b48d,neutral,Unknown,Low,0.03,kannada
"Ninna not a loyal behavior nodi everyone frustrate agta idare, Hyczdzdvp. #25f3",harassment,Individual,low,0.71,bad_words
"network sakkath slow ide, once repeat maadu. #3f2d",neutral,Individual,Low,0.06,kannada
Stop following me everywhere 🎥,stalking,teacher,high,0.8,emoji
this is between us only immediately.,exclusion,individual,medium,0.42,english
"review okay aaytu, tension beda. #f91e",neutral,Individual,Low,0.0,kannada
"Basically, this place is full of nonsense (no offense).",toxicity,individual,low,0.45,english
"naale 9 gante lab ge bartira, late agbeda. #8c3d",neutral,Individual,Low,0.0,kannada
"Dtoclvbgy, ivattu full ninna thale kettide mode nalli idiya. #7f26",harassment,Individual,medium,0.65,bad_words
Get lost 🧨,aggression,academic,medium,0.65,emoji
"Group nalli a tara singri maga baribeda, Bdlscada. #5186",insult,Individual,medium,0.71,bad_words
"Actually, stay out of my matters nin hogu don't you think?",aggression,individual,medium,0.55,codemix
"Ltlcpz, elli hogidaroo ade tara madthiya, total loser tara idiya anta feel agutte. #ae29",harassment,Individual,Medium,0.51,kannada
"Listen, people here spread negativity so please stop.",toxicity,group,medium,0.5,english
Back off now 💢,aggression,individual,medium,0.6,emoji
"Basically, no need for you nin beka illa !!!",exclusion,individual,medium,0.42,codemix
"Evwajw, nee yavattu serious agalla machaa. #cbe1",insult,Individual,Low,0.26,kannada
Back off now 💣,aggression,group,low,0.6,emoji
I think dont test my patience and it's sad.,threat,academic,medium,0.82,english
yaaru naalege PPT madthare helri. #d88b,neutral,Group,Low,0.0,kannada
"Look, this environment is really bad for real.",toxicity,individual,medium,0.5,codemix
pizza bekka biryani bekka decide maadi. #b67d,neutral,Group,Low,0.0,kannada
Everyone knows mind your own business nin work nodko and it's annoying.,aggression,individual,medium,0.55,codemix
this chat is mentally draining thale noovu for sure.,toxicity,individual,medium,0.5,codemix
"Wvr, you are such a go to hell in this group. #88f7",harassment,Individual,medium,0.67,bad_words
yavdru ivattu notes idre send maadu pls. #897a,neutral,Group,Low,0.0,kannada
this group makes me uncomfortable - just my opinion.,toxicity,individual,medium,0.5,codemix
"Look, there is too much negativity here immediately.",toxicity,individual,medium,0.5,codemix
It's obvious that dont keep reminding me again and again !!!,harassment,individual,medium,0.45,english
Everyone here is awful 🚫,toxicity,unknown,low,0.35,emoji
"Sgezrty, stop acting like a total shag every day. #bc51",sexual_harassment,Individual,high,0.76,bad_words
"Qvcncx, nee full monkey thara tara behave madthiya. #fc91",insult,Individual,medium,0.38,bad_words
Why do you keep messaging me 🎥,harassment,unknown,high,0.6,emoji
That was a stupid answer 🤬,insult,teacher,low,0.25,emoji
"Muxpu, nee yavattu serious agalla dude. #f50e",insult,Individual,Low,0.36,kannada
shut up now,aggression,individual,medium,0.55,english
"Stop it, your kind is unwanted here so please stop.",hate,individual,medium,0.75,codemix
"Vkgc, next time barbeku anta helthini, swalpa limit nodu yaar. #8154",threat,Individual,High,1.0,kannada
you are useless in group work period.,insult,individual,medium,0.3,english
This group is so toxic 💩,toxicity,gender,medium,0.4,emoji
pizza bekka biryani bekka decide maadi. #ce04,neutral,Individual,Low,0.0,kannada
"Lwl, nee tumba fake character maga tara idiya maga. #acca",harassment,Individual,medium,0.41,bad_words
"Gzbslr, cheap comments madbeda ava bagge, group nalli idu sari alla. #4082",sexual_harassment,Individual,High,0.79,kannada
"Honestly, you are so clueless",insult,individual,medium,0.3,english
"team, chat nalli ivnanna ide irboda anta ansta, ivan illaadre better ansta. #6b5a",exclusion,Group,Low,0.46,kannada
"Emtj, nee full fake character tara behave madthiya. #27b5",harassment,Individual,medium,0.42,bad_words
this will not end well for you ninige sari illa agutte,threat,individual,medium,0.82,codemix
"Konxwnhx, ella platform nalli follow madbeda please, idu stalking tara kanstide. #66fa",cyberstalking,Individual,High,0.66,kannada
Did anyone finish the assignment? 😄,neutral,unknown,low,0.0,emoji
"Basically, nin iddare delay agthide without a doubt.",exclusion,individual,medium,0.42,codemix
Everyone knows this place is full of nonsense !!!,toxicity,individual,medium,0.5,codemix
You never understand anything 🫥,insult,gender,medium,0.3,emoji
"Jmxbjuf, elli hogidaroo ade tara madthiya, tumba disgusting behaviour anta feel agutte. #2c32",harassment,Individual,Medium,0.5,kannada
fest practice ge yar yar barthidira. #ff9c,neutral,Group,Low,0.06,kannada
i will expose what you did and it's annoying.,threat,individual,medium,0.82,english
"Look, grow up seriously period.",insult,appearance,high,0.35,english
nin iddare delay agthide so please stop.,exclusion,individual,medium,0.42,codemix
"Ninna sexy baby behavior nodi everyone frustrate agta idare, Dfdbqrp. #23c1",sexual_harassment,Individual,low,0.53,bad_words
weekend ge yava movie nodona. #bc0e,neutral,Group,Low,0.04,kannada
"Aishrcj, you are such a sex in this group. #905b",sexual_harassment,Individual,medium,0.69,bad_words
I think ninige maturity illa grow up (no offense).,insult,individual,low,0.25,codemix
It's obvious that better nin illade nadithivi !!!,exclusion,individual,medium,0.42,codemix
"offline, you cant escape from this",threat,social,medium,0.82,english
"Seriously, this chat is mentally draining",toxicity,group,high,0.55,english
"Xchhnbc, yaaru kuda ninna joker thara nature ishta padalla. #0cac",insult,Individual,low,0.64,bad_words
ivattu assignment submit maadbeku maga. #613f,neutral,Individual,Low,0.0,kannada
"Xavim, stop acting like a total fool every day. #26f6",insult,Individual,high,0.73,bad_words
You are not part of this team 💀,exclusion,teacher,medium,0.5,emoji
You are really dumb 🕷️,insult,teacher,medium,0.3,emoji
"Honestly, people like you dont deserve respect period.",hate,individual,medium,0.75,codemix
attendance link haakbidu illi. #4453,neutral,Unknown,Low,0.0,kannada
"Ftkbed, nee full sexy bro tara behave madthiya. #cf45",sexual_harassment,Individual,low,0.67,bad_words
"review okay aaytu, tension beda. #dab2",neutral,Unknown,Low,0.0,kannada
"ninna presentation super aaytu, chennag ide. #2f93",neutral,Unknown,Low,0.0,kannada
"Fgxwqvstj, nee ivattu full lazy mode alli idiya yaar. #c9ba",insult,Individual,Low,0.37,kannada
"Hey, we dont like people like you nin tara beda",hate,individual,medium,0.75,codemix
"Jniy, nee reply nodoke tumba time togondiya machaa. #1908",insult,Individual,Low,0.33,kannada
leave me alone nanige disturb beda for sure.,harassment,individual,medium,0.45,codemix
"Group nalli a tara ninna amma baribeda, Bzamfgxmj. #700b",harassment,Individual,high,0.53,bad_words
nee send madida reel super comedy aaytu. #8fd9,neutral,Individual,Low,0.01,kannada
You never understand anything 📸,insult,group,medium,0.3,emoji
"network sakkath slow ide, once repeat maadu. #23d2",neutral,Individual,Low,0.04,kannada
Your kind is not welcome here 🦍,hate,individual,high,0.85,emoji
I think dont test my patience,threat,academic,medium,0.82,english
control yourself swalpa without a doubt.,aggression,individual,medium,0.55,codemix
you are such a burden and everyone agrees.,insult,individual,high,0.35,english
"Hey, this chat ruins my mood",toxicity,individual,medium,0.5,codemix
ninne function photos share maadu. #35ec,neutral,Group,Low,0.03,kannada
"Actually, are you mad or what ninige artha illa and everyone agrees.",insult,individual,high,0.35,codemix
"Bkdgmdgk, nee full haavu bro neenu tara behave madthiya. #0b47",harassment,Individual,high,0.7,bad_words
"Ivattu kooda not a loyal tara act madtidya, Aqf. #3777",harassment,Individual,low,0.31,bad_words
I think stay out ninige sambhandha illa don't you think?,exclusion,individual,medium,0.42,codemix
"People are tired of your bloody hell attitude, Setuagn. #8296",harassment,Individual,low,0.38,bad_words
"Fegopkbi, nee sakkat dumb idiya yaar machaa. #8cb7",insult,Individual,Medium,0.43,kannada
"To be honest, stop disturbing me nanige shanti beku and it's sad.",harassment,individual,medium,0.45,codemix
"happy birthday, tumba olle varsha agli. #e22a",neutral,Individual,Low,0.05,kannada
"Honestly, please remove yourself nin hogu !!!",exclusion,individual,medium,0.42,codemix
Leave me alone already 🐖,harassment,academic,high,0.6,emoji
"Seriously, dont keep reminding me again and again",harassment,individual,high,0.5,english
"This bitch behaviour is not okay, Kccg. #acce",insult,Individual,low,0.36,bad_words
"Xxqkfiojje, ava body bagge a tara mata beda, group nalli idu sari alla. #b261",sexual_harassment,Individual,Medium,0.77,kannada
"Stop it, stop talking nonsense nin matu beka illa",insult,individual,medium,0.3,codemix
"Ixsyqtjdgj, nee useless tara behave madthiya re. #c14d",insult,Individual,Medium,0.19,kannada
"Stop it, this group has become so toxic ella negative agide immediately.",toxicity,individual,medium,0.5,codemix
your kind spoils the environment (no offense).,hate,individual,low,0.7,codemix
"To be honest, this environment is stressful",toxicity,individual,medium,0.5,codemix
"This asshole behaviour is not okay, Zvrciaohsp. #1087",insult,Individual,low,0.39,bad_words
"Seriously, this place feels unhealthy manasige sari illa ... whatever.",toxicity,individual,medium,0.5,codemix
weekend ge yava movie nodona. #2ef5,neutral,Unknown,Low,0.0,kannada
"Vyxhat, nanna status na yavaglu check madthiya, idu stalking tara kanstide. #7000",cyberstalking,Individual,High,0.58,kannada
"Just so you know, people here spread negativity",toxicity,group,medium,0.5,english
"Etzomcdym, nee ivattu full lazy mode alli idiya dude. #5c19",insult,Individual,Low,0.42,kannada
"Fsqdlg, ivattu full sexy baby maga mode nalli idiya. #4e48",sexual_harassment,Individual,medium,0.35,bad_words
"happy birthday, tumba olle varsha agli. #c583",neutral,Individual,Low,0.0,kannada
"mindset, this place feels suffocating",toxicity,personal,medium,0.5,english
"class teacher, this group is not for you",exclusion,teacher,medium,0.42,english
"Hww, nanna status na yavaglu check madthiya, idu stalking tara kanstide. #dfde",cyberstalking,Individual,Low,0.76,kannada
"Vmxaklho, stop acting like a total lick every day. #4314",sexual_harassment,Individual,low,0.61,bad_words
"Group nalli a tara kembatti maga baribeda, Ncf. #2917",insult,Individual,medium,0.44,bad_words
dont message me late night - just my opinion.,harassment,individual,medium,0.45,english
"Jan, ivattu full dagarina mode nalli idiya. #9db0",insult,Individual,medium,0.69,bad_words
"Yella dina saayi mad tara mathadbeda, Xpkw. #ab0e",threat,Individual,low,0.31,bad_words
Stop texting me again and again 🦧,harassment,academic,high,0.6,emoji
project help madidakke thanks maga. #55bd,neutral,Individual,Low,0.0,kannada
"Listen, why are you always in my dm ninige kelbeda",harassment,individual,high,0.5,codemix
nin presence irthare problem only don't you think?,insult,individual,medium,0.3,codemix
"Ninna fake character behavior nodi everyone frustrate agta idare, Snzvz. #0674",harassment,Individual,high,0.78,bad_words
i cant stand people like you nin tara jana (no offense).,hate,individual,low,0.7,codemix
"network sakkath slow ide, once repeat maadu. #cbc6",neutral,Unknown,Low,0.01,kannada
"Listen, your type should not be here so please stop.",hate,individual,medium,0.75,english
Everyone knows this group is too negative and it's sad.,toxicity,group,high,0.55,english
"Group nalli a tara dagar baribeda, Emj. #005a",insult,Individual,medium,0.52,bad_words
"Hey, this will not end well for you ninige sari illa agutte !!!",threat,individual,medium,0.82,codemix
"Ninna sexy bro behavior nodi everyone frustrate agta idare, Zivwynee. #b602",sexual_harassment,Individual,medium,0.58,bad_words
"Only a dick will spam the group like you, Sfitdsxbtq. #2695",sexual_harassment,Individual,high,0.69,bad_words
"team, plan ge ivananna invite madbeda besseru, ivan illaadre better ansta. #a689",exclusion,Group,Medium,0.26,kannada
"Yikyldwhyk, nee ivattu full lazy mode alli idiya dude. #53e7",insult,Individual,Low,0.28,kannada
your type always ruins things nin tara jana beda for real.,hate,individual,high,0.8,codemix
back off right now for real.,aggression,individual,medium,0.55,english
"Hey, neenu full dumb yaake heege",insult,individual,medium,0.3,codemix
"Fokmwjihs, nee tumba irritating agthiya re yaar. #f22c",insult,Individual,Medium,0.23,kannada
dont act smart here so please stop.,aggression,individual,medium,0.55,english
"Ckatsomqux, nee complete waste fellow re. #185f",insult,Individual,High,0.33,kannada
"Afdgg, you are such a bitch in this group. #5d3d",insult,Individual,medium,0.73,bad_words
"5 nimisha nalli join agthini, swalpa wait maadu. #b845",neutral,Individual,Low,0.03,kannada
"Ujibbex, nee yavattu serious agalla dude. #7659",insult,Individual,Low,0.41,kannada
You keep tracking my activity 😬,stalking,appearance,high,0.8,emoji
Why are you always watching me 📍,stalking,academic,high,0.8,emoji
"batch, plan ge ivananna invite madbeda besseru, ivan illaadre better ansta. #0b7d",exclusion,Group,Medium,0.29,kannada
"Yella dina gaandu tara mathadbeda, Vgumy. #06ee",insult,Individual,high,0.44,bad_words
"Lqy, yaaru kuda ninna fake character nature ishta padalla. #3315",harassment,Individual,medium,0.57,bad_words
pizza bekka biryani bekka decide maadi. #de7f,neutral,Unknown,Low,0.0,kannada
fest practice ge yar yar barthidira. #f2e1,neutral,Individual,Low,0.0,kannada
"Listen, control yourself",aggression,individual,medium,0.55,english
"Bdrmhpyem, ava body bagge a tara mata beda, group nalli idu sari alla. #b914",sexual_harassment,Individual,High,0.78,kannada
ivattu assignment submit maadbeku maga. #dcb3,neutral,Individual,Low,0.02,kannada
"Khct, nee useless tara behave madthiya re. #e9b0",insult,Individual,Medium,0.14,kannada
Back off now ❄️,aggression,group,medium,0.6,emoji
"Ywtbj, nee useless tara behave madthiya machaa. #0744",insult,Individual,Medium,0.33,kannada
you dont belong in our circle so please stop.,exclusion,individual,medium,0.42,english
"Fdwcrtnv, nee useless tara behave madthiya machaa. #8213",insult,Individual,Medium,0.24,kannada
"Look, everyone laughs at you",insult,appearance,high,0.35,english
"semester, you never get anything right",insult,academic,high,0.35,english
"review okay aaytu, tension beda. #c7d6",neutral,Individual,Low,0.01,kannada
"Seriously, people here are very problematic ... whatever.",toxicity,individual,medium,0.5,codemix
"Stop it, stop bothering me about this",harassment,individual,medium,0.45,english
"team, ivananna group inda remove maadona, ivan illaadre better ansta. #da8c",exclusion,Group,Medium,0.31,kannada
"Just so you know, people like you are a headache don't you think?",hate,individual,medium,0.75,english
"To be honest, we dont need people like you",hate,individual,medium,0.75,english
"Otflynajdh, elli hogidaroo ade tara madthiya, tumba irritating agthiya re anta feel agutte. #ce00",harassment,Individual,High,0.58,kannada
this doesnt concern you for sure.,exclusion,individual,medium,0.42,english
"Yella dina nimmavvana maga tara mathadbeda, Gujmxjdwen. #f241",harassment,Individual,low,0.59,bad_words
"Stop it, we already decided nin illade !!!",exclusion,individual,medium,0.42,codemix
"Azad, next time barbeku anta helthini, swalpa limit nodu yaar. #0ff6",threat,Individual,High,0.73,kannada
Nobody wants you here 🥶,exclusion,unknown,medium,0.45,emoji
"Group nalli a tara le niga baribeda, Jnkswaid. #0ea5",harassment,Individual,low,0.71,bad_words
"Look, why do you always show up where i am and it's annoying.",stalking,appearance,high,0.67,english
people here are very problematic right now.,toxicity,individual,medium,0.5,codemix
naale 4gante canteen nalli meet aagona. #dbf2,neutral,Group,Low,0.02,kannada
You keep tracking my activity 😐,stalking,unknown,high,0.8,emoji
"Dbzeezvfw, you are such a twat face in this group. #70ba",insult,Individual,low,0.63,bad_words
"Yev, nee yavattu serious agalla re. #c514",insult,Individual,Low,0.37,kannada
"Honestly, stop stalking me nanige beda - just my opinion.",stalking,individual,medium,0.62,codemix
"Aen, nee tumba irritating agthiya re dude. #a3b3",insult,Individual,Medium,0.43,kannada
"Kizgjb, nee class nalli full time joker ne machaa. #42ad",insult,Individual,Medium,0.23,kannada
you sound really stupid nin mathu nodi - just my opinion.,insult,individual,medium,0.3,codemix
"Ohyjtihvcv, nee ivattu full lazy mode alli idiya machaa. #87a6",insult,Individual,Low,0.39,kannada
Everyone knows this is between us only,exclusion,individual,high,0.47,english
"Rscofys, nin muttala maga nataka nodakke bore aaytu. #43be",insult,Individual,high,0.66,bad_words
you cant escape from this don't you think?,threat,individual,medium,0.82,english
"Dbdzj, you are such a asexual in this group. #79cb",sexual_harassment,Individual,medium,0.7,bad_words
"happy birthday, tumba olle varsha agli. #5523",neutral,Group,Low,0.02,kannada
You keep tracking my activity 🗡️,stalking,appearance,high,0.8,emoji
ninige maturity illa grow up and it's sad.,insult,individual,medium,0.3,codemix
Leave me alone already ❌,harassment,academic,medium,0.5,emoji
It's obvious that you will regret this later ninige gothagutte !!!,threat,individual,medium,0.82,codemix
weekend ge yava movie nodona. #5d4b,neutral,Unknown,Low,0.05,kannada
project help madidakke thanks maga. #e2ba,neutral,Individual,Low,0.01,kannada
"Pegvgcbiv, elli hogidaroo ade tara madthiya, useless tara behave madthiya anta feel agutte. #cf8a",harassment,Individual,High,0.79,kannada
"Honestly, yaake nanna hinde bartiya and it's annoying.",harassment,individual,medium,0.45,codemix
"Birlhdfgi, nee yavattu serious agalla machaa. #d2a8",insult,Individual,Low,0.23,kannada
"Listen, you will pay for what you did don't you think?",threat,individual,medium,0.82,codemix
"This bozo behaviour is not okay, Hdcupk. #e57f",insult,Individual,low,0.5,bad_words
"This bugger behaviour is not okay, Auaj. #104e",insult,Individual,medium,0.48,bad_words
Nobody wants you here 🖕,exclusion,group,medium,0.5,emoji
"Slfzqweo, nee ivattu full lazy mode alli idiya dude. #699c",insult,Individual,Low,0.32,kannada
Everyone here is awful 😂,toxicity,group,medium,0.4,emoji
"Zglizzjelf, a type jokes swalpa stop maadu, group nalli idu sari alla. #ee63",sexual_harassment,Individual,High,0.82,kannada
"class grp, chat nalli ivnanna ide irboda anta ansta, ivan illaadre better ansta. #66d6",exclusion,Group,Low,0.31,kannada
"Only a sex will spam the group like you, Fvtabk. #cb01",sexual_harassment,Individual,medium,0.35,bad_words
"Krrxgzgtq, elli hogidaroo ade tara madthiya, useless tara behave madthiya anta feel agutte. #3dcf",harassment,Individual,Medium,0.49,kannada
"Basically, you sound really stupid for sure.",insult,individual,medium,0.3,english
"review okay aaytu, tension beda. #b025",neutral,Group,Low,0.0,kannada
"This dickhole behaviour is not okay, Hmtorfjdt. #5841",sexual_harassment,Individual,medium,0.71,bad_words
You are really dumb 🚫,insult,group,low,0.25,emoji
"Dyhzltaze, yaaru kuda ninna monkey thara nature ishta padalla. #d41a",insult,Individual,medium,0.59,bad_words
Did anyone finish the assignment? 🙏,neutral,teacher,low,0.0,emoji
ninne function photos share maadu. #d51e,neutral,Individual,Low,0.03,kannada
"Copwllo, stop acting like a total son of bitch every day. #a5fc",insult,Individual,low,0.57,bad_words
"To be honest, people like you dont deserve respect",hate,individual,medium,0.75,english
"Actually, people like you dont deserve respect",hate,individual,medium,0.75,english
"To be honest, this chat is mentally draining",toxicity,group,medium,0.5,english
Stop texting me again and again ⛔,harassment,academic,medium,0.5,emoji
"class grp, chat nalli ivnanna ide irboda anta ansta, ivan illaadre better ansta. #b0dc",exclusion,Group,Low,0.35,kannada
you just dont get it - just my opinion.,insult,individual,medium,0.3,english
pizza bekka biryani bekka decide maadi. #40e2,neutral,Group,Low,0.0,kannada
attendance link haakbidu illi. #fbbd,neutral,Unknown,Low,0.0,kannada
"Pgkxapryc, elli hogidaroo ade tara madthiya, tumba irritating agthiya re anta feel agutte. #a9fd",harassment,Individual,High,0.54,kannada
"Honestly, we dont like people like you",hate,individual,medium,0.75,english
"This bugger behaviour is not okay, Vtwuup. #968b",insult,Individual,medium,0.42,bad_words
"This queer behaviour is not okay, Ycvemrhhu. #ed10",insult,Individual,medium,0.52,bad_words
project help madidakke thanks maga. #1d78,neutral,Group,Low,0.0,kannada
"Uwayy, nee useless tara behave madthiya yaar. #b7f3",insult,Individual,Medium,0.26,kannada
"Stop it, dont annoy me nin irritate madbeda",aggression,individual,medium,0.55,codemix
You never understand anything 🩸,insult,unknown,medium,0.3,emoji
"guys, ivananna group inda remove maadona, ivan illaadre better ansta. #5f28",exclusion,Group,Low,0.31,kannada
"ninna presentation super aaytu, chennag ide. #09fb",neutral,Unknown,Low,0.0,kannada
exam tumba tough aaytu but somehow aaytu. #a48e,neutral,Unknown,Low,0.03,kannada
"To be honest, you just dont get it ninige artha illa",insult,individual,medium,0.3,codemix
"Actually, stop talking rubbish ... whatever.",insult,individual,medium,0.3,english
"Tolbltdpx, sir ge complaint haakthini nodu, swalpa limit nodu yaar. #c4c8",threat,Individual,High,0.82,kannada
People like you are disgusting ⚠️,hate,unknown,high,0.85,emoji
"ladies, dont interfere in this",aggression,gender,medium,0.55,english
"Sgfvla, nee tumba irritating agthiya re yaar. #39a8",insult,Individual,Medium,0.4,kannada
"Jbe, you are such a dirty fellow in this group. #99f1",insult,Individual,medium,0.6,bad_words
Get lost ⚡,aggression,individual,medium,0.6,emoji
It's obvious that i will expose what you did ellargu helthini (no offense).,threat,individual,low,0.77,codemix
"Only a fag will spam the group like you, Qvse. #4004",insult,Individual,high,0.77,bad_words
"Listen, stay out ninige sambhandha illa period.",exclusion,individual,medium,0.42,codemix
"Trsjb, nee ivattu full lazy mode alli idiya dude. #e972",insult,Individual,Low,0.17,kannada
ivattu assignment submit maadbeku maga. #0c66,neutral,Group,Low,0.0,kannada
"People are tired of your shag attitude, Mzadendoo. #c25a",sexual_harassment,Individual,medium,0.61,bad_words
"5 nimisha nalli join agthini, swalpa wait maadu. #5abb",neutral,Unknown,Low,0.03,kannada
"Group nalli a tara kembatti maga baribeda, Gdtq. #05cf",insult,Individual,high,0.83,bad_words
"review okay aaytu, tension beda. #593f",neutral,Unknown,Low,0.0,kannada
"Actually, why do you keep observing me don't you think?",stalking,individual,medium,0.62,codemix
you wont get away with this don't you think?,threat,individual,medium,0.82,codemix
people like you never change and it's annoying.,hate,individual,high,0.8,codemix
"Ahsbgw, nee tumba baa, nan tunne nekku tara idiya maga. #21b9",harassment,Individual,medium,0.38,bad_words
"In my opinion, use your brain swalpa",insult,individual,medium,0.3,codemix
"seen, you wont get away with this",threat,social,medium,0.82,english
"Ninna die behavior nodi everyone frustrate agta idare, Yhycenjwm. #a3f4",threat,Individual,high,0.77,bad_words
attendance link haakbidu illi. #5876,neutral,Individual,Low,0.03,kannada
weekend ge yava movie nodona. #573f,neutral,Individual,Low,0.02,kannada
"Jirkyo, nee reply nodoke tumba time togondiya yaar. #cf41",insult,Individual,Low,0.36,kannada
"To be honest, neenu hopeless yaake heege",insult,individual,medium,0.3,codemix
"Kydcsdyxi, ivattu full dagara mode nalli idiya. #13b9",insult,Individual,high,0.67,bad_words
project help madidakke thanks maga. #32e0,neutral,Group,Low,0.02,kannada
"This two head snake behaviour is not okay, Gmtrfin. #cbed",insult,Individual,medium,0.52,bad_words
project help madidakke thanks maga. #c9fa,neutral,Group,Low,0.03,kannada
why are you noticing my movements,stalking,gender,medium,0.62,english
"Only a shag will spam the group like you, Fltv. #a8c6",sexual_harassment,Individual,high,0.73,bad_words
"People are tired of your lesbian attitude, Etxsk. #4fad",insult,Individual,medium,0.49,bad_words
"Wsnmbfu, ella platform nalli follow madbeda please, idu stalking tara kanstide. #24ea",cyberstalking,Individual,Medium,0.53,kannada
"Look, stop talking nonsense nin matu beka illa and everyone agrees.",insult,individual,high,0.35,codemix
"Icy, nee full sucide tara behave madthiya. #3f5b",threat,Individual,high,0.43,bad_words
"In my opinion, stay in your limits",aggression,individual,medium,0.55,english
It's obvious that yaake nanna hinde bartiya elladalli (no offense).,harassment,individual,low,0.4,codemix
"sir, stop tracking my activity",stalking,teacher,medium,0.62,english
"5 nimisha nalli join agthini, swalpa wait maadu. #74bf",neutral,Group,Low,0.0,kannada
Nobody wants you here 🫥,exclusion,gender,high,0.55,emoji
"Phknfgue, nee full time late bartiya dude. #2122",insult,Individual,Low,0.38,kannada
"Hey, dont poke your nose nin business beda for sure.",aggression,individual,medium,0.55,codemix
"hod, this chat is mentally draining",toxicity,teacher,medium,0.5,english
ivattu class full bore aaytu. #cd98,neutral,Individual,Low,0.0,kannada
"Look, stop messaging me yavaglu disturb madthiya",harassment,individual,medium,0.45,codemix
why do you know when i read messages,stalking,individual,medium,0.62,english
fest practice ge yar yar barthidira. #11c9,neutral,Unknown,Low,0.0,kannada
Shut up already 🛑,aggression,appearance,medium,0.6,emoji
"Whayb, nee tumba irritating agthiya re dude. #8bad",insult,Individual,Medium,0.22,kannada
"This sexy behaviour is not okay, Cfwdekugi. #46b3",sexual_harassment,Individual,low,0.31,bad_words
"Dkfwkl, nee total loser tara idiya re. #a674",insult,Individual,High,0.36,kannada
"This ohh,piss off behaviour is not okay, Ugsiyowjqq. #4ec9",harassment,Individual,high,0.72,bad_words
"review okay aaytu, tension beda. #6022",neutral,Group,Low,0.02,kannada
"Qjiihmyk, nee full monkey thara tara behave madthiya. #10ee",insult,Individual,medium,0.69,bad_words
Everyone knows ninige buddhi illa seriously,insult,individual,high,0.35,codemix
yavdru ivattu notes idre send maadu pls. #ac1a,neutral,Group,Low,0.0,kannada
"Pddhbmfcyw, nee class nalli full time joker ne yaar. #9183",insult,Individual,Medium,0.21,kannada
"Trxzhkjd, elli hogidaroo ade tara madthiya, total loser tara idiya anta feel agutte. #e797",harassment,Individual,Low,0.48,kannada
"In my opinion, ninige nanna online time gothu how immediately.",stalking,individual,medium,0.62,codemix
this place feels suffocating and it's sad.,toxicity,individual,medium,0.5,english
"Aukrod, nee full sucide tara behave madthiya. #c247",threat,Individual,low,0.33,bad_words
"This pussy behaviour is not okay, Mojsoe. #0eb3",sexual_harassment,Individual,medium,0.47,bad_words
exam tumba tough aaytu but somehow aaytu. #a1c9,neutral,Individual,Low,0.06,kannada
ivattu assignment submit maadbeku maga. #e3c5,neutral,Unknown,Low,0.0,kannada
yaake nanna profile daily nodthiya for real.,stalking,individual,medium,0.62,codemix
you dont belong in our circle without a doubt.,exclusion,individual,medium,0.42,english
"Fxtfme, mundina sari nodu yen agutte anta, swalpa limit nodu yaar. #e35b",threat,Individual,Medium,0.75,kannada
stop calling me bar bar,harassment,individual,medium,0.45,codemix
"happy birthday, tumba olle varsha agli. #be9b",neutral,Unknown,Low,0.0,kannada
"Bjlqrgd, a tara photos haakbeda please, group nalli idu sari alla. #edaa",sexual_harassment,Individual,Medium,0.67,kannada
"Zinxcjsoi, next time barbeku anta helthini, swalpa limit nodu yaar. #f211",threat,Individual,High,0.86,kannada
"Seriously, leave me alone nanige disturb beda and it's annoying.",harassment,individual,medium,0.45,codemix
you are not invited to this - just my opinion.,exclusion,individual,medium,0.42,english
stop messaging me yavaglu disturb madthiya - just my opinion.,harassment,individual,medium,0.45,codemix
"Qddr, yake everywhere message madthiya, idu stalking tara kanstide. #6554",cyberstalking,Individual,Medium,0.47,kannada
yavdru ivattu notes idre send maadu pls. #f06c,neutral,Unknown,Low,0.0,kannada
"Group nalli ee dove rani attitude beda, Juvpskuvx. #a2dd",harassment,Individual,high,0.5,bad_words
"ninna presentation super aaytu, chennag ide. #59cb",neutral,Individual,Low,0.0,kannada
pizza bekka biryani bekka decide maadi. #6e44,neutral,Group,Low,0.05,kannada
"People are tired of your wtf attitude, Fwfnfraknr. #8021",harassment,Individual,medium,0.59,bad_words
This group is so toxic 🚫,toxicity,gender,low,0.35,emoji
"Basically, you asked for it",threat,individual,medium,0.82,english
weekend ge yava movie nodona. #cc01,neutral,Individual,Low,0.0,kannada
"To be honest, people like you make everything dirty - just my opinion.",hate,individual,medium,0.75,codemix
"seen, dont keep reminding me again and again",harassment,social,medium,0.45,english
no need for you nin beka illa right now.,exclusion,individual,medium,0.42,codemix
Wait and see what happens to you 🤡,threat,group,high,0.95,emoji
"5 nimisha nalli join agthini, swalpa wait maadu. #6dd4",neutral,Unknown,Low,0.0,kannada
You are not part of this team 💔,exclusion,gender,high,0.55,emoji
naale extra pen togond baa pls. #d044,neutral,Group,Low,0.01,kannada
"Listen, nobody takes you seriously and it's sad.",insult,appearance,high,0.35,english
"Ninna not a loyal behavior nodi everyone frustrate agta idare, Hwrxol. #79d4",harassment,Individual,medium,0.66,bad_words
I will report you to the admin 😏,threat,academic,high,0.95,emoji
I just wanted to say why are you always in my dm,harassment,individual,high,0.5,english
"network sakkath slow ide, once repeat maadu. #53f7",neutral,Group,Low,0.01,kannada
Nice explanation today 👍,neutral,gender,low,0.0,emoji
"People are tired of your cunt attitude, Udsxiweila. #57f9",sexual_harassment,Individual,medium,0.47,bad_words
"Qrn, nee class nalli full time joker ne machaa. #a82e",insult,Individual,Medium,0.26,kannada
"Wmqtkyemh, nee tumba dagarina tara idiya maga. #8e24",insult,Individual,high,0.55,bad_words
"This shag behaviour is not okay, Zfck. #b129",sexual_harassment,Individual,medium,0.59,bad_words
"looks, stop irritating everyone",aggression,appearance,high,0.6,english
You are not part of this team 💣,exclusion,teacher,high,0.6,emoji
Everyone knows this will not end well for you ninige sari illa agutte and it's annoying.,threat,individual,medium,0.82,codemix
"Zvctkx, nee yavattu serious agalla yaar. #8994",insult,Individual,Low,0.34,kannada
"Jdsvrmm, elli hogidaroo ade tara madthiya, complete waste fellow anta feel agutte. #5f26",harassment,Individual,High,0.61,kannada
"Ivattu kooda sakath body tara act madtidya, Szkx. #bdd4",harassment,Individual,high,0.63,bad_words
When is the next lab session?,neutral,unknown,medium,0.02,english
Why are you always watching me 🤡,stalking,unknown,high,0.8,emoji
"Kbvpxd, you are such a dirty fellow in this group. #3bb4",insult,Individual,low,0.51,bad_words
"Ndmrbxctt, nee tumba disgusting behaviour yaar. #3c97",insult,Individual,High,0.45,kannada
Stop following me everywhere 🕷️,stalking,unknown,high,0.8,emoji
"Honestly, dayavittu nanna bittu bidu for real.",harassment,individual,medium,0.45,codemix
"Nzpzmne, elli hogidaroo ade tara madthiya, class nalli full time joker ne anta feel agutte. #4356",harassment,Individual,High,0.66,kannada
Your kind is not welcome here 🤚,hate,individual,high,0.85,emoji
pizza bekka biryani bekka decide maadi. #f9c8,neutral,Individual,Low,0.0,kannada
pizza bekka biryani bekka decide maadi. #f87e,neutral,Unknown,Low,0.06,kannada
"whole department, i cant stand people like you",hate,group,medium,0.75,english
"This bastard behaviour is not okay, Nzbvslzllg. #2ba0",insult,Individual,low,0.39,bad_words
why are you watching me silently don't you think?,stalking,individual,medium,0.62,codemix
"Mvmlcgw, nee full idiot thara tara behave madthiya. #b8c8",insult,Individual,high,0.43,bad_words
nin illade nav decide madidvi for sure.,exclusion,individual,medium,0.42,codemix
Why do you keep messaging me 🚫,harassment,academic,medium,0.5,emoji
"Ysvezsx, nee sakkat dumb idiya yaar dude. #e4c9",insult,Individual,Medium,0.34,kannada
"People are tired of your balls are in as well attitude, Ifvno. #5d95",sexual_harassment,Individual,medium,0.5,bad_words
"last seen, dont involve yourself here",exclusion,social,medium,0.42,english
"Only a pussy will spam the group like you, Zawwylvocb. #37f9",sexual_harassment,Individual,medium,0.46,bad_words
I will report you to the admin 🤡,threat,individual,high,0.95,emoji
I think this will not end well for you ninige sari illa agutte for sure.,threat,individual,medium,0.82,codemix
"Hdcd, nee ivattu full lazy mode alli idiya dude. #3f96",insult,Individual,Low,0.14,kannada
"Basically, we are doing this without you and it's sad.",exclusion,individual,medium,0.42,english
naale extra pen togond baa pls. #2c74,neutral,Unknown,Low,0.06,kannada
"People are tired of your bellend attitude, Swyviuplqs. #4452",insult,Individual,medium,0.59,bad_words
"To be honest, dont annoy me nin irritate madbeda right now.",aggression,individual,medium,0.55,codemix
why are you watching me silently,stalking,individual,medium,0.62,english
"To be honest, why do you keep noticing when i am active period.",stalking,individual,medium,0.62,english
"Hey, why cant you just stop kelthiya",harassment,individual,medium,0.45,codemix
"Honestly, you dont need to be here ... whatever.",exclusion,individual,medium,0.42,english
"Group nalli ee fake character attitude beda, Unoddb. #1776",harassment,Individual,high,0.78,bad_words
naale extra pen togond baa pls. #ec5f,neutral,Individual,Low,0.02,kannada
"Ninna fake character behavior nodi everyone frustrate agta idare, Udfugyju. #d808",harassment,Individual,medium,0.42,bad_words
this environment is stressful period.,toxicity,individual,medium,0.5,codemix
"Just so you know, you will regret this later ninige gothagutte",threat,individual,medium,0.82,codemix
"Tdq, ava body bagge a tara mata beda, group nalli idu sari alla. #1cd7",sexual_harassment,Individual,High,0.98,kannada
"Zbu, elli hogidaroo ade tara madthiya, complete waste fellow anta feel agutte. #c144",harassment,Individual,High,0.51,kannada
"Dmmcsapm, nee tumba irritating agthiya re machaa. #6d7c",insult,Individual,Medium,0.32,kannada
"This asexual behaviour is not okay, Volggrr. #be5c",sexual_harassment,Individual,medium,0.41,bad_words
nee send madida reel super comedy aaytu. #58e2,neutral,Individual,Low,0.0,kannada
ivattu assignment submit maadbeku maga. #ddde,neutral,Group,Low,0.04,kannada
Get lost 🚪,aggression,group,medium,0.6,emoji
This group is so toxic 💢,toxicity,gender,low,0.35,emoji
yaake nanna follow madthiya everywhere so please stop.,harassment,individual,medium,0.45,codemix
Get lost 🧊,aggression,individual,low,0.55,emoji
"Wyrhyy, yaaru kuda ninna haavu bro neenu nature ishta padalla. #907a",harassment,Individual,low,0.45,bad_words
i cant stand people like you (no offense).,hate,individual,low,0.7,english
"Jvc, nee full sexy bro tara behave madthiya. #82df",sexual_harassment,Individual,low,0.71,bad_words
"Ldswb, nanna status na yavaglu check madthiya, idu stalking tara kanstide. #d028",cyberstalking,Individual,Medium,0.62,kannada
"principal, why do you know when i read messages",stalking,teacher,medium,0.62,english
"network sakkath slow ide, once repeat maadu. #9978",neutral,Unknown,Low,0.04,kannada
"gang, ivananna group inda remove maadona, ivan illaadre better ansta. #56a9",exclusion,Group,Low,0.2,kannada
exam tumba tough aaytu but somehow aaytu. #376e,neutral,Group,Low,0.0,kannada
Shut up already 🤢,aggression,gender,low,0.55,emoji
"Ppefghbny, next time barbeku anta helthini, swalpa limit nodu yaar. #01c6",threat,Individual,High,0.92,kannada
you will face consequences ninige problem agutte for real.,threat,individual,medium,0.82,codemix
"gang, plan ge ivananna invite madbeda besseru, ivan illaadre better ansta. #2cae",exclusion,Group,High,0.41,kannada
"People are tired of your suck his dick attitude, Gzyfijhvh. #feb8",sexual_harassment,Individual,high,0.78,bad_words
"Znxecslgn, elli hogidaroo ade tara madthiya, total loser tara idiya anta feel agutte. #120f",harassment,Individual,Low,0.45,kannada
"Lgzkytxt, you are such a taking the piss in this group. #2292",harassment,Individual,medium,0.38,bad_words
"Only a crap will spam the group like you, Zvkoz. #78ac",harassment,Individual,high,0.73,bad_words
I think this chat is mentally draining thale noovu - just my opinion.,toxicity,individual,medium,0.5,codemix
"Yvulgcpbq, nee full time late bartiya dude. #35bd",insult,Individual,Low,0.32,kannada
"Smhsajau, ella platform nalli follow madbeda please, idu stalking tara kanstide. #1f82",cyberstalking,Individual,Medium,0.49,kannada
"Qmrxtapanh, you are such a fucking prick in this group. #b639",sexual_harassment,Individual,high,0.74,bad_words
"Look, stay out of my matters",aggression,appearance,medium,0.55,english
yavdru ivattu notes idre send maadu pls. #6593,neutral,Individual,Low,0.05,kannada
"To be honest, stop getting involved",aggression,individual,medium,0.55,english
"Onapjxudb, nee useless tara behave madthiya machaa. #88ba",insult,Individual,Medium,0.32,kannada
yaake nanna hinde bartiya right now.,harassment,individual,medium,0.45,codemix
nee send madida reel super comedy aaytu. #a32e,neutral,Unknown,Low,0.0,kannada
I just wanted to say why do you keep calling me !!!,harassment,individual,medium,0.45,english
"Look, go mind your work ... whatever.",aggression,appearance,medium,0.55,english
you are not invited to this immediately.,exclusion,individual,medium,0.42,english
"Look, why are you always in my dm ninige kelbeda (no offense).",harassment,individual,high,0.5,codemix
"In my opinion, there is too much negativity here ... whatever.",toxicity,individual,medium,0.5,codemix
"To be honest, dont cross the line nin limits alli iru",aggression,individual,medium,0.55,codemix
"Qlws, nee tumba disgusting behaviour machaa. #3afd",insult,Individual,High,0.41,kannada
"Rtmc, cheap comments madbeda ava bagge, group nalli idu sari alla. #54ba",sexual_harassment,Individual,High,0.75,kannada
"Hey, you are hopeless ... whatever.",insult,individual,medium,0.3,english
"Just so you know, dont start with me nin beka illa",aggression,individual,medium,0.55,codemix
"Listen, we dont need people like you (no offense).",hate,individual,low,0.7,english
"Look, shut up now",aggression,appearance,medium,0.55,english
"Wsmwtr, nee class nalli full time joker ne dude. #5430",insult,Individual,Medium,0.32,kannada
Why do you keep messaging me 😞,harassment,unknown,high,0.6,emoji
I just wanted to say you will suffer for this without a doubt.,threat,individual,medium,0.82,english
nee send madida reel super comedy aaytu. #34e8,neutral,Individual,Low,0.02,kannada
You keep tracking my activity 📸,stalking,academic,high,0.8,emoji
"Caqrbgkjnt, next time barbeku anta helthini, swalpa limit nodu yaar. #3c59",threat,Individual,High,0.87,kannada
I think this chat is mentally draining,toxicity,group,medium,0.5,english
nee send madida reel super comedy aaytu. #6382,neutral,Unknown,Low,0.0,kannada
"To be honest, bar bar kelbeda please ... whatever.",harassment,individual,medium,0.45,codemix
"Ivattu kooda haavu bro neenu tara act madtidya, Pusgjthf. #abe7",harassment,Individual,medium,0.6,bad_words
Did anyone finish the assignment? 👍,neutral,appearance,low,0.0,emoji
naale extra pen togond baa pls. #2f5e,neutral,Unknown,Low,0.03,kannada
"Rkmjugjom, elli hogidaroo ade tara madthiya, tumba irritating agthiya re anta feel agutte. #1227",harassment,Individual,High,0.43,kannada
nee send madida reel super comedy aaytu. #05cc,neutral,Unknown,Low,0.0,kannada
"approach, stop monitoring what i do",stalking,personal,medium,0.62,english
"Luxnt, nin sexy bro maga nataka nodakke bore aaytu. #e9f1",sexual_harassment,Individual,high,0.8,bad_words
It's obvious that i will complain about you so please stop.,threat,individual,medium,0.82,english
stop monitoring what i do without a doubt.,stalking,individual,medium,0.62,english
"class grp, ivananna group inda remove maadona, ivan illaadre better ansta. #c054",exclusion,Group,Medium,0.45,kannada
"Listen, stop bothering me about this - just my opinion.",harassment,individual,medium,0.45,english
"Rutytxx, elli hogidaroo ade tara madthiya, complete waste fellow anta feel agutte. #fa5b",harassment,Individual,Medium,0.51,kannada
"Lgqulem, nee full saayi tara behave madthiya. #28c4",threat,Individual,medium,0.47,bad_words
"Vnwpzpzcl, nodu careful iru, illa problem agutte, swalpa limit nodu yaar. #905d",threat,Individual,High,0.93,kannada
"Only a slut will spam the group like you, Dqsak. #33c1",sexual_harassment,Individual,medium,0.5,bad_words
"Only a pussy will spam the group like you, Fbcpulzhww. #8d39",sexual_harassment,Individual,high,0.57,bad_words
"behavior, you keep irritating me daily",harassment,personal,medium,0.45,english
"Wjpaqbyg, yaaru kuda ninna idiot thara nature ishta padalla. #ad06",insult,Individual,high,0.73,bad_words
"Mlvfy, nin not a loyal nataka nodakke bore aaytu. #10da",harassment,Individual,low,0.49,bad_words
"Yella dina sexy baby maga tara mathadbeda, Olii. #cd2e",sexual_harassment,Individual,medium,0.66,bad_words
"In my opinion, why are you always checking my status for real.",stalking,social,high,0.67,english
Your kind is not welcome here 🤡,hate,gender,high,0.85,emoji
Leave me alone already 😑,harassment,group,medium,0.5,emoji
"Cgmvbn, elli hogidaroo ade tara madthiya, sakkat dumb idiya yaar anta feel agutte. #a170",harassment,Individual,Medium,0.54,kannada
"gang, ivananna group inda remove maadona, ivan illaadre better ansta. #b323",exclusion,Group,Medium,0.35,kannada
exam tumba tough aaytu but somehow aaytu. #2749,neutral,Unknown,Low,0.0,kannada
"Seriously, you are everywhere i go !!!",stalking,individual,high,0.67,english
"Stop it, you are acting childish period.",insult,individual,medium,0.3,english
ivattu assignment submit maadbeku maga. #824f,neutral,Individual,Low,0.03,kannada
you wont get away with this and it's sad.,threat,individual,medium,0.82,english
I just wanted to say nobody takes you seriously,insult,appearance,high,0.35,english
"Kzckgnywng, nee sakkat dumb idiya yaar dude. #4606",insult,Individual,Medium,0.39,kannada
"Look, you asked for it",threat,appearance,medium,0.82,english
"Seriously, i will report this to sir for real.",threat,teacher,high,0.87,english
"People are tired of your cock-socker attitude, Vnm. #1789",sexual_harassment,Individual,medium,0.7,bad_words
"Yella dina sade tara mathadbeda, Qnwwq. #41ec",insult,Individual,medium,0.37,bad_words
back off right now right now.,aggression,individual,medium,0.55,english
dont message me late night nin beka illa - just my opinion.,harassment,individual,medium,0.45,codemix
"To be honest, dont push me beyond my limit (no offense).",threat,individual,low,0.77,english
"Mdlabdccht, ava body bagge a tara mata beda, group nalli idu sari alla. #8ebf",sexual_harassment,Individual,Medium,0.77,kannada
"People are tired of your fuck you attitude, Ihimraurnb. #bde8",harassment,Individual,medium,0.67,bad_words
Wait and see what happens to you 😂,threat,group,high,0.95,emoji
"Ivattu kooda joker thara tara act madtidya, Wtz. #f06c",insult,Individual,low,0.4,bad_words
"Eupam, ava body bagge a tara mata beda, group nalli idu sari alla. #67fc",sexual_harassment,Individual,Medium,0.75,kannada
"Kisborofk, mundina sari nodu yen agutte anta, swalpa limit nodu yaar. #7844",threat,Individual,High,0.79,kannada
"Cguaprtsb, stop acting like a total bugger every day. #0f6c",insult,Individual,medium,0.59,bad_words
you are useless nin work sari illa,insult,individual,medium,0.3,codemix
ninige simple vishaya kuda artha agalla and it's sad.,insult,individual,medium,0.3,codemix
"People are tired of your bugger attitude, Rmbmaonb. #7e14",insult,Individual,low,0.67,bad_words
"Vybega, nee useless tara behave madthiya machaa. #88ef",insult,Individual,Medium,0.42,kannada
Nobody wants you here 😡,exclusion,teacher,medium,0.45,emoji
naale 4gante canteen nalli meet aagona. #d4c5,neutral,Individual,Low,0.0,kannada
"Honestly, stop forcing conversation without a doubt.",harassment,individual,medium,0.45,english
ivattu assignment submit maadbeku maga. #580f,neutral,Unknown,Low,0.0,kannada
"ninna presentation super aaytu, chennag ide. #3831",neutral,Unknown,Low,0.06,kannada
ninne function photos share maadu. #3d91,neutral,Group,Low,0.05,kannada
"Eonchnvr, elli hogidaroo ade tara madthiya, sakkat dumb idiya yaar anta feel agutte. #38b0",harassment,Individual,Medium,0.69,kannada
"People are tired of your bugger attitude, Jpeexqp. #9261",insult,Individual,low,0.65,bad_words
pizza bekka biryani bekka decide maadi. #d513,neutral,Individual,Low,0.04,kannada
"In my opinion, why cant you just stop kelthiya ... whatever.",harassment,individual,medium,0.45,codemix
Leave this group now 😞,exclusion,gender,high,0.55,emoji
Everyone knows keep quiet please,aggression,individual,high,0.6,english
"Just so you know, this is such a dumb question for real.",insult,individual,medium,0.3,english
ivattu assignment submit maadbeku maga. #0157,neutral,Unknown,Low,0.0,kannada
yaake nanna profile daily nodthiya and it's sad.,stalking,individual,medium,0.62,codemix
ninne function photos share maadu. #8cbe,neutral,Unknown,Low,0.0,kannada
"Fma, elli hogidaroo ade tara madthiya, sakkat dumb idiya yaar anta feel agutte. #b055",harassment,Individual,High,0.73,kannada
naale extra pen togond baa pls. #4d38,neutral,Group,Low,0.01,kannada
weekend ge yava movie nodona. #8053,neutral,Unknown,Low,0.0,kannada
"Group nalli a tara keiyanna baribeda, Pqxa. #0431",harassment,Individual,high,0.56,bad_words
"naale 9 gante lab ge bartira, late agbeda. #b0ae",neutral,Group,Low,0.0,kannada
"5 nimisha nalli join agthini, swalpa wait maadu. #8a70",neutral,Individual,Low,0.03,kannada
dont keep pinging nanna irritate madthiya ... whatever.,harassment,individual,medium,0.45,codemix
dont poke your nose,aggression,individual,medium,0.55,english
"Actually, we dont want you nin beka illa",exclusion,individual,medium,0.42,codemix
I just wanted to say nin iddare problem agthide period.,exclusion,individual,medium,0.42,codemix
your kind is not welcome here,hate,individual,medium,0.75,english
naale extra pen togond baa pls. #dec9,neutral,Individual,Low,0.0,kannada
"Hey, Is there any update on results ivattu",neutral,unknown,medium,0.02,codemix
"Rdlbd, ava body bagge a tara mata beda, group nalli idu sari alla. #9263",sexual_harassment,Individual,High,0.74,kannada
"This pussy behaviour is not okay, Mzndpy. #df06",sexual_harassment,Individual,medium,0.73,bad_words
"Ljdnoq, nin thotti maga nataka nodakke bore aaytu. #616f",insult,Individual,high,0.57,bad_words
"last seen, stop chasing me for replies",harassment,social,medium,0.45,english
"Biysjr, nee yavattu serious agalla machaa. #c7db",insult,Individual,Low,0.2,kannada
"team, plan ge ivananna invite madbeda besseru, ivan illaadre better ansta. #75ec",exclusion,Group,Low,0.47,kannada
why are you always behind me,stalking,individual,high,0.67,english
yaake nanna profile daily nodthiya right now.,stalking,individual,medium,0.62,codemix
"Look, we dont like people like you nin tara beda",hate,individual,medium,0.75,codemix
"Uzjl, nee reply nodoke tumba time togondiya dude. #e69d",insult,Individual,Low,0.15,kannada
"teacher, this group is not for you",exclusion,teacher,medium,0.42,english
"Seriously, i will expose what you did",threat,individual,high,0.87,english
"Group nalli a tara mangyan maga baribeda, Nopketsg. #35d7",insult,Individual,high,0.64,bad_words
"Hthrfpmck, nee class nalli full time joker ne re. #03c9",insult,Individual,Medium,0.31,kannada
nee send madida reel super comedy aaytu. #8887,neutral,Individual,Low,0.04,kannada
Let's work together on this.,neutral,unknown,medium,0.02,english
project help madidakke thanks maga. #2bff,neutral,Individual,Low,0.0,kannada
you are not invited nin beka illa right now.,exclusion,individual,medium,0.42,codemix
"Ghdzyl, elli hogidaroo ade tara madthiya, tumba disgusting behaviour anta feel agutte. #8501",harassment,Individual,High,0.66,kannada
"Just so you know, you are everywhere i go nin follow madthiya (no offense).",stalking,individual,low,0.57,codemix
"People are tired of your dick attitude, Vnbyywtypo. #721d",sexual_harassment,Individual,medium,0.59,bad_words
pizza bekka biryani bekka decide maadi. #6447,neutral,Group,Low,0.04,kannada
exam tumba tough aaytu but somehow aaytu. #67fb,neutral,Individual,Low,0.0,kannada
"body, this group is full of drama",toxicity,group,medium,0.5,english
"review okay aaytu, tension beda. #d723",neutral,Individual,Low,0.0,kannada
project help madidakke thanks maga. #6790,neutral,Individual,Low,0.0,kannada
yavdru ivattu notes idre send maadu pls. #d8a7,neutral,Individual,Low,0.06,kannada
"profile, this chat is mentally draining",toxicity,teacher,medium,0.5,english
ninne function photos share maadu. #a3f9,neutral,Individual,Low,0.0,kannada
"Only a piss off will spam the group like you, Tajlj. #7926",harassment,Individual,medium,0.54,bad_words
naale extra pen togond baa pls. #a752,neutral,Unknown,Low,0.02,kannada
"Basically, this chat ruins my mood don't you think?",toxicity,individual,medium,0.5,codemix
"happy birthday, tumba olle varsha agli. #3839",neutral,Group,Low,0.03,kannada
we didnt include you on purpose for real.,exclusion,individual,medium,0.42,english
attendance link haakbidu illi. #4f98,neutral,Individual,Low,0.0,kannada
"Rxptbbheoy, nee full haavu bro neenu tara behave madthiya. #1740",harassment,Individual,medium,0.72,bad_words
"review okay aaytu, tension beda. #f1b9",neutral,Unknown,Low,0.04,kannada
pizza bekka biryani bekka decide maadi. #6054,neutral,Unknown,Low,0.0,kannada
Your kind is not welcome here 💢,hate,gender,high,0.85,emoji
"ninna presentation super aaytu, chennag ide. #d90e",neutral,Group,Low,0.03,kannada
"Wgvgs, elli hogidaroo ade tara madthiya, total loser tara idiya anta feel agutte. #da23",harassment,Individual,High,0.81,kannada
"Stop it, stay out ninige sambhandha illa and it's sad.",exclusion,individual,medium,0.42,codemix
Everyone here is awful ❌,toxicity,group,low,0.35,emoji
"Ogymlubpgr, nin shaata nataka nodakke bore aaytu. #c397",insult,Individual,high,0.46,bad_words
"Pxwt, nee tumba irritating agthiya re machaa. #b3ab",insult,Individual,Medium,0.32,kannada
You are really dumb 🧊,insult,group,medium,0.3,emoji
"habit, this environment is stressful",toxicity,gender,medium,0.5,english
Good morning everyone 😊,neutral,unknown,low,0.0,emoji
Get lost 😐,aggression,group,medium,0.6,emoji
"Saxdk, nee complete waste fellow yaar. #618f",insult,Individual,High,0.41,kannada
"happy birthday, tumba olle varsha agli. #156d",neutral,Group,Low,0.0,kannada
"Rvpshpjcm, nanna status na yavaglu check madthiya, idu stalking tara kanstide. #7f9a",cyberstalking,Individual,Medium,0.69,kannada
nee send madida reel super comedy aaytu. #4a80,neutral,Individual,Low,0.0,kannada
I just wanted to say are you mad or what ninige artha illa (no offense).,insult,individual,low,0.25,codemix
"batch, chat nalli ivnanna ide irboda anta ansta, ivan illaadre better ansta. #1c5c",exclusion,Group,Medium,0.2,kannada
I just wanted to say use your brain swalpa immediately.,insult,individual,medium,0.3,codemix
"Hey, this doesnt concern you and it's annoying.",exclusion,individual,medium,0.42,english
"test, dont message me late night",harassment,academic,medium,0.45,english
pizza bekka biryani bekka decide maadi. #6bc4,neutral,Individual,Low,0.0,kannada
"Gzmblbpzvw, nee full time late bartiya yaar. #a999",insult,Individual,Low,0.15,kannada
"Ffrasljcp, nee full time late bartiya machaa. #915d",insult,Individual,Low,0.15,kannada
"Ninna joker thara behavior nodi everyone frustrate agta idare, Vesrrattfl. #e452",insult,Individual,medium,0.42,bad_words
"Vmj, nee tumba nim ammanakeya tara idiya maga. #1b3d",sexual_harassment,Individual,medium,0.61,bad_words
Why do you keep messaging me 🚨,harassment,unknown,high,0.6,emoji
you will face consequences for this - just my opinion.,threat,appearance,medium,0.82,english
yaake nanna follow madthiya everywhere immediately.,harassment,individual,medium,0.45,codemix
"gang, ivananna group inda remove maadona, ivan illaadre better ansta. #f80e",exclusion,Group,High,0.56,kannada
"Cxomsykag, yaaru kuda ninna idiot thara nature ishta padalla. #ce9d",insult,Individual,high,0.81,bad_words
"Listen, you are acting childish !!!",insult,individual,medium,0.3,english
no need for you nin beka illa !!!,exclusion,individual,medium,0.42,codemix
"To be honest, stop texting me every day",harassment,individual,medium,0.45,english
"Cfpbf, elli hogidaroo ade tara madthiya, tumba disgusting behaviour anta feel agutte. #c375",harassment,Individual,Medium,0.39,kannada
"Ivattu kooda cry baby tara act madtidya, Wmcb. #7e4f",harassment,Individual,high,0.62,bad_words
I will report you to the admin 🦧,threat,unknown,high,0.95,emoji
ninne function photos share maadu. #67ad,neutral,Individual,Low,0.07,kannada
"To be honest, you wont get away with this so please stop.",threat,individual,medium,0.82,english
nee send madida reel super comedy aaytu. #2ced,neutral,Individual,Low,0.06,kannada
"Sfan, next time barbeku anta helthini, swalpa limit nodu yaar. #532c",threat,Individual,High,0.88,kannada
Your kind is not welcome here 🧊,hate,teacher,high,0.85,emoji
stop monitoring what i do and it's sad.,stalking,individual,medium,0.62,english
"naale 9 gante lab ge bartira, late agbeda. #bfce",neutral,Group,Low,0.0,kannada
"Hey, people like you make everything dirty - just my opinion.",hate,individual,medium,0.75,english
"naale 9 gante lab ge bartira, late agbeda. #536b",neutral,Unknown,Low,0.0,kannada
dont test my patience ... whatever.,threat,academic,medium,0.82,english
weekend ge yava movie nodona. #8934,neutral,Individual,Low,0.06,kannada
"Hey, this chat is mentally draining thale noovu",toxicity,individual,medium,0.5,codemix
"happy birthday, tumba olle varsha agli. #6df9",neutral,Individual,Low,0.0,kannada
"Hey, we dont want you nin beka illa immediately.",exclusion,individual,medium,0.42,codemix
"hair, we dont want you in this discussion",exclusion,appearance,medium,0.42,english
why are you always behind me and it's sad.,stalking,individual,high,0.67,english
"Actually, nin illade smooth agide period.",exclusion,individual,medium,0.42,codemix
"Eidiccs, yaaru kuda ninna joker thara nature ishta padalla. #1798",insult,Individual,medium,0.57,bad_words
"Yvihp, nee yavattu serious agalla dude. #922b",insult,Individual,Low,0.14,kannada
I will report you to the admin 😂,threat,group,high,0.95,emoji
"Listen, nin illade smooth agide ... whatever.",exclusion,individual,medium,0.42,codemix
"Only a bellend will spam the group like you, Cfculqxzp. #b849",insult,Individual,high,0.55,bad_words
"Group nalli a tara haavu bro neenu maga baribeda, Nlauufnc. #1346",harassment,Individual,medium,0.66,bad_words
this is only for selected people and everyone agrees.,exclusion,individual,high,0.47,english
"happy birthday, tumba olle varsha agli. #6ec3",neutral,Unknown,Low,0.07,kannada
"male students, people here are very problematic",toxicity,group,medium,0.5,english
You keep tracking my activity 💔,stalking,gender,high,0.8,emoji
"Xtv, elli hogidaroo ade tara madthiya, yen use illa ninna jothe anta feel agutte. #e4fd",harassment,Individual,Low,0.57,kannada
I will report you to the admin 🛑,threat,teacher,high,0.95,emoji
"team, plan ge ivananna invite madbeda besseru, ivan illaadre better ansta. #ff9a",exclusion,Group,Medium,0.26,kannada
Shut up already ❄️,aggression,appearance,medium,0.6,emoji
ivattu class full bore aaytu. #a1f1,neutral,Unknown,Low,0.02,kannada
"Only a bugger will spam the group like you, Rvswjls. #816a",insult,Individual,medium,0.47,bad_words
"Group nalli ee not a loyal attitude beda, Yqm. #77c2",harassment,Individual,high,0.55,bad_words
"Mjrpb, nee tumba irritating agthiya re machaa. #7e83",insult,Individual,Medium,0.36,kannada
why are you always in my dm,harassment,individual,high,0.5,english
It's obvious that why do you follow everything i do ... whatever.,stalking,individual,medium,0.62,codemix
"Group nalli ee sucide attitude beda, Lxmowg. #b789",threat,Individual,medium,0.54,bad_words
nee send madida reel super comedy aaytu. #7774,neutral,Group,Low,0.0,kannada
"assignment, dont think this will go unnoticed",threat,gender,medium,0.82,english
"Honestly, this chat is very unhealthy",toxicity,individual,medium,0.5,codemix
"naale 9 gante lab ge bartira, late agbeda. #71cf",neutral,Group,Low,0.0,kannada
"Group nalli a tara not a loyal maga baribeda, Ifawa. #c731",harassment,Individual,medium,0.38,bad_words
"gang, ivnanna group nalli add madbeda, ivan illaadre better ansta. #aaf8",exclusion,Group,Medium,0.22,kannada
"gang, ivnanna group nalli add madbeda, ivan illaadre better ansta. #c01f",exclusion,Group,Low,0.24,kannada
Why do you keep messaging me 🦛,harassment,unknown,high,0.6,emoji
"class teacher, this space is not safe mentally",toxicity,teacher,medium,0.5,english
"Mjpsluceo, nee useless tara behave madthiya re. #b326",insult,Individual,Medium,0.19,kannada
"Bzfcmx, ivattu full kall maga mode nalli idiya. #bf58",insult,Individual,high,0.68,bad_words
"Look, stop stalking me - just my opinion.",stalking,appearance,medium,0.62,english
"People are tired of your sex attitude, Dqbeg. #4f8c",sexual_harassment,Individual,medium,0.62,bad_words
"guys, chat nalli ivnanna ide irboda anta ansta, ivan illaadre better ansta. #b202",exclusion,Group,Medium,0.47,kannada
this group makes me uncomfortable immediately.,toxicity,individual,medium,0.5,codemix
I will report you to the admin 🕷️,threat,academic,high,0.95,emoji
It's obvious that stop talking nonsense nin matu beka illa and everyone agrees.,insult,individual,high,0.35,codemix
your kind is unwanted here,hate,individual,medium,0.75,english
"Yoov, elli hogidaroo ade tara madthiya, sakkat dumb idiya yaar anta feel agutte. #e0ea",harassment,Individual,Low,0.56,kannada
I just wanted to say you just dont get it ninige artha illa,insult,individual,medium,0.3,codemix
"Look, ninige simple vishaya kuda artha agalla",insult,individual,medium,0.3,codemix
"Iqvegxos, nee full die tara behave madthiya. #3297",threat,Individual,medium,0.58,bad_words
"Ceotiy, nee yen use illa ninna jothe re. #8cc9",insult,Individual,High,0.22,kannada
"People are tired of your idiot attitude, Mdjlsom. #4b2f",insult,Individual,high,0.65,bad_words
"Idaigmf, nee tumba thullu keya tara idiya maga. #df3a",sexual_harassment,Individual,medium,0.4,bad_words
naale 4gante canteen nalli meet aagona. #3652,neutral,Unknown,Low,0.03,kannada
"Cwnx, elli hogidaroo ade tara madthiya, total loser tara idiya anta feel agutte. #941f",harassment,Individual,Medium,0.51,kannada
"Gbhqyu, ivattu full sooley mode nalli idiya. #53c8",insult,Individual,low,0.48,bad_words
"Look, yaake nanna hinde bartiya",harassment,individual,medium,0.45,codemix
"Hey, dont interfere in this nin barbeda",aggression,individual,medium,0.55,codemix
"girls, we dont need people like you",hate,gender,medium,0.75,english
"Swdpjobc, you are such a ass in this group. #afbf",harassment,Individual,medium,0.57,bad_words
naale 4gante canteen nalli meet aagona. #1bfe,neutral,Individual,Low,0.01,kannada
project help madidakke thanks maga. #6e75,neutral,Group,Low,0.0,kannada
"Gyqwyddszm, nin darbesi nataka nodakke bore aaytu. #5c65",insult,Individual,high,0.76,bad_words
"Nodz, nee tumba soole maga tara idiya maga. #9946",harassment,Individual,high,0.46,bad_words
ivattu class full bore aaytu. #fa28,neutral,Group,Low,0.05,kannada
yavdru ivattu notes idre send maadu pls. #33a9,neutral,Group,Low,0.0,kannada
this is your last warning nodko period.,threat,individual,medium,0.82,codemix
"Matypybu, nee full haavu bro neenu tara behave madthiya. #99b9",harassment,Individual,medium,0.51,bad_words
Stop texting me again and again 🧨,harassment,individual,medium,0.55,emoji
yavdru ivattu notes idre send maadu pls. #02ef,neutral,Individual,Low,0.05,kannada
"network sakkath slow ide, once repeat maadu. #fae6",neutral,Unknown,Low,0.03,kannada
"Gyazen, a type jokes swalpa stop maadu, group nalli idu sari alla. #2adf",sexual_harassment,Individual,High,0.74,kannada
we dont like people like you nin tara beda right now.,hate,individual,medium,0.75,codemix
"Pdnobciuka, a tara photos haakbeda please, group nalli idu sari alla. #cd8a",sexual_harassment,Individual,High,0.93,kannada
"Actually, this will not end well for you ninige sari illa agutte without a doubt.",threat,individual,medium,0.82,codemix
"5 nimisha nalli join agthini, swalpa wait maadu. #4846",neutral,Individual,Low,0.0,kannada
ninige buddhi illa seriously for sure.,insult,individual,high,0.35,codemix
"Mbew, nee tumba irritating agthiya re re. #f003",insult,Individual,Medium,0.43,kannada
"Pmhmzo, you are such a go to hell in this group. #b27c",harassment,Individual,high,0.63,bad_words
this environment is stressful,toxicity,gender,medium,0.5,english
why are you messaging me again period.,harassment,individual,medium,0.45,english
"Gfazhgczte, nee yen use illa ninna jothe re. #78e1",insult,Individual,High,0.44,kannada
"Yella dina muttala maga tara mathadbeda, Rrnkcaplw. #f4ad",insult,Individual,high,0.66,bad_words
You keep tracking my activity 🔍,stalking,teacher,high,0.8,emoji
fest practice ge yar yar barthidira. #2ace,neutral,Group,Low,0.0,kannada
I think yaake nanna profile daily nodthiya,stalking,individual,medium,0.62,codemix
"Stop it, this chat is exhausting full headache immediately.",toxicity,individual,medium,0.5,codemix
"To be honest, this chat is exhausting full headache ... whatever.",toxicity,individual,medium,0.5,codemix
"People are tired of your transgender attitude, Tellpfl. #f79c",insult,Individual,medium,0.68,bad_words
Your kind is not welcome here 🐖,hate,individual,high,0.85,emoji
"Blqzm, elli hogidaroo ade tara madthiya, complete waste fellow anta feel agutte. #e81f",harassment,Individual,Medium,0.51,kannada
why are you watching my profile daily for real.,stalking,teacher,medium,0.62,english
"Idtyyrdp, nee tumba muttala tara idiya maga. #eddb",insult,Individual,medium,0.35,bad_words
"Caugwrsctd, yake everywhere message madthiya, idu stalking tara kanstide. #243c",cyberstalking,Individual,High,0.76,kannada
The project deadline is approaching. Thanks.,neutral,academic,medium,0.02,english
"Jkjxhbbd, nee tumba irritating agthiya re dude. #ff1e",insult,Individual,Medium,0.26,kannada
fest practice ge yar yar barthidira. #51c9,neutral,Group,Low,0.0,kannada
stop keeping tabs on me (no offense).,stalking,individual,low,0.57,english
"ninna presentation super aaytu, chennag ide. #3bb5",neutral,Individual,Low,0.04,kannada
neenu full dumb yaake heege period.,insult,individual,medium,0.3,codemix
"Seriously, stop getting involved nin barbeda",aggression,individual,medium,0.55,codemix
I just wanted to say dont annoy me nin irritate madbeda ... whatever.,aggression,individual,medium,0.55,codemix
"network sakkath slow ide, once repeat maadu. #ba3d",neutral,Group,Low,0.02,kannada
"naale 9 gante lab ge bartira, late agbeda. #745a",neutral,Group,Low,0.0,kannada
"Only a rubbish will spam the group like you, Pgyyoekf. #6670",insult,Individual,low,0.39,bad_words
attendance link haakbidu illi. #137b,neutral,Individual,Low,0.02,kannada
"Ivattu kooda sakath body tara act madtidya, Bvdogcl. #c787",insult,Individual,medium,0.41,bad_words
"Wcvbbecq, nee full time late bartiya re. #93f5",insult,Individual,Low,0.3,kannada
"gang, plan ge ivananna invite madbeda besseru, ivan illaadre better ansta. #a59a",exclusion,Group,Medium,0.34,kannada
"Cwiphyx, nee full monkey thara tara behave madthiya. #7c72",insult,Individual,medium,0.4,bad_words
"Honestly, yaake nanna hinde bartiya elladalli for real.",harassment,individual,medium,0.45,codemix
"Vlkbove, nee full time late bartiya re. #6001",insult,Individual,Low,0.31,kannada
"Zpzftgjw, elli hogidaroo ade tara madthiya, tumba irritating agthiya re anta feel agutte. #085d",harassment,Individual,High,0.76,kannada
"Yella dina ninna hendruna keya tara mathadbeda, Trywv. #992c",sexual_harassment,Individual,medium,0.42,bad_words
People like you are disgusting 🤮,hate,unknown,high,0.85,emoji
"Ehqeze, nee full time late bartiya re. #8bb6",insult,Individual,Low,0.27,kannada
"review okay aaytu, tension beda. #9880",neutral,Group,Low,0.0,kannada
"Okopttcdv, cheap comments madbeda ava bagge, group nalli idu sari alla. #06f1",sexual_harassment,Individual,Low,0.79,kannada
"5 nimisha nalli join agthini, swalpa wait maadu. #ea7f",neutral,Individual,Low,0.0,kannada
"Mxu, ava body bagge a tara mata beda, group nalli idu sari alla. #e9e1",sexual_harassment,Individual,Low,0.74,kannada
"Owtgzfhlz, elli hogidaroo ade tara madthiya, class nalli full time joker ne anta feel agutte. #c1b7",harassment,Individual,High,0.45,kannada
"Lkjcjya, elli hogidaroo ade tara madthiya, tumba disgusting behaviour anta feel agutte. #d6ed",harassment,Individual,Medium,0.76,kannada
"Zfnr, elli hogidaroo ade tara madthiya, tumba irritating agthiya re anta feel agutte. #5d38",harassment,Individual,High,0.79,kannada
pizza bekka biryani bekka decide maadi. #eaca,neutral,Individual,Low,0.0,kannada
neenu full dumb yaake heege,insult,individual,medium,0.3,codemix
"Jxrzol, next time barbeku anta helthini, swalpa limit nodu yaar. #712d",threat,Individual,Medium,0.81,kannada
"class grp, chat nalli ivnanna ide irboda anta ansta, ivan illaadre better ansta. #c4ec",exclusion,Group,Medium,0.21,kannada
"Honestly, we dont like people like you nin tara beda ... whatever.",hate,individual,medium,0.75,codemix
Stop following me everywhere 😐,stalking,academic,high,0.8,emoji
dont annoy me and it's sad.,aggression,individual,medium,0.55,english
"Apwdtnce, nee reply nodoke tumba time togondiya re. #248b",insult,Individual,Low,0.17,kannada
keep quiet please nin matadbeda,aggression,individual,medium,0.55,codemix
weekend ge yava movie nodona. #145e,neutral,Individual,Low,0.01,kannada
People like you are disgusting 🌈,hate,academic,high,0.85,emoji
"happy birthday, tumba olle varsha agli. #849f",neutral,Unknown,Low,0.0,kannada
"Seriously, this is between us only and it's annoying.",exclusion,individual,high,0.47,english
fest practice ge yar yar barthidira. #ba4c,neutral,Group,Low,0.0,kannada
naale 4gante canteen nalli meet aagona. #c3de,neutral,Individual,Low,0.0,kannada
"Nypbpcuw, elli hogidaroo ade tara madthiya, tumba irritating agthiya re anta feel agutte. #f067",harassment,Individual,Low,0.46,kannada
ivattu assignment submit maadbeku maga. #fb88,neutral,Group,Low,0.03,kannada
"Hubnj, yaaru kuda ninna joker thara nature ishta padalla. #7e77",insult,Individual,high,0.59,bad_words
Back off now 🐷,aggression,gender,low,0.55,emoji
dont test my patience,threat,academic,medium,0.82,english
"thinking, we dont want you in this discussion",exclusion,personal,medium,0.42,english
"Qyaujcmx, stop acting like a total sexy every day. #fb87",sexual_harassment,Individual,high,0.74,bad_words
"Dfkqde, elli hogidaroo ade tara madthiya, tumba disgusting behaviour anta feel agutte. #ac7e",harassment,Individual,Medium,0.54,kannada
this place feels unhealthy manasige sari illa,toxicity,individual,medium,0.5,codemix
"Seriously, this group has become so toxic ella negative agide !!!",toxicity,individual,medium,0.5,codemix
why are you always online when i come ninige gothagthide,stalking,individual,high,0.67,codemix
Stop following me everywhere 🤨,stalking,group,high,0.8,emoji
"Pdren, nee useless tara behave madthiya machaa. #cd5f",insult,Individual,Medium,0.31,kannada
"Hey, stop disturbing me during class",harassment,individual,medium,0.45,english
"Actually, your type should not be here",hate,individual,medium,0.75,codemix
"Look, go away from here for real.",aggression,appearance,medium,0.55,english
"Stop it, neenu hopeless yaake heege",insult,individual,medium,0.3,codemix
"Bzramtia, next time barbeku anta helthini, swalpa limit nodu yaar. #b23f",threat,Individual,High,0.8,kannada
You are not part of this team 😬,exclusion,individual,high,0.55,emoji
"5 nimisha nalli join agthini, swalpa wait maadu. #5ce9",neutral,Individual,Low,0.0,kannada
"all of you, your type always ruins things",hate,group,high,0.8,english
"Basically, stop forcing conversation without a doubt.",harassment,individual,medium,0.45,english
"personality, people like you are a headache",hate,personal,medium,0.75,english
ivattu assignment submit maadbeku maga. #48a8,neutral,Group,Low,0.04,kannada
why cant you just stop,harassment,individual,medium,0.45,english
People like you are disgusting 💩,hate,unknown,high,0.85,emoji
"Group nalli a tara ninna ammanakeya baribeda, Hsdlobtha. #3aa7",sexual_harassment,Individual,high,0.73,bad_words
"you all, we dont need people like you",hate,group,medium,0.75,english
"Honestly, you never get anything right for real.",insult,individual,high,0.35,english
Leave this group now 🤣,exclusion,individual,high,0.55,emoji
Did anyone finish the assignment? 📝,neutral,teacher,low,0.0,emoji
"habit, please remove yourself",exclusion,personal,medium,0.42,english
yavdru ivattu notes idre send maadu pls. #1833,neutral,Unknown,Low,0.04,kannada
"Group nalli a tara gaandu baribeda, Aurmuktn. #0a6a",insult,Individual,medium,0.54,bad_words
"Yame, nee yavattu serious agalla dude. #6a76",insult,Individual,Low,0.24,kannada
naale extra pen togond baa pls. #ba73,neutral,Unknown,Low,0.07,kannada
"Irwdixj, yake everywhere message madthiya, idu stalking tara kanstide. #1ea1",cyberstalking,Individual,Low,0.72,kannada
"This taking the piss behaviour is not okay, Bjrr. #75c4",harassment,Individual,medium,0.51,bad_words
It's obvious that dont push me beyond my limit !!!,threat,individual,medium,0.82,english
"Bftkqmoy, nee total loser tara idiya dude. #b7fc",insult,Individual,High,0.43,kannada
yavdru ivattu notes idre send maadu pls. #798e,neutral,Group,Low,0.06,kannada
"Hey, you cant escape from this ninige illa right now.",threat,individual,medium,0.82,codemix
"Hey, this chat is mentally draining",toxicity,group,medium,0.5,english
"Onwfe, nee reply nodoke tumba time togondiya re. #d33f",insult,Individual,Low,0.31,kannada
"Jdzd, nee reply nodoke tumba time togondiya dude. #4d88",insult,Individual,Low,0.33,kannada
"Mrtpcke, nee reply nodoke tumba time togondiya dude. #6d28",insult,Individual,Low,0.2,kannada
Your kind is not welcome here 🪰,hate,group,high,0.85,emoji
why do you always show up where i am and it's annoying.,stalking,individual,high,0.67,english
"In my opinion, mind your own business nin work nodko",aggression,individual,medium,0.55,codemix
"Apnupwcu, yake everywhere message madthiya, idu stalking tara kanstide. #5844",cyberstalking,Individual,Medium,0.62,kannada
"Urimrf, stop acting like a total butt every day. #05e2",harassment,Individual,medium,0.5,bad_words
ivattu class full bore aaytu. #f0c2,neutral,Group,Low,0.0,kannada
Your kind is not welcome here 🫥,hate,individual,high,0.85,emoji
"Dizuo, nin muka thika thara ide nataka nodakke bore aaytu. #8a79",harassment,Individual,low,0.68,bad_words
"Watngljvo, elli hogidaroo ade tara madthiya, yen use illa ninna jothe anta feel agutte. #0234",harassment,Individual,High,0.7,kannada
we dont like people like you nin tara beda,hate,individual,medium,0.75,codemix
exam tumba tough aaytu but somehow aaytu. #8511,neutral,Unknown,Low,0.02,kannada
"People are tired of your split tongue attitude, Basnvouukp. #55d4",insult,Individual,medium,0.68,bad_words
you are in serious trouble nodu,threat,individual,medium,0.82,codemix
Everyone here is awful 🙄,toxicity,individual,medium,0.4,emoji
You are not part of this team 🪰,exclusion,gender,high,0.55,emoji
"People are tired of your fair suck of the sav attitude, Uzemwzcbxc. #5c67",harassment,Individual,high,0.84,bad_words
"guys, i cant stand people like you",hate,gender,medium,0.75,english
attendance link haakbidu illi. #9dad,neutral,Individual,Low,0.0,kannada
"Only a dog will spam the group like you, Kzj. #c946",insult,Individual,medium,0.46,bad_words
Everyone knows dont overdo it,aggression,individual,high,0.6,english
"Xupmbfswtc, nee ivattu full lazy mode alli idiya machaa. #31f4",insult,Individual,Low,0.24,kannada
you dont need to be here right now.,exclusion,individual,medium,0.42,english
exam tumba tough aaytu but somehow aaytu. #2792,neutral,Unknown,Low,0.0,kannada
"In my opinion, why do you follow everything i do",stalking,individual,medium,0.62,english
"Only a bugger will spam the group like you, Wxeqdfv. #1871",insult,Individual,high,0.79,bad_words
It's obvious that you asked for it nin mistake !!!,threat,individual,medium,0.82,codemix
"People are tired of your lame attitude, Vxyqev. #b6b2",harassment,Individual,medium,0.7,bad_words
"face, this group is not for you",exclusion,group,medium,0.42,english
"review okay aaytu, tension beda. #e8ae",neutral,Unknown,Low,0.0,kannada
we didnt include you on purpose and it's sad.,exclusion,individual,medium,0.42,english
Everyone knows this group makes me uncomfortable ... whatever.,toxicity,individual,medium,0.5,codemix
ivattu assignment submit maadbeku maga. #9243,neutral,Group,Low,0.0,kannada
"Qtipogkx, nee ivattu full lazy mode alli idiya re. #dce9",insult,Individual,Low,0.24,kannada
This group is so toxic 🗡️,toxicity,teacher,medium,0.4,emoji
Your kind is not welcome here 🩸,hate,academic,high,0.85,emoji
Why do you keep messaging me 😡,harassment,academic,high,0.6,emoji
dont interfere in this nin barbeda immediately.,aggression,individual,medium,0.55,codemix
I just wanted to say dont push me beyond my limit serious agthide (no offense).,threat,individual,low,0.77,codemix
"Actually, this chat is exhausting full headache !!!",toxicity,individual,medium,0.5,codemix
"In my opinion, stop disturbing me nanige shanti beku and it's annoying.",harassment,individual,medium,0.45,codemix
"batch, ivnanna group nalli add madbeda, ivan illaadre better ansta. #76e4",exclusion,Group,Low,0.17,kannada
"To be honest, yaake nanna profile daily nodthiya",stalking,individual,medium,0.62,codemix
"Ninna not a loyal behavior nodi everyone frustrate agta idare, Jfb. #e173",harassment,Individual,medium,0.51,bad_words
"class grp, plan ge ivananna invite madbeda besseru, ivan illaadre better ansta. #9fc5",exclusion,Group,Low,0.38,kannada
"Rnnsg, nodu careful iru, illa problem agutte, swalpa limit nodu yaar. #c5d4",threat,Individual,High,0.91,kannada
"Rxlh, nin le niga nataka nodakke bore aaytu. #cbd0",harassment,Individual,medium,0.54,bad_words
"ninna presentation super aaytu, chennag ide. #bf0d",neutral,Unknown,Low,0.03,kannada
"Gju, elli hogidaroo ade tara madthiya, useless tara behave madthiya anta feel agutte. #4d4f",harassment,Individual,High,0.51,kannada
"Listen, stay in your limits please",aggression,individual,medium,0.55,codemix
you are everywhere i go nin follow madthiya so please stop.,stalking,individual,medium,0.62,codemix
"5 nimisha nalli join agthini, swalpa wait maadu. #c6ae",neutral,Group,Low,0.0,kannada
Nobody wants you here 💣,exclusion,gender,medium,0.5,emoji
"Mrqiwkp, nee full haavu bro neenu tara behave madthiya. #8371",harassment,Individual,medium,0.39,bad_words
stay out ninige sambhandha illa so please stop.,exclusion,individual,medium,0.42,codemix
ivattu assignment submit maadbeku maga. #6338,neutral,Group,Low,0.03,kannada
stop calling me bar bar don't you think?,harassment,individual,medium,0.45,codemix
"Vlxp, elli hogidaroo ade tara madthiya, sakkat dumb idiya yaar anta feel agutte. #54af",harassment,Individual,Medium,0.4,kannada
"Ovaxig, nee tumba irritating agthiya re machaa. #6685",insult,Individual,Medium,0.37,kannada
Everyone knows you asked for it,threat,individual,high,0.87,english
Get lost 😞,aggression,academic,low,0.55,emoji
"Actually, please remove yourself",exclusion,individual,medium,0.42,english
"Look, dont think this will go unnoticed",threat,appearance,medium,0.82,english
"In my opinion, stop irritating everyone immediately.",aggression,individual,high,0.6,english
"Ujwitumi, next time barbeku anta helthini, swalpa limit nodu yaar. #1c74",threat,Individual,Low,0.64,kannada
"Aoujltxtxc, elli hogidaroo ade tara madthiya, sakkat dumb idiya yaar anta feel agutte. #5bef",harassment,Individual,Medium,0.58,kannada
"Lbwws, nee tumba irritating agthiya re yaar. #1882",insult,Individual,Medium,0.17,kannada
ivattu assignment submit maadbeku maga. #d6ac,neutral,Unknown,Low,0.01,kannada
You are really dumb 🤮,insult,teacher,low,0.25,emoji
nininda headache agthide stop it period.,harassment,individual,medium,0.45,codemix
You are really dumb 📍,insult,academic,medium,0.3,emoji
"5 nimisha nalli join agthini, swalpa wait maadu. #8711",neutral,Unknown,Low,0.0,kannada
better you leave this group,exclusion,group,medium,0.42,english
"Group nalli a tara soolya maga baribeda, Dcr. #fbea",harassment,Individual,low,0.5,bad_words
fest practice ge yar yar barthidira. #75a4,neutral,Individual,Low,0.02,kannada
"team, plan ge ivananna invite madbeda besseru, ivan illaadre better ansta. #694b",exclusion,Group,High,0.43,kannada
It's obvious that this space is not safe mentally and everyone agrees.,toxicity,individual,high,0.55,codemix
"Stop it, stop messaging me yavaglu disturb madthiya and everyone agrees.",harassment,individual,high,0.5,codemix
Why do you keep messaging me 😬,harassment,group,medium,0.5,emoji
"Listen, back off right now without a doubt.",aggression,individual,medium,0.55,english
dont keep reminding me again and again so please stop.,harassment,individual,medium,0.45,english
ivattu class full bore aaytu. #9793,neutral,Individual,Low,0.06,kannada
Everyone knows why do you always show up where i am,stalking,individual,high,0.67,english
I just wanted to say this is embarrassing and it's sad.,insult,individual,medium,0.3,english
"Hey, why do you keep calling me",harassment,individual,medium,0.45,english
pizza bekka biryani bekka decide maadi. #a15f,neutral,Unknown,Low,0.0,kannada
Everyone knows shut up now,aggression,individual,high,0.6,english
"happy birthday, tumba olle varsha agli. #335e",neutral,Group,Low,0.0,kannada
shut up now sumne iru and it's annoying.,aggression,individual,medium,0.55,codemix
"naale 9 gante lab ge bartira, late agbeda. #6c78",neutral,Unknown,Low,0.0,kannada
ivattu assignment submit maadbeku maga. #c6ed,neutral,Group,Low,0.0,kannada
"thinking, stay out of my matters",aggression,personal,medium,0.55,english
"Scrmkcq, you are such a bugger in this group. #0cea",insult,Individual,medium,0.59,bad_words
"Listen, people here are very problematic right now.",toxicity,individual,medium,0.5,codemix
"Hey, this will not end well for you ninige sari illa agutte",threat,individual,medium,0.82,codemix
"Stop it, stop spamming me",harassment,individual,medium,0.45,english
naale extra pen togond baa pls. #a07d,neutral,Unknown,Low,0.03,kannada
"Gqyqbddczg, elli hogidaroo ade tara madthiya, tumba irritating agthiya re anta feel agutte. #a0c3",harassment,Individual,High,0.69,kannada
"Fqrmyxxqw, elli hogidaroo ade tara madthiya, tumba irritating agthiya re anta feel agutte. #d073",harassment,Individual,Medium,0.59,kannada
"Stop it, stop texting me every day",harassment,individual,medium,0.45,english
"Jazzwkgmek, elli hogidaroo ade tara madthiya, class nalli full time joker ne anta feel agutte. #6c3c",harassment,Individual,Low,0.67,kannada
"5 nimisha nalli join agthini, swalpa wait maadu. #7f7a",neutral,Individual,Low,0.0,kannada
Shut up already 🪰,aggression,teacher,medium,0.6,emoji
"Just so you know, stop calling me bar bar right now.",harassment,individual,medium,0.45,codemix
your type always ruins things nin tara jana beda - just my opinion.,hate,individual,high,0.8,codemix
weekend ge yava movie nodona. #4fad,neutral,Unknown,Low,0.03,kannada
weekend ge yava movie nodona. #8180,neutral,Individual,Low,0.02,kannada
"Basically, this group makes me uncomfortable don't you think?",toxicity,group,medium,0.5,english
attendance link haakbidu illi. #d314,neutral,Group,Low,0.0,kannada
this group makes me uncomfortable,toxicity,group,medium,0.5,english
"Ninna idiot thara behavior nodi everyone frustrate agta idare, Edccjm. #ffcd",insult,Individual,medium,0.66,bad_words
"Listen, why are you always online when i come ninige gothagthide immediately.",stalking,individual,high,0.67,codemix
"Vdj, nee full die tara behave madthiya. #0b8b",threat,Individual,high,0.5,bad_words
"Qjujirhkiv, elli hogidaroo ade tara madthiya, useless tara behave madthiya anta feel agutte. #86ca",harassment,Individual,High,0.59,kannada
"People are tired of your asshole attitude, Wzusqfr. #b8fa",insult,Individual,high,0.76,bad_words
"ninna presentation super aaytu, chennag ide. #69c6",neutral,Individual,Low,0.0,kannada
"happy birthday, tumba olle varsha agli. #1369",neutral,Unknown,Low,0.05,kannada
ivattu assignment submit maadbeku maga. #ce04,neutral,Group,Low,0.0,kannada
"Npfbbaleci, nee class nalli full time joker ne yaar. #f214",insult,Individual,Medium,0.31,kannada
"Ivattu kooda fake character tara act madtidya, Kqjk. #c004",harassment,Individual,medium,0.63,bad_words
dayavittu nanna bittu bidu - just my opinion.,harassment,individual,medium,0.45,codemix
Everyone here is awful 🧊,toxicity,appearance,medium,0.4,emoji
"In my opinion, this group makes me uncomfortable immediately.",toxicity,individual,medium,0.5,codemix
you will regret this later ninige gothagutte,threat,individual,medium,0.82,codemix
"This asshole behaviour is not okay, Kpzlkesd. #39bd",insult,Individual,high,0.67,bad_words
"Hey, this environment is really bad",toxicity,gender,medium,0.5,english
"team, plan ge ivananna invite madbeda besseru, ivan illaadre better ansta. #e47d",exclusion,Group,Medium,0.46,kannada
"Urrt, nee sakkat dumb idiya yaar re. #49d3",insult,Individual,Medium,0.28,kannada
"skin, you are hopeless",insult,appearance,medium,0.3,english
"Adycu, nee complete waste fellow dude. #fbca",insult,Individual,High,0.24,kannada
you are in serious trouble,threat,individual,medium,0.82,english
Everyone here is awful 💩,toxicity,gender,medium,0.4,emoji
"Ipkn, elli hogidaroo ade tara madthiya, useless tara behave madthiya anta feel agutte. #516a",harassment,Individual,Low,0.36,kannada
"Yrx, nee full sakath body tara behave madthiya. #d15e",harassment,Individual,medium,0.38,bad_words
"Look, your kind is not welcome here immediately.",hate,appearance,medium,0.75,english
"Hpumy, nin nimavvan nataka nodakke bore aaytu. #5a8b",harassment,Individual,medium,0.47,bad_words
"Qxuxaxnzs, ivattu full gandu mode nalli idiya. #b125",insult,Individual,high,0.77,bad_words
"Honestly, we dont need people like you",hate,individual,medium,0.75,codemix
"Honestly, nin illade better agide",exclusion,individual,medium,0.42,codemix
Your kind is not welcome here ⛔,hate,unknown,high,0.85,emoji
You never understand anything 🕵️,insult,appearance,low,0.25,emoji
"Ijobioxaou, nee full idiot thara tara behave madthiya. #9abc",insult,Individual,medium,0.47,bad_words
"network sakkath slow ide, once repeat maadu. #2a7c",neutral,Group,Low,0.02,kannada
"Only a sexy will spam the group like you, Hnte. #710c",sexual_harassment,Individual,low,0.43,bad_words
"Drdvncuf, nee complete waste fellow machaa. #7ba9",insult,Individual,High,0.36,kannada
"Actually, you keep irritating me daily",harassment,individual,medium,0.45,english
"Just so you know, you cant escape from this ninige illa for real.",threat,individual,medium,0.82,codemix
Everyone knows this space is not safe mentally,toxicity,individual,medium,0.5,codemix
"Jfw, you are such a naked in this group. #ad5b",sexual_harassment,Individual,low,0.48,bad_words
"Vrxsi, sir ge complaint haakthini nodu, swalpa limit nodu yaar. #3358",threat,Individual,High,0.76,kannada
"gang, plan ge ivananna invite madbeda besseru, ivan illaadre better ansta. #b4cb",exclusion,Group,Medium,0.23,kannada
pizza bekka biryani bekka decide maadi. #b22d,neutral,Unknown,Low,0.06,kannada
attendance link haakbidu illi. #272f,neutral,Individual,Low,0.03,kannada
"This dirty fellow behaviour is not okay, Mjgfg. #8d02",insult,Individual,medium,0.43,bad_words
"In my opinion, this space is not safe mentally",toxicity,gender,medium,0.5,english
ivattu class full bore aaytu. #b9cf,neutral,Individual,Low,0.0,kannada
ivattu class full bore aaytu. #e3eb,neutral,Individual,Low,0.0,kannada
exam tumba tough aaytu but somehow aaytu. #1459,neutral,Unknown,Low,0.0,kannada
"Honestly, why do you always show up where i am",stalking,individual,high,0.67,codemix
"ninna presentation super aaytu, chennag ide. #c15d",neutral,Unknown,Low,0.0,kannada
please remove yourself nin hogu for real.,exclusion,individual,medium,0.42,codemix
"Ivattu kooda saayi tara act madtidya, Pqogykcbek. #1136",threat,Individual,high,0.79,bad_words
Everyone here is awful 👀,toxicity,gender,medium,0.4,emoji
"Dwwygdpot, nee reply nodoke tumba time togondiya yaar. #e810",insult,Individual,Low,0.14,kannada
"Mvma, elli hogidaroo ade tara madthiya, tumba disgusting behaviour anta feel agutte. #d656",harassment,Individual,Medium,0.63,kannada
Shut up already 📛,aggression,appearance,medium,0.6,emoji
"Only a dog will spam the group like you, Whn. #356b",insult,Individual,high,0.59,bad_words
"In my opinion, why are you watching me silently - just my opinion.",stalking,individual,medium,0.62,english
"Yella dina shaata hari tara mathadbeda, Ihbv. #633a",insult,Individual,high,0.62,bad_words
"Pwnhoges, you are such a pussy in this group. #c6e1",sexual_harassment,Individual,high,0.7,bad_words
"People are tired of your butthead attitude, Mxvmxcznw. #236a",harassment,Individual,medium,0.7,bad_words
"Ufqqakaz, nee sakkat dumb idiya yaar dude. #1238",insult,Individual,Medium,0.44,kannada
"unfollow, you are in serious trouble",threat,social,medium,0.82,english
"Yella dina thotti tara mathadbeda, Ktzzyrqraz. #a9a8",insult,Individual,high,0.44,bad_words
"Only a son of bitch will spam the group like you, Cwfcauy. #c299",insult,Individual,high,0.6,bad_words
dont interfere in this nin barbeda for real.,aggression,individual,medium,0.55,codemix
dont interfere in this nin barbeda and it's annoying.,aggression,individual,medium,0.55,codemix
Get lost 🖕,aggression,appearance,low,0.6,emoji
"network sakkath slow ide, once repeat maadu. #76c0",neutral,Individual,Low,0.0,kannada
naale 4gante canteen nalli meet aagona. #a2df,neutral,Group,Low,0.04,kannada
"Yella dina kall maga tara mathadbeda, Kwxmc. #273c",insult,Individual,high,0.62,bad_words
"In my opinion, you always ruin everything nininda problem period.",insult,individual,high,0.35,codemix
"mentality, we dont want you in this discussion",exclusion,gender,medium,0.42,english
"ninna presentation super aaytu, chennag ide. #f9db",neutral,Individual,Low,0.0,kannada
"Cejkxlgdfw, sir ge complaint haakthini nodu, swalpa limit nodu yaar. #f97a",threat,Individual,High,0.89,kannada
You will regret this 😠,threat,academic,high,0.95,emoji
"Zgqjdrjmp, stop acting like a total bollocks every day. #0f47",insult,Individual,high,0.6,bad_words
stop spamming me,harassment,individual,medium,0.45,english
Leave me alone already ⚡,harassment,appearance,medium,0.5,emoji
"Stop it, you are not invited nin beka illa immediately.",exclusion,individual,medium,0.42,codemix
ninige buddhi illa seriously don't you think?,insult,individual,high,0.35,codemix
"Group nalli ee sakath body attitude beda, Ncivb. #7f05",harassment,Individual,medium,0.7,bad_words
"To be honest, stop talking nonsense",aggression,individual,medium,0.55,english
do you even understand anything and it's sad.,insult,individual,medium,0.3,english
Back off now 😹,aggression,individual,low,0.55,emoji
"5 nimisha nalli join agthini, swalpa wait maadu. #9e00",neutral,Group,Low,0.0,kannada
ninige common sense illa !!!,insult,individual,medium,0.3,codemix
"This asswipe behaviour is not okay, Bcvf. #793a",insult,Individual,low,0.63,bad_words
"Hey, why do you keep observing me",stalking,individual,medium,0.62,codemix
"happy birthday, tumba olle varsha agli. #62f4",neutral,Group,Low,0.0,kannada
"review okay aaytu, tension beda. #e962",neutral,Group,Low,0.0,kannada
"team, plan ge ivananna invite madbeda besseru, ivan illaadre better ansta. #ec63",exclusion,Group,Low,0.42,kannada
"team, chat nalli ivnanna ide irboda anta ansta, ivan illaadre better ansta. #cf07",exclusion,Group,Medium,0.28,kannada
"Ivattu kooda saayi tara act madtidya, Tkuinbh. #b85c",threat,Individual,medium,0.37,bad_words
"Seriously, this group is too negative and it's annoying.",toxicity,individual,medium,0.5,codemix
"Vufkl, elli hogidaroo ade tara madthiya, complete waste fellow anta feel agutte. #1f0a",harassment,Individual,Low,0.58,kannada
"happy birthday, tumba olle varsha agli. #2326",neutral,Individual,Low,0.0,kannada
It's obvious that you just dont get it ninige artha illa without a doubt.,insult,individual,medium,0.3,codemix
"Yella dina kembatti tara mathadbeda, Iaqjzikc. #08ac",insult,Individual,medium,0.5,bad_words
"To be honest, leave me alone seriously",harassment,individual,high,0.5,english
"Azbgjkye, nee useless tara behave madthiya re. #9d24",insult,Individual,Medium,0.33,kannada
"network sakkath slow ide, once repeat maadu. #6d23",neutral,Individual,Low,0.0,kannada
"This fag behaviour is not okay, Geq. #f1a5",insult,Individual,medium,0.38,bad_words
"Mmi, elli hogidaroo ade tara madthiya, useless tara behave madthiya anta feel agutte. #ba66",harassment,Individual,Medium,0.47,kannada
"Bprphakv, yake everywhere message madthiya, idu stalking tara kanstide. #5d6c",cyberstalking,Individual,High,0.79,kannada
People like you are disgusting 🐮,hate,unknown,high,0.85,emoji
"Only a bugger will spam the group like you, Csedj. #7cb7",insult,Individual,medium,0.72,bad_words
"Seriously, i will complain about you",threat,individual,high,0.87,english
"Gcdliyvh, nee sakkat dumb idiya yaar dude. #2e2f",insult,Individual,Medium,0.43,kannada
Get lost 🫥,aggression,group,medium,0.6,emoji
You will regret this ⛔,threat,group,high,0.95,emoji
"Acenw, nee total loser tara idiya machaa. #1534",insult,Individual,High,0.23,kannada
everyone laughs at you,insult,individual,high,0.35,english
this chat ruins my mood and it's sad.,toxicity,group,medium,0.5,english
"Ivattu kooda monkey thara tara act madtidya, Ytyhqs. #6fe5",insult,Individual,medium,0.48,bad_words
"network sakkath slow ide, once repeat maadu. #4dce",neutral,Individual,Low,0.0,kannada
"gang, ivananna group inda remove maadona, ivan illaadre better ansta. #5140",exclusion,Group,Medium,0.26,kannada
Everyone here is awful 🤨,toxicity,unknown,low,0.35,emoji
"Jzhe, yaaru kuda ninna monkey thara nature ishta padalla. #68d8",insult,Individual,medium,0.71,bad_words
"Duwlpcuox, nee complete waste fellow re. #f852",insult,Individual,High,0.4,kannada
Your kind is not welcome here 🤮,hate,individual,high,0.85,emoji
yavdru ivattu notes idre send maadu pls. #fc2e,neutral,Group,Low,0.01,kannada
"Qdvo, nee tumba irritating agthiya re machaa. #1653",insult,Individual,Medium,0.38,kannada
"Just so you know, your type should not be here",hate,individual,medium,0.75,codemix
"Hey, Let's work together on this.",neutral,unknown,medium,0.02,english
project help madidakke thanks maga. #5e38,neutral,Individual,Low,0.0,kannada
"Tqg, nee tumba bosodike tara idiya maga. #95ca",insult,Individual,medium,0.66,bad_words
yaaru naalege PPT madthare helri. #aa5d,neutral,Group,Low,0.0,kannada
naale extra pen togond baa pls. #1edd,neutral,Individual,Low,0.0,kannada
"Euoxay, yake everywhere message madthiya, idu stalking tara kanstide. #ea50",cyberstalking,Individual,Medium,0.44,kannada
"Yqahw, nin sucide nataka nodakke bore aaytu. #3cf9",threat,Individual,medium,0.43,bad_words
"thinking, why are you always online when i come",stalking,personal,high,0.67,english
Everyone here is awful 😒,toxicity,individual,low,0.35,emoji
That was a stupid answer 🪰,insult,gender,medium,0.3,emoji
"Sxbqml, nee full dove rani tara behave madthiya. #6a1b",harassment,Individual,high,0.5,bad_words
"Aop, nee tumba disgusting behaviour machaa. #c17c",insult,Individual,High,0.35,kannada
Wait and see what happens to you 😏,threat,group,high,0.95,emoji
"Gvsall, nee tumba irritating agthiya re yaar. #a8eb",insult,Individual,Medium,0.32,kannada
"gang, chat nalli ivnanna ide irboda anta ansta, ivan illaadre better ansta. #8dd3",exclusion,Group,Low,0.26,kannada
I think we already decided nin illade,exclusion,individual,medium,0.42,codemix
"Ivattu kooda sakath body tara act madtidya, Egiysfj. #0d7d",harassment,Individual,low,0.41,bad_words
"Hjfwqgd, nee full fake character tara behave madthiya. #0388",harassment,Individual,low,0.46,bad_words
"Honestly, this place feels suffocating don't you think?",toxicity,individual,medium,0.5,english
"Fwi, elli hogidaroo ade tara madthiya, sakkat dumb idiya yaar anta feel agutte. #3677",harassment,Individual,Medium,0.68,kannada
"status, keep quiet please",aggression,social,medium,0.55,english
we dont need people like you immediately.,hate,individual,medium,0.75,english
Why are you always watching me 👀,stalking,teacher,high,0.8,emoji
"Group nalli a tara not a loyal baribeda, Khawtrkbpz. #d3e0",harassment,Individual,low,0.36,bad_words
Leave this group now 🐋,exclusion,academic,medium,0.45,emoji
"Edkls, nee ivattu full lazy mode alli idiya dude. #7100",insult,Individual,Low,0.14,kannada
ninne function photos share maadu. #b8b9,neutral,Unknown,Low,0.0,kannada
"Poql, sir ge complaint haakthini nodu, swalpa limit nodu yaar. #2dab",threat,Individual,Medium,0.68,kannada
People like you are disgusting 😂,hate,academic,high,0.85,emoji
"friends, stop getting involved",aggression,social,medium,0.55,english
"Mhokzuao, nee full dove rani tara behave madthiya. #59cc",harassment,Individual,medium,0.56,bad_words
"People are tired of your duffer attitude, Ilxtknw. #5349",insult,Individual,medium,0.54,bad_words
Everyone here is awful 🕷️,toxicity,unknown,low,0.35,emoji
"network sakkath slow ide, once repeat maadu. #cf42",neutral,Unknown,Low,0.0,kannada
"Stop it, yaake nanna hinde bartiya immediately.",harassment,individual,medium,0.45,codemix
"Wmbzhgqv, nee tumba disgusting behaviour dude. #b95e",insult,Individual,High,0.39,kannada
"Zfprpgaj, nee tumba disgusting behaviour dude. #4e03",insult,Individual,High,0.46,kannada
It's obvious that your type always ruins things immediately.,hate,individual,high,0.8,english
neenu hopeless yaake heege for sure.,insult,individual,medium,0.3,codemix
"Wcf, nee useless tara behave madthiya dude. #6357",insult,Individual,Medium,0.24,kannada
"Duztx, elli hogidaroo ade tara madthiya, total loser tara idiya anta feel agutte. #2e50",harassment,Individual,Low,0.39,kannada
"In my opinion, we are tired of people like you",hate,individual,medium,0.75,english
"Kjsgd, nee tumba bosodina tara idiya maga. #ad49",harassment,Individual,medium,0.43,bad_words
"Odso, nodu careful iru, illa problem agutte, swalpa limit nodu yaar. #cd65",threat,Individual,Medium,0.69,kannada
Your kind is not welcome here 💀,hate,gender,high,0.9,emoji
"Ninna sexy bro behavior nodi everyone frustrate agta idare, Tvh. #e03b",sexual_harassment,Individual,medium,0.47,bad_words
"Seriously, stop getting involved nin barbeda immediately.",aggression,individual,medium,0.55,codemix
It's obvious that just wait and watch ninige lesson sigutte and everyone agrees.,threat,individual,high,0.87,codemix
"happy birthday, tumba olle varsha agli. #bfc7",neutral,Unknown,Low,0.01,kannada
"Iis, elli hogidaroo ade tara madthiya, sakkat dumb idiya yaar anta feel agutte. #57b6",harassment,Individual,Medium,0.64,kannada
"This fuck behaviour is not okay, Dxmxdz. #9796",harassment,Individual,medium,0.66,bad_words
"madam, why are you checking my last seen",stalking,teacher,medium,0.62,english
"ninna presentation super aaytu, chennag ide. #35d3",neutral,Unknown,Low,0.0,kannada
Nice explanation today 📚,neutral,academic,low,0.0,emoji
"Veney, elli hogidaroo ade tara madthiya, tumba disgusting behaviour anta feel agutte. #60be",harassment,Individual,Medium,0.55,kannada
"Jmy, you are such a bastard in this group. #d8ed",insult,Individual,medium,0.55,bad_words
"In my opinion, dont push me beyond my limit !!!",threat,individual,medium,0.82,english
I just wanted to say we already decided nin illade,exclusion,individual,medium,0.42,codemix
"People are tired of your asswipe attitude, Voayxbxwj. #64fa",insult,Individual,high,0.59,bad_words
"Qzbt, nee class nalli full time joker ne dude. #36ef",insult,Individual,Medium,0.31,kannada
"In my opinion, you will suffer for this immediately.",threat,individual,medium,0.82,english
"happy birthday, tumba olle varsha agli. #cee6",neutral,Group,Low,0.01,kannada
this will not end well for you ninige sari illa agutte don't you think?,threat,individual,medium,0.82,codemix
"Ivattu kooda cry baby tara act madtidya, Dcrca. #181e",harassment,Individual,medium,0.53,bad_words
"Jvro, elli hogidaroo ade tara madthiya, useless tara behave madthiya anta feel agutte. #12ed",harassment,Individual,High,0.43,kannada
"Hey, this group ninige alla",exclusion,individual,medium,0.42,codemix
"review okay aaytu, tension beda. #f580",neutral,Unknown,Low,0.0,kannada
"Yella dina ninna thullu keya maga tara mathadbeda, Zytii. #40a6",sexual_harassment,Individual,medium,0.7,bad_words
I just wanted to say i will complain about you sir ge helthini right now.,threat,individual,medium,0.82,codemix
your kind spoils the environment ... whatever.,hate,individual,medium,0.75,codemix
"Ninna sexy bro behavior nodi everyone frustrate agta idare, Zhyvv. #8842",sexual_harassment,Individual,medium,0.47,bad_words
"Only a cock-socker will spam the group like you, Viulbdywhd. #8b36",sexual_harassment,Individual,medium,0.74,bad_words
"Qgnej, nin saayi madthiya maga nataka nodakke bore aaytu. #5868",threat,Individual,low,0.33,bad_words
"Seriously, stop talking rubbish and it's annoying.",insult,individual,high,0.35,english
"Basically, are you mad or what ninige artha illa",insult,individual,medium,0.3,codemix
"dp, why do you keep calling me",harassment,social,medium,0.45,english
fest practice ge yar yar barthidira. #fb9f,neutral,Group,Low,0.0,kannada
"Seriously, this place feels unhealthy manasige sari illa right now.",toxicity,individual,medium,0.5,codemix
"happy birthday, tumba olle varsha agli. #8338",neutral,Unknown,Low,0.04,kannada
"Honestly, we dont want you nin beka illa without a doubt.",exclusion,individual,medium,0.42,codemix
"Seriously, nin iddare delay agthide so please stop.",exclusion,individual,medium,0.42,codemix
back off right now,aggression,individual,medium,0.55,english
"This bloody hell behaviour is not okay, Brc. #77f8",harassment,Individual,medium,0.55,bad_words
"Stop it, shut up now",aggression,individual,medium,0.55,english
this group is not for you don't you think?,exclusion,group,medium,0.42,english
"In my opinion, you will regret this later ninige gothagutte",threat,individual,medium,0.82,codemix
"Honestly, use your brain swalpa right now.",insult,individual,medium,0.3,codemix
I just wanted to say you are acting childish for sure.,insult,individual,medium,0.3,english
exam tumba tough aaytu but somehow aaytu. #1ddb,neutral,Unknown,Low,0.02,kannada
"Yella dina thale kettide maga tara mathadbeda, Xcjrvuy. #c45f",harassment,Individual,medium,0.39,bad_words
Can someone share the notes from today??,neutral,academic,medium,0.02,english
It's obvious that stay out ninige sambhandha illa without a doubt.,exclusion,individual,medium,0.42,codemix
"Seriously, stop getting involved immediately.",aggression,individual,high,0.6,english
naale extra pen togond baa pls. #f9a7,neutral,Unknown,Low,0.06,kannada
Good morning everyone ✨,neutral,group,low,0.0,emoji
"Auirw, elli hogidaroo ade tara madthiya, yen use illa ninna jothe anta feel agutte. #9e31",harassment,Individual,High,0.58,kannada
"This wanker behaviour is not okay, Uqgnyqnt. #fc5e",sexual_harassment,Individual,high,0.78,bad_words
you will suffer for this,threat,individual,medium,0.82,english
"Ninna cry baby behavior nodi everyone frustrate agta idare, Rqu. #d691",sexual_harassment,Individual,low,0.48,bad_words
"Ninna sucide behavior nodi everyone frustrate agta idare, Bsihndsirg. #e0be",threat,Individual,medium,0.55,bad_words
yavdru ivattu notes idre send maadu pls. #492b,neutral,Individual,Low,0.03,kannada
fest practice ge yar yar barthidira. #8f7b,neutral,Individual,Low,0.04,kannada
ivattu class full bore aaytu. #66f4,neutral,Individual,Low,0.05,kannada
"Stop it, there is too much negativity here and it's annoying.",toxicity,individual,medium,0.5,english
fest practice ge yar yar barthidira. #a637,neutral,Unknown,Low,0.0,kannada
"Ninna sakath body behavior nodi everyone frustrate agta idare, Kcvo. #78fd",harassment,Individual,high,0.49,bad_words
"Boilcod, ella platform nalli follow madbeda please, idu stalking tara kanstide. #a656",cyberstalking,Individual,Low,0.75,kannada
you sound really stupid don't you think?,insult,individual,medium,0.3,english
Shut up already 🧊,aggression,individual,medium,0.6,emoji
"guys, ivnanna group nalli add madbeda, ivan illaadre better ansta. #cef5",exclusion,Group,Low,0.28,kannada
"5 nimisha nalli join agthini, swalpa wait maadu. #87fd",neutral,Individual,Low,0.0,kannada
"Cci, next time barbeku anta helthini, swalpa limit nodu yaar. #f859",threat,Individual,High,1.0,kannada
you always talk nonsense (no offense).,insult,individual,high,0.35,english
yavdru ivattu notes idre send maadu pls. #cbf2,neutral,Unknown,Low,0.07,kannada
"Vmqnnosrt, nee sakkat dumb idiya yaar machaa. #3b7c",insult,Individual,Medium,0.45,kannada
"offline, people like you never change",hate,social,high,0.8,english
this chat is exhausting full headache !!!,toxicity,individual,medium,0.5,codemix
It's obvious that dont cross the line,aggression,individual,medium,0.55,english
naale 4gante canteen nalli meet aagona. #1423,neutral,Unknown,Low,0.06,kannada
"Rcrkdhh, nee yen use illa ninna jothe yaar. #ac5c",insult,Individual,High,0.35,kannada
"Look, everyone laughs at you don't you think?",insult,appearance,high,0.35,english
"Para, nee reply nodoke tumba time togondiya machaa. #c1b5",insult,Individual,Low,0.24,kannada
we already decided nin illade !!!,exclusion,individual,medium,0.42,codemix
i will complain about you sir ge helthini - just my opinion.,threat,individual,medium,0.82,codemix
weekend ge yava movie nodona. #5e06,neutral,Individual,Low,0.0,kannada
"grade, dont start with me",aggression,academic,medium,0.55,english
Why are you always watching me 🤬,stalking,group,high,0.8,emoji
"Only a nigga will spam the group like you, Hfrzxalx. #d400",harassment,Individual,low,0.35,bad_words
"This wanker behaviour is not okay, Jmwba. #3cc9",sexual_harassment,Individual,low,0.3,bad_words
"Vptilu, nee reply nodoke tumba time togondiya dude. #b107",insult,Individual,Low,0.28,kannada
I think you are everywhere i go nin follow madthiya ... whatever.,stalking,individual,medium,0.62,codemix
"Iddxr, nee tumba irritating agthiya re re. #5ee4",insult,Individual,Medium,0.41,kannada
"Listen, we dont like people like you nin tara beda and it's sad.",hate,individual,medium,0.75,codemix
"Fxgjq, elli hogidaroo ade tara madthiya, class nalli full time joker ne anta feel agutte. #e3ce",harassment,Individual,High,0.61,kannada
"People are tired of your go to hell attitude, Nvmlzewx. #cc47",harassment,Individual,medium,0.6,bad_words
fest practice ge yar yar barthidira. #717e,neutral,Group,Low,0.0,kannada
"Yuwfzau, cheap comments madbeda ava bagge, group nalli idu sari alla. #0fde",sexual_harassment,Individual,Medium,0.84,kannada
"Tub, nee sakkat dumb idiya yaar re. #5a3c",insult,Individual,Medium,0.24,kannada
you mess up everything,insult,individual,medium,0.3,english
"Cqygigo, nee sakkat dumb idiya yaar machaa. #d9c1",insult,Individual,Medium,0.23,kannada
"Ninna saayi behavior nodi everyone frustrate agta idare, Bmgyctdhqn. #467f",threat,Individual,medium,0.4,bad_words
naale 4gante canteen nalli meet aagona. #dc08,neutral,Group,Low,0.01,kannada
"Hey, this place is full of nonsense for real.",toxicity,individual,medium,0.5,english
"Seriously, why do you see my story every time nin follow madthiya and it's annoying.",stalking,individual,medium,0.62,codemix
leave me alone nanige disturb beda so please stop.,harassment,individual,medium,0.45,codemix
You keep tracking my activity 💢,stalking,academic,high,0.8,emoji
"5 nimisha nalli join agthini, swalpa wait maadu. #6d63",neutral,Unknown,Low,0.0,kannada
stop irritating everyone (no offense).,aggression,individual,high,0.6,english
"People are tired of your cock-socker attitude, Xkdlhidxn. #f52c",sexual_harassment,Individual,medium,0.67,bad_words
"Htdwhm, nee total loser tara idiya machaa. #c273",insult,Individual,High,0.34,kannada
"Actually, this is your last warning nodko",threat,individual,medium,0.82,codemix
"Vupjnpj, ivattu full thullu keya mode nalli idiya. #9b3b",sexual_harassment,Individual,low,0.44,bad_words
your kind is unwanted here and it's annoying.,hate,individual,medium,0.75,english
"Hxjxi, elli hogidaroo ade tara madthiya, total loser tara idiya anta feel agutte. #8123",harassment,Individual,High,0.55,kannada
"This bitch behaviour is not okay, Kkusivog. #c319",insult,Individual,low,0.32,bad_words
"In my opinion, why are you always in my dm ninige kelbeda",harassment,individual,high,0.5,codemix
"Devbnyey, nee yen use illa ninna jothe dude. #0110",insult,Individual,High,0.33,kannada
"Guajvalz, nee yavattu serious agalla re. #49e7",insult,Individual,Low,0.33,kannada
Wait and see what happens to you 🧨,threat,teacher,high,1.0,emoji
"This twat behaviour is not okay, Hhxnxrr. #6920",sexual_harassment,Individual,low,0.53,bad_words
"Hey, stop tracking my activity nanige gothagthide period.",stalking,individual,medium,0.62,codemix
"guys, ivananna group inda remove maadona, ivan illaadre better ansta. #d2f0",exclusion,Group,Low,0.16,kannada
this chat is exhausting ... whatever.,toxicity,group,medium,0.5,english
"looks weird, dont start with me",aggression,appearance,medium,0.55,english
"guys, ivananna group inda remove maadona, ivan illaadre better ansta. #a87f",exclusion,Group,Medium,0.28,kannada
"approach, this chat is mentally draining",toxicity,group,medium,0.5,english
"To be honest, use your brain once",insult,individual,medium,0.3,english
"Ninna sakath body behavior nodi everyone frustrate agta idare, Fcmc. #d81d",harassment,Individual,high,0.71,bad_words
Get lost ⛔,aggression,unknown,medium,0.6,emoji
"Fdoz, nee yen use illa ninna jothe machaa. #b6a4",insult,Individual,High,0.31,kannada
this environment is stressful right now.,toxicity,individual,medium,0.5,codemix
you will pay for what you did and it's sad.,threat,individual,medium,0.82,codemix
"5 nimisha nalli join agthini, swalpa wait maadu. #0e23",neutral,Group,Low,0.0,kannada
you will regret this later,threat,individual,medium,0.82,english
"Oikpa, nee tumba boli magane tara idiya maga. #4c33",insult,Individual,high,0.44,bad_words
"Hey, The project deadline is approaching.",neutral,academic,medium,0.02,english
"Odsw, nodu careful iru, illa problem agutte, swalpa limit nodu yaar. #8e08",threat,Individual,High,0.84,kannada
"Just so you know, stop stalking me nanige beda",stalking,individual,medium,0.62,codemix
project help madidakke thanks maga. #a52c,neutral,Group,Low,0.0,kannada
"Actually, please remove yourself nin hogu immediately.",exclusion,individual,medium,0.42,codemix
"Hey, ninige maturity illa grow up for sure.",insult,individual,medium,0.3,codemix
"Kdb, stop acting like a total loser every day. #bdc2",insult,Individual,medium,0.54,bad_words
"Just so you know, stop talking nonsense nin matu beda for sure.",aggression,individual,medium,0.55,codemix
you sound really stupid nin mathu nodi,insult,individual,medium,0.3,codemix
this chat is exhausting full headache and it's sad.,toxicity,individual,medium,0.5,codemix
"In my opinion, you are everywhere i go nin follow madthiya",stalking,individual,medium,0.62,codemix
"Iklhrx, nee ivattu full lazy mode alli idiya re. #c60c",insult,Individual,Low,0.08,kannada
remember this moment ninige gothagutte (no offense).,threat,individual,low,0.77,codemix
why do you see my story every time ... whatever.,stalking,social,medium,0.62,english
control yourself swalpa and everyone agrees.,aggression,individual,high,0.6,codemix
"Hey, why do you remember my timings",stalking,individual,medium,0.62,english
"gang, plan ge ivananna invite madbeda besseru, ivan illaadre better ansta. #cbe3",exclusion,Group,High,0.38,kannada
"Group nalli a tara bakra baribeda, Yanl. #692a",sexual_harassment,Individual,medium,0.65,bad_words
"Actually, people here spread negativity",toxicity,group,medium,0.5,english
"Jcmml, you are such a split tongue in this group. #8f0c",insult,Individual,medium,0.65,bad_words
"Ymfyohlax, you are such a sexy in this group. #9438",sexual_harassment,Individual,medium,0.74,bad_words
"Ilqqk, stop acting like a total dirty fellow every day. #8c9f",insult,Individual,medium,0.54,bad_words
"Edmlxmod, you are such a dirty fellow in this group. #50fd",insult,Individual,medium,0.5,bad_words
Why are you always watching me 🧨,stalking,teacher,high,0.85,emoji
"female students, dont act smart here",aggression,gender,medium,0.55,english
"Group nalli ee sucide attitude beda, Vybnxkaai. #3aec",threat,Individual,medium,0.51,bad_words
weekend ge yava movie nodona. #9148,neutral,Unknown,Low,0.0,kannada
"Nwccbo, nin shaata hari nataka nodakke bore aaytu. #d27f",insult,Individual,high,0.47,bad_words
Nobody wants you here 💔,exclusion,appearance,medium,0.45,emoji
"Actually, this group has become so toxic ella negative agide without a doubt.",toxicity,individual,medium,0.5,codemix
Everyone knows nin iddare problem agthide,exclusion,individual,medium,0.42,codemix
"naale 9 gante lab ge bartira, late agbeda. #d15a",neutral,Individual,Low,0.0,kannada
weekend ge yava movie nodona. #23ac,neutral,Unknown,Low,0.02,kannada
Is there any update on the results? Thanks.,neutral,academic,medium,0.02,english
"Snzlpe, stop acting like a total bloddy hell every day. #67fc",harassment,Individual,high,0.61,bad_words
"Amygg, nee full dove rani tara behave madthiya. #fb5b",harassment,Individual,medium,0.52,bad_words
It's obvious that this environment is stressful,toxicity,individual,medium,0.5,codemix
"Ninna monkey thara behavior nodi everyone frustrate agta idare, Jebs. #36e4",insult,Individual,medium,0.64,bad_words
control yourself for real.,aggression,individual,medium,0.55,english
"Only a cock-socker will spam the group like you, Zijlrym. #1041",sexual_harassment,Individual,high,0.48,bad_words
"Azveye, nee useless tara behave madthiya re. #49c0",insult,Individual,Medium,0.43,kannada
ivattu class full bore aaytu. #74b9,neutral,Individual,Low,0.0,kannada
"Pvoetj, nee tumba irritating agthiya re re. #d8e0",insult,Individual,Medium,0.21,kannada
"Fblytewy, yaaru kuda ninna idiot thara nature ishta padalla. #106a",insult,Individual,high,0.66,bad_words
"Zwelspca, nee class nalli full time joker ne dude. #35d6",insult,Individual,Medium,0.3,kannada
yavdru ivattu notes idre send maadu pls. #4359,neutral,Individual,Low,0.08,kannada
exam tumba tough aaytu but somehow aaytu. #24fe,neutral,Unknown,Low,0.0,kannada
"Basically, stop forcing conversation !!!",harassment,individual,medium,0.45,english
"To be honest, i will expose what you did ellargu helthini",threat,individual,medium,0.82,codemix
"batch, ivananna group inda remove maadona, ivan illaadre better ansta. #6ef9",exclusion,Group,Low,0.26,kannada
"Listen, this is your last warning nodko for sure.",threat,individual,medium,0.82,codemix
yaaru naalege PPT madthare helri. #5d80,neutral,Unknown,Low,0.05,kannada
"Listen, dont annoy me nin irritate madbeda ... whatever.",aggression,individual,medium,0.55,codemix
"Pgmbfmamiz, prati dina reason illade ping madbedi, idu stalking tara kanstide. #7e3f",cyberstalking,Individual,High,0.83,kannada
"Stop it, people here are very problematic and everyone agrees.",toxicity,individual,high,0.55,codemix
"Listen, this environment is really bad",toxicity,gender,medium,0.5,english
"team, plan ge ivananna invite madbeda besseru, ivan illaadre better ansta. #4853",exclusion,Group,High,0.46,kannada
"Xyszz, a tara photos haakbeda please, group nalli idu sari alla. #905a",sexual_harassment,Individual,Medium,0.65,kannada
"Txtetqrvjc, nee full haavu bro neenu tara behave madthiya. #5d42",harassment,Individual,low,0.56,bad_words
pizza bekka biryani bekka decide maadi. #a9c1,neutral,Group,Low,0.0,kannada
I think why do you keep calling me,harassment,individual,medium,0.45,english
"Ngemqnqk, nee yavattu serious agalla yaar. #aede",insult,Individual,Low,0.14,kannada
you make everything worse ... whatever.,insult,individual,medium,0.3,english
"Fhz, you are such a fuck in this group. #37fd",harassment,Individual,high,0.47,bad_words
"Cfksott, cheap comments madbeda ava bagge, group nalli idu sari alla. #028b",sexual_harassment,Individual,Low,0.63,kannada
"Rojopxpia, elli hogidaroo ade tara madthiya, class nalli full time joker ne anta feel agutte. #0bf3",harassment,Individual,High,0.77,kannada
"Odfstnb, ivattu full muttala mode nalli idiya. #8ba1",insult,Individual,high,0.71,bad_words
"Dnnf, ivattu full shaata hari mode nalli idiya. #f95e",insult,Individual,low,0.33,bad_words
"Ivattu kooda joker thara tara act madtidya, Jdigiiorf. #6410",insult,Individual,high,0.5,bad_words
"5 nimisha nalli join agthini, swalpa wait maadu. #61b8",neutral,Group,Low,0.0,kannada
"Lhcivzgif, nee ivattu full lazy mode alli idiya re. #1954",insult,Individual,Low,0.24,kannada
"Yella dina dagara tara mathadbeda, Fild. #8140",insult,Individual,medium,0.42,bad_words
"Look, your type always ruins things nin tara jana beda for sure.",hate,individual,high,0.8,codemix
"gang, ivananna group inda remove maadona, ivan illaadre better ansta. #5d53",exclusion,Group,Low,0.22,kannada
"Stop it, you are not invited nin beka illa and it's sad.",exclusion,individual,medium,0.42,codemix
"Hey, What time is the assignment due?",neutral,gender,medium,0.02,english
stop spamming me right now.,harassment,individual,medium,0.45,english
ivattu class full bore aaytu. #01fc,neutral,Individual,Low,0.03,kannada
you will pay for what you did and everyone agrees.,threat,individual,high,0.87,codemix
"Look, back off right now (no offense).",aggression,appearance,low,0.5,english
"Ycascaigbb, ava body bagge a tara mata beda, group nalli idu sari alla. #a97b",sexual_harassment,Individual,High,0.77,kannada
ninne function photos share maadu. #83c3,neutral,Group,Low,0.02,kannada
"Actually, mind your own business",aggression,individual,medium,0.55,english
Everyone knows stay out of this matter,exclusion,individual,high,0.47,english
You are really dumb 😂,insult,group,medium,0.3,emoji
Everyone knows i will make sure everyone knows (no offense).,threat,individual,high,0.87,english
"In my opinion, dont cross the line nin limits alli iru period.",aggression,individual,medium,0.55,codemix
It's obvious that stay out ninige sambhandha illa ... whatever.,exclusion,individual,medium,0.42,codemix
stop tracking my activity nanige gothagthide for real.,stalking,individual,medium,0.62,codemix
"Idwoypwjv, you are such a asswipe in this group. #29f9",insult,Individual,high,0.67,bad_words
Stop texting me again and again 😈,harassment,group,medium,0.5,emoji
"Vgwnaq, nee sakkat dumb idiya yaar yaar. #ca7a",insult,Individual,Medium,0.27,kannada
we already decided nin illade,exclusion,individual,medium,0.42,codemix
"Look, dont test my patience and it's sad.",threat,appearance,medium,0.82,english
"Honestly, nin illade better agide for real.",exclusion,individual,medium,0.42,codemix
"naale 9 gante lab ge bartira, late agbeda. #c867",neutral,Unknown,Low,0.01,kannada
"Tniuzbcv, nee reply nodoke tumba time togondiya dude. #a6f5",insult,Individual,Low,0.13,kannada
"class teacher, stop texting me every day",harassment,teacher,medium,0.45,english
why are you always in my dm ninige kelbeda and it's sad.,harassment,individual,high,0.5,codemix
"Vpxxuvv, you are such a dimwit in this group. #bdcb",insult,Individual,high,0.63,bad_words
Everyone knows just wait and watch ninige lesson sigutte without a doubt.,threat,individual,medium,0.82,codemix
"Yella dina die maga tara mathadbeda, Qbdlt. #26b7",threat,Individual,medium,0.66,bad_words
"Listen, we dont like people like you !!!",hate,individual,medium,0.75,english
"Kztpaq, you are such a bloody hell in this group. #b295",harassment,Individual,low,0.6,bad_words
naale 4gante canteen nalli meet aagona. #e3e9,neutral,Individual,Low,0.0,kannada
"Group nalli ee haavu bro neenu attitude beda, Wpzbpkkwh. #7e32",harassment,Individual,medium,0.48,bad_words
"To be honest, you dont belong in our circle and it's annoying.",exclusion,individual,medium,0.42,english
"team, chat nalli ivnanna ide irboda anta ansta, ivan illaadre better ansta. #a2e6",exclusion,Group,Low,0.18,kannada
"class grp, ivnanna group nalli add madbeda, ivan illaadre better ansta. #193c",exclusion,Group,High,0.34,kannada
"Levy, ivattu full thullu keya mode nalli idiya. #58c6",sexual_harassment,Individual,medium,0.35,bad_words
"Seriously, dont involve yourself here",exclusion,individual,high,0.47,english
"Yella dina nim amman tara mathadbeda, Ubyy. #19ac",harassment,Individual,medium,0.45,bad_words
I just wanted to say i cant stand people like you nin tara jana,hate,individual,medium,0.75,codemix
"Look, i will report this to sir",threat,teacher,medium,0.82,english
"looks, your type always ruins things",hate,appearance,high,0.8,english
"To be honest, you sound really stupid nin mathu nodi",insult,individual,medium,0.3,codemix
"Pwttqeqf, stop acting like a total son of bitch every day. #c807",insult,Individual,medium,0.65,bad_words
"Gyegj, nee full time late bartiya re. #016c",insult,Individual,Low,0.37,kannada
"attitude, why do you know when i go offline",stalking,personal,medium,0.62,english
"gang, chat nalli ivnanna ide irboda anta ansta, ivan illaadre better ansta. #5cab",exclusion,Group,Medium,0.3,kannada
you sound really stupid,insult,individual,medium,0.3,english
"reply, this group is not for you",exclusion,group,medium,0.42,english
pizza bekka biryani bekka decide maadi. #4d6c,neutral,Individual,Low,0.05,kannada
"Seriously, nin iddare problem agthide so please stop.",exclusion,individual,medium,0.42,codemix
"Vdu, a tara photos haakbeda please, group nalli idu sari alla. #067d",sexual_harassment,Individual,Medium,0.75,kannada
Back off now 🌈,aggression,appearance,low,0.55,emoji
ivattu assignment submit maadbeku maga. #298c,neutral,Group,Low,0.0,kannada
"Actually, stop irritating everyone and it's annoying.",aggression,individual,high,0.6,english
"Mwzdonnea, nee complete waste fellow machaa. #cceb",insult,Individual,High,0.37,kannada
project help madidakke thanks maga. #ba62,neutral,Individual,Low,0.0,kannada
Leave me alone already 💢,harassment,group,medium,0.5,emoji
"Eiyqpuv, nee full time late bartiya re. #8bb9",insult,Individual,Low,0.11,kannada
"Bonniea, nanna status na yavaglu check madthiya, idu stalking tara kanstide. #91fe",cyberstalking,Individual,High,0.59,kannada
"Kbdhb, you are such a wtf in this group. #6c13",harassment,Individual,high,0.56,bad_words
"women, how many times should i say no",harassment,gender,medium,0.45,english
this chat is very unhealthy (no offense).,toxicity,group,low,0.45,english
"Jzynqdr, yaaru kuda ninna joker thara nature ishta padalla. #ac91",insult,Individual,medium,0.62,bad_words
dont keep asking the same thing for real.,harassment,appearance,medium,0.45,english
"To be honest, this group has become so toxic ella negative agide",toxicity,individual,medium,0.5,codemix
"5 nimisha nalli join agthini, swalpa wait maadu. #ce77",neutral,Unknown,Low,0.0,kannada
mind your own business nin work nodko,aggression,individual,medium,0.55,codemix
It's obvious that this group ninige alla,exclusion,individual,medium,0.42,codemix
you asked for it !!!,threat,individual,medium,0.82,english
ninne function photos share maadu. #1c5e,neutral,Unknown,Low,0.0,kannada
"Hey, this group makes me uncomfortable and it's annoying.",toxicity,individual,medium,0.5,codemix
you are so clueless !!!,insult,individual,medium,0.3,english
yaaru naalege PPT madthare helri. #1cc5,neutral,Individual,Low,0.0,kannada
"Mwjo, nee complete waste fellow yaar. #88e4",insult,Individual,High,0.47,kannada
"Joffmjarky, nee full time late bartiya dude. #d4dc",insult,Individual,Low,0.36,kannada
"review okay aaytu, tension beda. #d0cc",neutral,Individual,Low,0.0,kannada
Get lost 🤨,aggression,academic,medium,0.6,emoji
"Vlyykohpi, elli hogidaroo ade tara madthiya, total loser tara idiya anta feel agutte. #9a89",harassment,Individual,High,0.57,kannada
dont message me late night nin beka illa so please stop.,harassment,individual,medium,0.45,codemix
"Dbw, nin sexy bro nataka nodakke bore aaytu. #723b",sexual_harassment,Individual,high,0.81,bad_words
yaake nanna follow madthiya everywhere,harassment,individual,medium,0.45,codemix
I think people like you are a headache,hate,individual,medium,0.75,english
"Honestly, please remove yourself",exclusion,individual,medium,0.42,english
"5 nimisha nalli join agthini, swalpa wait maadu. #897b",neutral,Unknown,Low,0.02,kannada
"skin, how many times should i say no",harassment,appearance,medium,0.45,english
"Group nalli a tara joker thara baribeda, Qkarnvxwyo. #83ac",insult,Individual,medium,0.64,bad_words
yaaru naalege PPT madthare helri. #8026,neutral,Unknown,Low,0.0,kannada
"Ebu, elli hogidaroo ade tara madthiya, complete waste fellow anta feel agutte. #be0a",harassment,Individual,High,0.7,kannada
"Ozs, nee class nalli full time joker ne re. #9c68",insult,Individual,Medium,0.33,kannada
"Ghnttrotl, elli hogidaroo ade tara madthiya, tumba irritating agthiya re anta feel agutte. #70a1",harassment,Individual,Medium,0.36,kannada
"Only a bugger will spam the group like you, Dku. #bed0",insult,Individual,high,0.55,bad_words
"Group nalli ee idiot thara attitude beda, Pugohuwbdi. #1e00",insult,Individual,high,0.71,bad_words
"Omx, nee tumba sooley maga tara idiya maga. #ee77",insult,Individual,medium,0.43,bad_words
"In my opinion, ninige buddhi illa seriously",insult,individual,high,0.35,codemix
stop talking nonsense nin matu beka illa so please stop.,insult,individual,medium,0.3,codemix
"Basically, stop keeping tabs on me",stalking,individual,medium,0.62,codemix
"Hey, you will regret this later right now.",threat,individual,medium,0.82,english
"Stop it, dont involve yourself here right now.",exclusion,individual,medium,0.42,english
"Wndfwiqc, mundina sari nodu yen agutte anta, swalpa limit nodu yaar. #bb3b",threat,Individual,High,0.87,kannada
yavdru ivattu notes idre send maadu pls. #d709,neutral,Individual,Low,0.0,kannada
Nice explanation today 🙂,neutral,gender,low,0.0,emoji
"Actually, go mind your work don't you think?",aggression,individual,medium,0.55,english
"Vgfdvazg, you are such a cockfoam in this group. #3c1c",sexual_harassment,Individual,medium,0.35,bad_words
"Only a fuck will spam the group like you, Icla. #87d4",harassment,Individual,medium,0.45,bad_words
"To be honest, dont message me late night - just my opinion.",harassment,individual,medium,0.45,english
"Spzsvoftm, nee full time late bartiya machaa. #742a",insult,Individual,Low,0.36,kannada
"Jgvxiczx, nodu careful iru, illa problem agutte, swalpa limit nodu yaar. #e56c",threat,Individual,High,0.75,kannada
"Only a naked will spam the group like you, Hiosifayvi. #4a12",sexual_harassment,Individual,high,0.75,bad_words
"happy birthday, tumba olle varsha agli. #dd16",neutral,Unknown,Low,0.0,kannada
"Awapi, nee yavattu serious agalla yaar. #e47b",insult,Individual,Low,0.12,kannada
"Xgmbeylhm, nanna status na yavaglu check madthiya, idu stalking tara kanstide. #f6b8",cyberstalking,Individual,Medium,0.77,kannada
exam tumba tough aaytu but somehow aaytu. #30dc,neutral,Individual,Low,0.0,kannada
"Guv, stop acting like a total bloody hell every day. #526b",harassment,Individual,medium,0.53,bad_words
attendance link haakbidu illi. #1a34,neutral,Group,Low,0.0,kannada
project help madidakke thanks maga. #7863,neutral,Group,Low,0.05,kannada
attendance link haakbidu illi. #a390,neutral,Unknown,Low,0.01,kannada
"Ooopodiqh, yaaru kuda ninna cry baby nature ishta padalla. #61f7",harassment,Individual,medium,0.61,bad_words
"Nnllrnqykd, nee yen use illa ninna jothe re. #97d2",insult,Individual,High,0.44,kannada
"Neh, sir ge complaint haakthini nodu, swalpa limit nodu yaar. #eb86",threat,Individual,High,0.91,kannada
"Lpzptaqe, nee reply nodoke tumba time togondiya dude. #7ac6",insult,Individual,Low,0.37,kannada
"Kbfekrkw, you are such a dickhole in this group. #1ab8",sexual_harassment,Individual,high,0.76,bad_words
It's obvious that people like you dont deserve respect,hate,individual,medium,0.75,english
"Ibgfw, nee tumba disgusting behaviour yaar. #7e5d",insult,Individual,High,0.47,kannada
Nobody wants you here 🛑,exclusion,group,medium,0.45,emoji
exam tumba tough aaytu but somehow aaytu. #ef49,neutral,Unknown,Low,0.0,kannada
"Basically, grow up seriously (no offense).",insult,individual,high,0.35,english
"Znvpdekl, nodu careful iru, illa problem agutte, swalpa limit nodu yaar. #82d5",threat,Individual,Medium,0.79,kannada
"Look, stay in your limits (no offense).",aggression,appearance,low,0.5,english
"Sjoypmex, nee tumba hendruna keya maga tara idiya maga. #3405",sexual_harassment,Individual,medium,0.51,bad_words
"Hey, why are you always in my dm ninige kelbeda",harassment,individual,high,0.5,codemix
ivattu assignment submit maadbeku maga. #6bf6,neutral,Individual,Low,0.0,kannada
"batch, ivananna group inda remove maadona, ivan illaadre better ansta. #d1ff",exclusion,Group,Medium,0.48,kannada
I think this group makes me uncomfortable,toxicity,group,medium,0.5,english
"Hspkvmcikh, you are such a sexy in this group. #19f8",sexual_harassment,Individual,high,0.58,bad_words
you will regret this later and it's sad.,threat,individual,medium,0.82,english
yavdru ivattu notes idre send maadu pls. #8afe,neutral,Unknown,Low,0.04,kannada
Wait and see what happens to you 🤬,threat,academic,high,0.95,emoji
"Only a sexy will spam the group like you, Xxlk. #54ed",sexual_harassment,Individual,high,0.53,bad_words
"network sakkath slow ide, once repeat maadu. #6918",neutral,Unknown,Low,0.03,kannada
you are in serious trouble period.,threat,individual,medium,0.82,english
"To be honest, nin illade nav decide madidvi and it's sad.",exclusion,individual,medium,0.42,codemix
pizza bekka biryani bekka decide maadi. #419a,neutral,Unknown,Low,0.0,kannada
"Just so you know, just wait and watch",threat,individual,medium,0.82,english
"Suvga, nee full not a loyal tara behave madthiya. #2ac5",harassment,Individual,high,0.42,bad_words
"Nvzi, stop acting like a total bitch every day. #320f",insult,Individual,medium,0.39,bad_words
"Rjseuk, yaaru kuda ninna sucide nature ishta padalla. #5e94",threat,Individual,high,0.44,bad_words
"Drgujdybbu, next time barbeku anta helthini, swalpa limit nodu yaar. #3ac5",threat,Individual,High,1.0,kannada
"Listen, why do you remember my timings ninige ella gothu so please stop.",stalking,individual,medium,0.62,codemix
"Pwdynmlp, elli hogidaroo ade tara madthiya, sakkat dumb idiya yaar anta feel agutte. #d94a",harassment,Individual,Medium,0.52,kannada
"class grp, ivnanna group nalli add madbeda, ivan illaadre better ansta. #8fd9",exclusion,Group,Medium,0.32,kannada
"Ninna cry baby behavior nodi everyone frustrate agta idare, Xih. #a090",harassment,Individual,medium,0.67,bad_words
ivattu assignment submit maadbeku maga. #e02e,neutral,Unknown,Low,0.0,kannada
"Ibrrvsk, nee useless tara behave madthiya re. #6a56",insult,Individual,Medium,0.29,kannada
"Look, mind your own business",aggression,appearance,medium,0.55,english
exam tumba tough aaytu but somehow aaytu. #d53b,neutral,Individual,Low,0.03,kannada
dont overdo it and it's sad.,aggression,individual,medium,0.55,english
attendance link haakbidu illi. #9015,neutral,Unknown,Low,0.01,kannada
I think people like you should stay away,hate,individual,medium,0.75,english
ninne function photos share maadu. #9141,neutral,Unknown,Low,0.0,kannada
this place feels unhealthy don't you think?,toxicity,individual,medium,0.5,english
"Fzgxpno, nee tumba disgusting behaviour dude. #06cc",insult,Individual,High,0.29,kannada
"batch, plan ge ivananna invite madbeda besseru, ivan illaadre better ansta. #1740",exclusion,Group,Low,0.27,kannada
Shut up already 🐮,aggression,gender,low,0.55,emoji
It's obvious that this group ninige alla immediately.,exclusion,individual,medium,0.42,codemix
"naale 9 gante lab ge bartira, late agbeda. #b718",neutral,Group,Low,0.0,kannada
why cant you just stop kelthiya,harassment,individual,medium,0.45,codemix
"Ivattu kooda sucide tara act madtidya, Vbr. #b33e",threat,Individual,low,0.37,bad_words
yavdru ivattu notes idre send maadu pls. #15e4,neutral,Group,Low,0.0,kannada
"Seriously, control yourself swalpa",aggression,individual,medium,0.55,codemix
pizza bekka biryani bekka decide maadi. #5779,neutral,Individual,Low,0.06,kannada
You are not part of this team 🌑,exclusion,appearance,high,0.55,emoji
"Actually, we are tired of people like you",hate,individual,medium,0.75,english
"gang, ivnanna group nalli add madbeda, ivan illaadre better ansta. #154e",exclusion,Group,Medium,0.25,kannada
ninige buddhi illa seriously (no offense).,insult,individual,high,0.35,codemix
"Honestly, just wait and watch - just my opinion.",threat,individual,medium,0.82,english
"Hey, neenu hopeless yaake heege",insult,individual,medium,0.3,codemix
"hair, dont cross the line",aggression,appearance,medium,0.55,english
"In my opinion, we dont need people like you and it's sad.",hate,individual,medium,0.75,english
nin illade smooth agide and everyone agrees.,exclusion,individual,high,0.47,codemix
Wait and see what happens to you 🐖,threat,appearance,high,0.95,emoji
exam tumba tough aaytu but somehow aaytu. #f745,neutral,Group,Low,0.0,kannada
"Hey, you keep irritating me daily",harassment,individual,medium,0.45,english
"guys, ivananna group inda remove maadona, ivan illaadre better ansta. #a5b9",exclusion,Group,Low,0.26,kannada
"Ivattu kooda not a loyal tara act madtidya, Jlca. #8893",harassment,Individual,medium,0.46,bad_words
ivattu assignment submit maadbeku maga. #6ef7,neutral,Individual,Low,0.0,kannada
You are really dumb 😹,insult,group,low,0.25,emoji
"Wyp, nin sucide madthiya nataka nodakke bore aaytu. #531f",threat,Individual,medium,0.61,bad_words
people here are very problematic and everyone agrees.,toxicity,individual,high,0.55,codemix
"Ninna haavu bro neenu behavior nodi everyone frustrate agta idare, Eghawccq. #31bc",harassment,Individual,medium,0.48,bad_words
"Only a loser will spam the group like you, Mkusrv. #35a3",insult,Individual,medium,0.49,bad_words
I think this doesnt concern you don't you think?,exclusion,individual,medium,0.42,english
"Basically, you sound really stupid",insult,individual,medium,0.3,english
You are not part of this team 👀,exclusion,gender,high,0.55,emoji
"Group nalli a tara muklyappa baribeda, Ekbzg. #966d",insult,Individual,medium,0.49,bad_words
dont follow up again please,harassment,individual,medium,0.45,english
"Kzdcngzt, nee tumba irritating agthiya re dude. #899b",insult,Individual,Medium,0.31,kannada
"Kck, nanna status na yavaglu check madthiya, idu stalking tara kanstide. #b672",cyberstalking,Individual,Medium,0.55,kannada
"Honestly, this group makes me uncomfortable",toxicity,group,medium,0.5,english
"Honestly, you cant escape from this for real.",threat,individual,medium,0.82,english
Leave me alone already 💀,harassment,appearance,high,0.65,emoji
"Ioulfllgv, elli hogidaroo ade tara madthiya, tumba irritating agthiya re anta feel agutte. #a550",harassment,Individual,High,0.78,kannada
"Actually, why are you always in my dm immediately.",harassment,individual,high,0.5,english
ninne function photos share maadu. #bda7,neutral,Group,Low,0.0,kannada
You are not part of this team 🦛,exclusion,individual,high,0.55,emoji
"Fbcwjirtf, ivattu full saayi mad mode nalli idiya. #8026",threat,Individual,medium,0.56,bad_words
this chat ruins my mood and it's annoying.,toxicity,group,medium,0.5,english
naale extra pen togond baa pls. #5843,neutral,Individual,Low,0.03,kannada
"Fjykygw, nee ivattu full lazy mode alli idiya re. #eb9e",insult,Individual,Low,0.09,kannada
"Kycyqron, nin sade nataka nodakke bore aaytu. #0905",insult,Individual,high,0.71,bad_words
"naale 9 gante lab ge bartira, late agbeda. #1836",neutral,Group,Low,0.0,kannada
"Actually, dont keep asking the same thing",harassment,appearance,medium,0.45,english
"Dernp, nee reply nodoke tumba time togondiya yaar. #b808",insult,Individual,Low,0.35,kannada
Did anyone finish the assignment? 😊,neutral,appearance,low,0.0,emoji
dont start with me nin beka illa period.,aggression,individual,medium,0.55,codemix
yaaru naalege PPT madthare helri. #261c,neutral,Group,Low,0.0,kannada
"5 nimisha nalli join agthini, swalpa wait maadu. #c52f",neutral,Group,Low,0.0,kannada
"Pgocsnpkk, elli hogidaroo ade tara madthiya, useless tara behave madthiya anta feel agutte. #4a4d",harassment,Individual,High,0.49,kannada
naale 4gante canteen nalli meet aagona. #e00c,neutral,Group,Low,0.02,kannada
"Hey, people like you make everything dirty don't you think?",hate,individual,medium,0.75,english
"Honestly, you will pay for what you did and it's annoying.",threat,individual,medium,0.82,codemix
"Group nalli ee sexy baby attitude beda, Rhc. #fc55",sexual_harassment,Individual,medium,0.67,bad_words
"Yokd, elli hogidaroo ade tara madthiya, useless tara behave madthiya anta feel agutte. #a44e",harassment,Individual,High,0.83,kannada
"Mwc, nee tumba disgusting behaviour re. #869d",insult,Individual,High,0.29,kannada
Your kind is not welcome here 💣,hate,gender,high,0.9,emoji
I just wanted to say you will regret this later ninige gothagutte - just my opinion.,threat,individual,medium,0.82,codemix
People like you are disgusting 😹,hate,group,high,0.85,emoji
"Only a fucking prick will spam the group like you, Kdchdepb. #0df7",sexual_harassment,Individual,high,0.69,bad_words
"Emhmorkwb, ava body bagge a tara mata beda, group nalli idu sari alla. #7b26",sexual_harassment,Individual,High,0.95,kannada
People like you are disgusting 😏,hate,academic,high,0.85,emoji
"Only a fool will spam the group like you, Bvgztmfdx. #e3b4",insult,Individual,medium,0.49,bad_words
"Yella dina thale kettide maga tara mathadbeda, Ftkjg. #b216",harassment,Individual,medium,0.68,bad_words
Wait and see what happens to you 🤢,threat,teacher,high,0.95,emoji
"naale 9 gante lab ge bartira, late agbeda. #8cef",neutral,Unknown,Low,0.0,kannada
"Actually, you will pay for what you did",threat,individual,medium,0.82,english
weekend ge yava movie nodona. #deab,neutral,Unknown,Low,0.0,kannada
Is there any update on results ivattu,neutral,unknown,medium,0.02,codemix
your kind is not welcome here for sure.,hate,individual,medium,0.75,codemix
"Tghmh, stop acting like a total son of bitch every day. #f2b4",insult,Individual,high,0.71,bad_words
"Slftmqxoe, stop acting like a total dick head every day. #ac06",sexual_harassment,Individual,medium,0.48,bad_words
People like you are disgusting 🤬,hate,gender,high,0.85,emoji
I just wanted to say this is your last warning nodko,threat,individual,medium,0.82,codemix
"This gay behaviour is not okay, Wgqqredut. #6092",insult,Individual,medium,0.46,bad_words
"Qfetd, nee tumba keiya maga tara idiya maga. #f122",harassment,Individual,high,0.46,bad_words
"Npnbkznif, ella platform nalli follow madbeda please, idu stalking tara kanstide. #2075",cyberstalking,Individual,High,0.65,kannada
"Bshnxhm, nee full time late bartiya machaa. #4215",insult,Individual,Low,0.23,kannada
"Ietgsnl, you are such a dick in this group. #a2b4",sexual_harassment,Individual,high,0.59,bad_words
"Seriously, your kind is not welcome here !!!",hate,individual,medium,0.75,codemix
"To be honest, people here are very problematic so please stop.",toxicity,individual,medium,0.5,codemix
you are in serious trouble don't you think?,threat,individual,medium,0.82,english
"happy birthday, tumba olle varsha agli. #edeb",neutral,Individual,Low,0.0,kannada
"Fhukubctio, elli hogidaroo ade tara madthiya, yen use illa ninna jothe anta feel agutte. #62b3",harassment,Individual,Low,0.58,kannada
stop tracking my activity nanige gothagthide,stalking,individual,medium,0.62,codemix
"Wirdfhb, nee sakkat dumb idiya yaar re. #510f",insult,Individual,Medium,0.24,kannada
ivattu class full bore aaytu. #e4c2,neutral,Individual,Low,0.0,kannada
"team, chat nalli ivnanna ide irboda anta ansta, ivan illaadre better ansta. #830b",exclusion,Group,Low,0.4,kannada
"Seriously, use your brain once for real.",insult,individual,high,0.35,english
It's obvious that leave me alone nanige disturb beda,harassment,individual,medium,0.45,codemix
"Uoqs, nee class nalli full time joker ne yaar. #3382",insult,Individual,Medium,0.27,kannada
"Group nalli ee monkey thara attitude beda, Wkacxoalcq. #7fe0",insult,Individual,medium,0.38,bad_words
"Ivattu kooda idiot thara tara act madtidya, Dybqv. #bc6c",insult,Individual,medium,0.56,bad_words
"naale 9 gante lab ge bartira, late agbeda. #4680",neutral,Group,Low,0.0,kannada
why do you see my story every time nin follow madthiya and it's annoying.,stalking,individual,medium,0.62,codemix
It's obvious that you are not smart enough for this,insult,individual,medium,0.3,english
ninne function photos share maadu. #fff1,neutral,Unknown,Low,0.0,kannada
stay out of this matter,exclusion,individual,medium,0.42,english
Why do you keep messaging me 📍,harassment,appearance,high,0.6,emoji
Everyone knows ninige nanna online time gothu how,stalking,individual,medium,0.62,codemix
I think people like you yavaglu problem and everyone agrees.,hate,individual,high,0.8,codemix
exam tumba tough aaytu but somehow aaytu. #93ad,neutral,Group,Low,0.02,kannada
weekend ge yava movie nodona. #25a4,neutral,Individual,Low,0.0,kannada
"looks ugly, this is not meant for you",exclusion,appearance,medium,0.42,english
Everyone knows stay out of my matters nin hogu !!!,aggression,individual,medium,0.55,codemix
"Group nalli ee saayi attitude beda, Mjyssas. #bf22",threat,Individual,medium,0.58,bad_words
"Look, stop spamming me",harassment,appearance,medium,0.45,english
You keep tracking my activity 😈,stalking,individual,high,0.8,emoji
we dont need people like you don't you think?,hate,individual,medium,0.75,english
fest practice ge yar yar barthidira. #c62f,neutral,Unknown,Low,0.0,kannada
"Honestly, dont keep reminding me again and again and it's annoying.",harassment,individual,medium,0.45,english
Did anyone finish the assignment?,neutral,gender,medium,0.02,english
"you guys, you will suffer for this",threat,group,medium,0.82,english
Does anyone understand this topic swalpa,neutral,unknown,medium,0.02,codemix
"Viwsvaes, ella platform nalli follow madbeda please, idu stalking tara kanstide. #0118",cyberstalking,Individual,High,0.83,kannada
exam tumba tough aaytu but somehow aaytu. #8062,neutral,Individual,Low,0.0,kannada
I will report you to the admin 🚨,threat,teacher,high,0.95,emoji
"Ojjrsf, prati dina reason illade ping madbedi, idu stalking tara kanstide. #47db",cyberstalking,Individual,Medium,0.62,kannada
"Bfuvclu, ivattu full sucide madthiya maga mode nalli idiya. #c2db",threat,Individual,high,0.58,bad_words
"Gpab, stop acting like a total fool every day. #5366",insult,Individual,medium,0.62,bad_words
Leave me alone already 🕷️,harassment,unknown,medium,0.5,emoji
Leave me alone already 🤣,harassment,gender,medium,0.5,emoji
"maam, i cant stand people like you",hate,teacher,medium,0.75,english
yaaru naalege PPT madthare helri. #8bbf,neutral,Individual,Low,0.02,kannada
"happy birthday, tumba olle varsha agli. #980b",neutral,Unknown,Low,0.04,kannada
"Nawkentt, ella platform nalli follow madbeda please, idu stalking tara kanstide. #d9b4",cyberstalking,Individual,High,0.54,kannada
"People are tired of your duffer attitude, Nfeh. #56e8",insult,Individual,medium,0.49,bad_words
"People are tired of your bozo attitude, Indtyiqmf. #2ef0",insult,Individual,high,0.44,bad_words
"To be honest, use your brain swalpa",insult,individual,medium,0.3,codemix
this place feels unhealthy,toxicity,individual,medium,0.5,english
"Stop it, nin illade nav decide madidvi for real.",exclusion,individual,medium,0.42,codemix
"Seriously, no need for you nin beka illa period.",exclusion,individual,medium,0.42,codemix
"Eicnxsv, nee total loser tara idiya yaar. #e2b3",insult,Individual,High,0.5,kannada
"Basically, stop getting involved nin barbeda",aggression,individual,medium,0.55,codemix
You never understand anything 😡,insult,academic,low,0.25,emoji
"guys, you are in serious trouble",threat,gender,medium,0.82,english
weekend ge yava movie nodona. #431d,neutral,Individual,Low,0.03,kannada
you keep irritating me daily and everyone agrees.,harassment,individual,high,0.5,english
"Vbeljkk, nee tumba irritating agthiya re yaar. #7660",insult,Individual,Medium,0.14,kannada
Stop following me everywhere 🧨,stalking,gender,high,0.85,emoji
why do you keep calling me - just my opinion.,harassment,individual,medium,0.45,english
Wait and see what happens to you 🚪,threat,group,high,0.95,emoji
"Lod, next time barbeku anta helthini, swalpa limit nodu yaar. #7691",threat,Individual,High,0.84,kannada
"Ivattu kooda idiot thara tara act madtidya, Huqqai. #b858",insult,Individual,low,0.52,bad_words
ninne function photos share maadu. #ad6a,neutral,Unknown,Low,0.0,kannada
"Group nalli ee haavu bro neenu attitude beda, Equprukrbt. #f718",harassment,Individual,medium,0.55,bad_words
"5 nimisha nalli join agthini, swalpa wait maadu. #9f8c",neutral,Group,Low,0.03,kannada
"review okay aaytu, tension beda. #c93b",neutral,Group,Low,0.0,kannada
ninige simple vishaya kuda artha agalla right now.,insult,individual,medium,0.3,codemix
"Gdxzoipl, nee full fake character tara behave madthiya. #5001",harassment,Individual,low,0.44,bad_words
"Look, go away from here",aggression,appearance,medium,0.55,english
"Jcmvxk, nanna status na yavaglu check madthiya, idu stalking tara kanstide. #28f6",cyberstalking,Individual,Medium,0.47,kannada
Everyone knows dont push me beyond my limit serious agthide and everyone agrees.,threat,individual,high,0.87,codemix
"happy birthday, tumba olle varsha agli. #0ac7",neutral,Unknown,Low,0.0,kannada
"Listen, this group is full of drama and everyone agrees.",toxicity,individual,high,0.55,codemix
"Ybfpfrz, elli hogidaroo ade tara madthiya, class nalli full time joker ne anta feel agutte. #16b7",harassment,Individual,Low,0.44,kannada
attendance link haakbidu illi. #7dd6,neutral,Unknown,Low,0.01,kannada
fest practice ge yar yar barthidira. #739b,neutral,Individual,Low,0.0,kannada
"Basically, stay in your limits please",aggression,individual,medium,0.55,codemix
ivattu assignment submit maadbeku maga. #4224,neutral,Group,Low,0.0,kannada
"Stop it, this is between us only nin barbeda",exclusion,individual,medium,0.42,codemix
ninne function photos share maadu. #7f59,neutral,Group,Low,0.03,kannada
I just wanted to say dont interfere in this,aggression,individual,medium,0.55,english
bar bar kelbeda please,harassment,individual,medium,0.45,codemix
this group is very disturbing,toxicity,group,medium,0.5,english
"Huhcykypdn, nee useless tara behave madthiya yaar. #39e8",insult,Individual,Medium,0.33,kannada
control yourself,aggression,individual,medium,0.55,english
control yourself swalpa for real.,aggression,individual,medium,0.55,codemix
"ninna presentation super aaytu, chennag ide. #7cfe",neutral,Group,Low,0.0,kannada
ivattu assignment submit maadbeku maga. #2840,neutral,Individual,Low,0.0,kannada
stop talking nonsense nin matu beda - just my opinion.,aggression,individual,medium,0.55,codemix
"Ninna haavu bro neenu behavior nodi everyone frustrate agta idare, Wpcmxbydz. #7513",harassment,Individual,medium,0.44,bad_words
fest practice ge yar yar barthidira. #34cd,neutral,Individual,Low,0.04,kannada
"Look, stop talking nonsense nin matu beda",aggression,individual,medium,0.55,codemix
Stop following me everywhere 🚫,stalking,individual,high,0.8,emoji
your type always ruins things nin tara jana beda (no offense).,hate,individual,high,0.8,codemix
"Look, do you even understand anything",insult,appearance,medium,0.3,english
"Seriously, this environment is really bad",toxicity,individual,medium,0.5,codemix
this doesnt concern you right now.,exclusion,individual,medium,0.42,english
"Luobuhuaye, elli hogidaroo ade tara madthiya, useless tara behave madthiya anta feel agutte. #2149",harassment,Individual,Low,0.68,kannada
"Ivnb, next time barbeku anta helthini, swalpa limit nodu yaar. #8819",threat,Individual,Low,0.87,kannada
"Tgfu, elli hogidaroo ade tara madthiya, tumba disgusting behaviour anta feel agutte. #6fa8",harassment,Individual,Medium,0.68,kannada
"online, dont lecture me",aggression,social,medium,0.55,english
"Group nalli ee cry baby attitude beda, Exkolpvcrq. #12ca",harassment,Individual,medium,0.61,bad_words
"Mwgcswuhd, nee complete waste fellow machaa. #0e40",insult,Individual,High,0.42,kannada
"Lhrc, nin gaandu nataka nodakke bore aaytu. #d6ee",insult,Individual,high,0.59,bad_words
"To be honest, keep quiet please nin matadbeda and it's sad.",aggression,individual,medium,0.55,codemix
"review okay aaytu, tension beda. #9ee4",neutral,Individual,Low,0.03,kannada
naale 4gante canteen nalli meet aagona. #e2cd,neutral,Unknown,Low,0.0,kannada
"Seriously, how many times should i say no - just my opinion.",harassment,individual,high,0.5,english
This group is so toxic 🎥,toxicity,individual,medium,0.4,emoji
naale 4gante canteen nalli meet aagona. #df59,neutral,Group,Low,0.04,kannada
"lab record, this is between us only",exclusion,academic,medium,0.42,english
"Ivattu kooda fake character tara act madtidya, Vsmzqirg. #8fa5",harassment,Individual,high,0.51,bad_words
stay in your limits please (no offense).,aggression,individual,low,0.5,codemix
this group has become so toxic ella negative agide for real.,toxicity,individual,medium,0.5,codemix
"Gipovj, nee reply nodoke tumba time togondiya re. #534f",insult,Individual,Low,0.4,kannada
"In my opinion, why cant you just stop kelthiya and everyone agrees.",harassment,individual,high,0.5,codemix
"dp, dont start with me",aggression,social,medium,0.55,english
"Listen, this chat is mentally draining",toxicity,group,medium,0.5,english
"review okay aaytu, tension beda. #1956",neutral,Individual,Low,0.04,kannada
"review okay aaytu, tension beda. #5138",neutral,Unknown,Low,0.04,kannada
"Tilzbn, nanna status na yavaglu check madthiya, idu stalking tara kanstide. #2c7e",cyberstalking,Individual,Medium,0.75,kannada
"Seriously, why cant you just stop kelthiya without a doubt.",harassment,individual,medium,0.45,codemix
"naale 9 gante lab ge bartira, late agbeda. #caa1",neutral,Unknown,Low,0.03,kannada
"attendance, people here are very problematic",toxicity,group,medium,0.5,english
ninne function photos share maadu. #b520,neutral,Unknown,Low,0.0,kannada
"Ebvxmo, nee ivattu full lazy mode alli idiya yaar. #f7d3",insult,Individual,Low,0.26,kannada
"Seriously, dont involve yourself nin beka illa",exclusion,individual,medium,0.42,codemix
exam tumba tough aaytu but somehow aaytu. #5241,neutral,Individual,Low,0.01,kannada
"Diszo, ivattu full saayi maga mode nalli idiya. #60db",threat,Individual,high,0.54,bad_words
stop talking nonsense,aggression,individual,medium,0.55,english
"study, your type always ruins things",hate,academic,high,0.8,english
ivattu class full bore aaytu. #5a6b,neutral,Individual,Low,0.0,kannada
naale extra pen togond baa pls. #8e3b,neutral,Unknown,Low,0.02,kannada
"Ohd, nee yavattu serious agalla dude. #0803",insult,Individual,Low,0.33,kannada
"To be honest, you are everywhere i go - just my opinion.",stalking,individual,medium,0.62,english
"Ninna die behavior nodi everyone frustrate agta idare, Tgyvkjzzsy. #e246",threat,Individual,low,0.64,bad_words
ivattu class full bore aaytu. #93d6,neutral,Unknown,Low,0.02,kannada
"Zyigzpe, nee reply nodoke tumba time togondiya yaar. #205f",insult,Individual,Low,0.27,kannada
"This dimwit behaviour is not okay, Cscg. #a523",insult,Individual,high,0.52,bad_words
"In my opinion, you dont have common sense",insult,individual,medium,0.3,english
"naale 9 gante lab ge bartira, late agbeda. #a254",neutral,Group,Low,0.04,kannada
yaaru naalege PPT madthare helri. #cf3a,neutral,Group,Low,0.0,kannada
"class grp, chat nalli ivnanna ide irboda anta ansta, ivan illaadre better ansta. #2a94",exclusion,Group,Low,0.23,kannada
"Only a asswipe will spam the group like you, Wghrruimz. #5042",insult,Individual,high,0.82,bad_words
you are useless in group work (no offense).,insult,individual,low,0.25,english
project help madidakke thanks maga. #f098,neutral,Individual,Low,0.0,kannada
"Ohwefog, nee tumba gandu tara idiya maga. #d966",insult,Individual,high,0.52,bad_words
nee send madida reel super comedy aaytu. #e69a,neutral,Individual,Low,0.0,kannada
do you even understand anything,insult,individual,medium,0.3,english
"Honestly, nin illade nav decide madidvi",exclusion,individual,medium,0.42,codemix
Wait and see what happens to you 🔍,threat,academic,high,0.95,emoji
"gang, plan ge ivananna invite madbeda besseru, ivan illaadre better ansta. #2328",exclusion,Group,Medium,0.37,kannada
"guys, chat nalli ivnanna ide irboda anta ansta, ivan illaadre better ansta. #5f83",exclusion,Group,Low,0.3,kannada
you will regret this later ninige gothagutte don't you think?,threat,individual,medium,0.82,codemix
"review okay aaytu, tension beda. #887f",neutral,Individual,Low,0.0,kannada
"naale 9 gante lab ge bartira, late agbeda. #565d",neutral,Group,Low,0.0,kannada
"Shb, mundina sari nodu yen agutte anta, swalpa limit nodu yaar. #6c20",threat,Individual,Low,0.76,kannada
"happy birthday, tumba olle varsha agli. #133f",neutral,Unknown,Low,0.0,kannada
Let's meet after class 🙂,neutral,teacher,low,0.0,emoji
"Epegghbh, nee tumba nin thullu keya tara idiya maga. #7ef5",sexual_harassment,Individual,high,0.43,bad_words
"Dmgagzzyj, nee reply nodoke tumba time togondiya re. #1940",insult,Individual,Low,0.23,kannada
weekend ge yava movie nodona. #f781,neutral,Unknown,Low,0.03,kannada
this is only for selected people so please stop.,exclusion,individual,medium,0.42,english
"People are tired of your ass attitude, Aoylnieniz. #c645",harassment,Individual,low,0.36,bad_words
ivattu assignment submit maadbeku maga. #55ac,neutral,Group,Low,0.0,kannada
"guys, ivananna group inda remove maadona, ivan illaadre better ansta. #15f3",exclusion,Group,Medium,0.46,kannada
why are you always online when i come for sure.,stalking,social,high,0.67,english
That was a stupid answer ⛔,insult,unknown,medium,0.3,emoji
It's obvious that nin illade nav decide madidvi immediately.,exclusion,individual,medium,0.42,codemix
"Kvtah, you are such a ass in this group. #922f",harassment,Individual,low,0.45,bad_words
"Only a fair suck of the sav will spam the group like you, Wqypf. #1c5f",harassment,Individual,low,0.33,bad_words
this is only for selected people,exclusion,individual,medium,0.42,english
"Qaxwcc, ella platform nalli follow madbeda please, idu stalking tara kanstide. #607a",cyberstalking,Individual,High,0.65,kannada
attendance link haakbidu illi. #1a48,neutral,Group,Low,0.04,kannada
pizza bekka biryani bekka decide maadi. #f05d,neutral,Group,Low,0.01,kannada
"Slwzlft, sir ge complaint haakthini nodu, swalpa limit nodu yaar. #adf8",threat,Individual,High,0.83,kannada
"Stop it, this place feels unhealthy manasige sari illa",toxicity,individual,medium,0.5,codemix
"Seriously, stay out of my matters nin hogu",aggression,individual,medium,0.55,codemix
this chat ruins my mood and everyone agrees.,toxicity,individual,high,0.55,codemix
"class grp, chat nalli ivnanna ide irboda anta ansta, ivan illaadre better ansta. #2f0a",exclusion,Group,Medium,0.26,kannada
Stop texting me again and again 😒,harassment,academic,high,0.6,emoji
"personality, you will pay for what you did",threat,personal,medium,0.82,english
"naale 9 gante lab ge bartira, late agbeda. #c2f7",neutral,Unknown,Low,0.0,kannada
"Etx, nodu careful iru, illa problem agutte, swalpa limit nodu yaar. #9713",threat,Individual,High,0.72,kannada
"teacher, people like you are always the problem",hate,teacher,high,0.8,english
"5 nimisha nalli join agthini, swalpa wait maadu. #1894",neutral,Unknown,Low,0.01,kannada
"People are tired of your piss off attitude, Wccnazrm. #f653",harassment,Individual,high,0.52,bad_words
"Wqhb, sir ge complaint haakthini nodu, swalpa limit nodu yaar. #16b1",threat,Individual,High,0.9,kannada
"Inmmxbs, nee useless tara behave madthiya re. #6a78",insult,Individual,Medium,0.37,kannada
you asked for it,threat,individual,medium,0.82,english
Everyone knows dont lecture me,aggression,individual,high,0.6,english
"happy birthday, tumba olle varsha agli. #8337",neutral,Unknown,Low,0.0,kannada
I think you cant escape from this ninige illa and everyone agrees.,threat,individual,high,0.87,codemix
"hair, i will make sure everyone knows",threat,appearance,high,0.87,english
"Bqkegd, elli hogidaroo ade tara madthiya, tumba irritating agthiya re anta feel agutte. #1f7d",harassment,Individual,Medium,0.34,kannada
exam tumba tough aaytu but somehow aaytu. #d076,neutral,Individual,Low,0.04,kannada
you sound really stupid nin mathu nodi so please stop.,insult,individual,medium,0.3,codemix
"network sakkath slow ide, once repeat maadu. #d6ef",neutral,Group,Low,0.0,kannada
"review okay aaytu, tension beda. #9598",neutral,Individual,Low,0.0,kannada
dont annoy me,aggression,individual,medium,0.55,english
Wait and see what happens to you 🤚,threat,unknown,high,0.95,emoji
"Group nalli a tara dagar baribeda, Cvsnylli. #e9a5",insult,Individual,medium,0.66,bad_words
nin presence irthare problem only and everyone agrees.,insult,individual,high,0.35,codemix
"Seriously, we dont want you nin beka illa ... whatever.",exclusion,individual,medium,0.42,codemix
I will report you to the admin 🕵️,threat,teacher,high,0.95,emoji
"Invwov, nee full time late bartiya machaa. #f918",insult,Individual,Low,0.12,kannada
I just wanted to say dont push me beyond my limit,threat,individual,medium,0.82,english
attendance link haakbidu illi. #b081,neutral,Group,Low,0.02,kannada
"review okay aaytu, tension beda. #4c10",neutral,Unknown,Low,0.0,kannada
"In my opinion, why are you always in my dm ninige kelbeda don't you think?",harassment,individual,high,0.5,codemix
"Vvuhhzyq, elli hogidaroo ade tara madthiya, tumba disgusting behaviour anta feel agutte. #34f1",harassment,Individual,Medium,0.63,kannada
"Ivattu kooda not a loyal tara act madtidya, Uekewti. #4812",harassment,Individual,low,0.38,bad_words
"Zne, nee tumba bosodina tara idiya maga. #a657",harassment,Individual,medium,0.53,bad_words
"naale 9 gante lab ge bartira, late agbeda. #cd44",neutral,Individual,Low,0.01,kannada
"Xrggrq, nee ivattu full lazy mode alli idiya machaa. #b9bd",insult,Individual,Low,0.21,kannada
people like you dont deserve respect - just my opinion.,hate,individual,medium,0.75,codemix
there is too much negativity here for real.,toxicity,individual,medium,0.5,codemix
"Actually, this chat ruins my mood and it's annoying.",toxicity,individual,medium,0.5,codemix
dont message me late night nin beka illa,harassment,individual,medium,0.45,codemix
"Hey, why do you keep noticing when i am active",stalking,individual,medium,0.62,english
"Qzqpq, yaaru kuda ninna monkey thara nature ishta padalla. #e11f",insult,Individual,medium,0.73,bad_words
naale extra pen togond baa pls. #20a7,neutral,Group,Low,0.04,kannada
this group has become so toxic (no offense).,toxicity,group,low,0.45,english
"Luwsb, next time barbeku anta helthini, swalpa limit nodu yaar. #4bde",threat,Individual,Medium,1.0,kannada
Nobody wants you here 🐋,exclusion,teacher,medium,0.45,emoji
"this team, why are you always in my dm",harassment,group,high,0.5,english
dayavittu nanna bittu bidu without a doubt.,harassment,individual,medium,0.45,codemix
"Honestly, neenu hopeless yaake heege",insult,individual,medium,0.3,codemix
"happy birthday, tumba olle varsha agli. #77f4",neutral,Individual,Low,0.04,kannada
"This dick head behaviour is not okay, Bqjot. #cfba",sexual_harassment,Individual,high,0.77,bad_words
naale extra pen togond baa pls. #ad86,neutral,Unknown,Low,0.0,kannada
"Zlsd, yaaru kuda ninna sucide nature ishta padalla. #eb6d",threat,Individual,medium,0.66,bad_words
"Ynxnja, nanna status na yavaglu check madthiya, idu stalking tara kanstide. #8969",cyberstalking,Individual,Medium,0.58,kannada
Everyone knows why cant you just stop ... whatever.,harassment,individual,high,0.5,english
Stop texting me again and again 🔴,harassment,appearance,high,0.6,emoji
shut up now sumne iru and everyone agrees.,aggression,individual,high,0.6,codemix
Why are you always watching me 😒,stalking,appearance,high,0.8,emoji
"Czst, you are such a 69 in this group. #0084",sexual_harassment,Individual,low,0.54,bad_words
"Vvcmxehd, nee tumba disgusting behaviour yaar. #fe24",insult,Individual,High,0.48,kannada
"Iibx, stop acting like a total pussy every day. #95ed",sexual_harassment,Individual,low,0.4,bad_words
fest practice ge yar yar barthidira. #137c,neutral,Individual,Low,0.0,kannada
"Actually, stop disturbing me nanige shanti beku so please stop.",harassment,individual,medium,0.45,codemix
"Opxlrivp, elli hogidaroo ade tara madthiya, yen use illa ninna jothe anta feel agutte. #4a00",harassment,Individual,High,0.48,kannada
nin illade nav decide madidvi and it's annoying.,exclusion,individual,medium,0.42,codemix
"Anii, you are such a twat in this group. #b220",insult,Individual,high,0.65,bad_words
You keep tracking my activity 🤮,stalking,individual,high,0.8,emoji
You are really dumb 🛑,insult,group,low,0.25,emoji
yaaru naalege PPT madthare helri. #f976,neutral,Group,Low,0.02,kannada
naale 4gante canteen nalli meet aagona. #4552,neutral,Individual,Low,0.04,kannada
"Only a ass will spam the group like you, Ziwc. #4342",harassment,Individual,high,0.77,bad_words
I think people like you are a headache ... whatever.,hate,individual,medium,0.75,codemix
"Yella dina die maga tara mathadbeda, Vhoikltrwo. #3ac2",threat,Individual,high,0.57,bad_words
"Seriously, people like you are a headache !!!",hate,individual,high,0.8,english
"Ufnq, elli hogidaroo ade tara madthiya, sakkat dumb idiya yaar anta feel agutte. #57bb",harassment,Individual,High,0.57,kannada
"Look, we are tired of people like you so please stop.",hate,individual,medium,0.75,codemix
"review okay aaytu, tension beda. #b628",neutral,Unknown,Low,0.0,kannada
attendance link haakbidu illi. #10ab,neutral,Unknown,Low,0.04,kannada
"review okay aaytu, tension beda. #c707",neutral,Group,Low,0.0,kannada
"Ikg, nee reply nodoke tumba time togondiya re. #edd0",insult,Individual,Low,0.17,kannada
"happy birthday, tumba olle varsha agli. #8c0c",neutral,Individual,Low,0.02,kannada
"This transgender behaviour is not okay, Mvpgj. #7dc2",insult,Individual,medium,0.48,bad_words
I think nininda headache agthide stop it,harassment,individual,medium,0.45,codemix
"Nahkdd, nee tumba hucchadana tara idiya maga. #a3f0",insult,Individual,low,0.44,bad_words
"Actually, dont test my patience don't you think?",threat,academic,medium,0.82,english
"gang, chat nalli ivnanna ide irboda anta ansta, ivan illaadre better ansta. #fe5c",exclusion,Group,Low,0.42,kannada
"naale 9 gante lab ge bartira, late agbeda. #5d85",neutral,Individual,Low,0.01,kannada
"female students, why do you see my story every time",stalking,gender,medium,0.62,english
"Xvbpuzuip, nee full idiot thara tara behave madthiya. #a419",insult,Individual,medium,0.55,bad_words
"This fair suck of the sav behaviour is not okay, Eajzoyv. #c7e9",harassment,Individual,medium,0.71,bad_words
"In my opinion, you will face consequences for this so please stop.",threat,appearance,medium,0.82,english
Everyone knows dont keep pinging me for no reason,harassment,individual,high,0.5,english
attendance link haakbidu illi. #0ce0,neutral,Individual,Low,0.02,kannada
i will make sure everyone knows so please stop.,threat,individual,high,0.87,english
Get lost 😒,aggression,teacher,low,0.55,emoji
"Only a fuck will spam the group like you, Dcijmdxu. #980c",harassment,Individual,medium,0.51,bad_words
"Actually, there is too much negativity here",toxicity,individual,medium,0.5,codemix
naale 4gante canteen nalli meet aagona. #87c2,neutral,Individual,Low,0.02,kannada
"Listen, this is not meant for you !!!",exclusion,individual,medium,0.42,english
"Seriously, neenu hopeless yaake heege and it's annoying.",insult,individual,medium,0.3,codemix
"status, you are not invited to this",exclusion,social,medium,0.42,english
"In my opinion, stop forcing conversation don't you think?",harassment,individual,medium,0.45,english
stop calling me bar bar so please stop.,harassment,individual,medium,0.45,codemix
"batch, ivananna group inda remove maadona, ivan illaadre better ansta. #e607",exclusion,Group,Medium,0.3,kannada
"Ninna sexy bro behavior nodi everyone frustrate agta idare, Tfwbebmv. #d39b",sexual_harassment,Individual,medium,0.53,bad_words
"team, ivananna group inda remove maadona, ivan illaadre better ansta. #ee54",exclusion,Group,Medium,0.33,kannada
project help madidakke thanks maga. #24a2,neutral,Unknown,Low,0.0,kannada
"5 nimisha nalli join agthini, swalpa wait maadu. #4184",neutral,Individual,Low,0.0,kannada
this is between us only !!!,exclusion,individual,medium,0.42,english
mind your own business nin work nodko don't you think?,aggression,individual,medium,0.55,codemix
stop talking nonsense nin matu beda for real.,aggression,individual,medium,0.55,codemix
"Uhjqwke, elli hogidaroo ade tara madthiya, yen use illa ninna jothe anta feel agutte. #0b99",harassment,Individual,High,0.77,kannada
"Listen, why are you checking my last seen",stalking,social,medium,0.62,english
"Fuywqdp, nodu careful iru, illa problem agutte, swalpa limit nodu yaar. #a802",threat,Individual,Medium,0.68,kannada
you will regret this later and it's annoying.,threat,individual,medium,0.82,english
yaake nanna follow madthiya everywhere - just my opinion.,harassment,individual,medium,0.45,codemix
naale extra pen togond baa pls. #18c3,neutral,Group,Low,0.06,kannada
"Group nalli ee die attitude beda, Wxckubo. #5bef",threat,Individual,low,0.48,bad_words
"Ninna cry baby behavior nodi everyone frustrate agta idare, Rhfpk. #e382",harassment,Individual,medium,0.48,bad_words
you are not part of this so please stop.,exclusion,individual,medium,0.42,english
ninne function photos share maadu. #0730,neutral,Individual,Low,0.0,kannada
Leave me alone already 📛,harassment,appearance,high,0.6,emoji
"Only a slut will spam the group like you, Sxsy. #9d9a",sexual_harassment,Individual,high,0.55,bad_words
"Rvjdmyb, nodu careful iru, illa problem agutte, swalpa limit nodu yaar. #318b",threat,Individual,High,0.93,kannada
Stop following me everywhere 📛,stalking,individual,high,0.8,emoji
naale extra pen togond baa pls. #4355,neutral,Unknown,Low,0.0,kannada
"Ivattu kooda not a loyal tara act madtidya, Luayhtcmo. #4c0e",harassment,Individual,medium,0.55,bad_words
"Trqgwdvb, nee useless tara behave madthiya re. #2013",insult,Individual,Medium,0.33,kannada
we dont need people like you,hate,individual,medium,0.75,english
"Gfjjc, sir ge complaint haakthini nodu, swalpa limit nodu yaar. #6ea3",threat,Individual,High,0.74,kannada
stop tracking my activity right now.,stalking,individual,medium,0.62,english
your kind is not welcome here and everyone agrees.,hate,individual,high,0.8,codemix
"Look, people like you never change and it's sad.",hate,appearance,high,0.8,english
"Rycvotefu, nee ivattu full lazy mode alli idiya machaa. #5519",insult,Individual,Low,0.22,kannada
"Tttfx, yaaru kuda ninna fake character nature ishta padalla. #e12c",harassment,Individual,high,0.46,bad_words
"Group nalli a tara sooley maga baribeda, Yikcblua. #6689",insult,Individual,medium,0.37,bad_words
Everyone knows yaake nanna hinde bartiya so please stop.,harassment,individual,medium,0.45,codemix
Can we meet after class?,neutral,unknown,medium,0.02,english
yaaru naalege PPT madthare helri. #bcdc,neutral,Individual,Low,0.01,kannada
"Just so you know, go mind your work",aggression,individual,medium,0.55,english
ninne function photos share maadu. #ab5f,neutral,Individual,Low,0.0,kannada
"Just so you know, stop tracking my activity nanige gothagthide",stalking,individual,medium,0.62,codemix
naale 4gante canteen nalli meet aagona. #7027,neutral,Group,Low,0.01,kannada
"Czmva, nee total loser tara idiya dude. #79df",insult,Individual,High,0.44,kannada
you will pay for what you did !!!,threat,individual,medium,0.82,codemix
"Basically, your type should not be here !!!",hate,individual,medium,0.75,english
"People are tired of your pissflaps attitude, Mhfkjubv. #737d",insult,Individual,medium,0.54,bad_words
"Weewm, nin sade nataka nodakke bore aaytu. #6ac9",insult,Individual,high,0.65,bad_words
"Ninna idiot thara behavior nodi everyone frustrate agta idare, Tltbtsgha. #061a",insult,Individual,high,0.6,bad_words
"Ninna fake character behavior nodi everyone frustrate agta idare, Vcjlqtehum. #26d6",harassment,Individual,medium,0.39,bad_words
"Honestly, control yourself immediately.",aggression,individual,medium,0.55,english
why are you always online when i come ninige gothagthide for real.,stalking,individual,high,0.67,codemix
yavdru ivattu notes idre send maadu pls. #4e7e,neutral,Group,Low,0.0,kannada
"Nouzox, nanna status na yavaglu check madthiya, idu stalking tara kanstide. #8e78",cyberstalking,Individual,Medium,0.66,kannada
attendance link haakbidu illi. #443e,neutral,Unknown,Low,0.06,kannada
"Ypcekw, ivattu full saayi mode nalli idiya. #9703",threat,Individual,medium,0.63,bad_words
why are you so behind me,harassment,individual,medium,0.45,english
why are you always wrong ninige gothilla and it's annoying.,insult,individual,high,0.35,codemix
"Xzzwhjdrlw, elli hogidaroo ade tara madthiya, total loser tara idiya anta feel agutte. #f77a",harassment,Individual,Medium,0.75,kannada
"ninna presentation super aaytu, chennag ide. #5f31",neutral,Unknown,Low,0.02,kannada
"Qlgd, stop acting like a total stupid every day. #5fd8",insult,Individual,medium,0.54,bad_words
"Yebgjwbxix, nee tumba bosodina maga tara idiya maga. #cf31",harassment,Individual,low,0.61,bad_words
I just wanted to say stop talking nonsense nin matu beka illa,insult,individual,medium,0.3,codemix
"Jxbx, mundina sari nodu yen agutte anta, swalpa limit nodu yaar. #803d",threat,Individual,High,1.0,kannada
Your kind is not welcome here ❌,hate,academic,high,0.85,emoji
"Group nalli ee idiot thara attitude beda, Ziv. #ce80",insult,Individual,medium,0.67,bad_words
"Kvgcs, stop acting like a total dirty fellow every day. #9429",insult,Individual,low,0.69,bad_words
"syllabus, your kind is not welcome here",hate,academic,medium,0.75,english
naale 4gante canteen nalli meet aagona. #b49f,neutral,Unknown,Low,0.0,kannada
People like you are disgusting 🚪,hate,academic,high,0.85,emoji
fest practice ge yar yar barthidira. #4f52,neutral,Individual,Low,0.02,kannada
"Ninna joker thara behavior nodi everyone frustrate agta idare, Nyyxln. #1bf0",insult,Individual,medium,0.4,bad_words
You are really dumb 🩸,insult,group,medium,0.3,emoji
"Sgr, nin sucide nataka nodakke bore aaytu. #4783",threat,Individual,high,0.59,bad_words
mind your own business,aggression,individual,medium,0.55,english
why do you see my story every time,stalking,social,medium,0.62,english
"Hey, you are such a burden",insult,individual,medium,0.3,english
I think this chat is exhausting full headache,toxicity,individual,medium,0.5,codemix
"Nndjkusay, nee sakkat dumb idiya yaar yaar. #e3f4",insult,Individual,Medium,0.18,kannada
"Fuvnm, nee total loser tara idiya yaar. #6279",insult,Individual,High,0.28,kannada
"Yuu, stop acting like a total cunt every day. #bff3",sexual_harassment,Individual,high,0.77,bad_words
I think you keep irritating me daily,harassment,individual,medium,0.45,english
This group is so toxic 🚨,toxicity,individual,low,0.35,emoji
"Ivattu kooda monkey thara tara act madtidya, Sqaeb. #4b79",insult,Individual,high,0.62,bad_words
"behavior, you are done now",threat,personal,medium,0.82,english
"internals, why are you always in my dm",harassment,academic,high,0.5,english
"Zai, prati dina reason illade ping madbedi, idu stalking tara kanstide. #62a2",cyberstalking,Individual,Medium,0.82,kannada
"Stop it, stop irritating everyone period.",aggression,individual,high,0.6,english
"this circle, dont think this will go unnoticed",threat,group,medium,0.82,english
Leave me alone already 😬,harassment,teacher,medium,0.5,emoji
"Group nalli a tara hendruna keya maga baribeda, Twoxgqond. #fccc",sexual_harassment,Individual,medium,0.67,bad_words
neenu full dumb yaake heege - just my opinion.,insult,individual,medium,0.3,codemix
"People are tired of your go to hell attitude, Gihddeq. #9ca1",harassment,Individual,medium,0.47,bad_words
"Dvglqtjbix, ivattu full keiya maga mode nalli idiya. #4f13",harassment,Individual,medium,0.47,bad_words
Stop texting me again and again 😏,harassment,gender,medium,0.5,emoji
"network sakkath slow ide, once repeat maadu. #87a8",neutral,Group,Low,0.04,kannada
"Group nalli a tara shaata baribeda, Ftibktas. #b390",insult,Individual,medium,0.67,bad_words
"To be honest, you are not smart enough for this and it's sad.",insult,individual,medium,0.3,english
"this circle, remember this moment",threat,group,medium,0.82,english
no need for you here and everyone agrees.,exclusion,individual,high,0.47,english
stop getting involved and it's annoying.,aggression,individual,medium,0.55,english
"Yella dina dagar tara mathadbeda, Rtwalmfaq. #c9f0",insult,Individual,medium,0.6,bad_words
"review okay aaytu, tension beda. #97cd",neutral,Individual,Low,0.0,kannada
exam tumba tough aaytu but somehow aaytu. #52c0,neutral,Individual,Low,0.06,kannada
"This asshole behaviour is not okay, Zmzuugqt. #524a",insult,Individual,medium,0.54,bad_words
weekend ge yava movie nodona. #78d6,neutral,Individual,Low,0.04,kannada
"5 nimisha nalli join agthini, swalpa wait maadu. #e860",neutral,Group,Low,0.0,kannada
"Ydfnnuid, nin kallu nataka nodakke bore aaytu. #8719",insult,Individual,high,0.46,bad_words
I think this space is not safe mentally for sure.,toxicity,gender,medium,0.5,english
"Fhcxpdf, nee tumba nimmavvana tara idiya maga. #5c3b",harassment,Individual,medium,0.65,bad_words
"Ubwh, a tara photos haakbeda please, group nalli idu sari alla. #ec9c",sexual_harassment,Individual,High,0.91,kannada
"Irmaccmlr, you are such a sex in this group. #6041",sexual_harassment,Individual,high,0.79,bad_words
"Holha, ava body bagge a tara mata beda, group nalli idu sari alla. #155c",sexual_harassment,Individual,Medium,0.79,kannada
nin illade better agide and everyone agrees.,exclusion,individual,high,0.47,codemix
stop monitoring what i do don't you think?,stalking,individual,medium,0.62,english
I just wanted to say why do you keep calling me,harassment,individual,medium,0.45,english
"This arse behaviour is not okay, Nfem. #61e9",harassment,Individual,high,0.79,bad_words
"Ninna fake character behavior nodi everyone frustrate agta idare, Dlmwef. #0e8a",harassment,Individual,low,0.36,bad_words
"Uzeil, nee full time late bartiya re. #ab50",insult,Individual,Low,0.19,kannada
"To be honest, this chat is very unhealthy for real.",toxicity,individual,medium,0.5,codemix
how many times should i say no,harassment,individual,medium,0.45,english
"Ninna sexy baby behavior nodi everyone frustrate agta idare, Lyom. #9c32",sexual_harassment,Individual,low,0.49,bad_words
"review okay aaytu, tension beda. #2b30",neutral,Group,Low,0.02,kannada
"batch, ivnanna group nalli add madbeda, ivan illaadre better ansta. #b446",exclusion,Group,High,0.4,kannada
yaaru naalege PPT madthare helri. #fd79,neutral,Individual,Low,0.04,kannada
"Fbr, elli hogidaroo ade tara madthiya, tumba irritating agthiya re anta feel agutte. #3805",harassment,Individual,High,0.74,kannada
You are not part of this team 🤡,exclusion,academic,medium,0.45,emoji
"Axgscbn, nee sakkat dumb idiya yaar machaa. #6b82",insult,Individual,Medium,0.22,kannada
"Xrjrmfklj, yaaru kuda ninna cry baby nature ishta padalla. #b91f",harassment,Individual,medium,0.53,bad_words
"this group, mind your own group",exclusion,group,medium,0.42,english
Get lost 🌑,aggression,appearance,low,0.55,emoji
"Sudkxybq, nin le niga nataka nodakke bore aaytu. #fed3",harassment,Individual,medium,0.37,bad_words
weekend ge yava movie nodona. #4ffd,neutral,Individual,Low,0.06,kannada
"Yorun, nee complete waste fellow yaar. #d4aa",insult,Individual,High,0.44,kannada
"happy birthday, tumba olle varsha agli. #f60a",neutral,Individual,Low,0.02,kannada
It's obvious that why are you checking my last seen,stalking,social,medium,0.62,english
Wait and see what happens to you ⚠️,threat,unknown,high,0.95,emoji
"Lblwa, you are such a bisexual in this group. #4964",sexual_harassment,Individual,medium,0.56,bad_words
"Nrgvfpegr, elli hogidaroo ade tara madthiya, tumba disgusting behaviour anta feel agutte. #4b57",harassment,Individual,Medium,0.47,kannada
"Usbvdyq, nee tumba dagarina maga tara idiya maga. #7dde",insult,Individual,medium,0.52,bad_words
exam tumba tough aaytu but somehow aaytu. #6039,neutral,Unknown,Low,0.0,kannada
Leave this group now 🖕,exclusion,appearance,high,0.6,emoji
"Ofme, nee ivattu full lazy mode alli idiya re. #7d93",insult,Individual,Low,0.31,kannada
"Awwpwfju, ivattu full hucchadanthe mode nalli idiya. #50e8",insult,Individual,medium,0.59,bad_words
"Fjhxrfm, elli hogidaroo ade tara madthiya, total loser tara idiya anta feel agutte. #c3a1",harassment,Individual,Medium,0.65,kannada
"Xrufl, yaaru kuda ninna idiot thara nature ishta padalla. #8a92",insult,Individual,high,0.78,bad_words
"Mrjcywpk, yaaru kuda ninna sexy baby nature ishta padalla. #1456",sexual_harassment,Individual,high,0.81,bad_words
Back off now 🙅,aggression,individual,low,0.55,emoji
Get lost 🕸️,aggression,group,low,0.55,emoji
"class grp, plan ge ivananna invite madbeda besseru, ivan illaadre better ansta. #bda3",exclusion,Group,Low,0.24,kannada
exam tumba tough aaytu but somehow aaytu. #d2e5,neutral,Unknown,Low,0.0,kannada
project help madidakke thanks maga. #3dc4,neutral,Individual,Low,0.0,kannada
Why do you keep messaging me 🥶,harassment,group,high,0.6,emoji
You keep tracking my activity 👿,stalking,academic,high,0.8,emoji
weekend ge yava movie nodona. #bfb3,neutral,Unknown,Low,0.0,kannada
"Tggav, nee tumba thullu keya tara idiya maga. #f8b5",sexual_harassment,Individual,medium,0.72,bad_words
"Group nalli a tara sexy baby baribeda, Fsbrksc. #2c8d",sexual_harassment,Individual,medium,0.55,bad_words
naale extra pen togond baa pls. #2379,neutral,Group,Low,0.0,kannada
this will not end well for you ninige sari illa agutte ... whatever.,threat,individual,medium,0.82,codemix
remember this moment ninige gothagutte and everyone agrees.,threat,individual,high,0.87,codemix
"Ousyi, stop acting like a total 69 every day. #3d01",sexual_harassment,Individual,medium,0.55,bad_words
"Fczra, prati dina reason illade ping madbedi, idu stalking tara kanstide. #3832",cyberstalking,Individual,High,0.64,kannada
"guys, ivananna group inda remove maadona, ivan illaadre better ansta. #a817",exclusion,Group,Low,0.22,kannada
People like you are disgusting 🔍,hate,academic,high,0.85,emoji
Get lost 🩸,aggression,individual,low,0.55,emoji
"Kegjfqm, elli hogidaroo ade tara madthiya, yen use illa ninna jothe anta feel agutte. #9853",harassment,Individual,Medium,0.68,kannada
This group is so toxic 😐,toxicity,group,medium,0.4,emoji
Stop following me everywhere 🛑,stalking,unknown,high,0.8,emoji
this chat ruins my mood so please stop.,toxicity,group,medium,0.5,english
i will make sure everyone knows immediately.,threat,individual,high,0.87,english
This group is so toxic 🔪,toxicity,appearance,medium,0.45,emoji
naale extra pen togond baa pls. #05c1,neutral,Unknown,Low,0.01,kannada
"Ninna sexy bro behavior nodi everyone frustrate agta idare, Epbxzmm. #70c1",sexual_harassment,Individual,medium,0.57,bad_words
You are not part of this team 😑,exclusion,appearance,medium,0.45,emoji
you are useless nin work sari illa period.,insult,individual,medium,0.3,codemix
"In my opinion, dont poke your nose nin business beda",aggression,individual,medium,0.55,codemix
"Dngie, nee tumba tullna keya tara idiya maga. #73dd",sexual_harassment,Individual,medium,0.72,bad_words
why do you remember my timings ninige ella gothu right now.,stalking,individual,medium,0.62,codemix
"review okay aaytu, tension beda. #2834",neutral,Unknown,Low,0.0,kannada
"Bxfokpxqt, nee useless tara behave madthiya dude. #41ac",insult,Individual,Medium,0.4,kannada
"Yella dina huccha maga tara mathadbeda, Bpjwgpv. #e195",insult,Individual,medium,0.74,bad_words
fest practice ge yar yar barthidira. #f1f5,neutral,Unknown,Low,0.0,kannada
"behavior, we dont want you in this discussion",exclusion,personal,medium,0.42,english
naale 4gante canteen nalli meet aagona. #79ac,neutral,Group,Low,0.0,kannada
"naale 9 gante lab ge bartira, late agbeda. #7a07",neutral,Individual,Low,0.0,kannada
"To be honest, stop stalking me and everyone agrees.",stalking,individual,high,0.67,english
"Iptfycist, nee full time late bartiya yaar. #f03e",insult,Individual,Low,0.2,kannada
"To be honest, nin iddare problem agthide",exclusion,individual,medium,0.42,codemix
pizza bekka biryani bekka decide maadi. #2d93,neutral,Group,Low,0.03,kannada
"Diw, ava body bagge a tara mata beda, group nalli idu sari alla. #b184",sexual_harassment,Individual,High,0.68,kannada
"Stop it, go away from here (no offense).",aggression,individual,low,0.5,english
this is embarrassing don't you think?,insult,individual,medium,0.3,english
People like you are disgusting 💢,hate,individual,high,0.85,emoji
yaaru naalege PPT madthare helri. #6bd4,neutral,Group,Low,0.0,kannada
ivattu class full bore aaytu. #9aa0,neutral,Group,Low,0.0,kannada
"naale 9 gante lab ge bartira, late agbeda. #d672",neutral,Group,Low,0.03,kannada
Everyone knows keep quiet please nin matadbeda and it's sad.,aggression,individual,medium,0.55,codemix
your type always ruins things,hate,individual,high,0.8,english
yaaru naalege PPT madthare helri. #32eb,neutral,Group,Low,0.03,kannada
"Iarf, next time barbeku anta helthini, swalpa limit nodu yaar. #b44f",threat,Individual,Medium,0.92,kannada
"Yoy, yaaru kuda ninna sakath body nature ishta padalla. #58bf",harassment,Individual,high,0.62,bad_words
"Just so you know, your kind is unwanted here - just my opinion.",hate,individual,medium,0.75,english
keep quiet please,aggression,individual,medium,0.55,english
"In my opinion, mind your own business",aggression,individual,medium,0.55,english
grow up seriously period.,insult,individual,high,0.35,english
why are you watching my profile daily right now.,stalking,teacher,medium,0.62,english
"naale 9 gante lab ge bartira, late agbeda. #2c4a",neutral,Unknown,Low,0.0,kannada
"Bxfzyg, nee ivattu full lazy mode alli idiya machaa. #6267",insult,Individual,Low,0.25,kannada
"Ahfnyzolh, nodu careful iru, illa problem agutte, swalpa limit nodu yaar. #340a",threat,Individual,High,0.79,kannada
"Vblxvp, a tara photos haakbeda please, group nalli idu sari alla. #89ad",sexual_harassment,Individual,Medium,0.66,kannada
"Rudgaa, nee full time late bartiya yaar. #d6f3",insult,Individual,Low,0.31,kannada
"Rijgxggs, ivattu full keiya mode nalli idiya. #85b4",harassment,Individual,low,0.47,bad_words
"Group nalli a tara ninna thullu keya baribeda, Dtkmsstqeh. #559a",sexual_harassment,Individual,high,0.6,bad_words
Back off now 🦧,aggression,teacher,low,0.55,emoji
Everyone here is awful 🤬,toxicity,individual,medium,0.4,emoji
"Kdis, nee yen use illa ninna jothe dude. #d688",insult,Individual,High,0.52,kannada
"Honestly, i will complain about you sir ge helthini",threat,individual,medium,0.82,codemix
people here are very problematic for real.,toxicity,group,medium,0.5,english
ninne function photos share maadu. #cf57,neutral,Unknown,Low,0.07,kannada
"Hnbamg, you are such a fucking balls in this group. #b7d2",sexual_harassment,Individual,high,0.53,bad_words
You will regret this 😞,threat,teacher,high,0.95,emoji
"Yella dina bakra tara mathadbeda, Dyeyf. #bc79",insult,Individual,medium,0.63,bad_words
"behavior, dont poke your nose",aggression,personal,medium,0.55,english
"naale 9 gante lab ge bartira, late agbeda. #6870",neutral,Group,Low,0.0,kannada
people like you are a headache and it's sad.,hate,individual,medium,0.75,codemix
"happy birthday, tumba olle varsha agli. #1377",neutral,Individual,Low,0.0,kannada
"ninna presentation super aaytu, chennag ide. #e5dc",neutral,Group,Low,0.0,kannada
ivattu class full bore aaytu. #e562,neutral,Group,Low,0.04,kannada
ivattu class full bore aaytu. #dfdb,neutral,Group,Low,0.04,kannada
You never understand anything 🔪,insult,individual,low,0.3,emoji
"nature, how many times should i say no",harassment,personal,medium,0.45,english
"Look, you look foolish right now period.",insult,appearance,medium,0.3,english
You will regret this ⚠️,threat,unknown,high,0.95,emoji
"Gdzm, nee total loser tara idiya machaa. #dd4f",insult,Individual,High,0.42,kannada
"network sakkath slow ide, once repeat maadu. #410f",neutral,Individual,Low,0.0,kannada
Shut up already 🕵️,aggression,unknown,medium,0.6,emoji
"This idiot behaviour is not okay, Wcmjjag. #3cac",insult,Individual,low,0.51,bad_words
Your kind is not welcome here 🙅,hate,gender,high,0.85,emoji
"Actually, you will face consequences ninige problem agutte",threat,individual,medium,0.82,codemix
"This rubbish behaviour is not okay, Nrsruxuo. #d6bf",insult,Individual,medium,0.37,bad_words
ivattu assignment submit maadbeku maga. #4662,neutral,Individual,Low,0.0,kannada
"Swraiw, nee useless tara behave madthiya dude. #1145",insult,Individual,Medium,0.36,kannada
naale 4gante canteen nalli meet aagona. #910f,neutral,Unknown,Low,0.01,kannada
Wait and see what happens to you 🐮,threat,appearance,high,0.95,emoji
"Ninna saayi behavior nodi everyone frustrate agta idare, Tiextwvwvx. #0810",threat,Individual,medium,0.4,bad_words
"Elybgd, nee useless tara behave madthiya re. #ce89",insult,Individual,Medium,0.43,kannada
naale extra pen togond baa pls. #5106,neutral,Group,Low,0.06,kannada
dont overdo it !!!,aggression,individual,medium,0.55,english
"Yella dina nimmavvana maga tara mathadbeda, Ebokpzy. #e927",harassment,Individual,medium,0.67,bad_words
pizza bekka biryani bekka decide maadi. #5cc5,neutral,Group,Low,0.05,kannada
"Ebvbgiyzf, cheap comments madbeda ava bagge, group nalli idu sari alla. #877c",sexual_harassment,Individual,High,0.59,kannada
stop tracking my activity - just my opinion.,stalking,individual,medium,0.62,english
"this class, stop forcing conversation",harassment,group,medium,0.45,english
ninige common sense illa ... whatever.,insult,individual,medium,0.3,codemix
naale extra pen togond baa pls. #7fd4,neutral,Unknown,Low,0.05,kannada
"Basically, you never get anything right period.",insult,individual,high,0.35,english
"review okay aaytu, tension beda. #6484",neutral,Group,Low,0.0,kannada
"Look, dont involve yourself here",exclusion,appearance,medium,0.42,english
"Ouab, a tara photos haakbeda please, group nalli idu sari alla. #09d2",sexual_harassment,Individual,High,0.78,kannada
exam tumba tough aaytu but somehow aaytu. #9413,neutral,Individual,Low,0.0,kannada
attendance link haakbidu illi. #5987,neutral,Individual,Low,0.0,kannada
project help madidakke thanks maga. #a757,neutral,Individual,Low,0.0,kannada
"Idkbe, ava body bagge a tara mata beda, group nalli idu sari alla. #7632",sexual_harassment,Individual,Medium,0.68,kannada
"team, ivnanna group nalli add madbeda, ivan illaadre better ansta. #1430",exclusion,Group,High,0.48,kannada
Everyone knows why are you always behind me ... whatever.,stalking,individual,high,0.67,english
"5 nimisha nalli join agthini, swalpa wait maadu. #0ecd",neutral,Unknown,Low,0.0,kannada
fest practice ge yar yar barthidira. #e1bc,neutral,Unknown,Low,0.0,kannada
"gang, ivananna group inda remove maadona, ivan illaadre better ansta. #ffc8",exclusion,Group,Low,0.18,kannada
weekend ge yava movie nodona. #5c9a,neutral,Unknown,Low,0.0,kannada
"Listen, stop talking nonsense",aggression,individual,medium,0.55,english
"Whtcaxg, elli hogidaroo ade tara madthiya, useless tara behave madthiya anta feel agutte. #2f04",harassment,Individual,High,0.56,kannada
"This fuck behaviour is not okay, Hnekt. #c0bf",harassment,Individual,medium,0.4,bad_words
I think this group is too negative,toxicity,group,medium,0.5,english
"Padlzjhb, nee sakkat dumb idiya yaar re. #60e0",insult,Individual,Medium,0.29,kannada
"class grp, ivnanna group nalli add madbeda, ivan illaadre better ansta. #831b",exclusion,Group,Low,0.32,kannada
"People are tired of your crap attitude, Axemt. #14d9",harassment,Individual,medium,0.62,bad_words
"Group nalli a tara mangyan maga baribeda, Ffz. #f40d",insult,Individual,medium,0.51,bad_words
i will expose what you did ellargu helthini period.,threat,individual,medium,0.82,codemix
attendance link haakbidu illi. #b674,neutral,Individual,Low,0.0,kannada
nin illade smooth agide,exclusion,individual,medium,0.42,codemix
attendance link haakbidu illi. #d9a8,neutral,Group,Low,0.0,kannada
Good morning everyone 📝,neutral,group,low,0.0,emoji
"Group nalli ee fake character attitude beda, Wttpdmwlhc. #caee",harassment,Individual,high,0.69,bad_words
"Xdiezhcdts, nin hucchadanthe nataka nodakke bore aaytu. #6ee5",threat,Individual,medium,0.62,bad_words
remember this moment,threat,gender,medium,0.82,english
Your kind is not welcome here 🌈,hate,academic,high,0.85,emoji
"Khutikaho, nee full time late bartiya machaa. #64d4",insult,Individual,Low,0.33,kannada
"Basically, why do you always show up where i am",stalking,individual,high,0.67,codemix
"Look, dont start with me",aggression,appearance,medium,0.55,english
"Group nalli a tara thale kettide baribeda, Jgstby. #46a9",harassment,Individual,low,0.35,bad_words
"Hey, i cant stand people like you nin tara jana ... whatever.",hate,individual,medium,0.75,codemix
"this class, stop texting me every day",harassment,group,medium,0.45,english
exam tumba tough aaytu but somehow aaytu. #decb,neutral,Individual,Low,0.04,kannada
"dp, i will expose what you did",threat,social,medium,0.82,english
"Iduftk, nee tumba saayi tara idiya maga. #2c18",threat,Individual,medium,0.68,bad_words
"Pve, nee tumba irritating agthiya re dude. #28f2",insult,Individual,Medium,0.24,kannada
"Stop it, stop messaging me yavaglu disturb madthiya",harassment,individual,medium,0.45,codemix
you are not part of this,exclusion,individual,medium,0.42,english
"Oltldvjcq, nee useless tara behave madthiya dude. #ef35",insult,Individual,Medium,0.28,kannada
Everyone knows nin iddare delay agthide right now.,exclusion,individual,medium,0.42,codemix
"Basically, yaake nanna follow madthiya everywhere so please stop.",harassment,individual,medium,0.45,codemix
"To be honest, stop getting involved nin barbeda",aggression,individual,medium,0.55,codemix
"Seriously, control yourself swalpa right now.",aggression,individual,medium,0.55,codemix
yaake nanna hinde bartiya elladalli without a doubt.,harassment,individual,medium,0.45,codemix
you dont have common sense without a doubt.,insult,individual,medium,0.3,english
"Just so you know, you wont get away with this and everyone agrees.",threat,individual,high,0.87,english
nininda headache agthide stop it,harassment,individual,medium,0.45,codemix
"Dvxq, nee yavattu serious agalla dude. #a8ab",insult,Individual,Low,0.24,kannada
"Acyimtm, a type jokes swalpa stop maadu, group nalli idu sari alla. #d9fa",sexual_harassment,Individual,High,0.86,kannada
people like you make everything dirty don't you think?,hate,individual,medium,0.75,english
weekend ge yava movie nodona. #dd9e,neutral,Individual,Low,0.02,kannada
You keep tracking my activity 🙄,stalking,unknown,high,0.8,emoji
"whole class, why do you keep calling me",harassment,group,medium,0.45,english
weekend ge yava movie nodona. #bd30,neutral,Unknown,Low,0.02,kannada
"Dgezwdsvja, elli hogidaroo ade tara madthiya, yen use illa ninna jothe anta feel agutte. #81cc",harassment,Individual,Low,0.56,kannada
nee send madida reel super comedy aaytu. #fa8a,neutral,Group,Low,0.0,kannada
"ninna presentation super aaytu, chennag ide. #ca22",neutral,Individual,Low,0.0,kannada
"In my opinion, stop forcing conversation",harassment,individual,medium,0.45,english
"Dif, nee full time late bartiya machaa. #97ab",insult,Individual,Low,0.4,kannada
"Actually, dont act smart here and it's sad.",aggression,individual,medium,0.55,english
"To be honest, you just dont get it ninige artha illa immediately.",insult,individual,medium,0.3,codemix
"Look, your type always ruins things nin tara jana beda",hate,individual,high,0.8,codemix
stop tracking my activity ... whatever.,stalking,individual,medium,0.62,english
ninige maturity illa grow up (no offense).,insult,individual,low,0.25,codemix
"naale 9 gante lab ge bartira, late agbeda. #55a5",neutral,Group,Low,0.0,kannada
"Ejpydcl, elli hogidaroo ade tara madthiya, tumba irritating agthiya re anta feel agutte. #1bde",harassment,Individual,Medium,0.52,kannada
"5 nimisha nalli join agthini, swalpa wait maadu. #674f",neutral,Individual,Low,0.01,kannada
"Bbreeqhuo, cheap comments madbeda ava bagge, group nalli idu sari alla. #1434",sexual_harassment,Individual,Medium,0.73,kannada
"girls, you wont get away with this",threat,gender,medium,0.82,english
your kind is unwanted here immediately.,hate,individual,medium,0.75,english
"exam, you dont belong in this level",insult,academic,medium,0.3,english
"Basically, keep quiet please",aggression,individual,medium,0.55,english
"Uynceazsfr, prati dina reason illade ping madbedi, idu stalking tara kanstide. #3f1c",cyberstalking,Individual,High,0.64,kannada
"Listen, stop getting involved nin barbeda immediately.",aggression,individual,medium,0.55,codemix
"Listen, you asked for it nin mistake and it's annoying.",threat,individual,medium,0.82,codemix
This group is so toxic 🐷,toxicity,gender,medium,0.4,emoji
"teacher, this is your last warning",threat,teacher,medium,0.82,english
"In my opinion, nin presence irthare problem only",insult,individual,medium,0.3,codemix
do you even understand anything right now.,insult,individual,medium,0.3,english
attendance link haakbidu illi. #2b55,neutral,Individual,Low,0.02,kannada
Shut up already 🖕,aggression,unknown,medium,0.65,emoji
"Zzed, cheap comments madbeda ava bagge, group nalli idu sari alla. #be5b",sexual_harassment,Individual,High,0.81,kannada
"Hey, dont annoy me nin irritate madbeda",aggression,individual,medium,0.55,codemix
I just wanted to say this chat is exhausting full headache,toxicity,individual,medium,0.5,codemix
ivattu assignment submit maadbeku maga. #0186,neutral,Individual,Low,0.0,kannada
"To be honest, your type should not be here don't you think?",hate,individual,medium,0.75,codemix
dont test my patience !!!,threat,academic,medium,0.82,english
It's obvious that nin illade nav decide madidvi !!!,exclusion,individual,medium,0.42,codemix
better you leave this group without a doubt.,exclusion,group,medium,0.42,english
"Listen, dont message me late night nin beka illa for sure.",harassment,individual,medium,0.45,codemix
naale extra pen togond baa pls. #12bd,neutral,Individual,Low,0.04,kannada
dont lecture me for sure.,aggression,individual,medium,0.55,english
naale 4gante canteen nalli meet aagona. #eab1,neutral,Individual,Low,0.0,kannada
nee send madida reel super comedy aaytu. #193c,neutral,Group,Low,0.0,kannada
Can we meet after class??,neutral,unknown,medium,0.02,english
"last seen, this group is too negative",toxicity,group,medium,0.5,english
"In my opinion, your kind is not welcome here",hate,individual,medium,0.75,english
pizza bekka biryani bekka decide maadi. #dc57,neutral,Individual,Low,0.01,kannada
"Llnehqn, nee total loser tara idiya re. #6629",insult,Individual,High,0.25,kannada
You never understand anything ⚡,insult,teacher,medium,0.3,emoji
"To be honest, this will not end well for you for real.",threat,individual,medium,0.82,english
there is too much negativity here !!!,toxicity,individual,medium,0.5,english
"Rdfebpdus, nin nimmavvan nataka nodakke bore aaytu. #babf",harassment,Individual,high,0.66,bad_words
Did anyone finish the assignment??,neutral,gender,medium,0.02,english
"Zrdvtkdmjq, a type jokes swalpa stop maadu, group nalli idu sari alla. #d677",sexual_harassment,Individual,Low,0.75,kannada
"Xvmy, nee tumba irritating agthiya re yaar. #922d",insult,Individual,Medium,0.33,kannada
Stop following me everywhere 💣,stalking,group,high,0.85,emoji
stop texting me every day !!!,harassment,individual,medium,0.45,english
"In my opinion, this group has become so toxic don't you think?",toxicity,group,medium,0.5,english
ivattu assignment submit maadbeku maga. #20da,neutral,Individual,Low,0.0,kannada
naale extra pen togond baa pls. #877e,neutral,Group,Low,0.02,kannada
"To be honest, yaake nanna follow madthiya everywhere",harassment,individual,medium,0.45,codemix
"Group nalli a tara nim ammanakeya baribeda, Ivodquomwx. #81db",sexual_harassment,Individual,low,0.34,bad_words
"Hvclfkl, stop acting like a total twat every day. #8a14",insult,Individual,high,0.47,bad_words
"Dxgsl, nee class nalli full time joker ne dude. #94bb",insult,Individual,Medium,0.18,kannada
"This bastard behaviour is not okay, Spzacyhxig. #527e",insult,Individual,high,0.47,bad_words
You keep tracking my activity 🕸️,stalking,academic,high,0.8,emoji
"team, chat nalli ivnanna ide irboda anta ansta, ivan illaadre better ansta. #1da1",exclusion,Group,Low,0.19,kannada
"happy birthday, tumba olle varsha agli. #3b2f",neutral,Individual,Low,0.0,kannada
"Wuboagh, elli hogidaroo ade tara madthiya, complete waste fellow anta feel agutte. #c3d3",harassment,Individual,Medium,0.7,kannada
this environment is stressful - just my opinion.,toxicity,gender,medium,0.5,english
exam tumba tough aaytu but somehow aaytu. #46be,neutral,Individual,Low,0.0,kannada
"This queer behaviour is not okay, Hqchel. #507e",insult,Individual,low,0.48,bad_words
"Yella dina kall nan magane tara mathadbeda, Lfoea. #ea09",insult,Individual,high,0.65,bad_words
"Mpgynayqnh, elli hogidaroo ade tara madthiya, total loser tara idiya anta feel agutte. #fd40",harassment,Individual,Low,0.59,kannada
pizza bekka biryani bekka decide maadi. #93a9,neutral,Unknown,Low,0.03,kannada
"Look, dont message me late night nin beka illa !!!",harassment,individual,medium,0.45,codemix
naale extra pen togond baa pls. #3669,neutral,Individual,Low,0.01,kannada
dont keep pinging me for no reason ... whatever.,harassment,individual,medium,0.45,english
"Group nalli a tara ninna gandu baribeda, Tkbev. #0297",insult,Individual,medium,0.68,bad_words
ivattu class full bore aaytu. #ccae,neutral,Individual,Low,0.0,kannada
"character, you asked for it",threat,personal,medium,0.82,english
"Actually, this chat is very unhealthy",toxicity,individual,medium,0.5,codemix
ivattu assignment submit maadbeku maga. #b367,neutral,Individual,Low,0.0,kannada
"ninna presentation super aaytu, chennag ide. #83d3",neutral,Group,Low,0.0,kannada
"Group nalli ee sucide attitude beda, Tmybj. #3650",threat,Individual,low,0.42,bad_words
"In my opinion, ninige buddhi illa seriously so please stop.",insult,individual,high,0.35,codemix
I will report you to the admin 🦍,threat,unknown,high,0.95,emoji
"Fbzx, nee reply nodoke tumba time togondiya re. #2f1e",insult,Individual,Low,0.36,kannada
you always ruin everything nininda problem right now.,insult,individual,high,0.35,codemix
"Slxma, yaaru kuda ninna sexy baby nature ishta padalla. #5200",sexual_harassment,Individual,medium,0.61,bad_words
"network sakkath slow ide, once repeat maadu. #7d87",neutral,Group,Low,0.0,kannada
people like you are always the problem,hate,individual,high,0.8,english
"Lfggz, nin sakath body maga nataka nodakke bore aaytu. #f7a7",harassment,Individual,medium,0.73,bad_words
yaaru naalege PPT madthare helri. #b46e,neutral,Group,Low,0.04,kannada
mind your own business so please stop.,aggression,individual,medium,0.55,english
ivattu assignment submit maadbeku maga. #609c,neutral,Unknown,Low,0.03,kannada
"Mwgelhklr, you are such a crap in this group. #c441",harassment,Individual,low,0.55,bad_words
"exam, your kind spoils the environment",hate,gender,medium,0.75,english
"Wfbfjrh, mundina sari nodu yen agutte anta, swalpa limit nodu yaar. #b9e0",threat,Individual,High,0.91,kannada
I think you asked for it nin mistake,threat,individual,medium,0.82,codemix
I think this place feels unhealthy,toxicity,individual,medium,0.5,english
"team, ivananna group inda remove maadona, ivan illaadre better ansta. #49f3",exclusion,Group,Low,0.27,kannada
"Qckwq, nin thotha nataka nodakke bore aaytu. #9e24",insult,Individual,medium,0.72,bad_words
I will report you to the admin 🔥,threat,teacher,high,0.95,emoji
"Stop it, people here are very problematic",toxicity,group,medium,0.5,english
"Honestly, ninige maturity illa grow up",insult,individual,medium,0.3,codemix
"Srdvgbenkm, nee yen use illa ninna jothe machaa. #3b87",insult,Individual,High,0.45,kannada
Your kind is not welcome here 🪳,hate,academic,high,0.85,emoji
You never understand anything 🐮,insult,individual,low,0.25,emoji
"Yella dina nimmavvan tara mathadbeda, Fttdz. #8073",harassment,Individual,high,0.4,bad_words
"Actually, control yourself (no offense).",aggression,individual,low,0.5,english
Is the class online or offline tomorrow?,neutral,social,medium,0.02,english
"Look, stop chasing me for replies",harassment,appearance,medium,0.45,english
"Hey, dont push me beyond my limit (no offense).",threat,individual,low,0.77,english
"This dog behaviour is not okay, Qcokew. #d209",insult,Individual,medium,0.47,bad_words
"Jcqothuso, nee yen use illa ninna jothe machaa. #ebc1",insult,Individual,High,0.33,kannada
we are tired of people like you don't you think?,hate,individual,medium,0.75,codemix
"Honestly, your kind is not welcome here and everyone agrees.",hate,individual,high,0.8,codemix
this place feels suffocating !!!,toxicity,individual,medium,0.5,english
people here are very problematic period.,toxicity,individual,medium,0.5,codemix
"5 nimisha nalli join agthini, swalpa wait maadu. #fee8",neutral,Group,Low,0.01,kannada
It's obvious that your type always ruins things nin tara jana beda immediately.,hate,individual,high,0.8,codemix
i cant stand people like you nin tara jana right now.,hate,individual,medium,0.75,codemix
yaaru naalege PPT madthare helri. #5e21,neutral,Group,Low,0.0,kannada
"Nww, you are such a fucking prick in this group. #21a3",sexual_harassment,Individual,high,0.78,bad_words
naale 4gante canteen nalli meet aagona. #4172,neutral,Individual,Low,0.03,kannada
"lecturer, stop chasing me for replies",harassment,teacher,medium,0.45,english
"Ruuarwq, nee complete waste fellow dude. #b465",insult,Individual,High,0.41,kannada
"naale 9 gante lab ge bartira, late agbeda. #6956",neutral,Unknown,Low,0.01,kannada
"Utnputanmz, nee full monkey thara tara behave madthiya. #7c55",insult,Individual,low,0.52,bad_words
"Fyfplpt, nin thimru nataka nodakke bore aaytu. #48c6",insult,Individual,high,0.67,bad_words
"Zsq, nee reply nodoke tumba time togondiya machaa. #8f5e",insult,Individual,Low,0.38,kannada
"Pcgz, stop acting like a total fool every day. #609f",insult,Individual,low,0.56,bad_words
you are everywhere i go nin follow madthiya and it's sad.,stalking,individual,medium,0.62,codemix
nee send madida reel super comedy aaytu. #0362,neutral,Individual,Low,0.0,kannada
"Listen, back off right now nin hinde hogu",aggression,individual,medium,0.55,codemix
"Group nalli ee sucide attitude beda, Adyvuscidi. #83e1",threat,Individual,medium,0.64,bad_words
"Joobbhr, stop acting like a total wtf every day. #0824",harassment,Individual,high,0.57,bad_words
"network sakkath slow ide, once repeat maadu. #99a7",neutral,Individual,Low,0.0,kannada
"Just so you know, we are tired of people like you",hate,individual,medium,0.75,english
You will regret this 🙄,threat,unknown,high,0.95,emoji
naale 4gante canteen nalli meet aagona. #cdb7,neutral,Group,Low,0.0,kannada
"People are tired of your cock-socker attitude, Wzwsel. #cad1",sexual_harassment,Individual,high,0.73,bad_words
"Group nalli a tara soolya maga baribeda, Avfqrvl. #4f04",harassment,Individual,medium,0.37,bad_words
"5 nimisha nalli join agthini, swalpa wait maadu. #9e0f",neutral,Unknown,Low,0.02,kannada
your type should not be here and everyone agrees.,hate,individual,high,0.8,codemix
"Dolkfg, you are such a shit in this group. #648d",harassment,Individual,medium,0.62,bad_words
"Bftvbaxe, ivattu full muka thika thara ide mode nalli idiya. #5ad0",harassment,Individual,medium,0.73,bad_words
yavdru ivattu notes idre send maadu pls. #9489,neutral,Individual,Low,0.05,kannada
This group is so toxic 📍,toxicity,appearance,low,0.35,emoji
"Xhzqp, nee full time late bartiya re. #ec85",insult,Individual,Low,0.13,kannada
this group is not for you and it's annoying.,exclusion,group,medium,0.42,english
"Eeh, nee class nalli full time joker ne yaar. #7243",insult,Individual,Medium,0.18,kannada
"In my opinion, mind your own group",exclusion,individual,medium,0.42,english
"Cyqcx, nee total loser tara idiya yaar. #d01a",insult,Individual,High,0.48,kannada
"Zepla, nee sakkat dumb idiya yaar re. #ad24",insult,Individual,Medium,0.2,kannada
"Oshwhjvcu, next time barbeku anta helthini, swalpa limit nodu yaar. #67bf",threat,Individual,Medium,0.78,kannada
"Basically, this group is very disturbing",toxicity,group,medium,0.5,english
"Olurap, yaaru kuda ninna sexy bro nature ishta padalla. #1ff1",sexual_harassment,Individual,low,0.37,bad_words
"review okay aaytu, tension beda. #8b95",neutral,Individual,Low,0.0,kannada
"Honestly, yaake nanna bar bar text madthiya",harassment,individual,medium,0.45,codemix
"happy birthday, tumba olle varsha agli. #fb53",neutral,Group,Low,0.02,kannada
ivattu assignment submit maadbeku maga. #06a8,neutral,Group,Low,0.0,kannada
"Dmleofm, nee full time late bartiya yaar. #75c5",insult,Individual,Low,0.2,kannada
you wont get away with this for sure.,threat,individual,medium,0.82,english
ninne function photos share maadu. #347d,neutral,Unknown,Low,0.0,kannada
Everyone knows dont act smart here,aggression,individual,high,0.6,english
"Ywjolgbr, nin ninna thullu keya nataka nodakke bore aaytu. #087a",sexual_harassment,Individual,medium,0.63,bad_words
"Lexc, yaaru kuda ninna monkey thara nature ishta padalla. #6ac0",insult,Individual,high,0.47,bad_words
Your kind is not welcome here 🔪,hate,gender,high,0.9,emoji
ivattu class full bore aaytu. #4f2c,neutral,Individual,Low,0.04,kannada
naale 4gante canteen nalli meet aagona. #baea,neutral,Individual,Low,0.0,kannada
"team, plan ge ivananna invite madbeda besseru, ivan illaadre better ansta. #2b7a",exclusion,Group,Medium,0.51,kannada
"Just so you know, this chat is very unhealthy so please stop.",toxicity,individual,medium,0.5,codemix
"women, why do you keep calling me",harassment,gender,medium,0.45,english
"Seriously, stop texting me every day",harassment,individual,high,0.5,english
"Estsimuzn, nee full time late bartiya machaa. #4c9b",insult,Individual,Low,0.18,kannada
"Kpvwgu, nee full monkey thara tara behave madthiya. #a640",insult,Individual,high,0.7,bad_words
stay out of my matters for real.,aggression,individual,medium,0.55,english
"Oeq, elli hogidaroo ade tara madthiya, sakkat dumb idiya yaar anta feel agutte. #f709",harassment,Individual,Medium,0.71,kannada
It's obvious that i will complain about you sir ge helthini for real.,threat,individual,medium,0.82,codemix
"class grp, ivananna group inda remove maadona, ivan illaadre better ansta. #5384",exclusion,Group,Medium,0.24,kannada
"Ninna die behavior nodi everyone frustrate agta idare, Uyrwtwnmj. #5a9c",threat,Individual,low,0.33,bad_words
"Ymqg, nee total loser tara idiya yaar. #f1e4",insult,Individual,High,0.37,kannada
"looks bad, you just dont get it",insult,appearance,medium,0.3,english
"Ltprezik, sir ge complaint haakthini nodu, swalpa limit nodu yaar. #c21d",threat,Individual,Low,0.69,kannada
"People are tired of your 69 attitude, Cmcybsx. #d26a",sexual_harassment,Individual,medium,0.61,bad_words
"Sxtbcaeupc, mundina sari nodu yen agutte anta, swalpa limit nodu yaar. #4681",threat,Individual,High,0.9,kannada
"Tklzkhheh, yaaru kuda ninna sexy bro nature ishta padalla. #29be",sexual_harassment,Individual,low,0.34,bad_words
back off right now so please stop.,aggression,individual,medium,0.55,english
"Tzrypon, elli hogidaroo ade tara madthiya, class nalli full time joker ne anta feel agutte. #1d23",harassment,Individual,Medium,0.66,kannada
ivattu assignment submit maadbeku maga. #de30,neutral,Unknown,Low,0.0,kannada
"review okay aaytu, tension beda. #4b6b",neutral,Unknown,Low,0.0,kannada
ninne function photos share maadu. #42ef,neutral,Group,Low,0.04,kannada
"Hey, nin iddare problem agthide for sure.",exclusion,individual,medium,0.42,codemix
dont involve yourself nin beka illa,exclusion,individual,medium,0.42,codemix
"This rubbish behaviour is not okay, Nkcgygtgl. #fc77",insult,Individual,medium,0.39,bad_words
stop talking nonsense nin matu beda immediately.,aggression,individual,medium,0.55,codemix
You will regret this 📍,threat,unknown,high,0.95,emoji
yavdru ivattu notes idre send maadu pls. #28f1,neutral,Group,Low,0.06,kannada
"Look, we are doing this without you for sure.",exclusion,appearance,medium,0.42,english
You will regret this 😶,threat,individual,high,0.95,emoji
"Hey, you look foolish right now",insult,appearance,medium,0.3,english
ivattu assignment submit maadbeku maga. #ab27,neutral,Group,Low,0.0,kannada
exam tumba tough aaytu but somehow aaytu. #210f,neutral,Group,Low,0.05,kannada
ivattu class full bore aaytu. #ff61,neutral,Group,Low,0.05,kannada
"Prlkipazc, ava body bagge a tara mata beda, group nalli idu sari alla. #5999",sexual_harassment,Individual,High,0.98,kannada
"review okay aaytu, tension beda. #0260",neutral,Group,Low,0.0,kannada
"Ddqeh, nee tumba irritating agthiya re re. #d684",insult,Individual,Medium,0.3,kannada
Everyone knows why are you always online when i come ninige gothagthide - just my opinion.,stalking,individual,high,0.67,codemix
"Suugandzrs, nee complete waste fellow re. #82fd",insult,Individual,High,0.25,kannada
I just wanted to say go away from here nin hogu !!!,aggression,individual,medium,0.55,codemix
"thinking, this group is too negative",toxicity,group,medium,0.5,english
"Actually, this environment is stressful and everyone agrees.",toxicity,individual,high,0.55,codemix
ninige maturity illa grow up right now.,insult,individual,medium,0.3,codemix
"Only a two head snake will spam the group like you, Hgzkl. #7b95",insult,Individual,medium,0.65,bad_words
"Basically, we dont need people like you ... whatever.",hate,individual,medium,0.75,codemix
attendance link haakbidu illi. #cc25,neutral,Unknown,Low,0.01,kannada
Back off now 😑,aggression,gender,medium,0.6,emoji
why do you see my story every time nin follow madthiya,stalking,individual,medium,0.62,codemix
"Azuprivcd, stop acting like a total dimwit every day. #411d",insult,Individual,medium,0.67,bad_words
Let's meet after class 😄,neutral,gender,low,0.0,emoji
"Xqvqsi, prati dina reason illade ping madbedi, idu stalking tara kanstide. #1a6f",cyberstalking,Individual,High,0.82,kannada
"Dlbpdbnmd, nee complete waste fellow dude. #47f6",insult,Individual,High,0.24,kannada
"People are tired of your cunt attitude, Aumpgu. #c694",sexual_harassment,Individual,medium,0.7,bad_words
"Xurykq, you are such a twat face in this group. #fd4a",insult,Individual,low,0.59,bad_words
"Ivattu kooda die tara act madtidya, Efdg. #6512",threat,Individual,low,0.47,bad_words
"Eowmmmzufi, nee tumba die mad tara idiya maga. #6142",threat,Individual,medium,0.52,bad_words
"Look, neenu hopeless yaake heege",insult,individual,medium,0.3,codemix
I think dont cross the line nin limits alli iru without a doubt.,aggression,individual,medium,0.55,codemix
naale 4gante canteen nalli meet aagona. #0496,neutral,Individual,Low,0.0,kannada
"Yella dina sexy bro tara mathadbeda, Gzjicgwzbl. #4212",sexual_harassment,Individual,high,0.62,bad_words
"Gsvziq, ivattu full kall maga mode nalli idiya. #6db3",insult,Individual,medium,0.52,bad_words
"Dlvhs, next time barbeku anta helthini, swalpa limit nodu yaar. #8d5d",threat,Individual,Low,0.63,kannada
stop tracking my activity so please stop.,stalking,individual,medium,0.62,english
yavdru ivattu notes idre send maadu pls. #966f,neutral,Individual,Low,0.0,kannada
"Look, this is not meant for you",exclusion,appearance,medium,0.42,english
"Listen, you are useless nin work sari illa",insult,individual,medium,0.3,codemix
"To be honest, this chat ruins my mood for real.",toxicity,group,medium,0.5,english
we dont need people like you for real.,hate,individual,medium,0.75,codemix
"This suck his dick behaviour is not okay, Hauhsmmnh. #f7b0",sexual_harassment,Individual,high,0.51,bad_words
ninne function photos share maadu. #5e26,neutral,Group,Low,0.0,kannada
"Yella dina sucide madtha tara mathadbeda, Agzm. #f09d",threat,Individual,high,0.77,bad_words
"review okay aaytu, tension beda. #269d",neutral,Individual,Low,0.05,kannada
"Basically, stay out of this matter",exclusion,individual,medium,0.42,english
"Ivattu kooda joker thara tara act madtidya, Lsl. #e951",insult,Individual,low,0.67,bad_words
naale extra pen togond baa pls. #ebb2,neutral,Group,Low,0.0,kannada
"Qkfouacpc, nanna status na yavaglu check madthiya, idu stalking tara kanstide. #51e5",cyberstalking,Individual,High,0.77,kannada
"Uli, stop acting like a total bozo every day. #463d",insult,Individual,low,0.62,bad_words
"Listen, go mind your work",aggression,individual,medium,0.55,english
I just wanted to say use your brain once,insult,individual,medium,0.3,english
"People are tired of your bisexual attitude, Xujoawj. #cb90",sexual_harassment,Individual,high,0.77,bad_words
"Just so you know, stop getting involved nin barbeda for sure.",aggression,individual,medium,0.55,codemix
"class grp, ivnanna group nalli add madbeda, ivan illaadre better ansta. #ed76",exclusion,Group,High,0.42,kannada
"network sakkath slow ide, once repeat maadu. #f7e5",neutral,Unknown,Low,0.02,kannada
exam tumba tough aaytu but somehow aaytu. #35c5,neutral,Individual,Low,0.02,kannada
naale extra pen togond baa pls. #0156,neutral,Group,Low,0.0,kannada
dont think this will go unnoticed right now.,threat,individual,medium,0.82,codemix
"Oivofts, nee yavattu serious agalla yaar. #78a2",insult,Individual,Low,0.13,kannada
"network sakkath slow ide, once repeat maadu. #ad67",neutral,Group,Low,0.03,kannada
we are doing this without you,exclusion,individual,medium,0.42,english
why do you know when i go offline ... whatever.,stalking,social,medium,0.62,english
"Look, your kind is unwanted here",hate,appearance,medium,0.75,english
"Rzbvs, nee full monkey thara tara behave madthiya. #f521",insult,Individual,medium,0.47,bad_words
"Stbciqhaoo, nin thotti nataka nodakke bore aaytu. #f018",insult,Individual,high,0.71,bad_words
"Yella dina gaandu tara mathadbeda, Zgqcumn. #6fe3",insult,Individual,low,0.48,bad_words
This group is so toxic 🔍,toxicity,teacher,medium,0.4,emoji
"Dvyekwu, stop acting like a total bellend every day. #217e",insult,Individual,medium,0.51,bad_words
"Stop it, your kind spoils the environment (no offense).",hate,gender,low,0.7,english
"Only a idiot will spam the group like you, Jkys. #0746",insult,Individual,high,0.52,bad_words
"Actually, dont keep pinging nanna irritate madthiya immediately.",harassment,individual,medium,0.45,codemix
"This transgender behaviour is not okay, Xex. #460e",insult,Individual,medium,0.46,bad_words
Back off now 🤮,aggression,appearance,medium,0.6,emoji
"Only a wanker will spam the group like you, Rnwz. #c60d",sexual_harassment,Individual,medium,0.65,bad_words
"naale 9 gante lab ge bartira, late agbeda. #aab1",neutral,Unknown,Low,0.0,kannada
naale extra pen togond baa pls. #dfe3,neutral,Individual,Low,0.02,kannada
naale extra pen togond baa pls. #6793,neutral,Individual,Low,0.0,kannada
ninne function photos share maadu. #9d33,neutral,Unknown,Low,0.03,kannada
yavdru ivattu notes idre send maadu pls. #1e1d,neutral,Individual,Low,0.0,kannada
"This wanker behaviour is not okay, Ewjsub. #fe38",sexual_harassment,Individual,medium,0.52,bad_words
"Yella dina sucide madtha tara mathadbeda, Nza. #30eb",threat,Individual,high,0.61,bad_words
"This lesbian behaviour is not okay, Gcot. #aa6a",insult,Individual,medium,0.74,bad_words
dont poke your nose nin business beda for sure.,aggression,individual,medium,0.55,codemix
"batch, ivananna group inda remove maadona, ivan illaadre better ansta. #33d9",exclusion,Group,Low,0.24,kannada
"dress, stay out of this matter",exclusion,appearance,medium,0.42,english
fest practice ge yar yar barthidira. #a12f,neutral,Group,Low,0.0,kannada
"Honestly, we are doing this without you ... whatever.",exclusion,individual,medium,0.42,english
"naale 9 gante lab ge bartira, late agbeda. #ae1c",neutral,Unknown,Low,0.0,kannada
"People are tired of your transgender attitude, Hhqvwptqkf. #8bbd",insult,Individual,medium,0.59,bad_words
nobody takes you seriously so please stop.,insult,appearance,high,0.35,english
"Qacop, next time barbeku anta helthini, swalpa limit nodu yaar. #5897",threat,Individual,High,0.75,kannada
"In my opinion, this group is not for you - just my opinion.",exclusion,group,medium,0.42,english
weekend ge yava movie nodona. #af5c,neutral,Group,Low,0.03,kannada
nin iddare delay agthide,exclusion,individual,medium,0.42,codemix
"Hey, Thanks slides share madiddakke",neutral,unknown,medium,0.02,codemix
Everyone knows dont keep asking the same thing ... whatever.,harassment,appearance,high,0.5,english
nee send madida reel super comedy aaytu. #a778,neutral,Group,Low,0.05,kannada
"Yella dina kall nan magane tara mathadbeda, Beskjzc. #b9a8",insult,Individual,medium,0.4,bad_words
stop disturbing me nanige shanti beku !!!,harassment,individual,medium,0.45,codemix
"Just so you know, stop texting me every day",harassment,individual,medium,0.45,english
"Gampuo, elli hogidaroo ade tara madthiya, tumba disgusting behaviour anta feel agutte. #0014",harassment,Individual,Medium,0.72,kannada
exam tumba tough aaytu but somehow aaytu. #2153,neutral,Individual,Low,0.0,kannada
"To be honest, dont keep asking the same thing",harassment,appearance,medium,0.45,english
dont poke your nose nin business beda and it's sad.,aggression,individual,medium,0.55,codemix
"Mlwmrmyft, elli hogidaroo ade tara madthiya, useless tara behave madthiya anta feel agutte. #683c",harassment,Individual,Low,0.6,kannada
this space is not safe mentally and it's sad.,toxicity,gender,medium,0.5,english
"Only a fuck will spam the group like you, Lqp. #82f8",harassment,Individual,medium,0.48,bad_words
"Gmcrmgpdk, elli hogidaroo ade tara madthiya, useless tara behave madthiya anta feel agutte. #653f",harassment,Individual,High,0.64,kannada
you will face consequences ninige problem agutte and it's annoying.,threat,individual,medium,0.82,codemix
"Suuehd, elli hogidaroo ade tara madthiya, sakkat dumb idiya yaar anta feel agutte. #b221",harassment,Individual,Low,0.6,kannada
"Only a queer will spam the group like you, Ubyuutzwc. #d2ef",insult,Individual,high,0.83,bad_words
You never understand anything 🐖,insult,teacher,low,0.25,emoji
"Group nalli a tara nin tullna keya baribeda, Wzxa. #f928",sexual_harassment,Individual,low,0.65,bad_words
Back off now 🪰,aggression,teacher,medium,0.6,emoji
"Group nalli a tara gandu baribeda, Ahdyssvczd. #6761",insult,Individual,medium,0.38,bad_words
It's obvious that nin iddare delay agthide right now.,exclusion,individual,medium,0.42,codemix
"Ninna cry baby behavior nodi everyone frustrate agta idare, Ensx. #36d6",harassment,Individual,low,0.67,bad_words
"Dnqijimsn, nee useless tara behave madthiya machaa. #3501",insult,Individual,Medium,0.16,kannada
"Basically, why cant you just stop kelthiya for sure.",harassment,individual,medium,0.45,codemix
"Look, this group is full of drama immediately.",toxicity,individual,medium,0.5,codemix
"Listen, this is your last warning nodko",threat,individual,medium,0.82,codemix
i cant stand people like you nin tara jana,hate,individual,medium,0.75,codemix
why do you know when i read messages immediately.,stalking,individual,medium,0.62,english
Nobody wants you here 🎥,exclusion,academic,high,0.55,emoji
dont lecture me without a doubt.,aggression,individual,medium,0.55,english
"Only a lesbian will spam the group like you, Gjbuntsf. #5382",insult,Individual,medium,0.55,bad_words
you cant escape from this for sure.,threat,individual,medium,0.82,english
"To be honest, stay out of my matters nin hogu",aggression,individual,medium,0.55,codemix
Why do you keep messaging me 👿,harassment,academic,medium,0.5,emoji
we already decided nin illade immediately.,exclusion,individual,medium,0.42,codemix
"Seriously, you are useless nin work sari illa for sure.",insult,individual,medium,0.3,codemix
"Ivattu kooda monkey thara tara act madtidya, Yvaomzwj. #218b",insult,Individual,high,0.5,bad_words
stay out of my matters nin hogu and everyone agrees.,aggression,individual,high,0.6,codemix
"Basically, dont poke your nose for real.",aggression,individual,medium,0.55,english
"Ukx, nee full time late bartiya yaar. #fd37",insult,Individual,Low,0.4,kannada
people like you yavaglu problem ... whatever.,hate,individual,medium,0.75,codemix
"class grp, plan ge ivananna invite madbeda besseru, ivan illaadre better ansta. #d2a2",exclusion,Group,High,0.34,kannada
That was a stupid answer ⚠️,insult,academic,low,0.25,emoji
you are not invited nin beka illa,exclusion,individual,medium,0.42,codemix
weekend ge yava movie nodona. #e523,neutral,Individual,Low,0.06,kannada
this chat is mentally draining (no offense).,toxicity,group,low,0.45,english
"Xoivccc, elli hogidaroo ade tara madthiya, tumba disgusting behaviour anta feel agutte. #fba5",harassment,Individual,Low,0.7,kannada
"Ycgjsf, yaaru kuda ninna joker thara nature ishta padalla. #3103",insult,Individual,high,0.48,bad_words
"Group nalli ee idiot thara attitude beda, Obquep. #0606",insult,Individual,medium,0.53,bad_words
It's obvious that i will report this to sir - just my opinion.,threat,teacher,medium,0.82,english
"Mhhxx, sir ge complaint haakthini nodu, swalpa limit nodu yaar. #e1d3",threat,Individual,High,0.73,kannada
"To be honest, stay in your limits please",aggression,individual,medium,0.55,codemix
"People are tired of your choad attitude, Kgwn. #6d2c",insult,Individual,high,0.69,bad_words
"Levulwcuzv, nin soole nataka nodakke bore aaytu. #25ac",harassment,Individual,medium,0.74,bad_words
"Group nalli ee sexy bro attitude beda, Ddskusafz. #89d9",sexual_harassment,Individual,high,0.54,bad_words
project help madidakke thanks maga. #7ea3,neutral,Individual,Low,0.01,kannada
"guys, plan ge ivananna invite madbeda besseru, ivan illaadre better ansta. #9b99",exclusion,Group,High,0.33,kannada
"Honestly, people like you make everything dirty",hate,individual,medium,0.75,english
"Ksak, elli hogidaroo ade tara madthiya, tumba irritating agthiya re anta feel agutte. #0198",harassment,Individual,Medium,0.63,kannada
stop disturbing me during class,harassment,individual,medium,0.45,english
yaaru naalege PPT madthare helri. #14d2,neutral,Group,Low,0.0,kannada
"lab record, this space is not safe mentally",toxicity,gender,medium,0.5,english
I think you will regret this later ninige gothagutte right now.,threat,individual,medium,0.82,codemix
Why do you keep messaging me 🙄,harassment,teacher,high,0.6,emoji
"class grp, chat nalli ivnanna ide irboda anta ansta, ivan illaadre better ansta. #a146",exclusion,Group,High,0.25,kannada
It's obvious that this place feels unhealthy manasige sari illa and it's sad.,toxicity,individual,medium,0.5,codemix
"People are tired of your butthead attitude, Scrkafnnxx. #7c25",harassment,Individual,medium,0.65,bad_words
naale extra pen togond baa pls. #73bc,neutral,Group,Low,0.02,kannada
nin illade better agide period.,exclusion,individual,medium,0.42,codemix
"This pussy behaviour is not okay, Mzystqq. #7483",sexual_harassment,Individual,low,0.49,bad_words
"Nmli, sir ge complaint haakthini nodu, swalpa limit nodu yaar. #d349",threat,Individual,High,0.79,kannada
"Uhesubqkz, nee sakkat dumb idiya yaar yaar. #ca6b",insult,Individual,Medium,0.39,kannada
stop getting involved period.,aggression,individual,medium,0.55,english
"Wocaha, a type jokes swalpa stop maadu, group nalli idu sari alla. #67dc",sexual_harassment,Individual,High,0.79,kannada
"People are tired of your bloddy hell attitude, Haicwwyl. #9edf",harassment,Individual,medium,0.64,bad_words
"Look, this environment is really bad",toxicity,individual,medium,0.5,codemix
Everyone knows dont lecture me and it's annoying.,aggression,individual,high,0.6,english
attendance link haakbidu illi. #c2cc,neutral,Individual,Low,0.0,kannada
stay out of my matters nin hogu - just my opinion.,aggression,individual,medium,0.55,codemix
"Basically, dont push me beyond my limit serious agthide period.",threat,individual,medium,0.82,codemix
"Zsqon, nee yavattu serious agalla re. #07b5",insult,Individual,Low,0.21,kannada
"In my opinion, no need for you nin beka illa for sure.",exclusion,individual,medium,0.42,codemix
Why are you always watching me 🤮,stalking,group,high,0.8,emoji
"Just so you know, stop getting involved (no offense).",aggression,individual,low,0.5,english
I just wanted to say this group has become so toxic ella negative agide for real.,toxicity,individual,medium,0.5,codemix
weekend ge yava movie nodona. #fbd2,neutral,Unknown,Low,0.02,kannada
ivattu assignment submit maadbeku maga. #9472,neutral,Individual,Low,0.04,kannada
"Fzll, nee full sucide tara behave madthiya. #a0d8",threat,Individual,medium,0.67,bad_words
People like you are disgusting ⚡,hate,teacher,high,0.85,emoji
You will regret this 💥,threat,academic,high,0.95,emoji
"approach, this is between us only",exclusion,personal,medium,0.42,english
Stop following me everywhere 🚨,stalking,teacher,high,0.8,emoji
"Kzvbddt, nee useless tara behave madthiya re. #22a0",insult,Individual,Medium,0.4,kannada
you sound really stupid nin mathu nodi don't you think?,insult,individual,medium,0.3,codemix
"naale 9 gante lab ge bartira, late agbeda. #faec",neutral,Unknown,Low,0.0,kannada
pizza bekka biryani bekka decide maadi. #84a0,neutral,Unknown,Low,0.03,kannada
"Yella dina gandu tara mathadbeda, Adzqltpvnq. #ee34",insult,Individual,medium,0.67,bad_words
"Rbfcu, nee class nalli full time joker ne re. #4a72",insult,Individual,Medium,0.25,kannada
use your brain swalpa period.,insult,individual,medium,0.3,codemix
nininda headache agthide stop it - just my opinion.,harassment,individual,medium,0.45,codemix
fest practice ge yar yar barthidira. #6de5,neutral,Unknown,Low,0.0,kannada
"class grp, plan ge ivananna invite madbeda besseru, ivan illaadre better ansta. #2d40",exclusion,Group,Low,0.38,kannada
Everyone knows please remove yourself nin hogu and everyone agrees.,exclusion,individual,high,0.47,codemix
this chat is mentally draining thale noovu,toxicity,individual,medium,0.5,codemix
"Ydkpms, nee tumba bosodi tara idiya maga. #b9fb",harassment,Individual,high,0.67,bad_words
naale 4gante canteen nalli meet aagona. #a4a3,neutral,Group,Low,0.0,kannada
"naale 9 gante lab ge bartira, late agbeda. #37c7",neutral,Group,Low,0.0,kannada
"Dlbtxweq, nee tumba sexy baby maga tara idiya maga. #e164",sexual_harassment,Individual,medium,0.49,bad_words
weekend ge yava movie nodona. #8c55,neutral,Unknown,Low,0.0,kannada
I think you just dont get it ninige artha illa,insult,individual,medium,0.3,codemix
"Yella dina sexy baby maga tara mathadbeda, Yhse. #2c1d",sexual_harassment,Individual,high,0.51,bad_words
"class grp, plan ge ivananna invite madbeda besseru, ivan illaadre better ansta. #b644",exclusion,Group,Low,0.3,kannada
"approach, dont test my patience",threat,academic,medium,0.82,english
why are you so behind me and it's annoying.,harassment,individual,medium,0.45,english
"Honestly, we dont want you nin beka illa",exclusion,individual,medium,0.42,codemix
"Bchr, nee useless tara behave madthiya re. #ba2f",insult,Individual,Medium,0.22,kannada
"Ninna dove rani behavior nodi everyone frustrate agta idare, Heu. #b29e",harassment,Individual,high,0.63,bad_words
"People are tired of your piss off attitude, Niogpj. #2111",harassment,Individual,medium,0.51,bad_words
"Tthjvehe, elli hogidaroo ade tara madthiya, sakkat dumb idiya yaar anta feel agutte. #cdd7",harassment,Individual,Medium,0.5,kannada
"Ninna sexy bro behavior nodi everyone frustrate agta idare, Yotwmbdor. #f941",sexual_harassment,Individual,medium,0.42,bad_words
"block, why are you so slow",insult,social,medium,0.3,english
"Hey, Can someone share the notes from today?",neutral,academic,medium,0.02,english
"Group nalli ee monkey thara attitude beda, Zzti. #c443",insult,Individual,high,0.75,bad_words
"In my opinion, your kind is unwanted here",hate,individual,medium,0.75,codemix
"Vpyroauq, ivattu full not a loyal mode nalli idiya. #a3f4",harassment,Individual,high,0.46,bad_words
"Only a 69 will spam the group like you, Jsvyvwip. #bda3",sexual_harassment,Individual,high,0.41,bad_words
It's obvious that dont message me late night nin beka illa,harassment,individual,medium,0.45,codemix
"Lijdxgofo, ella platform nalli follow madbeda please, idu stalking tara kanstide. #4ee8",cyberstalking,Individual,Medium,0.83,kannada
"guys, chat nalli ivnanna ide irboda anta ansta, ivan illaadre better ansta. #f42c",exclusion,Group,Low,0.22,kannada
"Qvnevcrk, nodu careful iru, illa problem agutte, swalpa limit nodu yaar. #0c3c",threat,Individual,High,0.95,kannada
I just wanted to say nininda headache agthide stop it for sure.,harassment,individual,medium,0.45,codemix
This group is so toxic 😞,toxicity,academic,medium,0.4,emoji
you will pay for what you did for sure.,threat,individual,medium,0.82,english
"Only a dog will spam the group like you, Jfpy. #0b37",insult,Individual,high,0.62,bad_words
"project, why are you watching my profile daily",stalking,teacher,medium,0.62,english
"gang, chat nalli ivnanna ide irboda anta ansta, ivan illaadre better ansta. #57f1",exclusion,Group,Low,0.28,kannada
"Xvesdcrof, nee reply nodoke tumba time togondiya re. #4f46",insult,Individual,Low,0.1,kannada
yavdru ivattu notes idre send maadu pls. #338e,neutral,Group,Low,0.07,kannada
Why are you always watching me ⚠️,stalking,unknown,high,0.8,emoji
"whole department, dont act smart here",aggression,group,medium,0.55,english
"Clb, elli hogidaroo ade tara madthiya, complete waste fellow anta feel agutte. #5086",harassment,Individual,High,0.69,kannada
"Clgpascyry, nee tumba bosodike tara idiya maga. #de71",insult,Individual,medium,0.6,bad_words
"Just so you know, no need for you here",exclusion,individual,medium,0.42,english
"style, nobody takes you seriously",insult,appearance,high,0.35,english
"Vvrv, sir ge complaint haakthini nodu, swalpa limit nodu yaar. #b685",threat,Individual,High,0.95,kannada
"Zlqfcp, cheap comments madbeda ava bagge, group nalli idu sari alla. #1b7d",sexual_harassment,Individual,Medium,0.93,kannada
"Just so you know, yaake nanna hinde bartiya period.",harassment,individual,medium,0.45,codemix
"Ydyxypkid, elli hogidaroo ade tara madthiya, yen use illa ninna jothe anta feel agutte. #160a",harassment,Individual,Medium,0.71,kannada
"Just so you know, why are you always checking my status nin yaake nodthiya ... whatever.",stalking,individual,high,0.67,codemix
"Seriously, there is too much negativity here - just my opinion.",toxicity,individual,medium,0.5,codemix
"Nfhlazchm, ivattu full kembatti maga mode nalli idiya. #5ca2",insult,Individual,medium,0.56,bad_words
You are not part of this team 😠,exclusion,gender,high,0.55,emoji
"To be honest, this group makes me uncomfortable",toxicity,group,medium,0.5,english
why do you keep calling me and it's annoying.,harassment,individual,medium,0.45,english
Everyone knows we dont like people like you - just my opinion.,hate,individual,high,0.8,english
"Group nalli a tara sade baribeda, Pfgw. #1d47",insult,Individual,medium,0.4,bad_words
"Seriously, why are you always behind me",stalking,individual,high,0.67,english
"Ninna saayi behavior nodi everyone frustrate agta idare, Nihieakye. #16bc",threat,Individual,medium,0.69,bad_words
"network sakkath slow ide, once repeat maadu. #6b46",neutral,Group,Low,0.02,kannada
People like you are disgusting 🧨,hate,unknown,high,0.9,emoji
"To be honest, nobody takes you seriously immediately.",insult,appearance,high,0.35,english
"Honestly, this is between us only nin barbeda for sure.",exclusion,individual,medium,0.42,codemix
"Yhsfoc, elli hogidaroo ade tara madthiya, sakkat dumb idiya yaar anta feel agutte. #7b6b",harassment,Individual,Low,0.68,kannada
people like you are a headache !!!,hate,individual,medium,0.75,codemix
yavdru ivattu notes idre send maadu pls. #4cdc,neutral,Unknown,Low,0.0,kannada
dont annoy me nin irritate madbeda,aggression,individual,medium,0.55,codemix
"review okay aaytu, tension beda. #4d50",neutral,Unknown,Low,0.03,kannada
"Lsp, ella platform nalli follow madbeda please, idu stalking tara kanstide. #cd00",cyberstalking,Individual,High,0.75,kannada
nee send madida reel super comedy aaytu. #cc6b,neutral,Group,Low,0.02,kannada
Back off now ⛔,aggression,teacher,low,0.55,emoji
this group is full of drama for real.,toxicity,individual,medium,0.5,codemix
pizza bekka biryani bekka decide maadi. #2138,neutral,Unknown,Low,0.0,kannada
"Hey, people like you are a headache so please stop.",hate,individual,medium,0.75,codemix
"Kejtjzrtc, nee useless tara behave madthiya machaa. #1319",insult,Individual,Medium,0.27,kannada
"Pnzyj, nee full sexy baby tara behave madthiya. #550a",sexual_harassment,Individual,high,0.49,bad_words
"Hey, you are in serious trouble nodu",threat,individual,medium,0.82,codemix
you will suffer for this and everyone agrees.,threat,individual,high,0.87,english
this group is full of drama period.,toxicity,group,medium,0.5,english
"last seen, your kind spoils the environment",hate,gender,medium,0.75,english
You never understand anything 🔥,insult,gender,low,0.25,emoji
naale extra pen togond baa pls. #d7fd,neutral,Unknown,Low,0.0,kannada
"Hey, this is between us only nin barbeda",exclusion,individual,medium,0.42,codemix
"Ivattu kooda sakath body tara act madtidya, Cmdlh. #6270",harassment,Individual,high,0.72,bad_words
this group is too negative without a doubt.,toxicity,group,medium,0.5,english
"Mkuwtdq, nin bosodina nataka nodakke bore aaytu. #eba4",harassment,Individual,medium,0.51,bad_words
"Hey, this group has become so toxic ella negative agide",toxicity,individual,medium,0.5,codemix
"Honestly, this group is very disturbing for sure.",toxicity,group,medium,0.5,english
ninne function photos share maadu. #552d,neutral,Unknown,Low,0.01,kannada
It's obvious that you are done now,threat,individual,medium,0.82,english
"Ivattu kooda joker thara tara act madtidya, Mwasnkca. #a5a2",insult,Individual,high,0.69,bad_words
"Lttvvk, nee total loser tara idiya machaa. #98af",insult,Individual,High,0.3,kannada
"Abrgxlaky, nee sakkat dumb idiya yaar re. #c128",insult,Individual,Medium,0.29,kannada
Stop texting me again and again 📍,harassment,individual,high,0.6,emoji
Leave me alone already 🦠,harassment,individual,medium,0.5,emoji
attendance link haakbidu illi. #3c48,neutral,Individual,Low,0.03,kannada
"network sakkath slow ide, once repeat maadu. #8714",neutral,Group,Low,0.02,kannada
Why are you always watching me 😶,stalking,unknown,high,0.8,emoji
"Group nalli ee cry baby attitude beda, Zaqexynv. #e4ba",harassment,Individual,high,0.47,bad_words
"Hey, stay out of my matters for real.",aggression,individual,medium,0.55,english
this chat is mentally draining thale noovu ... whatever.,toxicity,individual,medium,0.5,codemix
"team, ivnanna group nalli add madbeda, ivan illaadre better ansta. #e6d8",exclusion,Group,High,0.34,kannada
Leave this group now 😂,exclusion,teacher,high,0.55,emoji
naale 4gante canteen nalli meet aagona. #5712,neutral,Individual,Low,0.04,kannada
Everyone knows we dont need people like you for real.,hate,individual,medium,0.75,codemix
"This bitch behaviour is not okay, Xki. #9fde",insult,Individual,high,0.74,bad_words
ivattu assignment submit maadbeku maga. #f176,neutral,Group,Low,0.0,kannada
"People are tired of your bitch attitude, Zgzqp. #7331",insult,Individual,low,0.63,bad_words
you are embarrassing yourself for real.,insult,individual,medium,0.3,english
"This bugger behaviour is not okay, Urithapqo. #dfe7",insult,Individual,high,0.6,bad_words
"women, why do you follow everything i do",stalking,gender,medium,0.62,english
It's obvious that bar bar kelbeda please,harassment,individual,medium,0.45,codemix
"Ninna idiot thara behavior nodi everyone frustrate agta idare, Bmu. #978e",insult,Individual,low,0.44,bad_words
"Nrlluen, ivattu full die mad mode nalli idiya. #308a",threat,Individual,medium,0.61,bad_words
neenu hopeless yaake heege (no offense).,insult,individual,low,0.25,codemix
"Phz, you are such a ass in this group. #e47d",harassment,Individual,medium,0.54,bad_words
"Group nalli a tara die madthiya maga baribeda, Yvqwrdiz. #2523",threat,Individual,low,0.34,bad_words
"Wcsjfta, nee tumba hucchadanta tara idiya maga. #fbde",insult,Individual,medium,0.7,bad_words
you will face consequences for this so please stop.,threat,appearance,medium,0.82,english
"Enbhcdzbfz, nee tumba ninna ammanakeya tara idiya maga. #c3bf",sexual_harassment,Individual,medium,0.54,bad_words
fest practice ge yar yar barthidira. #a353,neutral,Unknown,Low,0.0,kannada
"Yella dina sexy bro maga tara mathadbeda, Moat. #456b",sexual_harassment,Individual,high,0.84,bad_words
"Aru, nee useless tara behave madthiya machaa. #8610",insult,Individual,Medium,0.22,kannada
weekend ge yava movie nodona. #a55e,neutral,Group,Low,0.02,kannada
"Rakwx, stop acting like a total slut every day. #4cce",sexual_harassment,Individual,high,0.54,bad_words
It's obvious that stop getting involved nin barbeda,aggression,individual,medium,0.55,codemix
"notes, why are you always behind me",stalking,academic,high,0.67,english
Does anyone understand this topic?,neutral,unknown,medium,0.02,english
"Listen, your type always ruins things",hate,individual,high,0.8,english
"Yella dina hucchadana tara mathadbeda, Wixaumlu. #9105",insult,Individual,medium,0.73,bad_words
"gang, ivnanna group nalli add madbeda, ivan illaadre better ansta. #f08c",exclusion,Group,Low,0.45,kannada
"Only a queer will spam the group like you, Jwndq. #da79",insult,Individual,high,0.57,bad_words
"Gwhss, elli hogidaroo ade tara madthiya, total loser tara idiya anta feel agutte. #1d6f",harassment,Individual,High,0.49,kannada
"Rbsrr, next time barbeku anta helthini, swalpa limit nodu yaar. #6318",threat,Individual,Low,0.65,kannada
Get lost 😂,aggression,appearance,low,0.55,emoji
"Seriously, your type should not be here",hate,individual,medium,0.75,codemix
"Iebro, stop acting like a total cockfoam every day. #b057",sexual_harassment,Individual,low,0.41,bad_words
"Qbgv, stop acting like a total bloddy hell every day. #031e",harassment,Individual,medium,0.51,bad_words
You never understand anything 😠,insult,individual,medium,0.3,emoji
shut up now sumne iru right now.,aggression,individual,medium,0.55,codemix
"Listen, neenu full dumb yaake heege (no offense).",insult,individual,low,0.25,codemix
"boys, leave me alone seriously",harassment,gender,high,0.5,english
this place feels unhealthy for real.,toxicity,individual,medium,0.5,english
"Hey, we dont need people like you ... whatever.",hate,individual,medium,0.75,english
Why do you keep messaging me 🩸,harassment,teacher,high,0.6,emoji
"Hce, nanna status na yavaglu check madthiya, idu stalking tara kanstide. #cdc8",cyberstalking,Individual,Medium,0.5,kannada
ninne function photos share maadu. #8de2,neutral,Group,Low,0.0,kannada
"Group nalli ee haavu bro neenu attitude beda, Aqngt. #77e0",harassment,Individual,high,0.65,bad_words
"ninna presentation super aaytu, chennag ide. #1761",neutral,Group,Low,0.0,kannada
"Mpmq, yaaru kuda ninna sexy baby nature ishta padalla. #6070",sexual_harassment,Individual,low,0.5,bad_words
"Xlow, stop acting like a total shit every day. #4a39",harassment,Individual,medium,0.66,bad_words
I think we are doing this without you !!!,exclusion,individual,medium,0.42,english
"Autff, elli hogidaroo ade tara madthiya, useless tara behave madthiya anta feel agutte. #11d1",harassment,Individual,Medium,0.7,kannada
"Cvfsbuglab, nee tumba disgusting behaviour dude. #7836",insult,Individual,High,0.44,kannada
Get lost 🦠,aggression,appearance,medium,0.6,emoji
"In my opinion, stop talking nonsense nin matu beka illa period.",insult,individual,medium,0.3,codemix
"Oyy, prati dina reason illade ping madbedi, idu stalking tara kanstide. #3630",cyberstalking,Individual,Medium,0.47,kannada
You will regret this 🦠,threat,gender,high,0.95,emoji
ivattu assignment submit maadbeku maga. #bbf0,neutral,Unknown,Low,0.0,kannada
"In my opinion, stop getting involved nin barbeda",aggression,individual,medium,0.55,codemix
"Mivgjtgsjd, nee class nalli full time joker ne dude. #84f6",insult,Individual,Medium,0.41,kannada
"Stop it, your type always ruins things nin tara jana beda",hate,individual,high,0.8,codemix
"Ejenifhnjf, nee full time late bartiya yaar. #550c",insult,Individual,Low,0.15,kannada
people like you are a headache for sure.,hate,individual,medium,0.75,codemix
"story, people here spread negativity",toxicity,group,medium,0.5,english
"Whbzo, ella platform nalli follow madbeda please, idu stalking tara kanstide. #4fc9",cyberstalking,Individual,Medium,0.76,kannada
you cant escape from this ninige illa so please stop.,threat,individual,medium,0.82,codemix
"Irhoalm, stop acting like a total lame every day. #9b45",harassment,Individual,high,0.53,bad_words
"Look, why are you always wrong and everyone agrees.",insult,appearance,high,0.35,english
I will report you to the admin 🤢,threat,unknown,high,0.95,emoji
dont think this will go unnoticed,threat,individual,medium,0.82,english
"Look, we dont want you nin beka illa",exclusion,individual,medium,0.42,codemix
"guys, chat nalli ivnanna ide irboda anta ansta, ivan illaadre better ansta. #7869",exclusion,Group,Medium,0.43,kannada
"Group nalli a tara fake character baribeda, Qtmfnctusg. #5023",harassment,Individual,low,0.53,bad_words
"This jerk behaviour is not okay, Cympbh. #8c68",insult,Individual,low,0.48,bad_words
"Cyfioqe, nee reply nodoke tumba time togondiya dude. #db78",insult,Individual,Low,0.37,kannada
Stop following me everywhere 🚪,stalking,appearance,high,0.8,emoji
"People are tired of your queer attitude, Fwnpdawt. #7195",insult,Individual,medium,0.65,bad_words
You will regret this 😏,threat,appearance,high,0.95,emoji
naale 4gante canteen nalli meet aagona. #4f70,neutral,Individual,Low,0.02,kannada
"hair, this group is full of drama",toxicity,group,medium,0.5,english
"batch, ivananna group inda remove maadona, ivan illaadre better ansta. #1bae",exclusion,Group,Low,0.21,kannada
"Group nalli a tara singri maga baribeda, Mww. #a95e",insult,Individual,medium,0.68,bad_words
"Group nalli a tara hucchadana baribeda, Yoml. #d263",insult,Individual,medium,0.51,bad_words
nee send madida reel super comedy aaytu. #5c66,neutral,Group,Low,0.0,kannada
"Fgod, nee ivattu full lazy mode alli idiya yaar. #5b37",insult,Individual,Low,0.31,kannada
stop talking rubbish,insult,individual,medium,0.3,english
"naale 9 gante lab ge bartira, late agbeda. #dbb0",neutral,Group,Low,0.02,kannada
"Tkbwr, next time barbeku anta helthini, swalpa limit nodu yaar. #b6bd",threat,Individual,Medium,0.99,kannada
Back off now 🪳,aggression,unknown,medium,0.6,emoji
"People are tired of your crap attitude, Zpd. #ebbb",harassment,Individual,low,0.41,bad_words
fest practice ge yar yar barthidira. #afae,neutral,Group,Low,0.03,kannada
"Yella dina hucchadanthe tara mathadbeda, Zgm. #4f9d",insult,Individual,medium,0.5,bad_words
ninige buddhi illa seriously ... whatever.,insult,individual,high,0.35,codemix
you just dont get it,insult,individual,medium,0.3,english
"Stop it, nin message inda tension agthide",harassment,individual,medium,0.45,codemix
stop bothering me about this !!!,harassment,individual,medium,0.45,english
It's obvious that you are not part of this !!!,exclusion,individual,medium,0.42,english
"Rhgcs, elli hogidaroo ade tara madthiya, yen use illa ninna jothe anta feel agutte. #2f61",harassment,Individual,Medium,0.72,kannada
"Ufwacvz, stop acting like a total bitch every day. #bf9e",insult,Individual,low,0.68,bad_words
"Rxrkpuu, ivattu full die maga mode nalli idiya. #b6fd",threat,Individual,low,0.63,bad_words
I think you are acting childish so please stop.,insult,individual,medium,0.3,english
"Just so you know, this chat is exhausting full headache don't you think?",toxicity,individual,medium,0.5,codemix
"Lwr, nee sakkat dumb idiya yaar re. #57f4",insult,Individual,Medium,0.31,kannada
"Nmuvcaexu, stop acting like a total cockfoam every day. #95e5",sexual_harassment,Individual,high,0.59,bad_words
"In my opinion, people like you should stay away without a doubt.",hate,individual,medium,0.75,english
you are not smart enough for this,insult,individual,medium,0.3,english
"Phrpi, yake everywhere message madthiya, idu stalking tara kanstide. #8977",cyberstalking,Individual,High,0.67,kannada
Why do you keep messaging me 🚪,harassment,appearance,high,0.6,emoji
"Tjknu, yake everywhere message madthiya, idu stalking tara kanstide. #9678",cyberstalking,Individual,High,0.6,kannada
pizza bekka biryani bekka decide maadi. #22de,neutral,Unknown,Low,0.0,kannada
"Cqdf, ella platform nalli follow madbeda please, idu stalking tara kanstide. #51fd",cyberstalking,Individual,Medium,0.73,kannada
ivattu assignment submit maadbeku maga. #1c08,neutral,Group,Low,0.01,kannada
"Hskfkpipp, nanna status na yavaglu check madthiya, idu stalking tara kanstide. #0fda",cyberstalking,Individual,High,0.86,kannada
"To be honest, you are acting childish",insult,individual,medium,0.3,english
project help madidakke thanks maga. #c04a,neutral,Individual,Low,0.01,kannada
"Listen, dont keep asking the same thing",harassment,appearance,medium,0.45,english
You are really dumb 😈,insult,individual,low,0.25,emoji
project help madidakke thanks maga. #55ec,neutral,Group,Low,0.0,kannada
"Actually, stop tracking my activity nanige gothagthide ... whatever.",stalking,individual,medium,0.62,codemix
"Imbqcgqg, nee tumba dagarina maga tara idiya maga. #eadf",insult,Individual,medium,0.45,bad_words
"Only a arse will spam the group like you, Gpdb. #bb08",harassment,Individual,high,0.75,bad_words
"Zqxajg, elli hogidaroo ade tara madthiya, useless tara behave madthiya anta feel agutte. #6806",harassment,Individual,Medium,0.41,kannada
Nobody wants you here 📸,exclusion,academic,medium,0.45,emoji
weekend ge yava movie nodona. #8c87,neutral,Group,Low,0.01,kannada
"Ocjfx, nin sakath body maga nataka nodakke bore aaytu. #46c4",harassment,Individual,high,0.6,bad_words
pizza bekka biryani bekka decide maadi. #1aff,neutral,Individual,Low,0.0,kannada
this is your last warning nodko,threat,individual,medium,0.82,codemix
"In my opinion, dont annoy me nin irritate madbeda",aggression,individual,medium,0.55,codemix
"Jxckwsitez, nee total loser tara idiya machaa. #0e0d",insult,Individual,High,0.41,kannada
"5 nimisha nalli join agthini, swalpa wait maadu. #5584",neutral,Individual,Low,0.02,kannada
"Stop it, this group is too negative",toxicity,individual,medium,0.5,codemix
"Hey, this chat is exhausting full headache period.",toxicity,individual,medium,0.5,codemix
Everyone knows you dont belong in our circle,exclusion,individual,high,0.47,english
yaake nanna bar bar text madthiya,harassment,individual,medium,0.45,codemix
Why are you always watching me 🦠,stalking,unknown,high,0.8,emoji
"face, this place feels unhealthy",toxicity,appearance,medium,0.5,english
"Hpspak, elli hogidaroo ade tara madthiya, tumba irritating agthiya re anta feel agutte. #583a",harassment,Individual,Medium,0.72,kannada
Everyone knows keep quiet please nin matadbeda,aggression,individual,medium,0.55,codemix
"Kaddwnfo, yaaru kuda ninna cry baby nature ishta padalla. #ba8e",harassment,Individual,high,0.72,bad_words
"this circle, shut up now",aggression,group,medium,0.55,english
"Group nalli a tara kalladantha maga baribeda, Mtmcg. #741f",insult,Individual,medium,0.66,bad_words
"5 nimisha nalli join agthini, swalpa wait maadu. #49d2",neutral,Individual,Low,0.0,kannada
"Only a nigga will spam the group like you, Dfuao. #51d9",harassment,Individual,high,0.48,bad_words
Why do you keep messaging me 🦠,harassment,appearance,high,0.6,emoji
"Gdg, mundina sari nodu yen agutte anta, swalpa limit nodu yaar. #564a",threat,Individual,High,0.86,kannada
Everyone here is awful 😏,toxicity,teacher,low,0.35,emoji
"Actually, dont interfere in this nin barbeda - just my opinion.",aggression,individual,medium,0.55,codemix
"Only a fuck you will spam the group like you, Blrpyufjok. #87fc",harassment,Individual,medium,0.48,bad_words
"Dol, nodu careful iru, illa problem agutte, swalpa limit nodu yaar. #c50c",threat,Individual,Medium,0.72,kannada
attendance link haakbidu illi. #4ac6,neutral,Group,Low,0.01,kannada
naale 4gante canteen nalli meet aagona. #a6e1,neutral,Group,Low,0.03,kannada
"Stop it, no need for you nin beka illa",exclusion,individual,medium,0.42,codemix
"Hyxyc, you are such a piss off in this group. #13e3",harassment,Individual,high,0.4,bad_words
"Group nalli a tara bosodike baribeda, Kyi. #8152",insult,Individual,medium,0.36,bad_words
"Qjpouqjz, nee full haavu bro neenu tara behave madthiya. #da0c",harassment,Individual,medium,0.7,bad_words
attendance link haakbidu illi. #cd47,neutral,Individual,Low,0.0,kannada
naale 4gante canteen nalli meet aagona. #729e,neutral,Unknown,Low,0.0,kannada
"Just so you know, stay in your limits please for sure.",aggression,individual,medium,0.55,codemix
"This twat face behaviour is not okay, Crb. #732b",insult,Individual,high,0.75,bad_words
"Wgozjwczzn, nee tumba irritating agthiya re dude. #2729",insult,Individual,Medium,0.36,kannada
"Jrpykhdd, elli hogidaroo ade tara madthiya, tumba irritating agthiya re anta feel agutte. #ac47",harassment,Individual,High,0.52,kannada
bar bar kelbeda please - just my opinion.,harassment,individual,medium,0.45,codemix
"ninna presentation super aaytu, chennag ide. #2709",neutral,Individual,Low,0.06,kannada
"Zufqzykb, you are such a cockfoam in this group. #4fde",sexual_harassment,Individual,high,0.56,bad_words
people like you never change,hate,individual,high,0.8,english
yavdru ivattu notes idre send maadu pls. #2765,neutral,Unknown,Low,0.0,kannada
Stop following me everywhere ❄️,stalking,unknown,high,0.8,emoji
"Tvw, sir ge complaint haakthini nodu, swalpa limit nodu yaar. #dbe7",threat,Individual,High,1.0,kannada
"Avdmpvjis, elli hogidaroo ade tara madthiya, complete waste fellow anta feel agutte. #a532",harassment,Individual,Low,0.44,kannada
"To be honest, people like you yavaglu problem and it's annoying.",hate,individual,medium,0.75,codemix
Everyone here is awful 📸,toxicity,unknown,medium,0.4,emoji
yaaru naalege PPT madthare helri. #fd52,neutral,Group,Low,0.0,kannada
i told you already dont text me ... whatever.,harassment,individual,medium,0.45,english
"team, plan ge ivananna invite madbeda besseru, ivan illaadre better ansta. #0616",exclusion,Group,Medium,0.35,kannada
attendance link haakbidu illi. #26cb,neutral,Group,Low,0.02,kannada
"block, you asked for it",threat,social,medium,0.82,english
I just wanted to say why cant you just stop kelthiya,harassment,individual,medium,0.45,codemix
"Yella dina sexy bro maga tara mathadbeda, Lio. #16c0",sexual_harassment,Individual,high,0.6,bad_words
"Dpb, nee ivattu full lazy mode alli idiya dude. #4584",insult,Individual,Low,0.09,kannada
"Eipyhcjtr, sir ge complaint haakthini nodu, swalpa limit nodu yaar. #74ab",threat,Individual,High,1.0,kannada
"online, this chat is exhausting",toxicity,group,medium,0.5,english
"Basically, use your brain swalpa",insult,individual,medium,0.3,codemix
"Bav, yaaru kuda ninna sakath body nature ishta padalla. #3cca",harassment,Individual,medium,0.67,bad_words
"Honestly, why are you checking my last seen ... whatever.",stalking,social,medium,0.62,english
"Dbcsd, nee full cry baby tara behave madthiya. #a7a3",harassment,Individual,high,0.52,bad_words
"network sakkath slow ide, once repeat maadu. #6416",neutral,Unknown,Low,0.02,kannada
back off right now and it's sad.,aggression,individual,medium,0.55,english
"naale 9 gante lab ge bartira, late agbeda. #3dbe",neutral,Unknown,Low,0.0,kannada
"Svqbifbjg, nee yen use illa ninna jothe machaa. #a370",insult,Individual,High,0.44,kannada
Stop texting me again and again 🦛,harassment,teacher,high,0.6,emoji
"Tnaioqj, nee yen use illa ninna jothe re. #842d",insult,Individual,High,0.33,kannada
"Uaruclhemw, stop acting like a total dog every day. #6331",insult,Individual,medium,0.63,bad_words
we didnt include you on purpose for sure.,exclusion,individual,medium,0.42,english
ivattu class full bore aaytu. #ee6e,neutral,Unknown,Low,0.0,kannada
back off right now nin hinde hogu without a doubt.,aggression,individual,medium,0.55,codemix
there is too much negativity here and it's sad.,toxicity,individual,medium,0.5,codemix
ninne function photos share maadu. #5afc,neutral,Unknown,Low,0.0,kannada
"Zrrrq, you are such a dick head in this group. #77ed",sexual_harassment,Individual,medium,0.55,bad_words
"Look, stop messaging me yavaglu disturb madthiya right now.",harassment,individual,medium,0.45,codemix
"Dwtxhfep, yaaru kuda ninna joker thara nature ishta padalla. #ac50",insult,Individual,high,0.46,bad_words
"Laqnimxnv, nee tumba saayi madthiya maga tara idiya maga. #f3ee",threat,Individual,medium,0.7,bad_words
"class grp, chat nalli ivnanna ide irboda anta ansta, ivan illaadre better ansta. #1faa",exclusion,Group,Low,0.24,kannada
"Hey, just wait and watch ninige lesson sigutte for real.",threat,individual,medium,0.82,codemix
ivattu class full bore aaytu. #30de,neutral,Group,Low,0.03,kannada
"Dppcpwagbl, nee ivattu full lazy mode alli idiya dude. #14fd",insult,Individual,Low,0.18,kannada
project help madidakke thanks maga. #dcff,neutral,Unknown,Low,0.0,kannada
"Jrm, nee tumba ninna ammanakeya tara idiya maga. #091e",sexual_harassment,Individual,medium,0.39,bad_words
ivattu class full bore aaytu. #ab31,neutral,Group,Low,0.0,kannada
"Ewiyjald, you are such a pussy in this group. #4ada",sexual_harassment,Individual,medium,0.49,bad_words
you asked for it nin mistake period.,threat,individual,medium,0.82,codemix
"naale 9 gante lab ge bartira, late agbeda. #735d",neutral,Unknown,Low,0.02,kannada
"Yella dina ninna ammanakeya maga tara mathadbeda, Yyoon. #9d89",sexual_harassment,Individual,high,0.74,bad_words
"Ubdvkeo, elli hogidaroo ade tara madthiya, useless tara behave madthiya anta feel agutte. #35a4",harassment,Individual,Medium,0.57,kannada
"Ixeaj, ivattu full fake character maga mode nalli idiya. #70c1",harassment,Individual,low,0.68,bad_words
"Qmkvhtep, elli hogidaroo ade tara madthiya, yen use illa ninna jothe anta feel agutte. #6dc2",harassment,Individual,Low,0.68,kannada
"view, stop disturbing me during class",harassment,social,medium,0.45,english
weekend ge yava movie nodona. #2d4d,neutral,Group,Low,0.01,kannada
"network sakkath slow ide, once repeat maadu. #4101",neutral,Group,Low,0.07,kannada
"Tqxiozjf, nee reply nodoke tumba time togondiya re. #8371",insult,Individual,Low,0.27,kannada
you are useless nin work sari illa !!!,insult,individual,medium,0.3,codemix
"male students, why are you watching my profile daily",stalking,teacher,medium,0.62,english
"Actually, why cant you just stop immediately.",harassment,individual,medium,0.45,english
It's obvious that dont push me beyond my limit serious agthide,threat,individual,medium,0.82,codemix
"Seriously, you just dont get it",insult,individual,high,0.35,english
"online, mind your own group",exclusion,social,medium,0.42,english
you are not smart enough for this period.,insult,individual,medium,0.3,english
"Honestly, this group has become so toxic ella negative agide immediately.",toxicity,individual,medium,0.5,codemix
Everyone here is awful 🦛,toxicity,group,low,0.35,emoji
"Otngzcjdh, yaaru kuda ninna monkey thara nature ishta padalla. #c5e2",insult,Individual,low,0.64,bad_words
fest practice ge yar yar barthidira. #3036,neutral,Individual,Low,0.03,kannada
You will regret this 💩,threat,gender,high,0.95,emoji
"5 nimisha nalli join agthini, swalpa wait maadu. #0447",neutral,Unknown,Low,0.0,kannada
exam tumba tough aaytu but somehow aaytu. #4fff,neutral,Individual,Low,0.02,kannada
"Honestly, people like you make everything dirty so please stop.",hate,individual,medium,0.75,codemix
"project, back off right now",aggression,academic,medium,0.55,english
"Listen, stop talking nonsense nin matu beda",aggression,individual,medium,0.55,codemix
Your kind is not welcome here 🤨,hate,individual,high,0.85,emoji
"happy birthday, tumba olle varsha agli. #b888",neutral,Group,Low,0.0,kannada
stop messaging me yavaglu disturb madthiya,harassment,individual,medium,0.45,codemix
"Seriously, stop keeping tabs on me ... whatever.",stalking,individual,medium,0.62,codemix
This group is so toxic 🦍,toxicity,group,low,0.35,emoji
project help madidakke thanks maga. #560c,neutral,Unknown,Low,0.01,kannada
This group is so toxic 🧊,toxicity,appearance,low,0.35,emoji
Let's meet after class 👍,neutral,unknown,low,0.0,emoji
weekend ge yava movie nodona. #920e,neutral,Individual,Low,0.0,kannada
Everyone here is awful 🤮,toxicity,appearance,low,0.35,emoji
You are really dumb 📸,insult,appearance,medium,0.3,emoji
"blue tick, stay out of my matters",aggression,social,medium,0.55,english
fest practice ge yar yar barthidira. #1e21,neutral,Unknown,Low,0.03,kannada
"Honestly, nin iddare delay agthide so please stop.",exclusion,individual,medium,0.42,codemix
I just wanted to say you are embarrassing yourself and it's annoying.,insult,individual,medium,0.3,english
your kind is not welcome here period.,hate,individual,medium,0.75,english
naale extra pen togond baa pls. #14d6,neutral,Individual,Low,0.0,kannada
"review okay aaytu, tension beda. #4d61",neutral,Unknown,Low,0.0,kannada
Everyone here is awful 📍,toxicity,unknown,low,0.35,emoji
"Tbyeeqj, nee yavattu serious agalla yaar. #fd2a",insult,Individual,Low,0.22,kannada
"Kpcf, elli hogidaroo ade tara madthiya, class nalli full time joker ne anta feel agutte. #0d9c",harassment,Individual,Medium,0.71,kannada
we already decided without you without a doubt.,exclusion,individual,medium,0.42,english
"Wixke, nee ivattu full lazy mode alli idiya dude. #b2b0",insult,Individual,Low,0.33,kannada
nin iddare delay agthide without a doubt.,exclusion,individual,medium,0.42,codemix
this place is full of nonsense without a doubt.,toxicity,individual,medium,0.5,codemix
"naale 9 gante lab ge bartira, late agbeda. #71f8",neutral,Individual,Low,0.01,kannada
project help madidakke thanks maga. #a557,neutral,Unknown,Low,0.0,kannada
"approach, you sound really stupid",insult,personal,medium,0.3,english
I think you always ruin everything nininda problem right now.,insult,individual,high,0.35,codemix
"Eghnkgx, stop acting like a total crap every day. #fd03",harassment,Individual,low,0.65,bad_words
Why do you keep messaging me 📸,harassment,unknown,high,0.6,emoji
"Honestly, this is your last warning nodko",threat,individual,medium,0.82,codemix
"Pkkgsqcrr, nee useless tara behave madthiya yaar. #a7bb",insult,Individual,Medium,0.18,kannada
stop messaging me yavaglu disturb madthiya for real.,harassment,individual,medium,0.45,codemix
this is your last warning nodko and it's sad.,threat,individual,medium,0.82,codemix
"Group nalli ee joker thara attitude beda, Qsikbfdanv. #4b28",insult,Individual,medium,0.54,bad_words
"Look, ninige buddhi illa seriously",insult,individual,high,0.35,codemix
"Nfutx, yaaru kuda ninna die nature ishta padalla. #15de",threat,Individual,medium,0.58,bad_words
"Lyyrcubq, nanna status na yavaglu check madthiya, idu stalking tara kanstide. #79eb",cyberstalking,Individual,Low,0.57,kannada
I just wanted to say why do you follow everything i do right now.,stalking,individual,medium,0.62,codemix
"look, we dont want you in this discussion",exclusion,appearance,medium,0.42,english
nee send madida reel super comedy aaytu. #c62d,neutral,Individual,Low,0.05,kannada
"Just so you know, back off right now",aggression,individual,medium,0.55,english
"Just so you know, this place is full of nonsense",toxicity,individual,medium,0.5,codemix
"Listen, better nin illade nadithivi",exclusion,individual,medium,0.42,codemix
"Just so you know, dont interfere in this ... whatever.",aggression,individual,medium,0.55,english
"Actually, yaake nanna follow madthiya everywhere for real.",harassment,individual,medium,0.45,codemix
Leave this group now 🤚,exclusion,academic,high,0.55,emoji
"Jkywoeej, you are such a suck his dick in this group. #e890",sexual_harassment,Individual,low,0.36,bad_words
"Ivattu kooda not a loyal tara act madtidya, Qapo. #21ff",harassment,Individual,low,0.67,bad_words
"Jodporibc, nee ivattu full lazy mode alli idiya yaar. #826f",insult,Individual,Low,0.25,kannada
"Hplzehzg, you are such a lesbian in this group. #9c7e",insult,Individual,medium,0.34,bad_words
Why are you always watching me ⛔,stalking,teacher,high,0.8,emoji
you are acting childish and everyone agrees.,insult,individual,high,0.35,english
"Honestly, you sound really stupid nin mathu nodi and everyone agrees.",insult,individual,high,0.35,codemix
ivattu class full bore aaytu. #8fbc,neutral,Group,Low,0.0,kannada
"Jgsk, nee tumba joker thara maga tara idiya maga. #255f",insult,Individual,low,0.68,bad_words
"Stop it, you wont get away with this without a doubt.",threat,individual,medium,0.82,english
"Lsmvsbkw, nee sakkat dumb idiya yaar yaar. #4837",insult,Individual,Medium,0.29,kannada
"Loyxmws, mundina sari nodu yen agutte anta, swalpa limit nodu yaar. #d4bc",threat,Individual,High,0.85,kannada
"Xaydhutxav, stop acting like a total piss off every day. #df0d",harassment,Individual,low,0.35,bad_words
"reply, i will make sure everyone knows",threat,social,high,0.87,english
"Orhiocxanf, elli hogidaroo ade tara madthiya, complete waste fellow anta feel agutte. #9328",harassment,Individual,High,0.68,kannada
"Only a queer will spam the group like you, Swpcgnljeb. #5a03",insult,Individual,low,0.45,bad_words
"Ivattu kooda sakath body tara act madtidya, Ippblqwaca. #c12f",harassment,Individual,medium,0.46,bad_words
dont act smart here ... whatever.,aggression,individual,medium,0.55,english
You are really dumb ☠️,insult,group,low,0.3,emoji
It's obvious that you will suffer for this,threat,individual,medium,0.82,english
you are done now period.,threat,individual,medium,0.82,english
yavdru ivattu notes idre send maadu pls. #889b,neutral,Group,Low,0.06,kannada
You keep tracking my activity 💣,stalking,gender,high,0.85,emoji
dayavittu nanna bittu bidu for sure.,harassment,individual,medium,0.45,codemix
"Actually, dont think this will go unnoticed don't you think?",threat,individual,medium,0.82,codemix
this environment is stressful and it's annoying.,toxicity,gender,medium,0.5,english
"Omvhlgznp, elli hogidaroo ade tara madthiya, total loser tara idiya anta feel agutte. #05dd",harassment,Individual,Medium,0.66,kannada
Your kind is not welcome here 👎,hate,gender,high,0.85,emoji
"Hey, i will complain about you without a doubt.",threat,individual,medium,0.82,english
yavdru ivattu notes idre send maadu pls. #6320,neutral,Group,Low,0.03,kannada
"In my opinion, stop getting involved don't you think?",aggression,individual,medium,0.55,english
"Idq, ivattu full sexy bro mode nalli idiya. #2e66",sexual_harassment,Individual,high,0.4,bad_words
stop talking nonsense nin matu beda period.,aggression,individual,medium,0.55,codemix
you are such a burden for real.,insult,individual,medium,0.3,english
Everyone knows you never get anything right and everyone agrees.,insult,individual,high,0.35,english
fest practice ge yar yar barthidira. #6a61,neutral,Individual,Low,0.05,kannada
"Igpqcunm, you are such a jerk in this group. #671c",insult,Individual,high,0.77,bad_words
"notes, your kind spoils the environment",hate,gender,medium,0.75,english
"Szchbi, yake everywhere message madthiya, idu stalking tara kanstide. #35af",cyberstalking,Individual,High,0.62,kannada
"class grp, ivananna group inda remove maadona, ivan illaadre better ansta. #c3ac",exclusion,Group,Medium,0.36,kannada
"Basically, people like you dont deserve respect ... whatever.",hate,individual,medium,0.75,codemix
"Vennbu, nee tumba irritating agthiya re yaar. #ecf7",insult,Individual,Medium,0.24,kannada
people like you dont deserve respect and everyone agrees.,hate,individual,high,0.8,codemix
"Actually, dont interfere in this nin barbeda",aggression,individual,medium,0.55,codemix
"Evwhcuddfz, nee useless tara behave madthiya dude. #9ae8",insult,Individual,Medium,0.28,kannada
I just wanted to say stop spamming me don't you think?,harassment,individual,medium,0.45,english
"Hey, remember this moment period.",threat,gender,medium,0.82,english
Nobody wants you here 🧨,exclusion,individual,medium,0.5,emoji
"Vcy, next time barbeku anta helthini, swalpa limit nodu yaar. #e8a6",threat,Individual,High,1.0,kannada
Everyone knows people like you dont deserve respect and it's annoying.,hate,individual,medium,0.75,codemix
"5 nimisha nalli join agthini, swalpa wait maadu. #a5da",neutral,Individual,Low,0.02,kannada
"network sakkath slow ide, once repeat maadu. #eb4b",neutral,Group,Low,0.04,kannada
"This lesbian behaviour is not okay, Xgv. #e351",insult,Individual,low,0.67,bad_words
"Jndxigw, stop acting like a total nigger every day. #41d8",harassment,Individual,medium,0.42,bad_words
Everyone here is awful ☠️,toxicity,appearance,low,0.4,emoji
are you mad or what ninige artha illa so please stop.,insult,individual,medium,0.3,codemix
"happy birthday, tumba olle varsha agli. #cccb",neutral,Individual,Low,0.05,kannada
"Zqdhha, nee tumba irritating agthiya re dude. #e4b3",insult,Individual,Medium,0.21,kannada
"Actually, mind your own business nin work nodko",aggression,individual,medium,0.55,codemix
"Jxs, ella platform nalli follow madbeda please, idu stalking tara kanstide. #3812",cyberstalking,Individual,Medium,0.7,kannada
"Zndauz, a tara photos haakbeda please, group nalli idu sari alla. #7153",sexual_harassment,Individual,High,0.72,kannada
i cant stand people like you,hate,individual,medium,0.75,english
"Ninna sakath body behavior nodi everyone frustrate agta idare, Qfyxqgj. #b484",harassment,Individual,medium,0.38,bad_words
"naale 9 gante lab ge bartira, late agbeda. #b2be",neutral,Group,Low,0.0,kannada
"Xfbnq, nee yavattu serious agalla yaar. #232c",insult,Individual,Low,0.36,kannada
"Xyko, nee tumba irritating agthiya re re. #e1c4",insult,Individual,Medium,0.32,kannada
You are really dumb 💥,insult,gender,medium,0.3,emoji
"Yella dina ninna thale kettide tara mathadbeda, Qztvpkcbal. #07ec",harassment,Individual,medium,0.52,bad_words
"Yjh, elli hogidaroo ade tara madthiya, tumba disgusting behaviour anta feel agutte. #3c3a",harassment,Individual,High,0.6,kannada
"Only a cock-socker will spam the group like you, Nsx. #75f0",sexual_harassment,Individual,high,0.78,bad_words
"network sakkath slow ide, once repeat maadu. #6186",neutral,Unknown,Low,0.0,kannada
"Honestly, you will regret this later ninige gothagutte",threat,individual,medium,0.82,codemix
"body, we dont like people like you",hate,appearance,medium,0.75,english
Why are you always watching me ❌,stalking,individual,high,0.8,emoji
"Jslywmx, elli hogidaroo ade tara madthiya, class nalli full time joker ne anta feel agutte. #d4b2",harassment,Individual,Medium,0.5,kannada
"hair, this chat is exhausting",toxicity,group,medium,0.5,english
I think dont interfere in this nin barbeda,aggression,individual,medium,0.55,codemix
"submission, we are tired of people like you",hate,academic,medium,0.75,english
Stop texting me again and again 🔥,harassment,individual,medium,0.5,emoji
"Qhsmwy, nee tumba irritating agthiya re dude. #53a3",insult,Individual,Medium,0.17,kannada
exam tumba tough aaytu but somehow aaytu. #9699,neutral,Group,Low,0.02,kannada
"Pkskdisy, nee class nalli full time joker ne yaar. #ce5c",insult,Individual,Medium,0.26,kannada
"class grp, ivananna group inda remove maadona, ivan illaadre better ansta. #9906",exclusion,Group,Medium,0.33,kannada
Stop following me everywhere 😂,stalking,unknown,high,0.8,emoji
naale 4gante canteen nalli meet aagona. #a2a5,neutral,Group,Low,0.0,kannada
"Bmezyed, nee yen use illa ninna jothe machaa. #675a",insult,Individual,High,0.45,kannada
I think you cant escape from this ninige illa ... whatever.,threat,individual,medium,0.82,codemix
"Yjifcre, elli hogidaroo ade tara madthiya, yen use illa ninna jothe anta feel agutte. #910a",harassment,Individual,High,0.55,kannada
"This ohh,piss off behaviour is not okay, Ieabqck. #d4f5",harassment,Individual,low,0.39,bad_words
"Just so you know, please remove yourself nin hogu",exclusion,individual,medium,0.42,codemix
we dont like people like you right now.,hate,individual,medium,0.75,english
"Resusxiky, nee tumba disgusting behaviour yaar. #5591",insult,Individual,High,0.4,kannada
remember this moment ninige gothagutte and it's sad.,threat,individual,medium,0.82,codemix
"ladies, you sound really stupid",insult,gender,medium,0.3,english
"Look, you are not smart enough for this",insult,appearance,medium,0.3,english
ivattu assignment submit maadbeku maga. #44db,neutral,Individual,Low,0.0,kannada
"Sisnxikzjt, nee yavattu serious agalla machaa. #d901",insult,Individual,Low,0.37,kannada
dont follow up again please and it's sad.,harassment,individual,medium,0.45,english
"Xjezdyhzsp, nee tumba soolya tara idiya maga. #bb66",harassment,Individual,medium,0.63,bad_words
You are not part of this team 🚫,exclusion,group,high,0.55,emoji
"To be honest, control yourself swalpa for real.",aggression,individual,medium,0.55,codemix
You are really dumb 🚨,insult,academic,low,0.25,emoji
"internals, this group is not for you",exclusion,group,medium,0.42,english
"reply, dont overdo it",aggression,social,medium,0.55,english
weekend ge yava movie nodona. #272c,neutral,Unknown,Low,0.07,kannada
"Tjrcwreo, nee sakkat dumb idiya yaar re. #86ae",insult,Individual,Medium,0.43,kannada
"Cty, yake everywhere message madthiya, idu stalking tara kanstide. #d309",cyberstalking,Individual,Medium,0.51,kannada
"People are tired of your cunt attitude, Akebn. #c214",sexual_harassment,Individual,medium,0.71,bad_words
nin message inda tension agthide and it's annoying.,harassment,individual,medium,0.45,codemix
"Oftrvsgo, elli hogidaroo ade tara madthiya, yen use illa ninna jothe anta feel agutte. #ddb0",harassment,Individual,High,0.77,kannada
Everyone knows you make everything worse,insult,individual,high,0.35,english
"Basically, i told you already dont text me",harassment,individual,medium,0.45,english
"gang, chat nalli ivnanna ide irboda anta ansta, ivan illaadre better ansta. #e37a",exclusion,Group,High,0.34,kannada
"Look, you will face consequences for this",threat,appearance,medium,0.82,english
"To be honest, this chat is very unhealthy",toxicity,individual,medium,0.5,codemix
"gang, plan ge ivananna invite madbeda besseru, ivan illaadre better ansta. #6ff6",exclusion,Group,Medium,0.45,kannada
"Asjgutrf, nin fake character maga nataka nodakke bore aaytu. #e743",harassment,Individual,high,0.74,bad_words
"Zflkngr, yake everywhere message madthiya, idu stalking tara kanstide. #7515",cyberstalking,Individual,High,0.69,kannada
"Xysqtlhu, nee yen use illa ninna jothe machaa. #93bb",insult,Individual,High,0.33,kannada
"Ltyk, mundina sari nodu yen agutte anta, swalpa limit nodu yaar. #91d6",threat,Individual,High,0.76,kannada
"Look, there is too much negativity here so please stop.",toxicity,individual,medium,0.5,codemix
"Ctnxdomlu, elli hogidaroo ade tara madthiya, useless tara behave madthiya anta feel agutte. #b2b1",harassment,Individual,Medium,0.47,kannada
"Axkzj, next time barbeku anta helthini, swalpa limit nodu yaar. #1fac",threat,Individual,Medium,0.91,kannada
"Izoppdi, nee class nalli full time joker ne yaar. #36df",insult,Individual,Medium,0.44,kannada
"happy birthday, tumba olle varsha agli. #7d10",neutral,Unknown,Low,0.0,kannada
"Ypqva, yaaru kuda ninna cry baby nature ishta padalla. #efcd",harassment,Individual,high,0.61,bad_words
this environment is really bad without a doubt.,toxicity,gender,medium,0.5,english
"Ninna saayi behavior nodi everyone frustrate agta idare, Veafzfgvy. #5d95",threat,Individual,medium,0.64,bad_words
yaaru naalege PPT madthare helri. #46f4,neutral,Group,Low,0.0,kannada
"Kqy, yaaru kuda ninna die nature ishta padalla. #c592",threat,Individual,medium,0.46,bad_words
ivattu class full bore aaytu. #fb76,neutral,Unknown,Low,0.0,kannada
nee send madida reel super comedy aaytu. #7961,neutral,Unknown,Low,0.0,kannada
It's obvious that stop monitoring what i do immediately.,stalking,individual,medium,0.62,english
"Dhgdlkfam, nee ivattu full lazy mode alli idiya machaa. #2c1f",insult,Individual,Low,0.16,kannada
"Paurdprm, nee full monkey thara tara behave madthiya. #a62f",insult,Individual,medium,0.69,bad_words
pizza bekka biryani bekka decide maadi. #82f4,neutral,Individual,Low,0.05,kannada
"gang, ivananna group inda remove maadona, ivan illaadre better ansta. #9512",exclusion,Group,Medium,0.47,kannada
this chat is very unhealthy and it's sad.,toxicity,group,medium,0.5,english
"People are tired of your cockfoam attitude, Cpbjepxxd. #1a76",sexual_harassment,Individual,medium,0.36,bad_words
no need for you nin beka illa period.,exclusion,individual,medium,0.42,codemix
"In my opinion, you are everywhere i go",stalking,individual,medium,0.62,english
"In my opinion, stop stalking me nanige beda",stalking,individual,medium,0.62,codemix
why cant you just stop kelthiya and it's sad.,harassment,individual,medium,0.45,codemix
"Basically, this will not end well for you",threat,individual,medium,0.82,english
"Csfpgfnyyk, you are such a cockfoam in this group. #3ac5",sexual_harassment,Individual,high,0.45,bad_words
Back off now 🌑,aggression,group,low,0.55,emoji
"Yyyiye, nee tumba soolya tara idiya maga. #6485",harassment,Individual,medium,0.47,bad_words
"Wvwupsjnx, yake everywhere message madthiya, idu stalking tara kanstide. #ef9c",cyberstalking,Individual,High,0.61,kannada
naale 4gante canteen nalli meet aagona. #f0ab,neutral,Individual,Low,0.01,kannada
"Waagwil, nee tumba irritating agthiya re dude. #a99a",insult,Individual,Medium,0.29,kannada
"Group nalli a tara joker thara baribeda, Ehwstfdx. #f458",insult,Individual,medium,0.72,bad_words
Why do you keep messaging me 😒,harassment,academic,medium,0.5,emoji
"To be honest, mind your own business and it's sad.",aggression,individual,medium,0.55,english
"Nsv, nee class nalli full time joker ne yaar. #6bc5",insult,Individual,Medium,0.22,kannada
"this section, why are you watching me silently",stalking,group,medium,0.62,english
Everyone knows dont cross the line nin limits alli iru,aggression,individual,medium,0.55,codemix
"Jsfawoi, nee yen use illa ninna jothe re. #8ecb",insult,Individual,High,0.36,kannada
naale extra pen togond baa pls. #ba0b,neutral,Individual,Low,0.02,kannada
You are really dumb 😡,insult,teacher,medium,0.3,emoji
naale 4gante canteen nalli meet aagona. #59eb,neutral,Group,Low,0.05,kannada
"Opuvxsngt, nee full joker thara tara behave madthiya. #fa2e",insult,Individual,low,0.6,bad_words
I will report you to the admin 🩸,threat,unknown,high,0.95,emoji
use your brain swalpa for real.,insult,individual,medium,0.3,codemix
stay in your limits please don't you think?,aggression,individual,medium,0.55,codemix
"Listen, you sound really stupid nin mathu nodi period.",insult,individual,medium,0.3,codemix
"Hey, this place feels unhealthy manasige sari illa",toxicity,individual,medium,0.5,codemix
You never understand anything 😶,insult,appearance,low,0.25,emoji
why do you remember my timings ninige ella gothu so please stop.,stalking,individual,medium,0.62,codemix
this chat is mentally draining and everyone agrees.,toxicity,group,high,0.55,english
This group is so toxic 💥,toxicity,gender,low,0.35,emoji
"Vdftwf, nee yen use illa ninna jothe yaar. #793f",insult,Individual,High,0.43,kannada
Stop following me everywhere 🔍,stalking,teacher,high,0.8,emoji
Everyone knows stay in your limits please,aggression,individual,medium,0.55,codemix
Good morning everyone. Thanks.,neutral,unknown,high,0.07,english
nee send madida reel super comedy aaytu. #268e,neutral,Unknown,Low,0.0,kannada
"Fymlk, nee yen use illa ninna jothe dude. #43bf",insult,Individual,High,0.27,kannada
"Yuf, nee tumba thotha maga tara idiya maga. #93a4",insult,Individual,medium,0.41,bad_words
"team, ivnanna group nalli add madbeda, ivan illaadre better ansta. #e6f3",exclusion,Group,Low,0.35,kannada
"Group nalli a tara cry baby maga baribeda, Cpuefxq. #e98d",harassment,Individual,medium,0.54,bad_words
stop getting involved,aggression,individual,medium,0.55,english
this environment is really bad and it's annoying.,toxicity,gender,medium,0.5,english
"grade, you dont belong in this level",insult,academic,medium,0.3,english
"People are tired of your bitch attitude, Uuuw. #8c54",insult,Individual,high,0.67,bad_words
this is not meant for you,exclusion,individual,medium,0.42,english
"girls, you are useless in group work",insult,gender,medium,0.3,english
"ninna presentation super aaytu, chennag ide. #96e8",neutral,Individual,Low,0.05,kannada
"Kubgwjiaz, elli hogidaroo ade tara madthiya, useless tara behave madthiya anta feel agutte. #95a8",harassment,Individual,Medium,0.46,kannada
"This bellend behaviour is not okay, Cjo. #5ad7",insult,Individual,high,0.44,bad_words
"Ytoft, nee yavattu serious agalla machaa. #bdff",insult,Individual,Low,0.3,kannada
"Yella dina nimmavvana tara mathadbeda, Npfrduds. #c8f6",harassment,Individual,low,0.57,bad_words
Can someone share the notes please 😄,neutral,gender,low,0.0,emoji
"Vkizius, ava body bagge a tara mata beda, group nalli idu sari alla. #8608",sexual_harassment,Individual,High,1.0,kannada
"mute, this chat ruins my mood",toxicity,group,medium,0.5,english
"Bljmntveol, elli hogidaroo ade tara madthiya, useless tara behave madthiya anta feel agutte. #8b4a",harassment,Individual,Medium,0.74,kannada
"Only a crap will spam the group like you, Ikmohia. #477e",harassment,Individual,medium,0.67,bad_words
Stop texting me again and again ☠️,harassment,group,high,0.65,emoji
I just wanted to say this will not end well for you,threat,individual,medium,0.82,english
why do you always show up where i am for sure.,stalking,individual,high,0.67,codemix
"naale 9 gante lab ge bartira, late agbeda. #00e2",neutral,Individual,Low,0.02,kannada
"Ninna monkey thara behavior nodi everyone frustrate agta idare, Imfmajbofx. #f804",insult,Individual,high,0.61,bad_words
"Pinafc, elli hogidaroo ade tara madthiya, complete waste fellow anta feel agutte. #86b5",harassment,Individual,High,0.47,kannada
"Bstmvbroit, nee reply nodoke tumba time togondiya dude. #725d",insult,Individual,Low,0.26,kannada
"Listen, this environment is stressful",toxicity,individual,medium,0.5,codemix
"People are tired of your bellend attitude, Wbo. #2a0b",insult,Individual,low,0.68,bad_words
"Actually, we dont want you nin beka illa and everyone agrees.",exclusion,individual,high,0.47,codemix
"reply, your kind spoils the environment",hate,gender,medium,0.75,english
"Xuxxg, yaaru kuda ninna sexy bro nature ishta padalla. #50e1",sexual_harassment,Individual,medium,0.64,bad_words
ivattu assignment submit maadbeku maga. #c85e,neutral,Group,Low,0.0,kannada
"Stop it, stop tracking my activity",stalking,individual,medium,0.62,english
Why are you always watching me 💥,stalking,appearance,high,0.8,emoji
exam tumba tough aaytu but somehow aaytu. #568c,neutral,Group,Low,0.01,kannada
"Stop it, this group is too negative (no offense).",toxicity,individual,low,0.45,codemix
"ninna presentation super aaytu, chennag ide. #cfdb",neutral,Group,Low,0.0,kannada
"Ilyxqhbx, nin keiya nataka nodakke bore aaytu. #04cf",harassment,Individual,low,0.6,bad_words
exam tumba tough aaytu but somehow aaytu. #3508,neutral,Unknown,Low,0.0,kannada
"Qpibcun, nee sakkat dumb idiya yaar machaa. #d2b7",insult,Individual,Medium,0.22,kannada
"Plqpaqtjhf, nee reply nodoke tumba time togondiya dude. #f0f7",insult,Individual,Low,0.12,kannada
"This son of bitch behaviour is not okay, Vyjn. #cec9",insult,Individual,medium,0.54,bad_words
Nobody wants you here 🕵️,exclusion,academic,medium,0.45,emoji
are you mad or what ninige artha illa !!!,insult,individual,medium,0.3,codemix
"ninna presentation super aaytu, chennag ide. #d827",neutral,Group,Low,0.02,kannada
there is too much negativity here immediately.,toxicity,individual,medium,0.5,english
why do you keep noticing when i am active for real.,stalking,individual,medium,0.62,english
"naale 9 gante lab ge bartira, late agbeda. #1cac",neutral,Unknown,Low,0.03,kannada
"Only a nigga will spam the group like you, Lqf. #2674",harassment,Individual,high,0.71,bad_words
It's obvious that you will face consequences for this,threat,appearance,medium,0.82,english
fest practice ge yar yar barthidira. #c666,neutral,Individual,Low,0.0,kannada
"Dvzsrvh, nee reply nodoke tumba time togondiya machaa. #8698",insult,Individual,Low,0.25,kannada
That was a stupid answer 🚪,insult,academic,low,0.25,emoji
"Awqn, nee full time late bartiya dude. #a952",insult,Individual,Low,0.37,kannada
Wait and see what happens to you 🌈,threat,individual,high,0.95,emoji
ivattu class full bore aaytu. #496f,neutral,Individual,Low,0.0,kannada
"Qoyk, elli hogidaroo ade tara madthiya, useless tara behave madthiya anta feel agutte. #b613",harassment,Individual,Medium,0.68,kannada
"Seriously, shut up now sumne iru",aggression,individual,medium,0.55,codemix
naale extra pen togond baa pls. #0316,neutral,Unknown,Low,0.0,kannada
shut up now sumne iru period.,aggression,individual,medium,0.55,codemix
nin iddare problem agthide,exclusion,individual,medium,0.42,codemix
pizza bekka biryani bekka decide maadi. #9323,neutral,Group,Low,0.03,kannada
"entire group, go away from here",aggression,group,medium,0.55,english
"This asshole behaviour is not okay, Fpijfez. #5350",insult,Individual,medium,0.53,bad_words
"Hbujp, nee yavattu serious agalla dude. #75b6",insult,Individual,Low,0.31,kannada
"ninna presentation super aaytu, chennag ide. #3735",neutral,Group,Low,0.0,kannada
"Uac, elli hogidaroo ade tara madthiya, complete waste fellow anta feel agutte. #06ad",harassment,Individual,Low,0.51,kannada
"This fag behaviour is not okay, Zwp. #193d",insult,Individual,low,0.41,bad_words
"Look, neenu full dumb yaake heege",insult,individual,medium,0.3,codemix
I just wanted to say nin iddare delay agthide,exclusion,individual,medium,0.42,codemix
"Listen, you mess up everything and it's sad.",insult,individual,medium,0.3,english
It's obvious that you just dont get it ninige artha illa (no offense).,insult,individual,low,0.25,codemix
"Stop it, better you leave this group immediately.",exclusion,group,medium,0.42,english
"To be honest, stop tracking my activity nanige gothagthide - just my opinion.",stalking,individual,medium,0.62,codemix
naale extra pen togond baa pls. #0e94,neutral,Individual,Low,0.0,kannada
weekend ge yava movie nodona. #122d,neutral,Group,Low,0.02,kannada
"Group nalli a tara le niga baribeda, Yeflwnxltb. #8377",harassment,Individual,medium,0.66,bad_words
"Pwljautb, nee tumba disgusting behaviour yaar. #d990",insult,Individual,High,0.51,kannada
"Basically, go away from here",aggression,individual,medium,0.55,english
"Fydol, prati dina reason illade ping madbedi, idu stalking tara kanstide. #695d",cyberstalking,Individual,High,0.86,kannada
"Jjcqujhn, nanna status na yavaglu check madthiya, idu stalking tara kanstide. #0ab4",cyberstalking,Individual,High,0.76,kannada
"Kkagf, a tara photos haakbeda please, group nalli idu sari alla. #a1c9",sexual_harassment,Individual,Low,0.65,kannada
pizza bekka biryani bekka decide maadi. #dc6b,neutral,Group,Low,0.0,kannada
"Group nalli a tara le niga baribeda, Bpl. #07b8",harassment,Individual,medium,0.6,bad_words
"Ivattu kooda sexy baby tara act madtidya, Iefd. #5016",sexual_harassment,Individual,high,0.58,bad_words
Your kind is not welcome here 📍,hate,academic,high,0.85,emoji
"This fucking prick behaviour is not okay, Rmwew. #bec7",sexual_harassment,Individual,medium,0.35,bad_words
we dont want you in this discussion !!!,exclusion,individual,medium,0.42,english
You keep tracking my activity 🐷,stalking,appearance,high,0.8,emoji
"Ninna die behavior nodi everyone frustrate agta idare, Rgdwwhkv. #37f7",threat,Individual,low,0.5,bad_words
"batch, ivnanna group nalli add madbeda, ivan illaadre better ansta. #2ab5",exclusion,Group,Low,0.22,kannada
"Urcg, elli hogidaroo ade tara madthiya, class nalli full time joker ne anta feel agutte. #c1a9",harassment,Individual,Medium,0.68,kannada
"Ozt, nee tumba irritating agthiya re dude. #af54",insult,Individual,Medium,0.43,kannada
"Oykcf, nee tumba bosodina tara idiya maga. #94f7",harassment,Individual,medium,0.43,bad_words
Everyone here is awful 🚪,toxicity,gender,low,0.35,emoji
naale extra pen togond baa pls. #d650,neutral,Unknown,Low,0.0,kannada
"Gxyedsu, nee total loser tara idiya yaar. #48cc",insult,Individual,High,0.31,kannada
"Honestly, ninige common sense illa",insult,individual,medium,0.3,codemix
fest practice ge yar yar barthidira. #fee6,neutral,Unknown,Low,0.05,kannada
"men, why are you so behind me",harassment,gender,medium,0.45,english
"People are tired of your fuck you attitude, Nfiawksayt. #6cb7",harassment,Individual,low,0.39,bad_words
nin message inda tension agthide don't you think?,harassment,individual,medium,0.45,codemix
"Ivattu kooda saayi tara act madtidya, Ocvje. #c177",threat,Individual,medium,0.62,bad_words
"batch, chat nalli ivnanna ide irboda anta ansta, ivan illaadre better ansta. #f499",exclusion,Group,Medium,0.32,kannada
"Nxrwwvgyq, nin baa, nan tunne nekku nataka nodakke bore aaytu. #4acf",harassment,Individual,medium,0.53,bad_words
this chat is exhausting,toxicity,group,medium,0.5,english
You will regret this 🤚,threat,teacher,high,0.95,emoji
"Lksblkyfom, nee full haavu bro neenu tara behave madthiya. #f922",harassment,Individual,low,0.35,bad_words
"Stop it, you will pay for what you did right now.",threat,individual,medium,0.82,codemix
"Stop it, you will pay for what you did",threat,individual,medium,0.82,english
Why are you always watching me 🚪,stalking,unknown,high,0.8,emoji
"team, plan ge ivananna invite madbeda besseru, ivan illaadre better ansta. #bef1",exclusion,Group,Low,0.35,kannada
"Group nalli ee sakath body attitude beda, Ajwgtwklkz. #bd39",harassment,Individual,medium,0.68,bad_words
"Yella dina sucide tara mathadbeda, Cmmsdevhxt. #856e",threat,Individual,low,0.65,bad_words
remember this moment ninige gothagutte - just my opinion.,threat,individual,medium,0.82,codemix
"Hey, Good morning everyone.",neutral,unknown,high,0.07,english
"submission, dont cross the line",aggression,academic,medium,0.55,english
"In my opinion, this group is not for you",exclusion,group,medium,0.42,english
It's obvious that dont follow up again please,harassment,individual,medium,0.45,english
"class grp, plan ge ivananna invite madbeda besseru, ivan illaadre better ansta. #158c",exclusion,Group,Medium,0.29,kannada
"Yzuawgaqq, you are such a bugger in this group. #af92",insult,Individual,high,0.67,bad_words
I just wanted to say this will not end well for you ninige sari illa agutte without a doubt.,threat,individual,medium,0.82,codemix
why are you messaging me again without a doubt.,harassment,individual,medium,0.45,english
naale 4gante canteen nalli meet aagona. #f36a,neutral,Unknown,Low,0.01,kannada
"Octbnxktia, nee sakkat dumb idiya yaar yaar. #ad3f",insult,Individual,Medium,0.43,kannada
ivattu class full bore aaytu. #f2db,neutral,Unknown,Low,0.01,kannada
"Bmk, elli hogidaroo ade tara madthiya, sakkat dumb idiya yaar anta feel agutte. #d112",harassment,Individual,High,0.62,kannada
"Look, this place feels suffocating",toxicity,appearance,medium,0.5,english
"Nvlfdlnwyk, you are such a bloddy hell in this group. #24fe",harassment,Individual,high,0.62,bad_words
exam tumba tough aaytu but somehow aaytu. #cf49,neutral,Individual,Low,0.03,kannada
"Wuym, nee yen use illa ninna jothe machaa. #dd09",insult,Individual,High,0.5,kannada
"To be honest, dont poke your nose",aggression,individual,medium,0.55,english
"Basically, leave me alone nanige disturb beda",harassment,individual,medium,0.45,codemix
"Ivattu kooda dove rani tara act madtidya, Mrrhtc. #5e9c",harassment,Individual,high,0.69,bad_words
this group is too negative and it's sad.,toxicity,group,medium,0.5,english
It's obvious that why do you follow everything i do and it's annoying.,stalking,individual,medium,0.62,codemix
ivattu class full bore aaytu. #35e1,neutral,Unknown,Low,0.03,kannada
exam tumba tough aaytu but somehow aaytu. #66aa,neutral,Individual,Low,0.02,kannada
"Qyfwsfxedm, nee ivattu full lazy mode alli idiya machaa. #3d0f",insult,Individual,Low,0.4,kannada
"In my opinion, we dont like people like you nin tara beda without a doubt.",hate,individual,medium,0.75,codemix
"Lrf, ivattu full monkey thara mode nalli idiya. #b565",insult,Individual,medium,0.47,bad_words
"Qxapeyotyb, elli hogidaroo ade tara madthiya, useless tara behave madthiya anta feel agutte. #2396",harassment,Individual,Low,0.67,kannada
"Look, we are tired of people like you",hate,appearance,medium,0.75,english
fest practice ge yar yar barthidira. #4d94,neutral,Individual,Low,0.05,kannada
You are really dumb 😶,insult,gender,medium,0.3,emoji
"batch, plan ge ivananna invite madbeda besseru, ivan illaadre better ansta. #e60e",exclusion,Group,Low,0.38,kannada
"Xko, a type jokes swalpa stop maadu, group nalli idu sari alla. #0ec6",sexual_harassment,Individual,Medium,0.78,kannada
"Isgzdy, nee ivattu full lazy mode alli idiya dude. #906c",insult,Individual,Low,0.15,kannada
"Dqxcwhmz, elli hogidaroo ade tara madthiya, complete waste fellow anta feel agutte. #1271",harassment,Individual,Low,0.57,kannada
"Hey, this place feels unhealthy manasige sari illa - just my opinion.",toxicity,individual,medium,0.5,codemix
you will face consequences for this period.,threat,appearance,medium,0.82,english
this place feels suffocating and it's annoying.,toxicity,individual,medium,0.5,english
"class grp, ivnanna group nalli add madbeda, ivan illaadre better ansta. #bfd7",exclusion,Group,Low,0.36,kannada
"Listen, ninige maturity illa grow up !!!",insult,individual,medium,0.3,codemix
Everyone knows yaake nanna follow madthiya everywhere,harassment,individual,medium,0.45,codemix
"network sakkath slow ide, once repeat maadu. #cbf8",neutral,Individual,Low,0.01,kannada
"Group nalli a tara huccha baribeda, Bwhw. #b6b3",insult,Individual,medium,0.61,bad_words
"Tdzezzc, nodu careful iru, illa problem agutte, swalpa limit nodu yaar. #e686",threat,Individual,High,0.88,kannada
nin illade nav decide madidvi without a doubt.,exclusion,individual,medium,0.42,codemix
"team, ivananna group inda remove maadona, ivan illaadre better ansta. #f88d",exclusion,Group,Medium,0.32,kannada
weekend ge yava movie nodona. #a279,neutral,Group,Low,0.0,kannada
pizza bekka biryani bekka decide maadi. #562d,neutral,Group,Low,0.02,kannada
"People are tired of your transgender attitude, Woboaoiuqe. #f2d7",insult,Individual,medium,0.51,bad_words
nee send madida reel super comedy aaytu. #201a,neutral,Group,Low,0.0,kannada
Everyone knows why do you keep observing me and everyone agrees.,stalking,individual,high,0.67,english
"Eoypw, ava body bagge a tara mata beda, group nalli idu sari alla. #d372",sexual_harassment,Individual,High,0.69,kannada
yavdru ivattu notes idre send maadu pls. #e971,neutral,Group,Low,0.05,kannada
Leave me alone already ❄️,harassment,appearance,high,0.6,emoji
this group makes me uncomfortable don't you think?,toxicity,group,medium,0.5,english
"Pbrdfx, stop acting like a total bugger every day. #ce56",insult,Individual,medium,0.74,bad_words
"Yzngci, nee full time late bartiya re. #a202",insult,Individual,Low,0.38,kannada
"Zvbtwp, stop acting like a total ohh,piss off every day. #8b49",harassment,Individual,high,0.59,bad_words
That was a stupid answer 😑,insult,academic,low,0.25,emoji
"Meia, you are such a lick in this group. #c1a4",sexual_harassment,Individual,medium,0.44,bad_words
I just wanted to say you asked for it nin mistake (no offense).,threat,individual,low,0.77,codemix
no need for you here immediately.,exclusion,individual,medium,0.42,english
"happy birthday, tumba olle varsha agli. #47e3",neutral,Individual,Low,0.0,kannada
"Listen, dont think this will go unnoticed",threat,individual,medium,0.82,codemix
"5 nimisha nalli join agthini, swalpa wait maadu. #70fd",neutral,Unknown,Low,0.03,kannada
"ninna presentation super aaytu, chennag ide. #6142",neutral,Individual,Low,0.02,kannada
"Hdm, stop acting like a total bugger every day. #961b",insult,Individual,medium,0.43,bad_words
"Ejgyh, nee full not a loyal tara behave madthiya. #dc10",harassment,Individual,medium,0.35,bad_words
people here spread negativity and everyone agrees.,toxicity,group,high,0.55,english
"Hey, there is too much negativity here for real.",toxicity,individual,medium,0.5,codemix
people here are very problematic without a doubt.,toxicity,individual,medium,0.5,codemix
"Kbtsquru, you are such a dirty fellow in this group. #95e8",insult,Individual,low,0.42,bad_words
"Group nalli ee sexy baby attitude beda, Dvuxxsm. #ca19",sexual_harassment,Individual,medium,0.74,bad_words
"Admwfnek, nee tumba disgusting behaviour yaar. #2967",insult,Individual,High,0.32,kannada
you wont get away with this period.,threat,individual,medium,0.82,codemix
"Only a jerk will spam the group like you, Hnuy. #53d3",insult,Individual,medium,0.53,bad_words
"This asexual behaviour is not okay, Dqgjvw. #f774",sexual_harassment,Individual,low,0.37,bad_words
ivattu class full bore aaytu. #4ab3,neutral,Unknown,Low,0.02,kannada
"Yrkvfntk, stop acting like a total suck his dick every day. #440d",sexual_harassment,Individual,medium,0.5,bad_words
"notes, your type should not be here",hate,academic,medium,0.75,english
"Basically, nin illade nav decide madidvi ... whatever.",exclusion,individual,medium,0.42,codemix
"Honestly, people like you yavaglu problem",hate,individual,medium,0.75,codemix
why are you always checking my status !!!,stalking,social,high,0.67,english
why are you checking my last seen ... whatever.,stalking,social,medium,0.62,english
"happy birthday, tumba olle varsha agli. #9e39",neutral,Group,Low,0.0,kannada
"Stop it, we are tired of people like you for real.",hate,individual,medium,0.75,codemix
this group is full of drama without a doubt.,toxicity,individual,medium,0.5,codemix
"Fdtak, ava body bagge a tara mata beda, group nalli idu sari alla. #5bb3",sexual_harassment,Individual,Medium,0.93,kannada
ivattu assignment submit maadbeku maga. #834e,neutral,Individual,Low,0.0,kannada
"In my opinion, we dont like people like you for real.",hate,individual,medium,0.75,english
"Wijiczpj, ivattu full nimavvan mode nalli idiya. #2496",harassment,Individual,high,0.56,bad_words
"Cook, nee class nalli full time joker ne re. #553b",insult,Individual,Medium,0.37,kannada
ivattu class full bore aaytu. #9be1,neutral,Unknown,Low,0.0,kannada
this chat ruins my mood for sure.,toxicity,group,medium,0.5,english
"Ninna saayi behavior nodi everyone frustrate agta idare, Eynaheere. #eb14",threat,Individual,low,0.38,bad_words
"Csduv, elli hogidaroo ade tara madthiya, tumba irritating agthiya re anta feel agutte. #cdda",harassment,Individual,Low,0.63,kannada
"Kszen, nin bosodina nataka nodakke bore aaytu. #d493",harassment,Individual,high,0.79,bad_words
Back off now 🤨,aggression,academic,medium,0.6,emoji
"Xhhnrszza, you are such a damn in this group. #c88f",insult,Individual,low,0.44,bad_words
dont cross the line - just my opinion.,aggression,individual,medium,0.55,english
You never understand anything ❄️,insult,unknown,low,0.25,emoji
just wait and watch ninige lesson sigutte so please stop.,threat,individual,medium,0.82,codemix
yavdru ivattu notes idre send maadu pls. #ea7a,neutral,Unknown,Low,0.02,kannada
Shut up already 💣,aggression,academic,low,0.6,emoji
"5 nimisha nalli join agthini, swalpa wait maadu. #25cd",neutral,Unknown,Low,0.0,kannada
ivattu assignment submit maadbeku maga. #1df4,neutral,Unknown,Low,0.0,kannada
"Ozxrnxeta, elli hogidaroo ade tara madthiya, useless tara behave madthiya anta feel agutte. #ede2",harassment,Individual,Medium,0.54,kannada
"happy birthday, tumba olle varsha agli. #6585",neutral,Individual,Low,0.02,kannada
you are not invited nin beka illa - just my opinion.,exclusion,individual,medium,0.42,codemix
you sound really stupid nin mathu nodi and everyone agrees.,insult,individual,high,0.35,codemix
You will regret this 👎,threat,unknown,high,0.95,emoji
"In my opinion, you are in serious trouble - just my opinion.",threat,individual,medium,0.82,english
"Akipvht, elli hogidaroo ade tara madthiya, tumba irritating agthiya re anta feel agutte. #6e83",harassment,Individual,Medium,0.42,kannada
"Ninna cry baby behavior nodi everyone frustrate agta idare, Gswhploif. #a615",harassment,Individual,low,0.72,bad_words
"This bloody hell behaviour is not okay, Omq. #a857",harassment,Individual,medium,0.46,bad_words
"People are tired of your hell attitude, Wyy. #e931",harassment,Individual,low,0.4,bad_words
"Jmnnkexs, nin kall magane nataka nodakke bore aaytu. #c6f9",insult,Individual,low,0.57,bad_words
pizza bekka biryani bekka decide maadi. #0ef7,neutral,Group,Low,0.01,kannada
yaaru naalege PPT madthare helri. #5833,neutral,Unknown,Low,0.0,kannada
"Honestly, stop messaging me yavaglu disturb madthiya and it's sad.",harassment,individual,medium,0.45,codemix
Why do you keep messaging me 🐘,harassment,individual,medium,0.5,emoji
"Ppzbnnpew, nanna status na yavaglu check madthiya, idu stalking tara kanstide. #c41f",cyberstalking,Individual,Medium,0.63,kannada
You will regret this ❌,threat,gender,high,0.95,emoji
"Gcasvlc, next time barbeku anta helthini, swalpa limit nodu yaar. #d09b",threat,Individual,High,0.93,kannada
I think this place feels unhealthy manasige sari illa,toxicity,individual,medium,0.5,codemix
leave me alone seriously - just my opinion.,harassment,individual,high,0.5,english
I think stop talking nonsense nin matu beda,aggression,individual,medium,0.55,codemix
stop irritating everyone right now.,aggression,individual,high,0.6,english
Good morning everyone 🙏,neutral,group,low,0.0,emoji
"People are tired of your bollocks attitude, Xoi. #f6f2",insult,Individual,high,0.56,bad_words
"Qwd, you are such a gay in this group. #4ce7",insult,Individual,medium,0.43,bad_words
"naale 9 gante lab ge bartira, late agbeda. #a00b",neutral,Group,Low,0.02,kannada
"Look, dayavittu nanna bittu bidu for real.",harassment,individual,medium,0.45,codemix
ivattu assignment submit maadbeku maga. #e185,neutral,Unknown,Low,0.0,kannada
weekend ge yava movie nodona. #e49d,neutral,Unknown,Low,0.0,kannada
why are you always in my dm ninige kelbeda period.,harassment,individual,high,0.5,codemix
It's obvious that you mess up everything and it's annoying.,insult,individual,medium,0.3,english
pizza bekka biryani bekka decide maadi. #dc28,neutral,Group,Low,0.02,kannada
Everyone knows you will pay for what you did (no offense).,threat,individual,low,0.77,codemix
"Djlyme, nee complete waste fellow machaa. #a0b1",insult,Individual,High,0.34,kannada
This group is so toxic ❌,toxicity,individual,low,0.35,emoji
Back off now 😐,aggression,gender,low,0.55,emoji
Leave this group now 👀,exclusion,gender,high,0.55,emoji
Did anyone finish the assignment? ☀️,neutral,individual,low,0.0,emoji
You never understand anything 🤡,insult,appearance,low,0.25,emoji
It's obvious that i will complain about you right now.,threat,individual,medium,0.82,english
"gpa, you keep irritating me daily",harassment,academic,medium,0.45,english
You are not part of this team 😐,exclusion,group,medium,0.45,emoji
"Iiwztmvlht, elli hogidaroo ade tara madthiya, sakkat dumb idiya yaar anta feel agutte. #b608",harassment,Individual,High,0.73,kannada
you will suffer for this so please stop.,threat,individual,medium,0.82,english
That was a stupid answer 🩸,insult,gender,medium,0.3,emoji
yaaru naalege PPT madthare helri. #9330,neutral,Group,Low,0.0,kannada
"Yfslh, elli hogidaroo ade tara madthiya, tumba disgusting behaviour anta feel agutte. #866f",harassment,Individual,Medium,0.64,kannada
"Zjgcnlfm, cheap comments madbeda ava bagge, group nalli idu sari alla. #3124",sexual_harassment,Individual,Medium,0.62,kannada
"Zwruuob, elli hogidaroo ade tara madthiya, yen use illa ninna jothe anta feel agutte. #08d5",harassment,Individual,High,0.79,kannada
I just wanted to say neenu full dumb yaake heege and it's sad.,insult,individual,medium,0.3,codemix
your kind is not welcome here (no offense).,hate,individual,low,0.7,english
fest practice ge yar yar barthidira. #f4f4,neutral,Group,Low,0.0,kannada
yaaru naalege PPT madthare helri. #8251,neutral,Group,Low,0.06,kannada
"Hey, you always ruin everything nininda problem",insult,individual,high,0.35,codemix
"Ozecmwux, you are such a fair suck of the sav in this group. #9095",harassment,Individual,medium,0.5,bad_words
fest practice ge yar yar barthidira. #6aab,neutral,Individual,Low,0.02,kannada
"Mlczqo, nee reply nodoke tumba time togondiya machaa. #76de",insult,Individual,Low,0.07,kannada
project help madidakke thanks maga. #5105,neutral,Unknown,Low,0.0,kannada
you make everything worse,insult,individual,medium,0.3,english
"To be honest, you dont belong in this level immediately.",insult,individual,medium,0.3,english
"Listen, you are in serious trouble",threat,individual,medium,0.82,english
yaaru naalege PPT madthare helri. #53ce,neutral,Group,Low,0.0,kannada
fest practice ge yar yar barthidira. #4670,neutral,Group,Low,0.0,kannada
"happy birthday, tumba olle varsha agli. #d805",neutral,Unknown,Low,0.01,kannada
"Uhbdnk, elli hogidaroo ade tara madthiya, tumba irritating agthiya re anta feel agutte. #2936",harassment,Individual,Medium,0.39,kannada
ivattu class full bore aaytu. #fb8c,neutral,Unknown,Low,0.0,kannada
"Seriously, you always ruin everything nininda problem immediately.",insult,individual,high,0.35,codemix
"Sjrugzma, prati dina reason illade ping madbedi, idu stalking tara kanstide. #b45f",cyberstalking,Individual,Medium,0.47,kannada
Stop texting me again and again 🔪,harassment,gender,high,0.65,emoji
"Jfwplx, nee full joker thara tara behave madthiya. #cab0",insult,Individual,low,0.57,bad_words
"guys, plan ge ivananna invite madbeda besseru, ivan illaadre better ansta. #9328",exclusion,Group,Medium,0.21,kannada
"Bbohn, stop acting like a total nigga every day. #7428",harassment,Individual,medium,0.44,bad_words
exam tumba tough aaytu but somehow aaytu. #3dd7,neutral,Unknown,Low,0.0,kannada
why do you keep observing me,stalking,individual,medium,0.62,english
"Group nalli a tara keiyanna baribeda, Dzecd. #8ca0",harassment,Individual,low,0.52,bad_words
ivattu assignment submit maadbeku maga. #3be9,neutral,Individual,Low,0.0,kannada
"Ccglaow, nee ivattu full lazy mode alli idiya dude. #b641",insult,Individual,Low,0.3,kannada
"Rsvvvc, elli hogidaroo ade tara madthiya, tumba disgusting behaviour anta feel agutte. #a754",harassment,Individual,High,0.53,kannada
"Ivattu kooda haavu bro neenu tara act madtidya, Bsitweeidd. #0a58",harassment,Individual,high,0.55,bad_words
project help madidakke thanks maga. #6d50,neutral,Unknown,Low,0.0,kannada
"Dgzehz, elli hogidaroo ade tara madthiya, total loser tara idiya anta feel agutte. #41ca",harassment,Individual,High,0.47,kannada
"this community, this is between us only",exclusion,group,medium,0.42,english
attendance link haakbidu illi. #43de,neutral,Unknown,Low,0.03,kannada
"Actually, you wont get away with this",threat,individual,medium,0.82,codemix
"unfollow, no need for you here",exclusion,social,medium,0.42,english
exam tumba tough aaytu but somehow aaytu. #8156,neutral,Unknown,Low,0.03,kannada
"Togszqxeiw, elli hogidaroo ade tara madthiya, class nalli full time joker ne anta feel agutte. #4d9d",harassment,Individual,Medium,0.55,kannada
"followers, this place feels suffocating",toxicity,social,medium,0.5,english
Leave me alone already 😡,harassment,unknown,medium,0.5,emoji
Everyone here is awful 💀,toxicity,academic,medium,0.45,emoji
"Zprjfp, elli hogidaroo ade tara madthiya, sakkat dumb idiya yaar anta feel agutte. #c79b",harassment,Individual,High,0.64,kannada
your kind is not welcome here right now.,hate,individual,medium,0.75,codemix
why do you keep observing me immediately.,stalking,individual,medium,0.62,codemix
It's obvious that this is only for selected people period.,exclusion,individual,medium,0.42,english
"People are tired of your asexual attitude, Kfuejgiimo. #d431",sexual_harassment,Individual,medium,0.57,bad_words
"This shit behaviour is not okay, Apn. #8bfc",harassment,Individual,medium,0.43,bad_words
It's obvious that people like you never change period.,hate,individual,high,0.8,codemix
"Only a suck his dick will spam the group like you, Vnyo. #e091",sexual_harassment,Individual,high,0.52,bad_words
People like you are disgusting 🤨,hate,gender,high,0.85,emoji
pizza bekka biryani bekka decide maadi. #0029,neutral,Unknown,Low,0.0,kannada
I think this group has become so toxic ella negative agide,toxicity,individual,medium,0.5,codemix
"Eorplkryrm, sir ge complaint haakthini nodu, swalpa limit nodu yaar. #21b3",threat,Individual,Medium,0.76,kannada
Stop following me everywhere 😬,stalking,group,high,0.8,emoji
we dont want you in this discussion,exclusion,individual,medium,0.42,english
I think this place feels unhealthy - just my opinion.,toxicity,individual,medium,0.5,english
"Ninna sexy bro behavior nodi everyone frustrate agta idare, Xmxt. #28ca",sexual_harassment,Individual,low,0.3,bad_words
Stop texting me again and again 🕵️,harassment,teacher,medium,0.5,emoji
"Only a dog will spam the group like you, Xbivfux. #e4b4",insult,Individual,medium,0.58,bad_words
Please check the group description swalpa,neutral,unknown,medium,0.02,codemix
attendance link haakbidu illi. #6225,neutral,Individual,Low,0.03,kannada
why are you always checking my status nin yaake nodthiya,stalking,individual,high,0.67,codemix
"Kezre, elli hogidaroo ade tara madthiya, useless tara behave madthiya anta feel agutte. #2c6e",harassment,Individual,High,0.72,kannada
ivattu class full bore aaytu. #ae91,neutral,Individual,Low,0.0,kannada
fest practice ge yar yar barthidira. #8e6e,neutral,Individual,Low,0.0,kannada
nee send madida reel super comedy aaytu. #b5b3,neutral,Unknown,Low,0.04,kannada
"naale 9 gante lab ge bartira, late agbeda. #ac55",neutral,Unknown,Low,0.0,kannada
"Sxoct, ella platform nalli follow madbeda please, idu stalking tara kanstide. #fe7f",cyberstalking,Individual,Low,0.52,kannada
"Bjuuwtb, stop acting like a total choad every day. #42a6",insult,Individual,high,0.8,bad_words
"Txehfzzfn, nee tumba irritating agthiya re yaar. #e229",insult,Individual,Medium,0.26,kannada
"People are tired of your ohh,piss off attitude, Slgli. #4c46",harassment,Individual,high,0.55,bad_words
"Listen, you are not invited nin beka illa",exclusion,individual,medium,0.42,codemix
"Stop it, i will report this to sir",threat,teacher,medium,0.82,english
"Evtxjc, nee full fake character tara behave madthiya. #24e0",harassment,Individual,low,0.55,bad_words
"boys, why are you watching me silently",stalking,gender,medium,0.62,english
neenu full dumb yaake heege and it's sad.,insult,individual,medium,0.3,codemix
"Hey, Thanks for sharing the slides.",neutral,unknown,medium,0.02,english
Everyone knows control yourself,aggression,individual,high,0.6,english
Why do you keep messaging me 💥,harassment,appearance,medium,0.5,emoji
"Xozwpe, stop acting like a total duffer every day. #3fe7",insult,Individual,medium,0.45,bad_words
"Only a stupid will spam the group like you, Yzkge. #300a",insult,Individual,high,0.68,bad_words
"Yella dina sucide madthiya tara mathadbeda, Abldewq. #e42f",threat,Individual,low,0.4,bad_words
"Only a pussy will spam the group like you, Njneqrr. #102e",sexual_harassment,Individual,medium,0.74,bad_words
"Zra, sir ge complaint haakthini nodu, swalpa limit nodu yaar. #b972",threat,Individual,Medium,0.7,kannada
"This nigger behaviour is not okay, Qhhjuvetkg. #3b7c",harassment,Individual,low,0.5,bad_words
people like you are a headache - just my opinion.,hate,individual,medium,0.75,english
"Stop it, we are tired of people like you",hate,individual,medium,0.75,codemix
"this circle, this group makes me uncomfortable",toxicity,group,medium,0.5,english
"Oqbafuiv, nee useless tara behave madthiya machaa. #f19d",insult,Individual,Medium,0.36,kannada
"Ninna cry baby behavior nodi everyone frustrate agta idare, Sjyuep. #eb9c",harassment,Individual,medium,0.45,bad_words
you dont have common sense right now.,insult,individual,medium,0.3,english
This group is so toxic ⛔,toxicity,teacher,low,0.35,emoji
"happy birthday, tumba olle varsha agli. #0a83",neutral,Unknown,Low,0.03,kannada
You are really dumb 🐋,insult,appearance,medium,0.3,emoji
I just wanted to say we dont need people like you,hate,individual,medium,0.75,codemix
fest practice ge yar yar barthidira. #875c,neutral,Group,Low,0.04,kannada
People like you are disgusting 🦧,hate,teacher,high,0.85,emoji
"Group nalli a tara dagar baribeda, Ccnlhnr. #925c",insult,Individual,low,0.63,bad_words
"Honestly, you always ruin everything nininda problem and everyone agrees.",insult,individual,high,0.35,codemix
"Seriously, why do you keep observing me and it's sad.",stalking,individual,medium,0.62,codemix
this group has become so toxic,toxicity,group,medium,0.5,english
"Stop it, you will suffer for this right now.",threat,individual,medium,0.82,english
"Ivosxpz, nee full cry baby tara behave madthiya. #b960",harassment,Individual,medium,0.64,bad_words
I think you wont get away with this (no offense).,threat,individual,low,0.77,english
"guys, plan ge ivananna invite madbeda besseru, ivan illaadre better ansta. #9b68",exclusion,Group,Low,0.22,kannada
dont annoy me nin irritate madbeda and it's annoying.,aggression,individual,medium,0.55,codemix
"Stop it, you just dont get it immediately.",insult,individual,medium,0.3,english
"Ivattu kooda cry baby tara act madtidya, Uwmexg. #e7c4",harassment,Individual,medium,0.7,bad_words
"Fton, nee tumba keiya maga tara idiya maga. #5940",harassment,Individual,medium,0.74,bad_words
"Auyrrn, nee complete waste fellow machaa. #f580",insult,Individual,High,0.43,kannada
Why are you always watching me 🔍,stalking,academic,high,0.8,emoji
you sound really stupid so please stop.,insult,individual,medium,0.3,english
"Rsz, nee ivattu full lazy mode alli idiya dude. #a6df",insult,Individual,Low,0.14,kannada
Everyone knows stop disturbing me nanige shanti beku,harassment,individual,medium,0.45,codemix
"Ctnovanvrh, nee useless tara behave madthiya re. #e19c",insult,Individual,Medium,0.26,kannada
"this class, mind your own group",exclusion,group,medium,0.42,english
yavdru ivattu notes idre send maadu pls. #5ddd,neutral,Group,Low,0.02,kannada
Everyone knows why do you keep observing me immediately.,stalking,individual,medium,0.62,codemix
"class grp, ivananna group inda remove maadona, ivan illaadre better ansta. #3d0c",exclusion,Group,Low,0.26,kannada
It's obvious that you are not required,exclusion,individual,medium,0.42,english
I just wanted to say you are acting childish and it's annoying.,insult,individual,medium,0.3,english
That was a stupid answer 💥,insult,appearance,medium,0.3,emoji
"Xaqseuij, nee sakkat dumb idiya yaar dude. #6575",insult,Individual,Medium,0.19,kannada
back off right now nin hinde hogu,aggression,individual,medium,0.55,codemix
It's obvious that we already decided without you without a doubt.,exclusion,individual,medium,0.42,english
"Basically, this place feels unhealthy manasige sari illa (no offense).",toxicity,individual,low,0.45,codemix
It's obvious that people here are very problematic and everyone agrees.,toxicity,individual,high,0.55,codemix
"Stop it, why do you know when i read messages",stalking,individual,medium,0.62,english
"naale 9 gante lab ge bartira, late agbeda. #3540",neutral,Group,Low,0.0,kannada
attendance link haakbidu illi. #6b16,neutral,Unknown,Low,0.0,kannada
"Honestly, why are you always wrong ninige gothilla period.",insult,individual,high,0.35,codemix
"Vktdwkaj, ivattu full thotti mode nalli idiya. #12d9",insult,Individual,low,0.4,bad_words
dont push me beyond my limit serious agthide ... whatever.,threat,individual,medium,0.82,codemix
People like you are disgusting ☠️,hate,individual,high,0.9,emoji
"Ygs, nee yavattu serious agalla yaar. #705c",insult,Individual,Low,0.24,kannada
"body, you are not required",exclusion,appearance,medium,0.42,english
Get lost 🦧,aggression,academic,medium,0.6,emoji
"Rmovmsf, nee full joker thara tara behave madthiya. #14fa",insult,Individual,medium,0.74,bad_words
"Basically, stop bothering me about this",harassment,individual,medium,0.45,english
"Kqpwrahlx, stop acting like a total fair suck of the sav every day. #91b7",harassment,Individual,medium,0.72,bad_words
"Just so you know, stop disturbing me during class for sure.",harassment,individual,medium,0.45,english
"To be honest, bar bar kelbeda please",harassment,individual,medium,0.45,codemix
"People are tired of your son of bitch attitude, Wuatsaum. #e07f",insult,Individual,medium,0.5,bad_words
we dont want you nin beka illa,exclusion,individual,medium,0.42,codemix
"Stop it, ninige common sense illa (no offense).",insult,individual,low,0.25,codemix
"review okay aaytu, tension beda. #fb31",neutral,Group,Low,0.03,kannada
"Look, you will pay for what you did",threat,appearance,medium,0.82,english
"whole class, dont start with me",aggression,group,medium,0.55,english
naale extra pen togond baa pls. #b4c3,neutral,Unknown,Low,0.0,kannada
"Wgjarpnizh, nin dove rani nataka nodakke bore aaytu. #dbfb",harassment,Individual,low,0.65,bad_words
"Dlckjxpjnt, nee ivattu full lazy mode alli idiya yaar. #9661",insult,Individual,Low,0.19,kannada
"Xkruloylo, elli hogidaroo ade tara madthiya, class nalli full time joker ne anta feel agutte. #8e38",harassment,Individual,High,0.53,kannada
You never understand anything 🤢,insult,academic,medium,0.3,emoji
People like you are disgusting 💔,hate,group,high,0.85,emoji
"Jwdzjfjrzo, nee yen use illa ninna jothe re. #fc82",insult,Individual,High,0.48,kannada
"Uqdinslhsk, elli hogidaroo ade tara madthiya, tumba irritating agthiya re anta feel agutte. #f1ea",harassment,Individual,High,0.82,kannada
"Uwkrrnyj, stop acting like a total dog every day. #a7a7",insult,Individual,medium,0.53,bad_words
"Vsvetizjk, nee complete waste fellow machaa. #750d",insult,Individual,High,0.26,kannada
"Fjd, nee tumba sucide mad tara idiya maga. #3050",threat,Individual,high,0.75,bad_words
"This lame behaviour is not okay, Kigqw. #6b7b",harassment,Individual,medium,0.58,bad_words
ninne function photos share maadu. #9d3d,neutral,Unknown,Low,0.01,kannada
"Ninna sakath body behavior nodi everyone frustrate agta idare, Pwrsrhhr. #72d7",harassment,Individual,medium,0.46,bad_words
"Solbfeei, yaaru kuda ninna fake character nature ishta padalla. #b289",harassment,Individual,medium,0.66,bad_words
"everyone here, why are you always in my dm",harassment,group,high,0.5,english
"Cdky, elli hogidaroo ade tara madthiya, total loser tara idiya anta feel agutte. #6aa0",harassment,Individual,High,0.62,kannada
"Udiqf, stop acting like a total taking the piss every day. #08a3",harassment,Individual,high,0.66,bad_words
"Vevzdf, stop acting like a total cockfoam every day. #645b",sexual_harassment,Individual,medium,0.74,bad_words
"Ovaxf, nee tumba irritating agthiya re machaa. #18ab",insult,Individual,Medium,0.33,kannada
Everyone knows i will expose what you did ellargu helthini,threat,individual,medium,0.82,codemix
dont interfere in this,aggression,individual,medium,0.55,english
naale 4gante canteen nalli meet aagona. #07f7,neutral,Unknown,Low,0.0,kannada
I think mind your own business nin work nodko,aggression,individual,medium,0.55,codemix
You keep tracking my activity 🦠,stalking,unknown,high,0.8,emoji
do you even understand anything for real.,insult,individual,medium,0.3,english
"Stop it, why do you always show up where i am",stalking,individual,high,0.67,codemix
"Vuoazsgi, nee sakkat dumb idiya yaar yaar. #0382",insult,Individual,Medium,0.43,kannada
"Hey, this is your last warning nodko and everyone agrees.",threat,individual,high,0.87,codemix
project help madidakke thanks maga. #1643,neutral,Group,Low,0.05,kannada
"Ninna monkey thara behavior nodi everyone frustrate agta idare, Tqrdux. #29cb",insult,Individual,high,0.61,bad_words
I just wanted to say you sound really stupid nin mathu nodi don't you think?,insult,individual,medium,0.3,codemix
weekend ge yava movie nodona. #c5a0,neutral,Group,Low,0.0,kannada
"Eyiro, nee class nalli full time joker ne yaar. #002b",insult,Individual,Medium,0.26,kannada
"Group nalli ee sakath body attitude beda, Uigfzj. #8093",harassment,Individual,medium,0.43,bad_words
"Look, ninige buddhi illa seriously and it's annoying.",insult,individual,high,0.35,codemix
i cant stand people like you nin tara jana so please stop.,hate,individual,medium,0.75,codemix
ninne function photos share maadu. #01ae,neutral,Unknown,Low,0.0,kannada
"Listen, ninige buddhi illa seriously period.",insult,individual,high,0.35,codemix
"network sakkath slow ide, once repeat maadu. #dd34",neutral,Individual,Low,0.0,kannada
"Ninna monkey thara behavior nodi everyone frustrate agta idare, Opluvx. #d82f",insult,Individual,medium,0.72,bad_words
"Honestly, why do you keep calling me",harassment,individual,medium,0.45,english
Class timings yenu ivattu,neutral,unknown,medium,0.02,codemix
"Actually, stop keeping tabs on me for sure.",stalking,individual,medium,0.62,english
"Kymtpniqo, prati dina reason illade ping madbedi, idu stalking tara kanstide. #b4dd",cyberstalking,Individual,High,0.73,kannada
"Wpnndu, elli hogidaroo ade tara madthiya, yen use illa ninna jothe anta feel agutte. #fe35",harassment,Individual,Medium,0.48,kannada
"Just so you know, dont think this will go unnoticed immediately.",threat,individual,medium,0.82,codemix
"Dmukhub, you are such a son of bitch in this group. #cd61",insult,Individual,medium,0.71,bad_words
"Look, why are you watching me silently",stalking,individual,medium,0.62,codemix
"naale 9 gante lab ge bartira, late agbeda. #5173",neutral,Group,Low,0.0,kannada
nee send madida reel super comedy aaytu. #f5cd,neutral,Individual,Low,0.0,kannada
"Ykbn, nee reply nodoke tumba time togondiya dude. #65d6",insult,Individual,Low,0.18,kannada
why do you keep noticing when i am active,stalking,individual,medium,0.62,english
"Mykyveqt, nin haavu bro neenu nataka nodakke bore aaytu. #20a9",harassment,Individual,medium,0.56,bad_words
"Just so you know, yaake nanna follow madthiya everywhere for sure.",harassment,individual,medium,0.45,codemix
"naale 9 gante lab ge bartira, late agbeda. #9197",neutral,Individual,Low,0.02,kannada
"Cndqrbqds, cheap comments madbeda ava bagge, group nalli idu sari alla. #e5a7",sexual_harassment,Individual,High,1.0,kannada
Back off now 🦍,aggression,individual,low,0.55,emoji
"homework, i cant stand people like you",hate,academic,medium,0.75,english
naale extra pen togond baa pls. #562f,neutral,Unknown,Low,0.0,kannada
"Lkz, next time barbeku anta helthini, swalpa limit nodu yaar. #5ac1",threat,Individual,High,0.94,kannada
Leave me alone already 😞,harassment,appearance,medium,0.5,emoji
"Just so you know, people like you should stay away immediately.",hate,individual,medium,0.75,english
"record work, i will report this to sir",threat,teacher,medium,0.82,english
"Ivattu kooda monkey thara tara act madtidya, Lgh. #27f3",insult,Individual,high,0.57,bad_words
"Gtpgzrnxw, you are such a bloddy hell in this group. #b5fd",harassment,Individual,medium,0.5,bad_words
"Qyuzexqwn, nee tumba kall nan magane tara idiya maga. #8278",insult,Individual,low,0.49,bad_words
"review okay aaytu, tension beda. #cb70",neutral,Group,Low,0.01,kannada
you will regret this later ninige gothagutte and it's annoying.,threat,individual,medium,0.82,codemix
"Seriously, neenu full dumb yaake heege",insult,individual,medium,0.3,codemix
"Only a go to hell will spam the group like you, Gywxuaixcy. #5d97",harassment,Individual,medium,0.61,bad_words
Everyone knows this group makes me uncomfortable,toxicity,individual,medium,0.5,codemix
"Ewpolqmy, nanna status na yavaglu check madthiya, idu stalking tara kanstide. #cbb5",cyberstalking,Individual,High,0.62,kannada
"Zuuebay, stop acting like a total bugger every day. #e525",insult,Individual,medium,0.36,bad_words
fest practice ge yar yar barthidira. #44c7,neutral,Group,Low,0.04,kannada
"This split tongue behaviour is not okay, Cugxajhmoc. #3d2f",insult,Individual,medium,0.64,bad_words
Get lost 💢,aggression,gender,low,0.55,emoji
"This bozo behaviour is not okay, Djcr. #e942",insult,Individual,low,0.4,bad_words
Leave me alone already 🤬,harassment,individual,high,0.6,emoji
this chat is exhausting full headache for real.,toxicity,individual,medium,0.5,codemix
"Hnesqmm, nee tumba mangyan maga tara idiya maga. #9150",insult,Individual,high,0.7,bad_words
"Basically, yaake nanna bar bar text madthiya",harassment,individual,medium,0.45,codemix
ivattu assignment submit maadbeku maga. #f21a,neutral,Group,Low,0.0,kannada
"People are tired of your asshole attitude, Shdm. #1f65",insult,Individual,high,0.5,bad_words
you cant escape from this for real.,threat,individual,medium,0.82,english
"Honestly, this space is not safe mentally so please stop.",toxicity,individual,medium,0.5,codemix
"batch, plan ge ivananna invite madbeda besseru, ivan illaadre better ansta. #05cf",exclusion,Group,High,0.34,kannada
"naale 9 gante lab ge bartira, late agbeda. #6231",neutral,Unknown,Low,0.0,kannada
attendance link haakbidu illi. #0850,neutral,Group,Low,0.0,kannada
stop stalking me don't you think?,stalking,individual,medium,0.62,english
"Honestly, this group makes me uncomfortable ... whatever.",toxicity,individual,medium,0.5,codemix
yaaru naalege PPT madthare helri. #deb5,neutral,Group,Low,0.0,kannada
You are really dumb 🐘,insult,group,medium,0.3,emoji
"Yella dina gaandu nan magane tara mathadbeda, Pgtimflec. #f938",insult,Individual,low,0.45,bad_words
"Yojlr, nee tumba sule tara idiya maga. #e072",insult,Individual,medium,0.68,bad_words
This group is so toxic 🙅,toxicity,appearance,medium,0.4,emoji
Get lost 🦍,aggression,academic,medium,0.6,emoji
nin illade nav decide madidvi - just my opinion.,exclusion,individual,medium,0.42,codemix
"Pnpgfkfo, stop acting like a total ohh,piss off every day. #0dde",harassment,Individual,high,0.51,bad_words
"Listen, stop getting involved nin barbeda",aggression,individual,medium,0.55,codemix
Can someone share the notes ivattu,neutral,unknown,medium,0.02,codemix
"offline, this chat ruins my mood",toxicity,group,medium,0.5,english
"To be honest, this is between us only nin barbeda",exclusion,individual,medium,0.42,codemix
"Pezqqbmqv, nin sexy baby nataka nodakke bore aaytu. #9627",sexual_harassment,Individual,medium,0.7,bad_words
"This bugger behaviour is not okay, Robv. #dddf",insult,Individual,medium,0.7,bad_words
"gang, ivnanna group nalli add madbeda, ivan illaadre better ansta. #dc84",exclusion,Group,Low,0.37,kannada
"This bloody hell behaviour is not okay, Dqdpezktc. #c0b4",harassment,Individual,medium,0.55,bad_words
"Rpb, elli hogidaroo ade tara madthiya, tumba irritating agthiya re anta feel agutte. #0b3d",harassment,Individual,High,0.65,kannada
I think no need for you here don't you think?,exclusion,individual,medium,0.42,english
"Qtw, nee complete waste fellow machaa. #abd8",insult,Individual,High,0.34,kannada
"Mwy, mundina sari nodu yen agutte anta, swalpa limit nodu yaar. #01be",threat,Individual,High,0.99,kannada
You keep tracking my activity 🛑,stalking,individual,high,0.8,emoji
I just wanted to say stop disturbing me during class immediately.,harassment,individual,medium,0.45,english
"Sla, nee ivattu full lazy mode alli idiya machaa. #cd04",insult,Individual,Low,0.11,kannada
Everyone knows stop getting involved,aggression,individual,high,0.6,english
"This ohh,piss off behaviour is not okay, Yqcbxf. #bb15",harassment,Individual,low,0.58,bad_words
"Group nalli ee cry baby attitude beda, Lltanz. #2833",harassment,Individual,low,0.66,bad_words
"Actually, you are not invited nin beka illa don't you think?",exclusion,individual,medium,0.42,codemix
People like you are disgusting 🥶,hate,unknown,high,0.85,emoji
"To be honest, neenu hopeless yaake heege immediately.",insult,individual,medium,0.3,codemix
"Stvmkapkfp, mundina sari nodu yen agutte anta, swalpa limit nodu yaar. #aae8",threat,Individual,Low,0.89,kannada
That was a stupid answer ❌,insult,unknown,low,0.25,emoji
Your kind is not welcome here 😹,hate,academic,high,0.85,emoji
weekend ge yava movie nodona. #fac7,neutral,Individual,Low,0.03,kannada
Nobody wants you here 😠,exclusion,individual,medium,0.45,emoji
"Phinpa, elli hogidaroo ade tara madthiya, tumba disgusting behaviour anta feel agutte. #1da4",harassment,Individual,High,0.79,kannada
"Ivattu kooda sexy baby tara act madtidya, Jfjafbs. #9517",sexual_harassment,Individual,medium,0.63,bad_words
"batch, ivnanna group nalli add madbeda, ivan illaadre better ansta. #f6d7",exclusion,Group,Low,0.31,kannada
"Listen, why do you follow everything i do !!!",stalking,individual,medium,0.62,codemix
Everyone knows go away from here nin hogu and it's annoying.,aggression,individual,medium,0.55,codemix
you will regret this later don't you think?,threat,individual,medium,0.82,english
"Hmrdsttwvi, nin le niga nataka nodakke bore aaytu. #ba4a",harassment,Individual,high,0.7,bad_words
You are not part of this team 😶,exclusion,gender,medium,0.45,emoji
ivattu class full bore aaytu. #9128,neutral,Group,Low,0.03,kannada
"happy birthday, tumba olle varsha agli. #90d6",neutral,Individual,Low,0.0,kannada
"Qjyckjxnx, elli hogidaroo ade tara madthiya, useless tara behave madthiya anta feel agutte. #9cf0",harassment,Individual,High,0.58,kannada
ivattu class full bore aaytu. #ba5e,neutral,Individual,Low,0.07,kannada
nin iddare delay agthide right now.,exclusion,individual,medium,0.42,codemix
"Hvipboqxfk, you are such a fucking balls in this group. #7591",sexual_harassment,Individual,high,0.54,bad_words
"Listen, just wait and watch ninige lesson sigutte - just my opinion.",threat,individual,medium,0.82,codemix
Everyone knows you are in serious trouble nodu for sure.,threat,individual,medium,0.82,codemix
"Hphbth, ivattu full nimmavvana mode nalli idiya. #9960",harassment,Individual,low,0.66,bad_words
"Ninna joker thara behavior nodi everyone frustrate agta idare, Txpfyacdt. #2c23",insult,Individual,medium,0.51,bad_words
"Llyxi, yaaru kuda ninna sakath body nature ishta padalla. #e2fc",harassment,Individual,high,0.57,bad_words
"Basically, you always ruin everything nininda problem !!!",insult,individual,high,0.35,codemix
"naale 9 gante lab ge bartira, late agbeda. #2e7e",neutral,Group,Low,0.0,kannada
"Honestly, you make everything worse",insult,individual,medium,0.3,english
"homework, please remove yourself",exclusion,academic,medium,0.42,english
fest practice ge yar yar barthidira. #3c73,neutral,Unknown,Low,0.04,kannada
nin iddare problem agthide and it's sad.,exclusion,individual,medium,0.42,codemix
"naale 9 gante lab ge bartira, late agbeda. #692e",neutral,Unknown,Low,0.0,kannada
"Hpnqoa, nee complete waste fellow machaa. #9d6c",insult,Individual,High,0.48,kannada
"dress, stop spamming me",harassment,appearance,medium,0.45,english
"Owbnbdjqm, stop acting like a total nigger every day. #4b1d",harassment,Individual,medium,0.47,bad_words
"5 nimisha nalli join agthini, swalpa wait maadu. #0050",neutral,Group,Low,0.04,kannada
"ladies, we dont need people like you",hate,gender,medium,0.75,english
"Wan, ivattu full kall nan magane mode nalli idiya. #802c",insult,Individual,medium,0.62,bad_words
"This bimbo behaviour is not okay, Eraablf. #6b10",insult,Individual,medium,0.51,bad_words
"Lhuguvsww, nee sakkat dumb idiya yaar machaa. #fff2",insult,Individual,Medium,0.34,kannada
Let's meet after class ✨,neutral,group,low,0.0,emoji
"Basically, dont message me late night !!!",harassment,individual,medium,0.45,english
Everyone knows you are in serious trouble nodu,threat,individual,medium,0.82,codemix
why do you see my story every time nin follow madthiya for real.,stalking,individual,medium,0.62,codemix
"team, ivnanna group nalli add madbeda, ivan illaadre better ansta. #4a18",exclusion,Group,Low,0.44,kannada
"Ivattu kooda sexy baby tara act madtidya, Mlipozttq. #319a",sexual_harassment,Individual,medium,0.7,bad_words
"review okay aaytu, tension beda. #7005",neutral,Group,Low,0.0,kannada
"Xyukglh, elli hogidaroo ade tara madthiya, yen use illa ninna jothe anta feel agutte. #fbec",harassment,Individual,Medium,0.64,kannada
nee send madida reel super comedy aaytu. #7802,neutral,Unknown,Low,0.0,kannada
"In my opinion, this environment is really bad and it's annoying.",toxicity,individual,medium,0.5,codemix
this group has become so toxic ella negative agide immediately.,toxicity,individual,medium,0.5,codemix
"Stop it, your kind is unwanted here",hate,individual,medium,0.75,codemix
ninne function photos share maadu. #ae32,neutral,Unknown,Low,0.0,kannada
It's obvious that your type should not be here,hate,individual,medium,0.75,codemix
"To be honest, stop spamming me",harassment,individual,medium,0.45,english
It's obvious that nin illade better agide and it's sad.,exclusion,individual,medium,0.42,codemix
This group is so toxic 👀,toxicity,appearance,low,0.35,emoji
It's obvious that are you mad or what ninige artha illa,insult,individual,medium,0.3,codemix
"Ebt, next time barbeku anta helthini, swalpa limit nodu yaar. #1ad7",threat,Individual,High,0.72,kannada
why do you follow everything i do ... whatever.,stalking,individual,medium,0.62,english
people here are very problematic,toxicity,group,medium,0.5,english
why do you know when i read messages and it's annoying.,stalking,individual,medium,0.62,english
That was a stupid answer 💔,insult,group,medium,0.3,emoji
you are so clueless,insult,individual,medium,0.3,english
"Ofe, elli hogidaroo ade tara madthiya, complete waste fellow anta feel agutte. #6ac4",harassment,Individual,Medium,0.41,kannada
I think this chat is exhausting,toxicity,group,medium,0.5,english
"Etugemq, elli hogidaroo ade tara madthiya, yen use illa ninna jothe anta feel agutte. #0438",harassment,Individual,Medium,0.59,kannada
"ninna presentation super aaytu, chennag ide. #7af3",neutral,Unknown,Low,0.04,kannada
i cant stand people like you nin tara jana and it's annoying.,hate,individual,medium,0.75,codemix
"Msidhvmmpi, nee class nalli full time joker ne dude. #7a6b",insult,Individual,Medium,0.21,kannada
"Tvxlxl, nee tumba disgusting behaviour machaa. #adc7",insult,Individual,High,0.27,kannada
"guys, ivnanna group nalli add madbeda, ivan illaadre better ansta. #9a94",exclusion,Group,Low,0.23,kannada
"Actually, yaake nanna profile daily nodthiya ... whatever.",stalking,individual,medium,0.62,codemix
That was a stupid answer 🔥,insult,unknown,medium,0.3,emoji
project help madidakke thanks maga. #54fb,neutral,Group,Low,0.0,kannada
"Ivattu kooda die tara act madtidya, Psmnorf. #14c2",threat,Individual,medium,0.74,bad_words
"Look, we dont like people like you nin tara beda and everyone agrees.",hate,individual,high,0.8,codemix
nin iddare problem agthide - just my opinion.,exclusion,individual,medium,0.42,codemix
Why are you always watching me 😬,stalking,gender,high,0.8,emoji
"Wtxstpdy, yaaru kuda ninna idiot thara nature ishta padalla. #8529",insult,Individual,medium,0.64,bad_words
"Jegecn, elli hogidaroo ade tara madthiya, sakkat dumb idiya yaar anta feel agutte. #2e10",harassment,Individual,Low,0.36,kannada
"Vcfddrnbuc, nee total loser tara idiya yaar. #3f4e",insult,Individual,High,0.49,kannada
"In my opinion, dont cross the line nin limits alli iru and everyone agrees.",aggression,individual,high,0.6,codemix
"class grp, ivnanna group nalli add madbeda, ivan illaadre better ansta. #7588",exclusion,Group,Low,0.16,kannada
"Yfebxxgn, nee tumba disgusting behaviour machaa. #4c54",insult,Individual,High,0.33,kannada
why are you always online when i come so please stop.,stalking,social,high,0.67,english
"Torghkjq, nee class nalli full time joker ne re. #e533",insult,Individual,Medium,0.36,kannada
Everyone knows people like you make everything dirty period.,hate,individual,medium,0.75,codemix
"Basically, yaake nanna follow madthiya everywhere (no offense).",harassment,individual,low,0.4,codemix
"Seriously, dont keep pinging nanna irritate madthiya and it's sad.",harassment,individual,medium,0.45,codemix
you always ruin everything nininda problem,insult,individual,high,0.35,codemix
"Tpghirj, ella platform nalli follow madbeda please, idu stalking tara kanstide. #cf10",cyberstalking,Individual,Medium,0.67,kannada
It's obvious that dont keep reminding me again and again,harassment,individual,medium,0.45,english
"Cxbcnpt, nee full time late bartiya re. #3370",insult,Individual,Low,0.12,kannada
Get lost 🗡️,aggression,unknown,medium,0.6,emoji
fest practice ge yar yar barthidira. #1041,neutral,Group,Low,0.0,kannada
"Bpvbaq, nee useless tara behave madthiya yaar. #aaff",insult,Individual,Medium,0.29,kannada
naale 4gante canteen nalli meet aagona. #4449,neutral,Individual,Low,0.0,kannada
"Seriously, stop getting involved nin barbeda - just my opinion.",aggression,individual,medium,0.55,codemix
"Yella dina shaata tara mathadbeda, Sscfh. #2912",insult,Individual,high,0.66,bad_words
"Just so you know, why are you always behind me (no offense).",stalking,individual,high,0.67,english
"ninna presentation super aaytu, chennag ide. #0435",neutral,Group,Low,0.01,kannada
"Bpfcrncccq, ivattu full thimru mode nalli idiya. #fdc6",insult,Individual,medium,0.62,bad_words
"Gthcmixtas, nee class nalli full time joker ne machaa. #b990",insult,Individual,Medium,0.15,kannada
"ninna presentation super aaytu, chennag ide. #33ed",neutral,Unknown,Low,0.01,kannada
"review okay aaytu, tension beda. #60a2",neutral,Unknown,Low,0.0,kannada
"This fucking balls behaviour is not okay, Zeltwpqy. #a929",sexual_harassment,Individual,low,0.55,bad_words
"Ihgrkzhex, nee useless tara behave madthiya machaa. #f9a8",insult,Individual,Medium,0.43,kannada
nee send madida reel super comedy aaytu. #759b,neutral,Unknown,Low,0.0,kannada
I just wanted to say you are everywhere i go nin follow madthiya,stalking,individual,medium,0.62,codemix
Back off now 🧊,aggression,teacher,low,0.55,emoji
"Rrrvbrwd, you are such a split tongue in this group. #a87e",insult,Individual,high,0.61,bad_words
"Axy, nin dagarina nataka nodakke bore aaytu. #1925",insult,Individual,medium,0.51,bad_words
"To be honest, your kind is not welcome here",hate,individual,medium,0.75,codemix
"Basically, why cant you just stop kelthiya !!!",harassment,individual,medium,0.45,codemix
"Tkzw, nee yavattu serious agalla machaa. #5149",insult,Individual,Low,0.2,kannada
"Cozd, nee reply nodoke tumba time togondiya dude. #3c6d",insult,Individual,Low,0.22,kannada
"review okay aaytu, tension beda. #9218",neutral,Unknown,Low,0.0,kannada
I will report you to the admin 😬,threat,unknown,high,0.95,emoji
exam tumba tough aaytu but somehow aaytu. #22d1,neutral,Group,Low,0.0,kannada
"Hey, dont act smart here",aggression,individual,medium,0.55,english
I think just wait and watch ninige lesson sigutte period.,threat,individual,medium,0.82,codemix
"Actually, you are not part of this !!!",exclusion,individual,medium,0.42,english
"Vpi, stop acting like a total damn every day. #b19d",insult,Individual,low,0.66,bad_words
"review okay aaytu, tension beda. #0fe6",neutral,Unknown,Low,0.06,kannada
"Sfjrfqp, ivattu full muklyappa mode nalli idiya. #c92a",insult,Individual,medium,0.44,bad_words
"Pbxk, elli hogidaroo ade tara madthiya, class nalli full time joker ne anta feel agutte. #7045",harassment,Individual,Medium,0.6,kannada
"Fzv, stop acting like a total shag every day. #9c03",sexual_harassment,Individual,medium,0.48,bad_words
"Qcdrieds, nin dove rani maga nataka nodakke bore aaytu. #f02c",harassment,Individual,medium,0.43,bad_words
"Rvkna, a type jokes swalpa stop maadu, group nalli idu sari alla. #8096",sexual_harassment,Individual,High,0.99,kannada
nee send madida reel super comedy aaytu. #5986,neutral,Group,Low,0.0,kannada
"Look, this place feels unhealthy",toxicity,appearance,medium,0.5,english
"network sakkath slow ide, once repeat maadu. #3656",neutral,Group,Low,0.0,kannada
"Actually, this chat ruins my mood and it's sad.",toxicity,individual,medium,0.5,codemix
"Yrzxgjy, nee ivattu full lazy mode alli idiya re. #cfaa",insult,Individual,Low,0.16,kannada
"Group nalli ee idiot thara attitude beda, Hegsxatzi. #27ab",insult,Individual,medium,0.6,bad_words
"Oeugogl, elli hogidaroo ade tara madthiya, sakkat dumb idiya yaar anta feel agutte. #bf3e",harassment,Individual,High,0.47,kannada
"Cmrm, prati dina reason illade ping madbedi, idu stalking tara kanstide. #e801",cyberstalking,Individual,High,0.83,kannada
"teacher, dont annoy me",aggression,teacher,medium,0.55,english
your type always ruins things nin tara jana beda period.,hate,individual,high,0.8,codemix
"Uuvmjjfqnu, nee ivattu full lazy mode alli idiya re. #d439",insult,Individual,Low,0.24,kannada
"network sakkath slow ide, once repeat maadu. #33ab",neutral,Group,Low,0.04,kannada
Leave me alone already 🤮,harassment,unknown,medium,0.5,emoji
"Pognbqjv, nin sooley maga nataka nodakke bore aaytu. #be47",insult,Individual,medium,0.38,bad_words
"Zyvdhx, nee tumba bakra tara idiya maga. #9962",insult,Individual,medium,0.56,bad_words
"Seriously, nin iddare delay agthide",exclusion,individual,medium,0.42,codemix
"Hey, dont interfere in this and it's sad.",aggression,individual,medium,0.55,english
we dont need people like you !!!,hate,individual,medium,0.75,english
"Lucofbqi, mundina sari nodu yen agutte anta, swalpa limit nodu yaar. #3802",threat,Individual,High,0.92,kannada
"Rxe, nee tumba bosodike tara idiya maga. #4b14",insult,Individual,medium,0.34,bad_words
"Armkn, a type jokes swalpa stop maadu, group nalli idu sari alla. #147a",sexual_harassment,Individual,High,0.76,kannada
"Only a nigga will spam the group like you, Xznlmf. #ec5c",harassment,Individual,high,0.8,bad_words
"Meylqrdk, nee full time late bartiya re. #5833",insult,Individual,Low,0.33,kannada
"Ninna sakath body behavior nodi everyone frustrate agta idare, Kgzqzyim. #a81d",harassment,Individual,medium,0.7,bad_words
pizza bekka biryani bekka decide maadi. #2f56,neutral,Group,Low,0.0,kannada
"Cbmvqgqx, nee useless tara behave madthiya re. #dd53",insult,Individual,Medium,0.21,kannada
"happy birthday, tumba olle varsha agli. #508c",neutral,Unknown,Low,0.06,kannada
"naale 9 gante lab ge bartira, late agbeda. #2f31",neutral,Unknown,Low,0.03,kannada
pizza bekka biryani bekka decide maadi. #6fd7,neutral,Individual,Low,0.0,kannada
"To be honest, this space is not safe mentally",toxicity,gender,medium,0.5,english
"Azja, elli hogidaroo ade tara madthiya, tumba irritating agthiya re anta feel agutte. #df1f",harassment,Individual,Low,0.53,kannada
"Wfmo, yaaru kuda ninna monkey thara nature ishta padalla. #fdf9",insult,Individual,medium,0.72,bad_words
"Vmbwdttx, nee reply nodoke tumba time togondiya yaar. #471c",insult,Individual,Low,0.32,kannada
"Vcvz, yake everywhere message madthiya, idu stalking tara kanstide. #826c",cyberstalking,Individual,Low,0.77,kannada
"Agygabaa, nee tumba irritating agthiya re dude. #0c29",insult,Individual,Medium,0.4,kannada
"People are tired of your dick attitude, Ourw. #bc50",sexual_harassment,Individual,high,0.65,bad_words
"People are tired of your fair suck of the sav attitude, Huzms. #b6fe",harassment,Individual,high,0.61,bad_words
dont start with me,aggression,individual,medium,0.55,english
"This fag behaviour is not okay, Mxymhmj. #c7b7",insult,Individual,medium,0.63,bad_words
I think you are done now !!!,threat,individual,medium,0.82,english
"Jvtyslqvy, nodu careful iru, illa problem agutte, swalpa limit nodu yaar. #c96f",threat,Individual,High,0.97,kannada
"Agiwze, elli hogidaroo ade tara madthiya, complete waste fellow anta feel agutte. #5b14",harassment,Individual,Medium,0.45,kannada
"Honestly, dont think this will go unnoticed period.",threat,individual,medium,0.82,english
I just wanted to say ninige simple vishaya kuda artha agalla,insult,individual,medium,0.3,codemix
naale 4gante canteen nalli meet aagona. #caf3,neutral,Unknown,Low,0.0,kannada
you just dont get it ninige artha illa and everyone agrees.,insult,individual,high,0.35,codemix
"Seriously, stay out ninige sambhandha illa immediately.",exclusion,individual,medium,0.42,codemix
"grade, mind your own group",exclusion,academic,medium,0.42,english
"Vkyybh, nee ivattu full lazy mode alli idiya yaar. #add3",insult,Individual,Low,0.22,kannada
"Crksl, ivattu full dagarina mode nalli idiya. #5af6",insult,Individual,high,0.56,bad_words
"Wys, prati dina reason illade ping madbedi, idu stalking tara kanstide. #e541",cyberstalking,Individual,Low,0.75,kannada
Why are you always watching me ☠️,stalking,individual,high,0.85,emoji
"Hey, this place feels unhealthy manasige sari illa without a doubt.",toxicity,individual,medium,0.5,codemix
That was a stupid answer 🐋,insult,academic,medium,0.3,emoji
You keep tracking my activity 🪳,stalking,teacher,high,0.8,emoji
"Look, back off right now don't you think?",aggression,appearance,medium,0.55,english
this doesnt concern you and everyone agrees.,exclusion,individual,high,0.47,english
dont test my patience for real.,threat,academic,medium,0.82,english
"To be honest, this environment is really bad without a doubt.",toxicity,gender,medium,0.5,english
"Yzhmz, prati dina reason illade ping madbedi, idu stalking tara kanstide. #3521",cyberstalking,Individual,Low,0.54,kannada
"People are tired of your sexy attitude, Wzxjxnq. #3e08",sexual_harassment,Individual,low,0.65,bad_words
Everyone here is awful 🗡️,toxicity,appearance,medium,0.4,emoji
"Eey, ivattu full dagar mode nalli idiya. #2f7e",insult,Individual,high,0.48,bad_words
you will face consequences for this and it's sad.,threat,appearance,medium,0.82,english
People like you are disgusting 👿,hate,unknown,high,0.85,emoji
"approach, this doesnt concern you",exclusion,personal,medium,0.42,english
naale 4gante canteen nalli meet aagona. #bbb3,neutral,Unknown,Low,0.07,kannada
"Gongdqk, a type jokes swalpa stop maadu, group nalli idu sari alla. #404d",sexual_harassment,Individual,Medium,0.82,kannada
people like you never change for real.,hate,individual,high,0.8,codemix
"In my opinion, this place feels unhealthy",toxicity,individual,medium,0.5,english
this is not meant for you !!!,exclusion,individual,medium,0.42,english
"outfit, we dont like people like you",hate,appearance,medium,0.75,english
"Gly, nin not a loyal maga nataka nodakke bore aaytu. #90e7",harassment,Individual,low,0.59,bad_words
It's obvious that this group makes me uncomfortable,toxicity,individual,medium,0.5,codemix
"Mgm, you are such a bugger in this group. #d1b6",insult,Individual,high,0.79,bad_words
stop talking nonsense without a doubt.,aggression,individual,medium,0.55,english
"Group nalli a tara nim ammanakeya baribeda, Asdaeq. #035b",sexual_harassment,Individual,medium,0.4,bad_words
"Hey, this chat is mentally draining thale noovu period.",toxicity,individual,medium,0.5,codemix
nee send madida reel super comedy aaytu. #a5eb,neutral,Group,Low,0.0,kannada
weekend ge yava movie nodona. #de0c,neutral,Individual,Low,0.03,kannada
stop talking nonsense nin matu beka illa don't you think?,insult,individual,medium,0.3,codemix
"Hey, people like you make everything dirty",hate,individual,medium,0.75,english
"internals, this place feels suffocating",toxicity,academic,medium,0.5,english
"class grp, plan ge ivananna invite madbeda besseru, ivan illaadre better ansta. #dcac",exclusion,Group,Low,0.23,kannada
"Pgqd, nee tumba irritating agthiya re dude. #bff2",insult,Individual,Medium,0.17,kannada
"People are tired of your duffer attitude, Fvyufhqefu. #0e48",insult,Individual,medium,0.5,bad_words
"Ehlgbn, elli hogidaroo ade tara madthiya, complete waste fellow anta feel agutte. #d76e",harassment,Individual,High,0.69,kannada
"Group nalli ee sakath body attitude beda, Ufphdfrj. #4452",harassment,Individual,medium,0.47,bad_words
"Oagxy, you are such a bugger in this group. #11fe",insult,Individual,low,0.54,bad_words
"Ninna fake character behavior nodi everyone frustrate agta idare, Tnauxnijgk. #7461",harassment,Individual,high,0.54,bad_words
"Abiojqm, elli hogidaroo ade tara madthiya, complete waste fellow anta feel agutte. #4358",harassment,Individual,Low,0.36,kannada
"appearance, stop spamming me",harassment,appearance,medium,0.45,english
Can someone share the notes please 🙌,neutral,individual,low,0.0,emoji
"Igst, nee tumba cry baby tara idiya maga. #1858",harassment,Individual,medium,0.59,bad_words
"Wgaa, ella platform nalli follow madbeda please, idu stalking tara kanstide. #dc31",cyberstalking,Individual,Medium,0.53,kannada
"Xbvlmvpug, you are such a dog in this group. #aea5",insult,Individual,medium,0.42,bad_words
people like you dont deserve respect,hate,individual,medium,0.75,english
you will pay for what you did so please stop.,threat,individual,medium,0.82,codemix
"People are tired of your butt attitude, Wur. #1aff",harassment,Individual,medium,0.59,bad_words
"Ivattu kooda sucide tara act madtidya, Qmwnnm. #dec6",threat,Individual,medium,0.52,bad_words
"Qyxpujeyf, yaaru kuda ninna dove rani nature ishta padalla. #521f",harassment,Individual,medium,0.69,bad_words
"People are tired of your split tongue attitude, Wokec. #5ac1",insult,Individual,medium,0.48,bad_words
stop tracking my activity nanige gothagthide !!!,stalking,individual,medium,0.62,codemix
"Zklkpihvad, you are such a butt in this group. #29e0",harassment,Individual,low,0.7,bad_words
"Mvvx, nin soole nataka nodakke bore aaytu. #c729",harassment,Individual,low,0.62,bad_words
Why are you always watching me 🤨,stalking,group,high,0.8,emoji
dont keep pinging nanna irritate madthiya,harassment,individual,medium,0.45,codemix
"Hey, shut up now",aggression,individual,medium,0.55,english
Stop following me everywhere ⚡,stalking,teacher,high,0.8,emoji
"Basically, you are useless nin work sari illa and it's sad.",insult,individual,medium,0.3,codemix
"Group nalli a tara nim ammanakeya baribeda, Fhvb. #1c23",sexual_harassment,Individual,low,0.43,bad_words
naale 4gante canteen nalli meet aagona. #f998,neutral,Group,Low,0.06,kannada
"Varu, prati dina reason illade ping madbedi, idu stalking tara kanstide. #d354",cyberstalking,Individual,High,0.51,kannada
I just wanted to say dont follow up again please,harassment,individual,medium,0.45,english
"Look, please remove yourself nin hogu",exclusion,individual,medium,0.42,codemix
"Vemu, next time barbeku anta helthini, swalpa limit nodu yaar. #b93d",threat,Individual,High,0.95,kannada
"naale 9 gante lab ge bartira, late agbeda. #831c",neutral,Group,Low,0.0,kannada
"Just so you know, stop talking nonsense nin matu beda ... whatever.",aggression,individual,medium,0.55,codemix
People like you are disgusting 🧊,hate,teacher,high,0.85,emoji
"Stop it, you are not invited to this",exclusion,individual,medium,0.42,english
"In my opinion, why are you always wrong so please stop.",insult,individual,high,0.35,english
"Oznxbqjs, nee sakkat dumb idiya yaar machaa. #49b1",insult,Individual,Medium,0.35,kannada
"Stop it, why do you remember my timings ninige ella gothu right now.",stalking,individual,medium,0.62,codemix
You will regret this 🎥,threat,individual,high,0.95,emoji
"Look, stop tracking my activity nanige gothagthide",stalking,individual,medium,0.62,codemix
"Basically, your kind is unwanted here and everyone agrees.",hate,individual,high,0.8,codemix
"Umcpsbynk, nee tumba keiyanna maga tara idiya maga. #ac18",harassment,Individual,medium,0.62,bad_words
"Stop it, you cant escape from this ninige illa without a doubt.",threat,individual,medium,0.82,codemix
"Jyzmtc, you are such a bimbo in this group. #eb21",insult,Individual,high,0.82,bad_words
The project deadline is approaching.,neutral,academic,medium,0.02,english
"Ninna sexy baby behavior nodi everyone frustrate agta idare, Rlmizal. #2297",sexual_harassment,Individual,medium,0.55,bad_words
"Actually, dont keep asking the same thing for real.",harassment,appearance,medium,0.45,english
Everyone knows why are you so behind me,harassment,individual,high,0.5,english
why do you remember my timings ninige ella gothu ... whatever.,stalking,individual,medium,0.62,codemix
exam tumba tough aaytu but somehow aaytu. #615a,neutral,Group,Low,0.0,kannada
yaaru naalege PPT madthare helri. #9732,neutral,Group,Low,0.0,kannada
"network sakkath slow ide, once repeat maadu. #9ae6",neutral,Unknown,Low,0.0,kannada
ivattu assignment submit maadbeku maga. #3343,neutral,Individual,Low,0.0,kannada
control yourself swalpa - just my opinion.,aggression,individual,medium,0.55,codemix
You never understand anything 🌑,insult,individual,medium,0.3,emoji
yaaru naalege PPT madthare helri. #b530,neutral,Individual,Low,0.01,kannada
"Seriously, stay in your limits please",aggression,individual,medium,0.55,codemix
project help madidakke thanks maga. #102b,neutral,Group,Low,0.0,kannada
nee send madida reel super comedy aaytu. #fb05,neutral,Individual,Low,0.0,kannada
It's obvious that just wait and watch,threat,individual,medium,0.82,english
pizza bekka biryani bekka decide maadi. #6062,neutral,Unknown,Low,0.0,kannada
"exam, this group is too negative",toxicity,group,medium,0.5,english
attendance link haakbidu illi. #247b,neutral,Individual,Low,0.0,kannada
"review okay aaytu, tension beda. #35c8",neutral,Individual,Low,0.0,kannada
"Look, nin illade nav decide madidvi",exclusion,individual,medium,0.42,codemix
I just wanted to say stop keeping tabs on me and it's annoying.,stalking,individual,medium,0.62,codemix
attendance link haakbidu illi. #6cb5,neutral,Group,Low,0.01,kannada
you are useless nin work sari illa (no offense).,insult,individual,low,0.25,codemix
ivattu assignment submit maadbeku maga. #4d78,neutral,Unknown,Low,0.0,kannada
"Yrugjkeoy, nee ivattu full lazy mode alli idiya re. #855a",insult,Individual,Low,0.26,kannada
"Stop it, why do you keep observing me",stalking,individual,medium,0.62,english
"Ivattu kooda haavu bro neenu tara act madtidya, Rxcwtk. #6945",sexual_harassment,Individual,medium,0.53,bad_words
exam tumba tough aaytu but somehow aaytu. #facc,neutral,Group,Low,0.0,kannada
"Bicrn, nee useless tara behave madthiya re. #32e4",insult,Individual,Medium,0.44,kannada
I just wanted to say this group is full of drama,toxicity,group,medium,0.5,english
Stop following me everywhere ☠️,stalking,appearance,high,0.85,emoji
Everyone knows nin illade smooth agide,exclusion,individual,medium,0.42,codemix
"Iadmhm, nee reply nodoke tumba time togondiya yaar. #110b",insult,Individual,Low,0.19,kannada
stop monitoring what i do (no offense).,stalking,individual,low,0.57,english
"gang, plan ge ivananna invite madbeda besseru, ivan illaadre better ansta. #c524",exclusion,Group,High,0.46,kannada
stop talking rubbish and it's sad.,insult,individual,medium,0.3,english
"Nybjnixud, nee yavattu serious agalla dude. #7624",insult,Individual,Low,0.24,kannada
"Zahiqy, nee reply nodoke tumba time togondiya machaa. #8bd3",insult,Individual,Low,0.25,kannada
"Xivk, nee full sexy bro tara behave madthiya. #008b",sexual_harassment,Individual,high,0.61,bad_words
"Dzvrooo, you are such a mother fucker in this group. #8843",insult,Individual,medium,0.58,bad_words
this environment is really bad,toxicity,gender,medium,0.5,english
"Eoodc, nee tumba sooley maga tara idiya maga. #883b",insult,Individual,high,0.68,bad_words
"Hey, your kind is unwanted here (no offense).",hate,individual,low,0.7,english
It's obvious that we dont need people like you,hate,individual,medium,0.75,english
"Oof, next time barbeku anta helthini, swalpa limit nodu yaar. #52d4",threat,Individual,High,0.81,kannada
"People are tired of your ass attitude, Imszzhloyj. #653a",harassment,Individual,low,0.41,bad_words
yaake nanna profile daily nodthiya - just my opinion.,stalking,individual,medium,0.62,codemix
"Rnpbcz, nee tumba kall nan magane tara idiya maga. #f50c",insult,Individual,high,0.57,bad_words
"Wbi, elli hogidaroo ade tara madthiya, sakkat dumb idiya yaar anta feel agutte. #6132",harassment,Individual,High,0.74,kannada
"Listen, stop talking nonsense nin matu beka illa and it's sad.",insult,individual,medium,0.3,codemix
You are not part of this team 🕵️,exclusion,academic,high,0.55,emoji
"Only a crap will spam the group like you, Fmxdyfhl. #2309",harassment,Individual,medium,0.37,bad_words
"Crjutlsgw, sir ge complaint haakthini nodu, swalpa limit nodu yaar. #eab0",threat,Individual,High,0.94,kannada
"Bitm, next time barbeku anta helthini, swalpa limit nodu yaar. #1bbc",threat,Individual,Medium,0.85,kannada
ninne function photos share maadu. #4856,neutral,Group,Low,0.0,kannada
naale 4gante canteen nalli meet aagona. #e3d8,neutral,Unknown,Low,0.04,kannada
"Look, dayavittu nanna bittu bidu",harassment,individual,medium,0.45,codemix
this place is full of nonsense,toxicity,individual,medium,0.5,english
Everyone here is awful 🕵️,toxicity,group,low,0.35,emoji
you are not invited to this so please stop.,exclusion,individual,medium,0.42,english
stop getting involved for real.,aggression,individual,medium,0.55,english
Wait and see what happens to you 🛑,threat,teacher,high,0.95,emoji
"Ivattu kooda cry baby tara act madtidya, Ojcvmjg. #bf50",harassment,Individual,high,0.66,bad_words
"Ceuwn, nee ivattu full lazy mode alli idiya dude. #0e5b",insult,Individual,Low,0.26,kannada
nin illade better agide without a doubt.,exclusion,individual,medium,0.42,codemix
"Hey, this place feels unhealthy immediately.",toxicity,individual,medium,0.5,english
"happy birthday, tumba olle varsha agli. #1452",neutral,Group,Low,0.0,kannada
weekend ge yava movie nodona. #b675,neutral,Group,Low,0.05,kannada
"Uhhtc, stop acting like a total asswipe every day. #034e",insult,Individual,low,0.45,bad_words
project help madidakke thanks maga. #d966,neutral,Group,Low,0.03,kannada
Why do you keep messaging me 😑,harassment,appearance,medium,0.5,emoji
"ninna presentation super aaytu, chennag ide. #9e53",neutral,Unknown,Low,0.01,kannada
"Seriously, this group has become so toxic for real.",toxicity,group,high,0.55,english
naale 4gante canteen nalli meet aagona. #250f,neutral,Group,Low,0.06,kannada
"Iwqvnv, nee ivattu full lazy mode alli idiya machaa. #08a8",insult,Individual,Low,0.29,kannada
"Actually, dont cross the line nin limits alli iru and it's annoying.",aggression,individual,medium,0.55,codemix
naale extra pen togond baa pls. #5c53,neutral,Individual,Low,0.0,kannada
Why do you keep messaging me 🔴,harassment,academic,high,0.6,emoji
"Jjl, stop acting like a total go to hell every day. #0c04",harassment,Individual,medium,0.42,bad_words
"Jgrcjieyym, you are such a go to hell in this group. #b781",harassment,Individual,low,0.57,bad_words
pizza bekka biryani bekka decide maadi. #f9f0,neutral,Individual,Low,0.03,kannada
"Mgcpojslif, nee yen use illa ninna jothe yaar. #2d7d",insult,Individual,High,0.23,kannada
People like you are disgusting 🐷,hate,academic,high,0.85,emoji
"Wytqfshakk, nee class nalli full time joker ne dude. #28d7",insult,Individual,Medium,0.22,kannada
"Qgi, ella platform nalli follow madbeda please, idu stalking tara kanstide. #294c",cyberstalking,Individual,Medium,0.52,kannada
Where can I find the syllabus? Thanks.,neutral,academic,medium,0.02,english
I just wanted to say stop calling me bar bar,harassment,individual,medium,0.45,codemix
"Ppyktnk, nee yavattu serious agalla machaa. #6b84",insult,Individual,Low,0.31,kannada
"Listen, nin message inda tension agthide",harassment,individual,medium,0.45,codemix
You are really dumb 🦧,insult,gender,medium,0.3,emoji
"In my opinion, dont poke your nose period.",aggression,individual,medium,0.55,english
"Hey, Does anyone understand this topic swalpa",neutral,unknown,medium,0.02,codemix
why are you so behind me for real.,harassment,individual,medium,0.45,english
You never understand anything 💩,insult,individual,medium,0.3,emoji
"Tzhxhg, nee tumba dagar tara idiya maga. #9d8b",insult,Individual,high,0.49,bad_words
"Eobrumal, yaaru kuda ninna cry baby nature ishta padalla. #c604",harassment,Individual,medium,0.36,bad_words
Stop texting me again and again 🚫,harassment,appearance,medium,0.5,emoji
"People are tired of your bollocks attitude, Heauin. #67a2",insult,Individual,low,0.46,bad_words
"Group nalli ee haavu bro neenu attitude beda, Mlokwh. #fcd9",harassment,Individual,high,0.75,bad_words
this place feels unhealthy manasige sari illa so please stop.,toxicity,individual,medium,0.5,codemix
"Jzbzgh, nin nimm avvan nataka nodakke bore aaytu. #6afa",harassment,Individual,medium,0.6,bad_words
Everyone here is awful 👿,toxicity,unknown,medium,0.4,emoji
"Wcvfacv, elli hogidaroo ade tara madthiya, yen use illa ninna jothe anta feel agutte. #3293",harassment,Individual,Medium,0.46,kannada
"Tot, yaaru kuda ninna haavu bro neenu nature ishta padalla. #d4f4",harassment,Individual,medium,0.38,bad_words
"Hrlrl, a tara photos haakbeda please, group nalli idu sari alla. #5e0c",sexual_harassment,Individual,High,0.84,kannada
"In my opinion, i will complain about you sir ge helthini - just my opinion.",threat,individual,medium,0.82,codemix
"Pufyz, nee class nalli full time joker ne machaa. #4f96",insult,Individual,Medium,0.22,kannada
Shut up already 📍,aggression,teacher,medium,0.6,emoji
"Seriously, dayavittu nanna bittu bidu",harassment,individual,medium,0.45,codemix
"Yella dina darbesi tara mathadbeda, Zscsa. #9e65",insult,Individual,medium,0.41,bad_words
"Actually, why do you always show up where i am and it's sad.",stalking,individual,high,0.67,english
yaaru naalege PPT madthare helri. #4372,neutral,Unknown,Low,0.04,kannada
"network sakkath slow ide, once repeat maadu. #2512",neutral,Individual,Low,0.03,kannada
Everyone here is awful ⛔,toxicity,individual,low,0.35,emoji
"Eveq, nee class nalli full time joker ne re. #1bec",insult,Individual,Medium,0.2,kannada
"Oodtxmnnn, elli hogidaroo ade tara madthiya, tumba irritating agthiya re anta feel agutte. #3749",harassment,Individual,Low,0.5,kannada
"Vhykr, you are such a fuck in this group. #a9bc",harassment,Individual,high,0.58,bad_words
ivattu assignment submit maadbeku maga. #74e5,neutral,Group,Low,0.04,kannada
Wait and see what happens to you 💩,threat,teacher,high,0.95,emoji
"Nmx, yake everywhere message madthiya, idu stalking tara kanstide. #2fac",cyberstalking,Individual,Medium,0.8,kannada
Shut up already 🔥,aggression,appearance,low,0.55,emoji
"Group nalli ee sucide attitude beda, Fzuickr. #7537",threat,Individual,high,0.62,bad_words
dont think this will go unnoticed immediately.,threat,individual,medium,0.82,english
"Xbsu, nee class nalli full time joker ne dude. #1fc2",insult,Individual,Medium,0.26,kannada
"team, ivananna group inda remove maadona, ivan illaadre better ansta. #4eb9",exclusion,Group,Medium,0.46,kannada
I think stop bothering me about this,harassment,individual,medium,0.45,english
"Blvczx, sir ge complaint haakthini nodu, swalpa limit nodu yaar. #f02b",threat,Individual,High,0.82,kannada
ninne function photos share maadu. #9940,neutral,Group,Low,0.0,kannada
"ninna presentation super aaytu, chennag ide. #2c9e",neutral,Group,Low,0.0,kannada
exam tumba tough aaytu but somehow aaytu. #bcbb,neutral,Unknown,Low,0.0,kannada
ninne function photos share maadu. #d1b6,neutral,Group,Low,0.02,kannada
"class grp, plan ge ivananna invite madbeda besseru, ivan illaadre better ansta. #e886",exclusion,Group,Low,0.24,kannada
Everyone knows we dont like people like you without a doubt.,hate,individual,high,0.8,english
Your kind is not welcome here 😶,hate,individual,high,0.85,emoji
"Fioxgkgutt, nee complete waste fellow dude. #3ca8",insult,Individual,High,0.4,kannada
"5 nimisha nalli join agthini, swalpa wait maadu. #0d4d",neutral,Unknown,Low,0.05,kannada
ninne function photos share maadu. #db4a,neutral,Individual,Low,0.04,kannada
"Seriously, this is between us only nin barbeda and it's annoying.",exclusion,individual,medium,0.42,codemix
Can someone share the notes from today? Thanks.,neutral,academic,medium,0.02,english
you just dont get it ninige artha illa period.,insult,individual,medium,0.3,codemix
you just dont get it ninige artha illa,insult,individual,medium,0.3,codemix
"internals, go mind your work",aggression,academic,medium,0.55,english
"gang, chat nalli ivnanna ide irboda anta ansta, ivan illaadre better ansta. #8035",exclusion,Group,Medium,0.32,kannada
It's obvious that we already decided nin illade without a doubt.,exclusion,individual,medium,0.42,codemix
"Rhq, elli hogidaroo ade tara madthiya, yen use illa ninna jothe anta feel agutte. #37c2",harassment,Individual,Low,0.54,kannada
"Stop it, dont message me late night nin beka illa",harassment,individual,medium,0.45,codemix
"Jfdwt, next time barbeku anta helthini, swalpa limit nodu yaar. #f166",threat,Individual,High,0.76,kannada
Stop texting me again and again 🐮,harassment,academic,high,0.6,emoji
People like you are disgusting 🤣,hate,group,high,0.85,emoji
"Psg, elli hogidaroo ade tara madthiya, class nalli full time joker ne anta feel agutte. #272d",harassment,Individual,High,0.54,kannada
"Stop it, stop tracking my activity nanige gothagthide",stalking,individual,medium,0.62,codemix
Why are you always watching me 🕷️,stalking,unknown,high,0.8,emoji
"Group nalli a tara muda baribeda, Xdjiwcvwv. #0e78",insult,Individual,low,0.68,bad_words
"Fjk, nee complete waste fellow yaar. #af4b",insult,Individual,High,0.33,kannada
"Only a dirty fellow will spam the group like you, Pfd. #2b4e",insult,Individual,medium,0.49,bad_words
"People are tired of your fag attitude, Lhrybtpegk. #7370",insult,Individual,medium,0.49,bad_words
Why are you always watching me 🐮,stalking,appearance,high,0.8,emoji
nin presence irthare problem only (no offense).,insult,individual,low,0.25,codemix
fest practice ge yar yar barthidira. #a93d,neutral,Group,Low,0.04,kannada
"Honestly, i cant stand people like you nin tara jana immediately.",hate,individual,medium,0.75,codemix
"Honestly, dont message me late night nin beka illa and it's annoying.",harassment,individual,medium,0.45,codemix
"Eynstttisw, elli hogidaroo ade tara madthiya, class nalli full time joker ne anta feel agutte. #aef7",harassment,Individual,High,0.46,kannada
"Zywjg, nee tumba irritating agthiya re machaa. #d850",insult,Individual,Medium,0.21,kannada
"In my opinion, stop talking nonsense nin matu beda",aggression,individual,medium,0.55,codemix
you cant escape from this ninige illa (no offense).,threat,individual,low,0.77,codemix
fest practice ge yar yar barthidira. #d783,neutral,Individual,Low,0.0,kannada
"5 nimisha nalli join agthini, swalpa wait maadu. #643f",neutral,Group,Low,0.05,kannada
It's obvious that you will face consequences for this without a doubt.,threat,appearance,medium,0.82,english
"Bsi, nee sakkat dumb idiya yaar re. #2180",insult,Individual,Medium,0.43,kannada
leave me alone seriously so please stop.,harassment,individual,high,0.5,english
"Sixawtp, a type jokes swalpa stop maadu, group nalli idu sari alla. #0582",sexual_harassment,Individual,Medium,0.81,kannada
this group is not for you,exclusion,group,medium,0.42,english
Shut up already 🌈,aggression,teacher,low,0.55,emoji
"ninna presentation super aaytu, chennag ide. #1d6c",neutral,Group,Low,0.0,kannada
"Look, why are you always checking my status",stalking,appearance,high,0.67,english
"People are tired of your bollocks attitude, Poyuneb. #2daa",insult,Individual,high,0.82,bad_words
"team, chat nalli ivnanna ide irboda anta ansta, ivan illaadre better ansta. #be9d",exclusion,Group,Low,0.23,kannada
stop messaging me yavaglu disturb madthiya !!!,harassment,individual,medium,0.45,codemix
"Rxngnipai, nee ivattu full lazy mode alli idiya dude. #8062",insult,Individual,Low,0.17,kannada
neenu hopeless yaake heege period.,insult,individual,medium,0.3,codemix
nee send madida reel super comedy aaytu. #becf,neutral,Individual,Low,0.02,kannada
You will regret this 🚫,threat,group,high,0.95,emoji
"This cockfoam behaviour is not okay, Uymwfsn. #9e73",sexual_harassment,Individual,medium,0.59,bad_words
"Ivattu kooda sexy bro tara act madtidya, Fpu. #7f98",sexual_harassment,Individual,high,0.64,bad_words
I will report you to the admin 📸,threat,appearance,high,0.95,emoji
"Otqxon, nin kembatti maga nataka nodakke bore aaytu. #f824",insult,Individual,medium,0.73,bad_words
"Wozkchx, nee class nalli full time joker ne machaa. #be62",insult,Individual,Medium,0.39,kannada
project help madidakke thanks maga. #c662,neutral,Unknown,Low,0.01,kannada
"Actually, we already decided without you immediately.",exclusion,individual,medium,0.42,english
"Xsrwitzcit, nee yavattu serious agalla dude. #535a",insult,Individual,Low,0.24,kannada
"Stop it, you are everywhere i go nin follow madthiya",stalking,individual,medium,0.62,codemix
"team, plan ge ivananna invite madbeda besseru, ivan illaadre better ansta. #e05c",exclusion,Group,Medium,0.37,kannada
"Actually, you sound really stupid nin mathu nodi don't you think?",insult,individual,medium,0.3,codemix
stay in your limits for sure.,aggression,individual,medium,0.55,english
weekend ge yava movie nodona. #3701,neutral,Unknown,Low,0.0,kannada
nee send madida reel super comedy aaytu. #b44e,neutral,Individual,Low,0.0,kannada
ninne function photos share maadu. #673d,neutral,Unknown,Low,0.0,kannada
"Ninna monkey thara behavior nodi everyone frustrate agta idare, Zqe. #19a4",insult,Individual,medium,0.68,bad_words
You are really dumb 💔,insult,individual,low,0.25,emoji
"Ninna sucide behavior nodi everyone frustrate agta idare, Yuw. #fd87",threat,Individual,high,0.45,bad_words
stop stalking me,stalking,individual,medium,0.62,english
this is not meant for you - just my opinion.,exclusion,individual,medium,0.42,english
"network sakkath slow ide, once repeat maadu. #779e",neutral,Unknown,Low,0.0,kannada
ninne function photos share maadu. #0f66,neutral,Unknown,Low,0.0,kannada
"Ukfs, stop acting like a total naked every day. #0bf3",sexual_harassment,Individual,medium,0.46,bad_words
Everyone here is awful 🥶,toxicity,teacher,low,0.35,emoji
"ninna presentation super aaytu, chennag ide. #8f97",neutral,Unknown,Low,0.0,kannada
"Ocr, nee class nalli full time joker ne dude. #eec8",insult,Individual,Medium,0.25,kannada
You are not part of this team 🎥,exclusion,unknown,medium,0.45,emoji
"Ukzcgzzc, stop acting like a total dog every day. #218d",insult,Individual,medium,0.74,bad_words
Your kind is not welcome here 😂,hate,gender,high,0.85,emoji
"People are tired of your twat face attitude, Nxvsc. #0918",insult,Individual,low,0.5,bad_words
"Lhtmpaastk, ivattu full haavu bro neenu mode nalli idiya. #5b0a",harassment,Individual,high,0.76,bad_words
Why are you always watching me ⚡,stalking,teacher,high,0.8,emoji
"Group nalli ee sexy baby attitude beda, Mmeu. #7f9d",sexual_harassment,Individual,high,0.53,bad_words
"Colxmwmhw, stop acting like a total sexy every day. #f2bf",sexual_harassment,Individual,medium,0.37,bad_words
"Cmuzhvw, nee yen use illa ninna jothe re. #b16e",insult,Individual,High,0.47,kannada
"Wobsuebe, stop acting like a total piss off every day. #e81b",harassment,Individual,low,0.47,bad_words
"Group nalli ee sexy baby attitude beda, Wblgjm. #ec0a",sexual_harassment,Individual,medium,0.55,bad_words
I think you always ruin the mood ... whatever.,insult,individual,high,0.35,english
I just wanted to say i cant stand people like you nin tara jana so please stop.,hate,individual,medium,0.75,codemix
"To be honest, you are not invited nin beka illa",exclusion,individual,medium,0.42,codemix
attendance link haakbidu illi. #2b00,neutral,Group,Low,0.02,kannada
"Dtqry, elli hogidaroo ade tara madthiya, tumba irritating agthiya re anta feel agutte. #7fa0",harassment,Individual,Low,0.42,kannada
Wait and see what happens to you 🐘,threat,teacher,high,0.95,emoji
This group is so toxic 🌈,toxicity,teacher,medium,0.4,emoji
"ninna presentation super aaytu, chennag ide. #f4d0",neutral,Individual,Low,0.0,kannada
"Xorbit, nee total loser tara idiya dude. #f017",insult,Individual,High,0.43,kannada
"Kec, you are such a choad in this group. #639e",insult,Individual,medium,0.44,bad_words
stop disturbing me nanige shanti beku,harassment,individual,medium,0.45,codemix
"Actually, remember this moment ninige gothagutte",threat,individual,medium,0.82,codemix
I just wanted to say this environment is really bad - just my opinion.,toxicity,individual,medium,0.5,codemix
"Eyushl, nee useless tara behave madthiya dude. #0963",insult,Individual,Medium,0.44,kannada
why cant you just stop kelthiya period.,harassment,individual,medium,0.45,codemix
"Basically, yaake nanna hinde bartiya elladalli",harassment,individual,medium,0.45,codemix
"Group nalli a tara sede baribeda, Jcr. #8474",insult,Individual,medium,0.4,bad_words
"Hey, Can someone share the notes ivattu",neutral,unknown,medium,0.02,codemix
Why do you keep messaging me 🕵️,harassment,unknown,medium,0.5,emoji
"Awzkpzw, mundina sari nodu yen agutte anta, swalpa limit nodu yaar. #9b25",threat,Individual,High,0.83,kannada
"Liycqgg, nodu careful iru, illa problem agutte, swalpa limit nodu yaar. #2c31",threat,Individual,Low,0.79,kannada
"Aydhodeign, nee tumba irritating agthiya re machaa. #f397",insult,Individual,Medium,0.2,kannada
exam tumba tough aaytu but somehow aaytu. #3a97,neutral,Unknown,Low,0.04,kannada
"Group nalli ee idiot thara attitude beda, Bwowfqhbg. #c5a5",insult,Individual,medium,0.37,bad_words
"5 nimisha nalli join agthini, swalpa wait maadu. #0d68",neutral,Individual,Low,0.0,kannada
"Basically, mind your own business nin work nodko and everyone agrees.",aggression,individual,high,0.6,codemix
ivattu class full bore aaytu. #b400,neutral,Group,Low,0.0,kannada
"ninna presentation super aaytu, chennag ide. #6675",neutral,Group,Low,0.0,kannada
"Cexdfbgqi, ella platform nalli follow madbeda please, idu stalking tara kanstide. #32b0",cyberstalking,Individual,Medium,0.54,kannada
"Just so you know, remember this moment for real.",threat,gender,medium,0.82,english
Shut up already 😶,aggression,gender,medium,0.6,emoji
"Gnrnmhfw, elli hogidaroo ade tara madthiya, class nalli full time joker ne anta feel agutte. #3cf3",harassment,Individual,High,0.67,kannada
"Dopjlp, nee full cry baby tara behave madthiya. #d028",harassment,Individual,medium,0.49,bad_words
"Fmkyduuhxi, nee yavattu serious agalla re. #6522",insult,Individual,Low,0.12,kannada
"Asnbqzkz, elli hogidaroo ade tara madthiya, total loser tara idiya anta feel agutte. #31d1",harassment,Individual,High,0.47,kannada
weekend ge yava movie nodona. #06cc,neutral,Unknown,Low,0.0,kannada
"Auofxgjrx, nanna status na yavaglu check madthiya, idu stalking tara kanstide. #6a0c",cyberstalking,Individual,Medium,0.59,kannada
"This butt behaviour is not okay, Fqz. #7fcf",harassment,Individual,low,0.57,bad_words
"Oebttth, nee ivattu full lazy mode alli idiya machaa. #7bd1",insult,Individual,Low,0.15,kannada
"Yella dina sexy bro maga tara mathadbeda, Xntgvpboam. #1c48",sexual_harassment,Individual,high,0.51,bad_words
"Twkrblayx, nee sakkat dumb idiya yaar machaa. #8140",insult,Individual,Medium,0.26,kannada
"Pnsv, nodu careful iru, illa problem agutte, swalpa limit nodu yaar. #ff54",threat,Individual,High,0.88,kannada
"team, plan ge ivananna invite madbeda besseru, ivan illaadre better ansta. #1f98",exclusion,Group,High,0.39,kannada
"madam, dont think this will go unnoticed",threat,teacher,medium,0.82,english
"Bmdteicimu, nee tumba sucide madthiya maga tara idiya maga. #1743",threat,Individual,high,0.59,bad_words
"Yella dina keiyanna maga tara mathadbeda, Mfjcqazk. #ebdf",harassment,Individual,medium,0.72,bad_words
"To be honest, this place is full of nonsense",toxicity,individual,medium,0.5,codemix
I just wanted to say this environment is really bad right now.,toxicity,gender,medium,0.5,english
your kind is unwanted here for sure.,hate,individual,medium,0.75,codemix
this chat is mentally draining for real.,toxicity,group,medium,0.5,english
"Oefwfz, you are such a mother fucker in this group. #d51d",insult,Individual,high,0.77,bad_words
naale 4gante canteen nalli meet aagona. #2040,neutral,Unknown,Low,0.01,kannada
dont interfere in this don't you think?,aggression,individual,medium,0.55,english
ninne function photos share maadu. #085d,neutral,Group,Low,0.0,kannada
Get lost ☠️,aggression,individual,medium,0.65,emoji
You keep tracking my activity 🤨,stalking,group,high,0.8,emoji
"Basically, you are everywhere i go right now.",stalking,individual,medium,0.62,english
"Now, nee full time late bartiya dude. #e048",insult,Individual,Low,0.13,kannada
It's obvious that you are done now for sure.,threat,individual,medium,0.82,english
"Ybn, nee class nalli full time joker ne yaar. #6aca",insult,Individual,Medium,0.22,kannada
"In my opinion, dont annoy me",aggression,individual,medium,0.55,english
"Xawcllji, mundina sari nodu yen agutte anta, swalpa limit nodu yaar. #93e8",threat,Individual,High,1.0,kannada
"Nlfi, ava body bagge a tara mata beda, group nalli idu sari alla. #71a2",sexual_harassment,Individual,High,0.82,kannada
"Listen, ninige simple vishaya kuda artha agalla",insult,individual,medium,0.3,codemix
"Oiuuimlw, mundina sari nodu yen agutte anta, swalpa limit nodu yaar. #b4bf",threat,Individual,High,1.0,kannada
"Basically, stop talking nonsense nin matu beka illa - just my opinion.",insult,individual,medium,0.3,codemix
You are really dumb 🦍,insult,unknown,medium,0.3,emoji
"happy birthday, tumba olle varsha agli. #536f",neutral,Group,Low,0.0,kannada
"Yypv, stop acting like a total fucking balls every day. #3a4d",sexual_harassment,Individual,medium,0.63,bad_words
"happy birthday, tumba olle varsha agli. #111e",neutral,Unknown,Low,0.0,kannada
"Stop it, you cant escape from this ninige illa ... whatever.",threat,individual,medium,0.82,codemix
ivattu assignment submit maadbeku maga. #d698,neutral,Unknown,Low,0.0,kannada
"Szzpnwdzte, you are such a cockfoam in this group. #666a",sexual_harassment,Individual,high,0.62,bad_words
"Fdyppegd, stop acting like a total transgender every day. #4b8a",insult,Individual,medium,0.6,bad_words
"Stop it, this environment is stressful immediately.",toxicity,gender,medium,0.5,english
I think i will complain about you sir ge helthini,threat,individual,medium,0.82,codemix
"Iooxeukcf, nee yen use illa ninna jothe machaa. #f2bc",insult,Individual,High,0.46,kannada
ivattu class full bore aaytu. #c1f6,neutral,Group,Low,0.02,kannada
nee send madida reel super comedy aaytu. #aa41,neutral,Unknown,Low,0.04,kannada
this group ninige alla and it's annoying.,exclusion,individual,medium,0.42,codemix
"Aryigvpnz, elli hogidaroo ade tara madthiya, sakkat dumb idiya yaar anta feel agutte. #e767",harassment,Individual,Medium,0.64,kannada
"Ninna monkey thara behavior nodi everyone frustrate agta idare, Awrjv. #75a6",insult,Individual,medium,0.69,bad_words
this group ninige alla,exclusion,individual,medium,0.42,codemix
yavdru ivattu notes idre send maadu pls. #0adf,neutral,Individual,Low,0.02,kannada
"Rqwy, nee reply nodoke tumba time togondiya re. #a428",insult,Individual,Low,0.2,kannada
"Vote, nee full time late bartiya dude. #53af",insult,Individual,Low,0.23,kannada
"Mnymgbb, nin sede nataka nodakke bore aaytu. #d37c",insult,Individual,medium,0.46,bad_words
ivattu class full bore aaytu. #ebe3,neutral,Individual,Low,0.01,kannada
people like you never change without a doubt.,hate,individual,high,0.8,codemix
"Pbbhyh, nee tumba irritating agthiya re re. #2e48",insult,Individual,Medium,0.18,kannada
nee send madida reel super comedy aaytu. #aea1,neutral,Group,Low,0.02,kannada
Leave this group now 🕵️,exclusion,unknown,high,0.55,emoji
"lecturer, nobody takes you seriously",insult,teacher,high,0.35,english
Your kind is not welcome here 😞,hate,group,high,0.85,emoji
"blue tick, why do you keep calling me",harassment,social,medium,0.45,english
we already decided without you period.,exclusion,individual,medium,0.42,english
"Honestly, why cant you just stop kelthiya",harassment,individual,medium,0.45,codemix
"Honestly, ninige maturity illa grow up for real.",insult,individual,medium,0.3,codemix
"In my opinion, this environment is really bad without a doubt.",toxicity,gender,medium,0.5,english
I will report you to the admin 😹,threat,academic,high,0.95,emoji
"Svynkfg, ava body bagge a tara mata beda, group nalli idu sari alla. #3eb4",sexual_harassment,Individual,High,0.85,kannada
"Xmtsak, mundina sari nodu yen agutte anta, swalpa limit nodu yaar. #b8e1",threat,Individual,High,1.0,kannada
"Just so you know, you just dont get it ninige artha illa so please stop.",insult,individual,medium,0.3,codemix
"Jlc, prati dina reason illade ping madbedi, idu stalking tara kanstide. #c826",cyberstalking,Individual,Medium,0.56,kannada
"Jitg, stop acting like a total choad every day. #b40e",insult,Individual,high,0.74,bad_words
It's obvious that why do you remember my timings ninige ella gothu,stalking,individual,medium,0.62,codemix
"Itxylflis, nee yen use illa ninna jothe re. #2b06",insult,Individual,High,0.25,kannada
fest practice ge yar yar barthidira. #c953,neutral,Individual,Low,0.03,kannada
"Huqtfn, nee class nalli full time joker ne yaar. #ecb4",insult,Individual,Medium,0.39,kannada
"Jcsfsxjwho, nee full die tara behave madthiya. #d5a5",threat,Individual,high,0.77,bad_words
Why do you keep messaging me 🪳,harassment,unknown,high,0.6,emoji
"Ootjmfbwoe, elli hogidaroo ade tara madthiya, tumba irritating agthiya re anta feel agutte. #6ded",harassment,Individual,Medium,0.44,kannada
we dont like people like you without a doubt.,hate,individual,medium,0.75,english
"Group nalli a tara saayi mad baribeda, Mswt. #beb8",threat,Individual,medium,0.45,bad_words
I think what are you even saying for sure.,insult,individual,medium,0.3,english
"Cmnlcsrrs, yaaru kuda ninna not a loyal nature ishta padalla. #d53d",harassment,Individual,high,0.41,bad_words
"Look, people like you never change !!!",hate,individual,high,0.8,codemix
You are really dumb 👀,insult,academic,low,0.25,emoji
"Nigyqdlndj, nee yavattu serious agalla dude. #41eb",insult,Individual,Low,0.3,kannada
"Uhbytsgrj, elli hogidaroo ade tara madthiya, class nalli full time joker ne anta feel agutte. #9d8c",harassment,Individual,Low,0.44,kannada
"Fcjnhv, you are such a twat in this group. #d0ca",insult,Individual,high,0.81,bad_words
"Ninna sucide behavior nodi everyone frustrate agta idare, Nzmomvpznh. #2cdf",threat,Individual,medium,0.44,bad_words
"Look, you dont need to be here",exclusion,appearance,medium,0.42,english
"Actually, there is too much negativity here (no offense).",toxicity,individual,low,0.45,english
You will regret this 😒,threat,teacher,high,0.95,emoji
"you guys, mind your own business",aggression,group,medium,0.55,english
This group is so toxic 🤣,toxicity,gender,low,0.35,emoji
"To be honest, nininda headache agthide stop it",harassment,individual,medium,0.45,codemix
"Qhudimlaz, nee tumba irritating agthiya re yaar. #deaa",insult,Individual,Medium,0.17,kannada
Leave me alone already 🧨,harassment,unknown,medium,0.55,emoji
"To be honest, people like you never change - just my opinion.",hate,individual,high,0.8,english
"Honestly, you asked for it nin mistake so please stop.",threat,individual,medium,0.82,codemix
I just wanted to say i told you already dont text me and everyone agrees.,harassment,individual,high,0.5,english
Wait and see what happens to you 🔴,threat,unknown,high,0.95,emoji
"study, this is your last warning",threat,academic,medium,0.82,english
"batch, ivnanna group nalli add madbeda, ivan illaadre better ansta. #38e4",exclusion,Group,Medium,0.33,kannada
"review okay aaytu, tension beda. #3a63",neutral,Individual,Low,0.03,kannada
"review okay aaytu, tension beda. #c790",neutral,Group,Low,0.0,kannada
project help madidakke thanks maga. #27fe,neutral,Unknown,Low,0.0,kannada
dont poke your nose nin business beda and everyone agrees.,aggression,individual,high,0.6,codemix
"Seriously, mind your own group and it's annoying.",exclusion,individual,high,0.47,english
"Listen, dont interfere in this nin barbeda without a doubt.",aggression,individual,medium,0.55,codemix
ivattu class full bore aaytu. #1daf,neutral,Unknown,Low,0.05,kannada
Everyone knows this place is full of nonsense,toxicity,individual,high,0.55,english
this group makes me uncomfortable and it's annoying.,toxicity,group,medium,0.5,english
fest practice ge yar yar barthidira. #20a8,neutral,Unknown,Low,0.0,kannada
"Uebelth, ella platform nalli follow madbeda please, idu stalking tara kanstide. #a382",cyberstalking,Individual,Medium,0.61,kannada
"men, dont start with me",aggression,gender,medium,0.55,english
nee send madida reel super comedy aaytu. #275d,neutral,Group,Low,0.01,kannada
I just wanted to say remember this moment ninige gothagutte,threat,individual,medium,0.82,codemix
"5 nimisha nalli join agthini, swalpa wait maadu. #b233",neutral,Unknown,Low,0.04,kannada
I think dont keep pinging me for no reason,harassment,individual,medium,0.45,english
why do you always show up where i am ... whatever.,stalking,individual,high,0.67,english
Leave this group now 🐮,exclusion,gender,medium,0.45,emoji
"Xfflskk, nee total loser tara idiya yaar. #4f39",insult,Individual,High,0.4,kannada
you are useless in group work right now.,insult,individual,medium,0.3,english
"batch, ivnanna group nalli add madbeda, ivan illaadre better ansta. #a025",exclusion,Group,Medium,0.41,kannada
"Nsgdd, nin dove rani maga nataka nodakke bore aaytu. #e775",harassment,Individual,medium,0.55,bad_words
Everyone knows dont start with me nin beka illa don't you think?,aggression,individual,medium,0.55,codemix
"Uwslyqeq, nee complete waste fellow yaar. #db64",insult,Individual,High,0.49,kannada
"Dhbzf, nee full joker thara tara behave madthiya. #cfc5",insult,Individual,medium,0.44,bad_words
"Basically, dont start with me nin beka illa don't you think?",aggression,individual,medium,0.55,codemix
"Zfxj, sir ge complaint haakthini nodu, swalpa limit nodu yaar. #037c",threat,Individual,Medium,0.94,kannada
"Group nalli a tara saayi madthiya maga baribeda, Cznoowxatj. #59f1",threat,Individual,high,0.64,bad_words
nee send madida reel super comedy aaytu. #2090,neutral,Group,Low,0.0,kannada
"Only a pissflaps will spam the group like you, Jahkkyd. #11ac",insult,Individual,medium,0.67,bad_words
"5 nimisha nalli join agthini, swalpa wait maadu. #4899",neutral,Individual,Low,0.0,kannada
"Tmuyoa, nee useless tara behave madthiya re. #530c",insult,Individual,Medium,0.4,kannada
"ninna presentation super aaytu, chennag ide. #168b",neutral,Group,Low,0.05,kannada
"In my opinion, use your brain swalpa don't you think?",insult,individual,medium,0.3,codemix
Everyone knows people like you are a headache,hate,individual,medium,0.75,codemix
"Mnlgto, nee class nalli full time joker ne machaa. #a990",insult,Individual,Medium,0.26,kannada
"ninna presentation super aaytu, chennag ide. #54d8",neutral,Individual,Low,0.01,kannada
exam tumba tough aaytu but somehow aaytu. #4e7c,neutral,Individual,Low,0.0,kannada
"People are tired of your lick attitude, Gbhbi. #af29",sexual_harassment,Individual,high,0.42,bad_words
"Cmq, mundina sari nodu yen agutte anta, swalpa limit nodu yaar. #1700",threat,Individual,Medium,1.0,kannada
you will suffer for this right now.,threat,individual,medium,0.82,english
nininda headache agthide stop it and it's sad.,harassment,individual,medium,0.45,codemix
"Rfbssxgqpe, elli hogidaroo ade tara madthiya, tumba irritating agthiya re anta feel agutte. #e42a",harassment,Individual,High,0.44,kannada
"Hey, When is the next lab session?",neutral,unknown,medium,0.02,english
nee send madida reel super comedy aaytu. #9f90,neutral,Unknown,Low,0.0,kannada
"Listen, no need for you here period.",exclusion,individual,medium,0.42,english
"Ooykj, nee yen use illa ninna jothe dude. #8f16",insult,Individual,High,0.38,kannada
Nice explanation today 🙌,neutral,academic,low,0.0,emoji
"People are tired of your bastard attitude, Onnssadb. #8939",insult,Individual,medium,0.56,bad_words
why do you always show up where i am,stalking,individual,high,0.67,english
"Honestly, why are you always online when i come ninige gothagthide for sure.",stalking,individual,high,0.67,codemix
"Owxlgyup, elli hogidaroo ade tara madthiya, complete waste fellow anta feel agutte. #ba9b",harassment,Individual,Medium,0.62,kannada
I will report you to the admin 🦛,threat,unknown,high,0.95,emoji
"ninna presentation super aaytu, chennag ide. #225e",neutral,Group,Low,0.0,kannada
this is such a dumb question,insult,individual,medium,0.3,english
"Honestly, please remove yourself nin hogu",exclusion,individual,medium,0.42,codemix
Everyone knows this group is full of drama,toxicity,individual,medium,0.5,codemix
"Atqj, nee tumba shaata tara idiya maga. #ae43",insult,Individual,low,0.62,bad_words
"Ivattu kooda monkey thara tara act madtidya, Efb. #ae67",insult,Individual,medium,0.35,bad_words
"Basically, dont annoy me nin irritate madbeda without a doubt.",aggression,individual,medium,0.55,codemix
project help madidakke thanks maga. #78c9,neutral,Group,Low,0.0,kannada
"Hivwpjgt, a tara photos haakbeda please, group nalli idu sari alla. #86a1",sexual_harassment,Individual,High,0.72,kannada
"ninna presentation super aaytu, chennag ide. #818d",neutral,Individual,Low,0.03,kannada
"Rpouxl, nee useless tara behave madthiya re. #9dc3",insult,Individual,Medium,0.42,kannada
Everyone knows dont poke your nose nin business beda for real.,aggression,individual,medium,0.55,codemix
yaaru naalege PPT madthare helri. #5351,neutral,Unknown,Low,0.03,kannada
"Mwhjdlglso, nodu careful iru, illa problem agutte, swalpa limit nodu yaar. #5e46",threat,Individual,Medium,0.88,kannada
"Xeqqp, you are such a bozo in this group. #63f7",insult,Individual,high,0.47,bad_words
"Mkbwg, stop acting like a total shag every day. #ddd5",sexual_harassment,Individual,medium,0.61,bad_words
"Plvugxgv, you are such a crap in this group. #1e4a",harassment,Individual,medium,0.76,bad_words
"Aumbbxce, mundina sari nodu yen agutte anta, swalpa limit nodu yaar. #167c",threat,Individual,High,0.86,kannada
stop keeping tabs on me !!!,stalking,individual,medium,0.62,codemix
"Group nalli a tara saayi maga baribeda, Qpy. #8073",threat,Individual,high,0.67,bad_words
"Iqmyou, yaaru kuda ninna sucide nature ishta padalla. #7682",threat,Individual,medium,0.69,bad_words
"This dog behaviour is not okay, Fkrwzwuf. #5978",insult,Individual,low,0.69,bad_words
ivattu assignment submit maadbeku maga. #4439,neutral,Group,Low,0.0,kannada
"Just so you know, go away from here",aggression,individual,medium,0.55,english
"In my opinion, you are in serious trouble nodu",threat,individual,medium,0.82,codemix
Where can I find the syllabus??,neutral,academic,medium,0.02,english
"Xvvzedaira, you are such a fag in this group. #e414",insult,Individual,high,0.71,bad_words
This group is so toxic 🤚,toxicity,gender,low,0.35,emoji
stop irritating everyone,aggression,individual,high,0.6,english
"Dwpplld, stop acting like a total son of bitch every day. #6933",sexual_harassment,Individual,medium,0.54,bad_words
attendance link haakbidu illi. #d8d1,neutral,Group,Low,0.03,kannada
"Group nalli a tara sexy bro baribeda, Eivmljtf. #0cc2",sexual_harassment,Individual,medium,0.72,bad_words
yavdru ivattu notes idre send maadu pls. #213b,neutral,Group,Low,0.01,kannada
ivattu class full bore aaytu. #dd63,neutral,Unknown,Low,0.0,kannada
everyone laughs at you don't you think?,insult,individual,high,0.35,english
"Ezpna, nee tumba hucchadana tara idiya maga. #be79",insult,Individual,medium,0.39,bad_words
"Fcqk, elli hogidaroo ade tara madthiya, class nalli full time joker ne anta feel agutte. #5451",harassment,Individual,Medium,0.64,kannada
This group is so toxic 😑,toxicity,group,medium,0.4,emoji
"Zczdkdy, nin saayi mad nataka nodakke bore aaytu. #333f",threat,Individual,high,0.47,bad_words
"Qejf, elli hogidaroo ade tara madthiya, class nalli full time joker ne anta feel agutte. #9373",harassment,Individual,Low,0.52,kannada
"Basically, dont start with me and it's annoying.",aggression,individual,medium,0.55,english
exam tumba tough aaytu but somehow aaytu. #b0c4,neutral,Group,Low,0.03,kannada
Everyone knows you will face consequences for this right now.,threat,appearance,high,0.87,english
"Lofc, you are such a fair suck of the sav in this group. #7411",harassment,Individual,high,0.7,bad_words
"Faro, next time barbeku anta helthini, swalpa limit nodu yaar. #3b9b",threat,Individual,High,0.87,kannada
"Look, you are not invited nin beka illa for sure.",exclusion,individual,medium,0.42,codemix
"Ympovatvl, nee yavattu serious agalla re. #a3dd",insult,Individual,Low,0.3,kannada
People like you are disgusting 🦍,hate,group,high,0.85,emoji
"Only a bellend will spam the group like you, Eqvwdypqy. #e3d4",insult,Individual,medium,0.73,bad_words
I think dont keep pinging me for no reason !!!,harassment,individual,medium,0.45,english
Can someone share the notes please 🙂,neutral,teacher,low,0.0,emoji
"Stop it, why are you watching my profile daily immediately.",stalking,teacher,medium,0.62,english
You are really dumb 💀,insult,unknown,medium,0.35,emoji
ivattu class full bore aaytu. #9dcf,neutral,Individual,Low,0.0,kannada
It's obvious that nininda headache agthide stop it,harassment,individual,medium,0.45,codemix
you dont belong in this level - just my opinion.,insult,individual,medium,0.3,english
"Oamd, yake everywhere message madthiya, idu stalking tara kanstide. #85aa",cyberstalking,Individual,Low,0.62,kannada
"Urnufnpg, elli hogidaroo ade tara madthiya, complete waste fellow anta feel agutte. #2533",harassment,Individual,Medium,0.7,kannada
"To be honest, people here spread negativity",toxicity,group,medium,0.5,english
"Just so you know, keep quiet please nin matadbeda immediately.",aggression,individual,medium,0.55,codemix
stop spamming me so please stop.,harassment,individual,medium,0.45,english
Shut up already 🦠,aggression,gender,medium,0.6,emoji
"Look, why do you keep observing me",stalking,appearance,medium,0.62,english
why are you always online when i come and it's sad.,stalking,social,high,0.67,english
"Group nalli ee not a loyal attitude beda, Dhclbgpcko. #03b2",harassment,Individual,medium,0.44,bad_words
Everyone knows back off right now nin hinde hogu for real.,aggression,individual,medium,0.55,codemix
"network sakkath slow ide, once repeat maadu. #6da9",neutral,Individual,Low,0.0,kannada
"class grp, chat nalli ivnanna ide irboda anta ansta, ivan illaadre better ansta. #4e9f",exclusion,Group,Low,0.33,kannada
I think we dont want you nin beka illa,exclusion,individual,medium,0.42,codemix
"People are tired of your nigga attitude, Yrthy. #1515",harassment,Individual,medium,0.41,bad_words
"Otz, a tara photos haakbeda please, group nalli idu sari alla. #e7c4",sexual_harassment,Individual,Medium,0.91,kannada
you asked for it nin mistake without a doubt.,threat,individual,medium,0.82,codemix
"Hey, Is the class online or offline tomorrow?",neutral,social,medium,0.02,english
fest practice ge yar yar barthidira. #3e21,neutral,Individual,Low,0.0,kannada
weekend ge yava movie nodona. #3c80,neutral,Individual,Low,0.0,kannada
Why are you always watching me 🙄,stalking,academic,high,0.8,emoji
"Xvsygq, mundina sari nodu yen agutte anta, swalpa limit nodu yaar. #6d24",threat,Individual,Medium,0.85,kannada
"Ulhinbynb, nee complete waste fellow machaa. #6a3c",insult,Individual,High,0.37,kannada
It's obvious that we are doing this without you,exclusion,individual,medium,0.42,english
"Honestly, leave me alone nanige disturb beda - just my opinion.",harassment,individual,medium,0.45,codemix
"Sgqn, ava body bagge a tara mata beda, group nalli idu sari alla. #ca39",sexual_harassment,Individual,Medium,0.83,kannada
grow up seriously and everyone agrees.,insult,individual,high,0.35,english
"5 nimisha nalli join agthini, swalpa wait maadu. #b799",neutral,Individual,Low,0.02,kannada
"To be honest, this is your last warning",threat,individual,medium,0.82,english
"review okay aaytu, tension beda. #37ba",neutral,Group,Low,0.0,kannada
"people here, why are you always online when i come",stalking,group,high,0.67,english
"Group nalli a tara singri baribeda, Kxjdvnrozr. #63fc",insult,Individual,high,0.46,bad_words
"Ddgcdle, ivattu full bakra mode nalli idiya. #2f5d",insult,Individual,high,0.52,bad_words
"Group nalli a tara thimru baribeda, Gpagd. #b4bf",insult,Individual,low,0.57,bad_words
I think stop getting involved nin barbeda,aggression,individual,medium,0.55,codemix
It's obvious that you dont need to be here,exclusion,individual,medium,0.42,english
"Stop it, why are you always online when i come - just my opinion.",stalking,social,high,0.67,english
pizza bekka biryani bekka decide maadi. #e4f2,neutral,Unknown,Low,0.01,kannada
I think why do you remember my timings ninige ella gothu,stalking,individual,medium,0.62,codemix
"Ldth, nee tumba irritating agthiya re yaar. #66e1",insult,Individual,Medium,0.38,kannada
"Maxkzukavu, nee reply nodoke tumba time togondiya machaa. #2215",insult,Individual,Low,0.28,kannada
Why are you always watching me 🗡️,stalking,unknown,high,0.8,emoji
nin presence irthare problem only ... whatever.,insult,individual,medium,0.3,codemix
"network sakkath slow ide, once repeat maadu. #e2a8",neutral,Individual,Low,0.01,kannada
"Srqhe, elli hogidaroo ade tara madthiya, useless tara behave madthiya anta feel agutte. #9ee6",harassment,Individual,Medium,0.65,kannada
stay out ninige sambhandha illa without a doubt.,exclusion,individual,medium,0.42,codemix
"class grp, plan ge ivananna invite madbeda besseru, ivan illaadre better ansta. #daac",exclusion,Group,Low,0.19,kannada
Everyone here is awful 🤡,toxicity,appearance,low,0.35,emoji
It's obvious that your kind is unwanted here for real.,hate,individual,medium,0.75,english
ninige common sense illa,insult,individual,medium,0.3,codemix
"Honestly, your kind is not welcome here without a doubt.",hate,individual,medium,0.75,codemix
"Cfmhxrl, stop acting like a total rubbish every day. #a7fb",insult,Individual,medium,0.37,bad_words
That was a stupid answer 🕵️,insult,appearance,medium,0.3,emoji
project help madidakke thanks maga. #636b,neutral,Unknown,Low,0.0,kannada
yavdru ivattu notes idre send maadu pls. #e114,neutral,Individual,Low,0.0,kannada
"guys, chat nalli ivnanna ide irboda anta ansta, ivan illaadre better ansta. #e673",exclusion,Group,Low,0.4,kannada
I just wanted to say what are you even saying right now.,insult,individual,medium,0.3,english
"Basically, stop disturbing me nanige shanti beku and it's annoying.",harassment,individual,medium,0.45,codemix
you mess up everything and it's sad.,insult,individual,medium,0.3,english
"Ninna monkey thara behavior nodi everyone frustrate agta idare, Sopqolvkik. #aec0",insult,Individual,medium,0.5,bad_words
your type always ruins things nin tara jana beda,hate,individual,high,0.8,codemix
Everyone knows dont start with me nin beka illa,aggression,individual,medium,0.55,codemix
"Mbwrjqiai, nee full sexy bro tara behave madthiya. #5d23",sexual_harassment,Individual,high,0.59,bad_words
"block, this chat is very unhealthy",toxicity,group,medium,0.5,english
"internals, there is too much negativity here",toxicity,academic,medium,0.5,english
"Just so you know, dont keep pinging nanna irritate madthiya for sure.",harassment,individual,medium,0.45,codemix
Wait and see what happens to you 😠,threat,unknown,high,0.95,emoji
leave me alone seriously immediately.,harassment,individual,high,0.5,english
"Xnemu, sir ge complaint haakthini nodu, swalpa limit nodu yaar. #95e9",threat,Individual,Low,0.77,kannada
"happy birthday, tumba olle varsha agli. #25d7",neutral,Unknown,Low,0.01,kannada
"Jonc, nee reply nodoke tumba time togondiya dude. #7ad9",insult,Individual,Low,0.26,kannada
"Basically, stop calling me bar bar for sure.",harassment,individual,medium,0.45,codemix
"dp, dont message me late night",harassment,social,medium,0.45,english
"Mvlohfihgg, nin kalladantha nataka nodakke bore aaytu. #5bac",insult,Individual,medium,0.67,bad_words
this chat is exhausting full headache don't you think?,toxicity,individual,medium,0.5,codemix
"Group nalli ee monkey thara attitude beda, Mlnpzxlh. #9b43",insult,Individual,medium,0.37,bad_words
"Iqllhd, yaaru kuda ninna sakath body nature ishta padalla. #59cc",harassment,Individual,medium,0.62,bad_words
"Wqsedpw, ivattu full saayi maga mode nalli idiya. #068d",threat,Individual,medium,0.57,bad_words
naale extra pen togond baa pls. #1db1,neutral,Group,Low,0.0,kannada
yavdru ivattu notes idre send maadu pls. #0b99,neutral,Group,Low,0.0,kannada
"project, i told you already dont text me",harassment,academic,medium,0.45,english
"Only a nigger will spam the group like you, Kprdam. #67b2",harassment,Individual,low,0.41,bad_words
"Group nalli a tara tullna keya baribeda, Aknxy. #8241",sexual_harassment,Individual,medium,0.6,bad_words
why are you messaging me again immediately.,harassment,individual,medium,0.45,english
"everyone here, why do you follow everything i do",stalking,group,high,0.67,english
"Actually, your kind is not welcome here and it's annoying.",hate,individual,medium,0.75,codemix
"naale 9 gante lab ge bartira, late agbeda. #5dd3",neutral,Individual,Low,0.0,kannada
"Seriously, you will face consequences ninige problem agutte",threat,individual,medium,0.82,codemix
"Fqwkxtwt, mundina sari nodu yen agutte anta, swalpa limit nodu yaar. #a99e",threat,Individual,High,0.77,kannada
"network sakkath slow ide, once repeat maadu. #de35",neutral,Group,Low,0.04,kannada
"Actually, people like you should stay away without a doubt.",hate,individual,medium,0.75,english
you are not required and everyone agrees.,exclusion,individual,high,0.47,english
"Yella dina hendruna keya tara mathadbeda, Awmxu. #b375",sexual_harassment,Individual,high,0.69,bad_words
"Seriously, i will report this to sir",threat,teacher,high,0.87,english
"Basically, your kind is not welcome here",hate,individual,medium,0.75,codemix
Stop texting me again and again 🗡️,harassment,group,high,0.6,emoji
"Group nalli a tara sucide mad baribeda, Biri. #7d08",threat,Individual,medium,0.35,bad_words
yavdru ivattu notes idre send maadu pls. #91d5,neutral,Unknown,Low,0.0,kannada
"Ctdaat, nee yavattu serious agalla yaar. #fd4f",insult,Individual,Low,0.42,kannada
"Fekt, elli hogidaroo ade tara madthiya, total loser tara idiya anta feel agutte. #c65b",harassment,Individual,Medium,0.41,kannada
"Group nalli a tara sucide mad baribeda, Yvgpmtmkuc. #535e",threat,Individual,high,0.61,bad_words
exam tumba tough aaytu but somehow aaytu. #c92b,neutral,Unknown,Low,0.0,kannada
"Eqxsy, stop acting like a total pissflaps every day. #eed4",insult,Individual,medium,0.54,bad_words
"5 nimisha nalli join agthini, swalpa wait maadu. #6996",neutral,Group,Low,0.06,kannada
"Ntxanpjj, nee class nalli full time joker ne dude. #0f7c",insult,Individual,Medium,0.23,kannada
"Pwpztyluhg, sir ge complaint haakthini nodu, swalpa limit nodu yaar. #0cf7",threat,Individual,Medium,0.64,kannada
"Ukgni, nee tumba dagara tara idiya maga. #0646",insult,Individual,medium,0.47,bad_words
"Seriously, dont keep pinging nanna irritate madthiya",harassment,individual,medium,0.45,codemix
"Dosywkh, yaaru kuda ninna sucide nature ishta padalla. #2baf",threat,Individual,medium,0.57,bad_words
this is between us only nin barbeda,exclusion,individual,medium,0.42,codemix
Everyone knows this is not meant for you (no offense).,exclusion,individual,high,0.47,english
"This dick head behaviour is not okay, Ctishmh. #5117",sexual_harassment,Individual,medium,0.56,bad_words
I think dont message me late night nin beka illa,harassment,individual,medium,0.45,codemix
"Dehv, nee complete waste fellow machaa. #6155",insult,Individual,High,0.28,kannada
"Pjwjkebz, nee useless tara behave madthiya re. #7e8b",insult,Individual,Medium,0.19,kannada
You will regret this 🤨,threat,unknown,high,0.95,emoji
ivattu assignment submit maadbeku maga. #7816,neutral,Unknown,Low,0.02,kannada
"Yella dina thotti maga tara mathadbeda, Cawhrqt. #d487",insult,Individual,high,0.64,bad_words
project help madidakke thanks maga. #dabe,neutral,Group,Low,0.01,kannada
"Look, stop messaging me yavaglu disturb madthiya and it's sad.",harassment,individual,medium,0.45,codemix
"Hey, go mind your work ... whatever.",aggression,individual,medium,0.55,english
"People are tired of your bollocks attitude, Dskbc. #4a09",insult,Individual,medium,0.52,bad_words
pizza bekka biryani bekka decide maadi. #4275,neutral,Group,Low,0.04,kannada
"team, ivananna group inda remove maadona, ivan illaadre better ansta. #ca29",exclusion,Group,High,0.47,kannada
"class grp, chat nalli ivnanna ide irboda anta ansta, ivan illaadre better ansta. #8e90",exclusion,Group,Medium,0.31,kannada
ivattu class full bore aaytu. #9df1,neutral,Group,Low,0.03,kannada
Leave me alone already 🔴,harassment,individual,medium,0.5,emoji
pizza bekka biryani bekka decide maadi. #70bd,neutral,Individual,Low,0.0,kannada
"Seriously, you will regret this later ninige gothagutte",threat,individual,medium,0.82,codemix
"Ymxhffvm, a tara photos haakbeda please, group nalli idu sari alla. #dbdc",sexual_harassment,Individual,Low,0.76,kannada
"Ninna joker thara behavior nodi everyone frustrate agta idare, Pgywhnhdc. #3c80",insult,Individual,medium,0.52,bad_words
"hod, you are done now",threat,teacher,medium,0.82,english
It's obvious that dont think this will go unnoticed,threat,individual,medium,0.82,codemix
"Xboxzk, nin muda nataka nodakke bore aaytu. #190f",insult,Individual,medium,0.45,bad_words
Did anyone finish the assignment? 📚,neutral,gender,low,0.0,emoji
"Hruzhztnw, nee tumba saayi maga tara idiya maga. #ae7e",threat,Individual,medium,0.46,bad_words
I just wanted to say i will expose what you did ellargu helthini,threat,individual,medium,0.82,codemix
"This bugger behaviour is not okay, Foe. #1bb9",insult,Individual,medium,0.48,bad_words
dont keep asking the same thing so please stop.,harassment,appearance,medium,0.45,english
ninne function photos share maadu. #425e,neutral,Individual,Low,0.0,kannada
Everyone knows you sound really stupid nin mathu nodi period.,insult,individual,medium,0.3,codemix
"People are tired of your fair suck of the sav attitude, Ido. #4e8d",harassment,Individual,high,0.44,bad_words
ivattu assignment submit maadbeku maga. #04d1,neutral,Individual,Low,0.0,kannada
Why are you always watching me 🕸️,stalking,group,high,0.8,emoji
"Wjlprodw, nin dagar nataka nodakke bore aaytu. #4b68",insult,Individual,medium,0.53,bad_words
"naale 9 gante lab ge bartira, late agbeda. #5399",neutral,Individual,Low,0.02,kannada
stop calling me bar bar - just my opinion.,harassment,individual,medium,0.45,codemix
"Weqqpy, stop acting like a total shit every day. #7801",harassment,Individual,low,0.3,bad_words
Nobody wants you here ❄️,exclusion,group,high,0.55,emoji
"Unyy, elli hogidaroo ade tara madthiya, complete waste fellow anta feel agutte. #8ac6",harassment,Individual,High,0.57,kannada
"girls, we already decided without you",exclusion,gender,medium,0.42,english
Stop texting me again and again 🐋,harassment,academic,medium,0.5,emoji
"personality, stop spamming me",harassment,personal,medium,0.45,english
stay out ninige sambhandha illa and it's sad.,exclusion,individual,medium,0.42,codemix
naale 4gante canteen nalli meet aagona. #e09e,neutral,Individual,Low,0.07,kannada
"Qzjnvrk, next time barbeku anta helthini, swalpa limit nodu yaar. #245c",threat,Individual,High,0.81,kannada
attendance link haakbidu illi. #d0d8,neutral,Individual,Low,0.0,kannada
"Group nalli ee haavu bro neenu attitude beda, Ayeifho. #eb51",harassment,Individual,medium,0.37,bad_words
"Cowrpbhhj, nee tumba not a loyal maga tara idiya maga. #86af",harassment,Individual,medium,0.48,bad_words
"guys, chat nalli ivnanna ide irboda anta ansta, ivan illaadre better ansta. #3104",exclusion,Group,High,0.47,kannada
"Hnhh, elli hogidaroo ade tara madthiya, tumba irritating agthiya re anta feel agutte. #d113",harassment,Individual,High,0.52,kannada
"Honestly, this environment is stressful for sure.",toxicity,individual,medium,0.5,codemix
"Hcgpt, elli hogidaroo ade tara madthiya, useless tara behave madthiya anta feel agutte. #9c3a",harassment,Individual,Low,0.37,kannada
ivattu class full bore aaytu. #18ab,neutral,Group,Low,0.0,kannada
Back off now 👎,aggression,gender,medium,0.6,emoji
"Ninna sexy bro behavior nodi everyone frustrate agta idare, Almfdnanp. #db11",sexual_harassment,Individual,medium,0.45,bad_words
"Actually, people like you never change so please stop.",hate,individual,high,0.8,english
"5 nimisha nalli join agthini, swalpa wait maadu. #dca2",neutral,Individual,Low,0.05,kannada
"Basically, your kind is unwanted here",hate,individual,medium,0.75,codemix
Everyone knows people like you never change immediately.,hate,individual,high,0.8,english
"Just so you know, nin illade better agide ... whatever.",exclusion,individual,medium,0.42,codemix
"Look, this will not end well for you ninige sari illa agutte",threat,individual,medium,0.82,codemix
"Atr, you are such a ass in this group. #6c52",harassment,Individual,medium,0.57,bad_words
"happy birthday, tumba olle varsha agli. #ebb3",neutral,Unknown,Low,0.03,kannada
"Honestly, this group ninige alla",exclusion,individual,medium,0.42,codemix
dont keep pinging me for no reason for real.,harassment,individual,medium,0.45,english
weekend ge yava movie nodona. #8db7,neutral,Individual,Low,0.07,kannada
Shut up already 🌑,aggression,academic,medium,0.6,emoji
"Dzofnfg, you are such a choad in this group. #63c9",insult,Individual,low,0.47,bad_words
yaaru naalege PPT madthare helri. #2c1c,neutral,Unknown,Low,0.0,kannada
"Honestly, why are you noticing my movements",stalking,gender,medium,0.62,english
fest practice ge yar yar barthidira. #5439,neutral,Individual,Low,0.03,kannada
"To be honest, why are you always checking my status nin yaake nodthiya ... whatever.",stalking,individual,high,0.67,codemix
"Cidrd, prati dina reason illade ping madbedi, idu stalking tara kanstide. #1bf4",cyberstalking,Individual,Medium,0.81,kannada
It's obvious that better you leave this group,exclusion,group,medium,0.42,english
you always ruin everything nininda problem for real.,insult,individual,high,0.35,codemix
"team, chat nalli ivnanna ide irboda anta ansta, ivan illaadre better ansta. #ec2c",exclusion,Group,Low,0.42,kannada
"In my opinion, why cant you just stop kelthiya for real.",harassment,individual,medium,0.45,codemix
That was a stupid answer 😶,insult,group,medium,0.3,emoji
Your kind is not welcome here 🛑,hate,academic,high,0.85,emoji
"Group nalli ee idiot thara attitude beda, Gfdnyyl. #0e56",insult,Individual,low,0.61,bad_words
your kind spoils the environment immediately.,hate,individual,medium,0.75,codemix
"This wanker behaviour is not okay, Dhnvytdc. #9e44",sexual_harassment,Individual,medium,0.72,bad_words
ninne function photos share maadu. #6c0c,neutral,Individual,Low,0.01,kannada
"Txifcawj, elli hogidaroo ade tara madthiya, complete waste fellow anta feel agutte. #589a",harassment,Individual,Medium,0.73,kannada
Everyone knows please remove yourself immediately.,exclusion,individual,high,0.47,english
"Lmuon, nanna status na yavaglu check madthiya, idu stalking tara kanstide. #ce38",cyberstalking,Individual,Medium,0.54,kannada
Everyone knows dont follow up again please,harassment,individual,high,0.5,english
why are you always checking my status for sure.,stalking,social,high,0.67,english
pizza bekka biryani bekka decide maadi. #3113,neutral,Group,Low,0.0,kannada
"Zbygcoqa, sir ge complaint haakthini nodu, swalpa limit nodu yaar. #7086",threat,Individual,Medium,0.82,kannada
"Basically, this will not end well for you ninige sari illa agutte",threat,individual,medium,0.82,codemix
"Basically, stay out ninige sambhandha illa",exclusion,individual,medium,0.42,codemix
"Ymyghvjuuv, nee useless tara behave madthiya re. #67e1",insult,Individual,Medium,0.38,kannada
"Listen, why are you always wrong",insult,individual,high,0.35,english
Shut up already 🚫,aggression,appearance,medium,0.6,emoji
"Honestly, stay out ninige sambhandha illa",exclusion,individual,medium,0.42,codemix
"Look, dont poke your nose nin business beda",aggression,individual,medium,0.55,codemix
Nobody wants you here 👎,exclusion,gender,high,0.55,emoji
"Yyzijub, nee ivattu full lazy mode alli idiya dude. #3ea3",insult,Individual,Low,0.2,kannada
It's obvious that stop messaging me yavaglu disturb madthiya (no offense).,harassment,individual,low,0.4,codemix
stay out of my matters nin hogu ... whatever.,aggression,individual,medium,0.55,codemix
"Hjiz, nee reply nodoke tumba time togondiya re. #fd6e",insult,Individual,Low,0.19,kannada
I think we dont like people like you nin tara beda,hate,individual,medium,0.75,codemix
"Xzvczyjd, you are such a bitch in this group. #05fa",insult,Individual,low,0.57,bad_words
"Dyddkxnp, mundina sari nodu yen agutte anta, swalpa limit nodu yaar. #792b",threat,Individual,High,1.0,kannada
"In my opinion, dont start with me nin beka illa ... whatever.",aggression,individual,medium,0.55,codemix
"Piwk, nanna status na yavaglu check madthiya, idu stalking tara kanstide. #5be5",cyberstalking,Individual,Medium,0.46,kannada
I will report you to the admin 🔪,threat,appearance,high,1.0,emoji
"Njmfgoa, nee full die tara behave madthiya. #6dbd",threat,Individual,low,0.61,bad_words
"Aqny, nee useless tara behave madthiya yaar. #8d55",insult,Individual,Medium,0.24,kannada
"Xxplb, elli hogidaroo ade tara madthiya, class nalli full time joker ne anta feel agutte. #3a10",harassment,Individual,Low,0.37,kannada
That was a stupid answer 😹,insult,group,low,0.25,emoji
"Actually, we are tired of people like you and it's annoying.",hate,individual,medium,0.75,codemix
attendance link haakbidu illi. #4462,neutral,Group,Low,0.0,kannada
"This fag behaviour is not okay, Zkfwd. #a067",insult,Individual,high,0.44,bad_words
"guide, how many times should i say no",harassment,teacher,medium,0.45,english
we dont want you nin beka illa right now.,exclusion,individual,medium,0.42,codemix
"Hey, are you seriously this dumb",insult,individual,high,0.35,english
"women, stop texting me every day",harassment,gender,medium,0.45,english
Everyone knows how many times should i say no right now.,harassment,individual,high,0.5,english
leave me alone nanige disturb beda and it's sad.,harassment,individual,medium,0.45,codemix
"Axulxrmwt, nee ivattu full lazy mode alli idiya machaa. #41ef",insult,Individual,Low,0.28,kannada
yaaru naalege PPT madthare helri. #1a9a,neutral,Group,Low,0.02,kannada
"5 nimisha nalli join agthini, swalpa wait maadu. #a934",neutral,Unknown,Low,0.0,kannada
use your brain swalpa without a doubt.,insult,individual,medium,0.3,codemix
ivattu assignment submit maadbeku maga. #3acd,neutral,Individual,Low,0.0,kannada
Why are you always watching me 💣,stalking,individual,high,0.85,emoji
ivattu assignment submit maadbeku maga. #8c75,neutral,Individual,Low,0.03,kannada
project help madidakke thanks maga. #a5f3,neutral,Group,Low,0.0,kannada
"class grp, ivnanna group nalli add madbeda, ivan illaadre better ansta. #aa1f",exclusion,Group,Low,0.26,kannada
"Stop it, this environment is stressful and it's annoying.",toxicity,individual,medium,0.5,codemix
fest practice ge yar yar barthidira. #aa17,neutral,Individual,Low,0.03,kannada
"Hey, ninige common sense illa and everyone agrees.",insult,individual,high,0.35,codemix
"Actually, go away from here right now.",aggression,individual,medium,0.55,english
"Ftmu, you are such a fool in this group. #e879",insult,Individual,medium,0.61,bad_words
"Hey, you dont need to be here",exclusion,individual,medium,0.42,english
"Honestly, this place feels unhealthy manasige sari illa and it's sad.",toxicity,individual,medium,0.5,codemix
"team, ivananna group inda remove maadona, ivan illaadre better ansta. #47d5",exclusion,Group,Medium,0.23,kannada
"Hey, no need for you nin beka illa don't you think?",exclusion,individual,medium,0.42,codemix
"Group nalli a tara nimmavvana baribeda, Deu. #fe89",harassment,Individual,high,0.64,bad_words
"Ivattu kooda saayi tara act madtidya, Yiekjx. #e1ee",threat,Individual,low,0.65,bad_words
"Qlzhc, stop acting like a total taking the piss every day. #1a81",harassment,Individual,low,0.44,bad_words
"Zbztvatgp, nee tumba irritating agthiya re yaar. #4994",insult,Individual,Medium,0.23,kannada
"Remgtqxeci, elli hogidaroo ade tara madthiya, complete waste fellow anta feel agutte. #9aff",harassment,Individual,Medium,0.54,kannada
"Only a son of bitch will spam the group like you, Dvbrwpzxcu. #1645",insult,Individual,high,0.75,bad_words
"Seriously, stop talking nonsense",aggression,individual,high,0.6,english
yavdru ivattu notes idre send maadu pls. #760e,neutral,Group,Low,0.06,kannada
"Ronsxsy, next time barbeku anta helthini, swalpa limit nodu yaar. #0527",threat,Individual,High,1.0,kannada
"Group nalli a tara kembatti maga baribeda, Riuzuxiinn. #30fd",insult,Individual,high,0.64,bad_words
"Seriously, this group ninige alla and it's annoying.",exclusion,individual,medium,0.42,codemix
"prof, you asked for it",threat,teacher,medium,0.82,english
"Listen, stay in your limits please immediately.",aggression,individual,medium,0.55,codemix
"This queer behaviour is not okay, Gvxr. #2853",insult,Individual,medium,0.73,bad_words
"Ivattu kooda haavu bro neenu tara act madtidya, Hcxray. #3bdd",harassment,Individual,high,0.49,bad_words
ivattu assignment submit maadbeku maga. #6161,neutral,Unknown,Low,0.0,kannada
"Zkkc, ava body bagge a tara mata beda, group nalli idu sari alla. #7d80",sexual_harassment,Individual,Low,0.6,kannada
Does anyone understand this topic? Thanks.,neutral,unknown,medium,0.02,english
yavdru ivattu notes idre send maadu pls. #e1f8,neutral,Group,Low,0.06,kannada
"semester, how many times should i say no",harassment,academic,medium,0.45,english
"ninna presentation super aaytu, chennag ide. #8c10",neutral,Individual,Low,0.06,kannada
"Look, this chat is exhausting full headache",toxicity,individual,medium,0.5,codemix
"Listen, why do you keep observing me",stalking,individual,medium,0.62,english
Why do you keep messaging me 🤬,harassment,individual,medium,0.5,emoji
i cant stand people like you nin tara jana immediately.,hate,individual,medium,0.75,codemix
"Vzdqdf, you are such a nigger in this group. #96b6",harassment,Individual,medium,0.51,bad_words
"Opyiwiefed, nee total loser tara idiya re. #029c",insult,Individual,High,0.24,kannada
Your kind is not welcome here 💔,hate,gender,high,0.85,emoji
fest practice ge yar yar barthidira. #2be6,neutral,Unknown,Low,0.05,kannada
you are not invited nin beka illa (no offense).,exclusion,individual,low,0.37,codemix
"Ababjba, elli hogidaroo ade tara madthiya, complete waste fellow anta feel agutte. #531c",harassment,Individual,Medium,0.52,kannada
"Actually, i cant stand people like you nin tara jana",hate,individual,medium,0.75,codemix
"Stop it, dont start with me nin beka illa for sure.",aggression,individual,medium,0.55,codemix
"Utsbvpbpkl, nee ivattu full lazy mode alli idiya yaar. #61e3",insult,Individual,Low,0.2,kannada
"5 nimisha nalli join agthini, swalpa wait maadu. #0d9e",neutral,Unknown,Low,0.05,kannada
"Cvyzdfyzvo, nee full sucide tara behave madthiya. #c87b",threat,Individual,low,0.52,bad_words
"This twat behaviour is not okay, Ltjuyp. #9d8c",insult,Individual,high,0.76,bad_words
"batch, plan ge ivananna invite madbeda besseru, ivan illaadre better ansta. #c1ef",exclusion,Group,High,0.35,kannada
stop disturbing me nanige shanti beku for sure.,harassment,individual,medium,0.45,codemix
weekend ge yava movie nodona. #91c8,neutral,Individual,Low,0.0,kannada
"Pjcenpxhdt, nin ninna gandu maga nataka nodakke bore aaytu. #e6b6",insult,Individual,medium,0.47,bad_words
"To be honest, why are you always wrong ninige gothilla",insult,individual,high,0.35,codemix
"Cndsiy, nin hucchadanthe nataka nodakke bore aaytu. #d638",insult,Individual,medium,0.45,bad_words
"Group nalli a tara thimru baribeda, Huad. #317e",insult,Individual,low,0.57,bad_words
"Group nalli ee joker thara attitude beda, Kfdnnbyu. #9ddf",insult,Individual,low,0.33,bad_words
"Seriously, this doesnt concern you period.",exclusion,individual,high,0.47,english
"Rhom, nee yavattu serious agalla yaar. #d606",insult,Individual,Low,0.38,kannada
ninne function photos share maadu. #bfe2,neutral,Individual,Low,0.0,kannada
"Yxoamgnuh, elli hogidaroo ade tara madthiya, tumba disgusting behaviour anta feel agutte. #9e33",harassment,Individual,Medium,0.63,kannada
naale extra pen togond baa pls. #51ed,neutral,Individual,Low,0.0,kannada
You never understand anything 🐘,insult,teacher,low,0.25,emoji
"Ivattu kooda saayi tara act madtidya, Ytvtzni. #ab31",threat,Individual,medium,0.55,bad_words
"In my opinion, people like you should stay away so please stop.",hate,individual,medium,0.75,english
"Actually, stay in your limits for sure.",aggression,individual,medium,0.55,english
"Group nalli a tara ninna ammanakeya maga baribeda, Tqiuwpg. #286a",sexual_harassment,Individual,low,0.45,bad_words
"ninna presentation super aaytu, chennag ide. #27dc",neutral,Unknown,Low,0.06,kannada
"This duffer behaviour is not okay, Vffkhqkal. #0277",insult,Individual,medium,0.38,bad_words
"Look, dont interfere in this nin barbeda don't you think?",aggression,individual,medium,0.55,codemix
"This dog behaviour is not okay, Fpkzmhbkbu. #23ff",insult,Individual,medium,0.62,bad_words
exam tumba tough aaytu but somehow aaytu. #082f,neutral,Individual,Low,0.06,kannada
"Yella dina hendruna keya maga tara mathadbeda, Oxxfmyi. #856a",sexual_harassment,Individual,medium,0.51,bad_words
"Ivattu kooda fake character tara act madtidya, Zazwxfbuur. #7248",harassment,Individual,medium,0.63,bad_words
"Kemox, elli hogidaroo ade tara madthiya, useless tara behave madthiya anta feel agutte. #32e1",harassment,Individual,High,0.79,kannada
You will regret this 🧊,threat,unknown,high,0.95,emoji
"Jmddldrcag, you are such a hell in this group. #53a8",harassment,Individual,medium,0.46,bad_words
"Seriously, dont start with me without a doubt.",aggression,individual,high,0.6,english
"happy birthday, tumba olle varsha agli. #430e",neutral,Unknown,Low,0.02,kannada
"Apxuouqfnu, ivattu full joker thara maga mode nalli idiya. #0cc8",insult,Individual,high,0.74,bad_words
"Pmusgr, nee sakkat dumb idiya yaar re. #a480",insult,Individual,Medium,0.17,kannada
"Vpambpyc, a tara photos haakbeda please, group nalli idu sari alla. #6804",sexual_harassment,Individual,Medium,0.75,kannada
"Hsuqxhnmna, a type jokes swalpa stop maadu, group nalli idu sari alla. #6e9b",sexual_harassment,Individual,High,0.66,kannada
"Uqj, nee tumba irritating agthiya re yaar. #233a",insult,Individual,Medium,0.18,kannada
It's obvious that stop spamming me,harassment,individual,medium,0.45,english
"Bqtalyrygn, nee total loser tara idiya dude. #c0da",insult,Individual,High,0.41,kannada
"all of you, we already decided without you",exclusion,group,medium,0.42,english
you cant escape from this ninige illa immediately.,threat,individual,medium,0.82,codemix
Leave this group now 😐,exclusion,group,high,0.55,emoji
It's obvious that yaake nanna hinde bartiya elladalli period.,harassment,individual,medium,0.45,codemix
"Wrowpdlj, nee tumba ninna hendruna keya maga tara idiya maga. #d0db",sexual_harassment,Individual,medium,0.36,bad_words
Nobody wants you here 🪰,exclusion,individual,high,0.55,emoji
"Nzld, nee yavattu serious agalla machaa. #2873",insult,Individual,Low,0.15,kannada
"Uqjbnwovy, yaaru kuda ninna haavu bro neenu nature ishta padalla. #57fa",harassment,Individual,high,0.61,bad_words
"team, chat nalli ivnanna ide irboda anta ansta, ivan illaadre better ansta. #d3a3",exclusion,Group,Low,0.3,kannada
"Kxly, nee tumba muttala tara idiya maga. #80f6",insult,Individual,medium,0.53,bad_words
"Tvnrq, nee class nalli full time joker ne re. #909d",insult,Individual,Medium,0.39,kannada
this is between us only nin barbeda (no offense).,exclusion,individual,low,0.37,codemix
Leave me alone already 🤨,harassment,appearance,medium,0.5,emoji
"Iygol, elli hogidaroo ade tara madthiya, tumba disgusting behaviour anta feel agutte. #10ed",harassment,Individual,Medium,0.58,kannada
"Seriously, you are not required without a doubt.",exclusion,individual,high,0.47,english
we dont want you nin beka illa and everyone agrees.,exclusion,individual,high,0.47,codemix
You never understand anything 🥶,insult,individual,medium,0.3,emoji
"Seriously, your type always ruins things nin tara jana beda right now.",hate,individual,high,0.8,codemix
naale 4gante canteen nalli meet aagona. #743b,neutral,Individual,Low,0.0,kannada
"Group nalli a tara muka thika thara ide baribeda, Enjlmtksg. #3c18",harassment,Individual,high,0.56,bad_words
"men, you are so clueless",insult,gender,medium,0.3,english
"Djhjjmf, elli hogidaroo ade tara madthiya, sakkat dumb idiya yaar anta feel agutte. #e5e6",harassment,Individual,High,0.8,kannada
"Wdwycg, nanna status na yavaglu check madthiya, idu stalking tara kanstide. #bc87",cyberstalking,Individual,Medium,0.8,kannada
"happy birthday, tumba olle varsha agli. #fb8c",neutral,Individual,Low,0.01,kannada
"network sakkath slow ide, once repeat maadu. #4eb5",neutral,Individual,Low,0.05,kannada
ninige buddhi illa seriously,insult,individual,high,0.35,codemix
stop bothering me about this right now.,harassment,individual,medium,0.45,english
"Group nalli a tara ninna thullu keya baribeda, Tfsgseh. #e1fc",sexual_harassment,Individual,medium,0.43,bad_words
"Dtc, yake everywhere message madthiya, idu stalking tara kanstide. #6478",cyberstalking,Individual,High,0.66,kannada
"Wppismuzsu, nee reply nodoke tumba time togondiya yaar. #bf4a",insult,Individual,Low,0.32,kannada
"Group nalli a tara ninna thale kettide baribeda, Mrvg. #6b09",harassment,Individual,medium,0.39,bad_words
"Honestly, nin illade smooth agide - just my opinion.",exclusion,individual,medium,0.42,codemix
"This bitch behaviour is not okay, Vgvvulr. #3a38",insult,Individual,medium,0.74,bad_words
"Honestly, nin iddare problem agthide and it's sad.",exclusion,individual,medium,0.42,codemix
"Mxotykk, you are such a slut in this group. #d223",sexual_harassment,Individual,medium,0.47,bad_words
"Only a 69 will spam the group like you, Vuawhphvt. #5a6b",sexual_harassment,Individual,medium,0.63,bad_words
ivattu assignment submit maadbeku maga. #4c7b,neutral,Individual,Low,0.03,kannada
"Hey, stop keeping tabs on me",stalking,individual,medium,0.62,english
"assignment, you will suffer for this",threat,gender,medium,0.82,english
"Wjqrvms, nee full time late bartiya machaa. #e628",insult,Individual,Low,0.25,kannada
"Only a bozo will spam the group like you, Zgh. #37cd",insult,Individual,low,0.48,bad_words
"team, ivnanna group nalli add madbeda, ivan illaadre better ansta. #2d89",exclusion,Group,Medium,0.36,kannada
"grade, back off right now",aggression,academic,medium,0.55,english
"Aakxtvh, ivattu full tullna keya mode nalli idiya. #70c4",sexual_harassment,Individual,high,0.77,bad_words
attendance link haakbidu illi. #b253,neutral,Group,Low,0.0,kannada
"Group nalli ee cry baby attitude beda, Sotg. #5a6b",harassment,Individual,low,0.68,bad_words
we dont want you in this discussion (no offense).,exclusion,individual,low,0.37,english
"Pyhrkphn, nee complete waste fellow yaar. #f165",insult,Individual,High,0.34,kannada
"Bed, nee full sexy bro tara behave madthiya. #74fb",sexual_harassment,Individual,medium,0.51,bad_words
"Yella dina ninna amma maga tara mathadbeda, Sekyeyad. #dfec",harassment,Individual,high,0.6,bad_words
stay out ninige sambhandha illa,exclusion,individual,medium,0.42,codemix
Stop texting me again and again ❌,harassment,academic,high,0.6,emoji
"Ltxz, stop acting like a total sex every day. #917e",sexual_harassment,Individual,medium,0.62,bad_words
"review okay aaytu, tension beda. #4d82",neutral,Individual,Low,0.04,kannada
exam tumba tough aaytu but somehow aaytu. #b215,neutral,Group,Low,0.03,kannada
you cant escape from this ninige illa right now.,threat,individual,medium,0.82,codemix
project help madidakke thanks maga. #f363,neutral,Unknown,Low,0.0,kannada
"Fgbuhru, stop acting like a total 69 every day. #c8e3",sexual_harassment,Individual,low,0.45,bad_words
Shut up already 🤬,aggression,gender,low,0.55,emoji
ivattu assignment submit maadbeku maga. #fa87,neutral,Group,Low,0.01,kannada
"Equwwyepms, prati dina reason illade ping madbedi, idu stalking tara kanstide. #c179",cyberstalking,Individual,High,0.77,kannada
"Xkopznm, nee ivattu full lazy mode alli idiya yaar. #de28",insult,Individual,Low,0.32,kannada
this environment is stressful don't you think?,toxicity,gender,medium,0.5,english
"looks weird, this chat is mentally draining",toxicity,group,medium,0.5,english
"Honestly, why do you keep observing me immediately.",stalking,individual,medium,0.62,english
Nobody wants you here 🌈,exclusion,gender,high,0.55,emoji
"Xotaqsjeaw, nee tumba nimmavvana tara idiya maga. #8299",harassment,Individual,medium,0.51,bad_words
"Actually, this is such a dumb question and everyone agrees.",insult,individual,high,0.35,english
"Rckt, prati dina reason illade ping madbedi, idu stalking tara kanstide. #beba",cyberstalking,Individual,Low,0.46,kannada
"Only a dickhole will spam the group like you, Amwkznvn. #cdd4",sexual_harassment,Individual,medium,0.47,bad_words
Everyone knows dont keep pinging me for no reason right now.,harassment,individual,high,0.5,english
naale 4gante canteen nalli meet aagona. #7d3e,neutral,Individual,Low,0.04,kannada
ivattu class full bore aaytu. #3748,neutral,Group,Low,0.02,kannada
you just dont get it right now.,insult,individual,medium,0.3,english
"Kgccxlfviy, next time barbeku anta helthini, swalpa limit nodu yaar. #5f0b",threat,Individual,Medium,0.71,kannada
this chat is mentally draining thale noovu don't you think?,toxicity,individual,medium,0.5,codemix
"naale 9 gante lab ge bartira, late agbeda. #8215",neutral,Unknown,Low,0.01,kannada
Stop following me everywhere 💔,stalking,unknown,high,0.8,emoji
"review okay aaytu, tension beda. #e7fe",neutral,Individual,Low,0.0,kannada
I just wanted to say why do you follow everything i do !!!,stalking,individual,medium,0.62,codemix
"In my opinion, people like you yavaglu problem - just my opinion.",hate,individual,medium,0.75,codemix
ivattu class full bore aaytu. #623b,neutral,Unknown,Low,0.0,kannada
"Listen, why are you always checking my status nin yaake nodthiya",stalking,individual,high,0.67,codemix
fest practice ge yar yar barthidira. #3536,neutral,Individual,Low,0.0,kannada
"Xidnqpzeqf, nin hucchadanthe nataka nodakke bore aaytu. #d5b6",insult,Individual,medium,0.74,bad_words
"Hqpcqaoz, ivattu full singri maga mode nalli idiya. #eb18",insult,Individual,high,0.45,bad_words
dont keep reminding me again and again,harassment,individual,medium,0.45,english
Why do you keep messaging me 😂,harassment,unknown,high,0.6,emoji
"People are tired of your choad attitude, Oxvovgbalv. #8da9",insult,Individual,high,0.57,bad_words
"review okay aaytu, tension beda. #c151",neutral,Group,Low,0.01,kannada
"Ggplsqwxi, elli hogidaroo ade tara madthiya, yen use illa ninna jothe anta feel agutte. #9b88",harassment,Individual,High,0.77,kannada
"Basically, please remove yourself nin hogu",exclusion,individual,medium,0.42,codemix
"batch, ivnanna group nalli add madbeda, ivan illaadre better ansta. #d644",exclusion,Group,Low,0.22,kannada
Why are you always watching me 🐋,stalking,appearance,high,0.8,emoji
"Yusqljxs, stop acting like a total ohh,piss off every day. #4def",harassment,Individual,low,0.38,bad_words
"Look, why are you noticing my movements",stalking,gender,medium,0.62,english
"Zysadmyw, nee yavattu serious agalla re. #1126",insult,Individual,Low,0.36,kannada
"Jiriuj, yaaru kuda ninna idiot thara nature ishta padalla. #4663",insult,Individual,medium,0.37,bad_words
You are really dumb 😒,insult,group,low,0.25,emoji
"Mpufqpfp, yake everywhere message madthiya, idu stalking tara kanstide. #5bc9",cyberstalking,Individual,High,0.75,kannada
"Yiowtajuz, a type jokes swalpa stop maadu, group nalli idu sari alla. #7344",sexual_harassment,Individual,High,0.79,kannada
ninige nanna online time gothu how for real.,stalking,individual,medium,0.62,codemix
You will regret this 👀,threat,group,high,0.95,emoji
naale 4gante canteen nalli meet aagona. #e579,neutral,Group,Low,0.0,kannada
"Honestly, you are useless nin work sari illa",insult,individual,medium,0.3,codemix
project help madidakke thanks maga. #15e9,neutral,Group,Low,0.0,kannada
"Ivattu kooda die tara act madtidya, Nqtvsbko. #3028",threat,Individual,medium,0.64,bad_words
"Just so you know, are you mad or what ninige artha illa",insult,individual,medium,0.3,codemix
"Hfxdyepf, ivattu full sakath body maga mode nalli idiya. #4980",harassment,Individual,high,0.8,bad_words
we dont need people like you (no offense).,hate,individual,low,0.7,english
yaaru naalege PPT madthare helri. #bedc,neutral,Individual,Low,0.04,kannada
"Only a crap will spam the group like you, Auvszzj. #98eb",harassment,Individual,medium,0.47,bad_words
yavdru ivattu notes idre send maadu pls. #d642,neutral,Group,Low,0.03,kannada
"Pyzafjub, yaaru kuda ninna not a loyal nature ishta padalla. #d6a4",harassment,Individual,high,0.75,bad_words
"Group nalli ee sexy bro attitude beda, Jwrg. #33f3",sexual_harassment,Individual,low,0.65,bad_words
"People are tired of your bitch attitude, Iquqcbulw. #b6a4",insult,Individual,medium,0.49,bad_words
attendance link haakbidu illi. #3b59,neutral,Individual,Low,0.0,kannada
"class grp, plan ge ivananna invite madbeda besseru, ivan illaadre better ansta. #3e40",exclusion,Group,Low,0.4,kannada
"naale 9 gante lab ge bartira, late agbeda. #b6cf",neutral,Individual,Low,0.02,kannada
"Just so you know, do you even understand anything",insult,individual,medium,0.3,english
Back off now 🫥,aggression,group,medium,0.6,emoji
Stop texting me again and again 😂,harassment,unknown,high,0.6,emoji
"happy birthday, tumba olle varsha agli. #6482",neutral,Individual,Low,0.04,kannada
"network sakkath slow ide, once repeat maadu. #bcc4",neutral,Unknown,Low,0.0,kannada
"Leyhxlua, you are such a bellend in this group. #b873",insult,Individual,high,0.69,bad_words
Leave me alone already 🤢,harassment,teacher,medium,0.5,emoji
Leave this group now 🪳,exclusion,academic,medium,0.45,emoji
It's obvious that ninige maturity illa grow up and it's annoying.,insult,individual,medium,0.3,codemix
"Flhvsixdq, nee tumba irritating agthiya re machaa. #6edf",insult,Individual,Medium,0.42,kannada
"Hhgqfomkgy, elli hogidaroo ade tara madthiya, sakkat dumb idiya yaar anta feel agutte. #4605",harassment,Individual,High,0.44,kannada
"Hhkr, nee sakkat dumb idiya yaar machaa. #838b",insult,Individual,Medium,0.39,kannada
you will face consequences ninige problem agutte and everyone agrees.,threat,individual,high,0.87,codemix
"Yujffr, stop acting like a total bugger every day. #341b",insult,Individual,high,0.46,bad_words
"Kilfate, nee full haavu bro neenu tara behave madthiya. #e7e1",harassment,Individual,medium,0.55,bad_words
naale 4gante canteen nalli meet aagona. #bf89,neutral,Group,Low,0.02,kannada
"Hey, why are you always wrong ninige gothilla ... whatever.",insult,individual,high,0.35,codemix
pizza bekka biryani bekka decide maadi. #cba7,neutral,Group,Low,0.0,kannada
"Stop it, yaake nanna hinde bartiya elladalli",harassment,individual,medium,0.45,codemix
"Group nalli a tara le niga baribeda, Sckvoibyc. #5ece",harassment,Individual,medium,0.58,bad_words
naale extra pen togond baa pls. #6270,neutral,Group,Low,0.0,kannada
"People are tired of your bugger attitude, Ghhsafzaz. #ec52",insult,Individual,low,0.43,bad_words
"body, keep quiet please",aggression,appearance,medium,0.55,english
"Scjhbplhz, prati dina reason illade ping madbedi, idu stalking tara kanstide. #c45a",cyberstalking,Individual,High,0.59,kannada
"Qdiydwfwhm, stop acting like a total naked every day. #0698",sexual_harassment,Individual,high,0.59,bad_words
dont interfere in this nin barbeda don't you think?,aggression,individual,medium,0.55,codemix
nee send madida reel super comedy aaytu. #bd66,neutral,Unknown,Low,0.0,kannada
"5 nimisha nalli join agthini, swalpa wait maadu. #4d61",neutral,Unknown,Low,0.0,kannada
"Yella dina saayi madtha tara mathadbeda, Vsxtdljja. #5381",threat,Individual,medium,0.67,bad_words
"Idrd, ella platform nalli follow madbeda please, idu stalking tara kanstide. #0159",cyberstalking,Individual,Medium,0.46,kannada
"Hpbluw, nee tumba irritating agthiya re yaar. #2f31",insult,Individual,Medium,0.36,kannada
"Nykzgqms, elli hogidaroo ade tara madthiya, sakkat dumb idiya yaar anta feel agutte. #5e78",harassment,Individual,Low,0.48,kannada
You are really dumb 🤚,insult,individual,medium,0.3,emoji
"Basically, you will face consequences for this",threat,appearance,medium,0.82,english
You will regret this 🌑,threat,group,high,0.95,emoji
I just wanted to say this place is full of nonsense for real.,toxicity,individual,medium,0.5,codemix
"Look, you are in serious trouble ... whatever.",threat,appearance,medium,0.82,english
"Klyn, nee tumba keiya tara idiya maga. #6b15",harassment,Individual,medium,0.41,bad_words
"Only a fuck you will spam the group like you, Rbehwpiivg. #9669",sexual_harassment,Individual,medium,0.41,bad_words
"Kkqdaqy, nin shaata nataka nodakke bore aaytu. #9c7a",insult,Individual,high,0.78,bad_words
"happy birthday, tumba olle varsha agli. #8b5f",neutral,Group,Low,0.0,kannada
"this section, you are in serious trouble",threat,group,medium,0.82,english
"Only a arse will spam the group like you, Gowqejahe. #154a",harassment,Individual,high,0.45,bad_words
yaaru naalege PPT madthare helri. #b1d8,neutral,Group,Low,0.0,kannada
"Jfnlo, nee tumba disgusting behaviour dude. #ab5d",insult,Individual,High,0.46,kannada
"Seriously, dont message me late night nin beka illa period.",harassment,individual,medium,0.45,codemix
this group is too negative,toxicity,group,medium,0.5,english
"Seriously, bar bar kelbeda please - just my opinion.",harassment,individual,medium,0.45,codemix
naale 4gante canteen nalli meet aagona. #c9aa,neutral,Unknown,Low,0.0,kannada
project help madidakke thanks maga. #ff9b,neutral,Group,Low,0.03,kannada
"Actually, why are you always online when i come ninige gothagthide",stalking,individual,high,0.67,codemix
"Gys, elli hogidaroo ade tara madthiya, sakkat dumb idiya yaar anta feel agutte. #16b0",harassment,Individual,High,0.62,kannada
weekend ge yava movie nodona. #9f13,neutral,Unknown,Low,0.0,kannada
"Kjflkina, you are such a lick in this group. #8a6b",sexual_harassment,Individual,high,0.72,bad_words
"class grp, plan ge ivananna invite madbeda besseru, ivan illaadre better ansta. #508b",exclusion,Group,Low,0.21,kannada
fest practice ge yar yar barthidira. #3a08,neutral,Group,Low,0.05,kannada
It's obvious that you will pay for what you did,threat,individual,medium,0.82,codemix
"Seriously, why do you keep noticing when i am active immediately.",stalking,individual,high,0.67,english
attendance link haakbidu illi. #e7cf,neutral,Unknown,Low,0.04,kannada
"Only a shit will spam the group like you, Bnh. #3df3",harassment,Individual,medium,0.34,bad_words
"Seriously, this group has become so toxic ella negative agide for real.",toxicity,individual,medium,0.5,codemix
ninne function photos share maadu. #ebc1,neutral,Group,Low,0.02,kannada
"This bisexual behaviour is not okay, Exk. #21c1",sexual_harassment,Individual,high,0.82,bad_words
attendance link haakbidu illi. #206a,neutral,Unknown,Low,0.0,kannada
People like you are disgusting 🤚,hate,appearance,high,0.85,emoji
stop talking nonsense and everyone agrees.,aggression,individual,high,0.6,english
"Himubz, ivattu full nimavvan mode nalli idiya. #bf4a",harassment,Individual,medium,0.43,bad_words
"Ywuk, elli hogidaroo ade tara madthiya, yen use illa ninna jothe anta feel agutte. #b4d9",harassment,Individual,Medium,0.56,kannada
That was a stupid answer 🛑,insult,unknown,medium,0.3,emoji
yavdru ivattu notes idre send maadu pls. #a511,neutral,Group,Low,0.0,kannada
"Icrylenxbb, ivattu full ninna thullu keya mode nalli idiya. #2e10",sexual_harassment,Individual,medium,0.58,bad_words
stay in your limits period.,aggression,individual,medium,0.55,english
"Nkewrwbbu, nin keiyanna nataka nodakke bore aaytu. #9d88",harassment,Individual,high,0.57,bad_words
"review okay aaytu, tension beda. #84cd",neutral,Individual,Low,0.0,kannada
"Seriously, mind your own business nin work nodko",aggression,individual,medium,0.55,codemix
"This wtf behaviour is not okay, Unadkcc. #5d29",harassment,Individual,high,0.79,bad_words
Leave this group now 🗡️,exclusion,individual,high,0.55,emoji
That was a stupid answer 💩,insult,gender,low,0.25,emoji
"ninna presentation super aaytu, chennag ide. #33b0",neutral,Unknown,Low,0.01,kannada
"In my opinion, you keep irritating me daily",harassment,individual,medium,0.45,english
"guys, ivananna group inda remove maadona, ivan illaadre better ansta. #2a74",exclusion,Group,Low,0.17,kannada
Back off now ⚡,aggression,group,low,0.55,emoji
ivattu class full bore aaytu. #4aea,neutral,Individual,Low,0.01,kannada
It's obvious that yaake nanna hinde bartiya elladalli,harassment,individual,medium,0.45,codemix
"Uulkgaa, elli hogidaroo ade tara madthiya, class nalli full time joker ne anta feel agutte. #f080",harassment,Individual,Low,0.67,kannada
"Wksugc, nee tumba hucchadana tara idiya maga. #1790",insult,Individual,high,0.45,bad_words
"Gczzdeucg, nee reply nodoke tumba time togondiya yaar. #eed8",insult,Individual,Low,0.26,kannada
pizza bekka biryani bekka decide maadi. #7074,neutral,Group,Low,0.0,kannada
I just wanted to say stop getting involved,aggression,individual,medium,0.55,english
"Fseee, nee full not a loyal tara behave madthiya. #79d1",harassment,Individual,medium,0.55,bad_words
"Actually, yaake nanna hinde bartiya elladalli",harassment,individual,medium,0.45,codemix
You will regret this 😬,threat,academic,high,0.95,emoji
just wait and watch ninige lesson sigutte,threat,individual,medium,0.82,codemix
"batch, ivananna group inda remove maadona, ivan illaadre better ansta. #ca03",exclusion,Group,Medium,0.24,kannada
pizza bekka biryani bekka decide maadi. #8178,neutral,Individual,Low,0.0,kannada
I just wanted to say your type should not be here (no offense).,hate,individual,low,0.7,codemix
"Listen, people here spread negativity",toxicity,group,medium,0.5,english
"Mqgev, nee total loser tara idiya re. #7b3c",insult,Individual,High,0.54,kannada
Nobody wants you here 🔥,exclusion,individual,medium,0.45,emoji
"Ninna cry baby behavior nodi everyone frustrate agta idare, Pjcfog. #fa9f",harassment,Individual,low,0.67,bad_words
Leave this group now 🤬,exclusion,academic,medium,0.45,emoji
"Ivattu kooda haavu bro neenu tara act madtidya, Clkpa. #8e4d",harassment,Individual,medium,0.45,bad_words
ivattu assignment submit maadbeku maga. #d7a9,neutral,Individual,Low,0.0,kannada
"Zyuilnq, nee yen use illa ninna jothe machaa. #795f",insult,Individual,High,0.27,kannada
"Nikmsefs, stop acting like a total rubbish every day. #912e",insult,Individual,low,0.5,bad_words
pizza bekka biryani bekka decide maadi. #3cd8,neutral,Individual,Low,0.02,kannada
dont lecture me immediately.,aggression,individual,medium,0.55,english
It's obvious that better nin illade nadithivi and it's sad.,exclusion,individual,medium,0.42,codemix
"Bmlvsiim, ivattu full kalladantha maga mode nalli idiya. #d471",insult,Individual,medium,0.71,bad_words
I think yaake nanna hinde bartiya right now.,harassment,individual,medium,0.45,codemix
"5 nimisha nalli join agthini, swalpa wait maadu. #c58e",neutral,Unknown,Low,0.0,kannada
"Look, this group ninige alla !!!",exclusion,individual,medium,0.42,codemix
"Stop it, shut up now ... whatever.",aggression,individual,medium,0.55,english
Stop texting me again and again 🩸,harassment,teacher,high,0.6,emoji
project help madidakke thanks maga. #b740,neutral,Individual,Low,0.01,kannada
Nobody wants you here 🕸️,exclusion,individual,high,0.55,emoji
"Look, stop texting me every day",harassment,appearance,medium,0.45,english
Leave me alone already 👀,harassment,individual,high,0.6,emoji
"gang, plan ge ivananna invite madbeda besseru, ivan illaadre better ansta. #3cbf",exclusion,Group,Low,0.25,kannada
"Group nalli ee dove rani attitude beda, Pgzt. #ff0b",harassment,Individual,high,0.5,bad_words
"Stop it, leave me alone seriously and it's annoying.",harassment,individual,high,0.5,english
"naale 9 gante lab ge bartira, late agbeda. #81bb",neutral,Unknown,Low,0.01,kannada
"Oqmdryuh, ivattu full ninna amma mode nalli idiya. #a716",harassment,Individual,high,0.73,bad_words
Shut up already 🔍,aggression,individual,medium,0.6,emoji
Shut up already 🤮,aggression,academic,low,0.55,emoji
"In my opinion, remember this moment ninige gothagutte period.",threat,individual,medium,0.82,codemix
we dont want you in this discussion right now.,exclusion,individual,medium,0.42,english
"Cvffh, cheap comments madbeda ava bagge, group nalli idu sari alla. #18ea",sexual_harassment,Individual,Low,0.8,kannada
stop talking nonsense nin matu beda don't you think?,aggression,individual,medium,0.55,codemix
"mindset, you are not part of this",exclusion,personal,medium,0.42,english
"Qfcud, elli hogidaroo ade tara madthiya, tumba disgusting behaviour anta feel agutte. #2635",harassment,Individual,Medium,0.64,kannada
Is the class online or offline tomorrow??,neutral,social,medium,0.02,english
"Ninna cry baby behavior nodi everyone frustrate agta idare, Npksrcpgd. #cb89",harassment,Individual,medium,0.45,bad_words
"Actually, you make everything worse",insult,individual,medium,0.3,english
"Only a duffer will spam the group like you, Iino. #5bf7",insult,Individual,medium,0.4,bad_words
Stop texting me again and again 😑,harassment,unknown,high,0.6,emoji
"mentor, i cant stand people like you",hate,teacher,medium,0.75,english
nin message inda tension agthide period.,harassment,individual,medium,0.45,codemix
"Hey, dont keep pinging me for no reason",harassment,individual,medium,0.45,english
"Jiq, nee yen use illa ninna jothe machaa. #b03d",insult,Individual,High,0.5,kannada
"Yella dina joker thara maga tara mathadbeda, Ygzajknh. #37d3",insult,Individual,low,0.33,bad_words
"Zktxtvhbac, nee full time late bartiya re. #dd94",insult,Individual,Low,0.13,kannada
we are tired of people like you and it's annoying.,hate,individual,medium,0.75,english
"To be honest, are you mad or what ninige artha illa for real.",insult,individual,medium,0.3,codemix
stay out of this matter right now.,exclusion,individual,medium,0.42,english
"Ykopzr, you are such a cunt in this group. #caf1",sexual_harassment,Individual,low,0.66,bad_words
"people here, dont act smart here",aggression,group,medium,0.55,english
You keep tracking my activity 🪰,stalking,group,high,0.8,emoji
"team, ivnanna group nalli add madbeda, ivan illaadre better ansta. #0c19",exclusion,Group,Low,0.23,kannada
"Pjqkuot, elli hogidaroo ade tara madthiya, class nalli full time joker ne anta feel agutte. #267f",harassment,Individual,Medium,0.62,kannada
"Dgxyrik, nee yavattu serious agalla re. #1804",insult,Individual,Low,0.26,kannada
"Qyqfg, nee reply nodoke tumba time togondiya yaar. #fa1c",insult,Individual,Low,0.26,kannada
this is your last warning nodko so please stop.,threat,individual,medium,0.82,codemix
This group is so toxic 👿,toxicity,group,medium,0.4,emoji
project help madidakke thanks maga. #3544,neutral,Unknown,Low,0.0,kannada
You are not part of this team ❌,exclusion,gender,medium,0.45,emoji
"Honestly, you mess up everything and it's annoying.",insult,individual,medium,0.3,english
"Kokrnvdm, nee full idiot thara tara behave madthiya. #69a6",sexual_harassment,Individual,medium,0.54,bad_words
"In my opinion, you are not invited nin beka illa",exclusion,individual,medium,0.42,codemix
"Eherlllr, nee tumba disgusting behaviour yaar. #21f7",insult,Individual,High,0.31,kannada
Your kind is not welcome here 😈,hate,unknown,high,0.85,emoji
"Ninna sucide behavior nodi everyone frustrate agta idare, Klvslizk. #cd9b",threat,Individual,low,0.48,bad_words
"Only a fucking balls will spam the group like you, Sbjcrau. #827e",sexual_harassment,Individual,low,0.61,bad_words
"ladies, why are you so slow",insult,gender,medium,0.3,english
"Dre, nee tumba thotha maga tara idiya maga. #c239",insult,Individual,medium,0.51,bad_words
"mindset, this is between us only",exclusion,personal,medium,0.42,english
yavdru ivattu notes idre send maadu pls. #1893,neutral,Individual,Low,0.0,kannada
"Look, mind your own business and it's annoying.",aggression,appearance,medium,0.55,english
"Seriously, back off right now nin hinde hogu don't you think?",aggression,individual,medium,0.55,codemix
Stop following me everywhere 🐋,stalking,gender,high,0.8,emoji
we already decided without you,exclusion,individual,medium,0.42,english
I will report you to the admin ⚠️,threat,appearance,high,0.95,emoji
"everyone here, we didnt include you on purpose",exclusion,group,high,0.47,english
yavdru ivattu notes idre send maadu pls. #8d84,neutral,Unknown,Low,0.02,kannada
It's obvious that i will report this to sir and everyone agrees.,threat,teacher,high,0.87,english
people like you dont deserve respect without a doubt.,hate,individual,medium,0.75,english
"Nslh, nee tumba irritating agthiya re machaa. #9745",insult,Individual,Medium,0.34,kannada
ivattu class full bore aaytu. #5664,neutral,Individual,Low,0.01,kannada
"gang, ivananna group inda remove maadona, ivan illaadre better ansta. #67e5",exclusion,Group,Low,0.43,kannada
"Ubawhtc, nanna status na yavaglu check madthiya, idu stalking tara kanstide. #7096",cyberstalking,Individual,Medium,0.51,kannada
People like you are disgusting 💣,hate,academic,high,0.9,emoji
"Just so you know, stop calling me bar bar without a doubt.",harassment,individual,medium,0.45,codemix
Everyone knows people like you are a headache for real.,hate,individual,medium,0.75,codemix
I just wanted to say your kind spoils the environment and it's annoying.,hate,individual,medium,0.75,codemix
Stop following me everywhere 🦠,stalking,appearance,high,0.8,emoji
"Basically, dont involve yourself here",exclusion,individual,medium,0.42,english
"Ywgt, nee reply nodoke tumba time togondiya yaar. #4e98",insult,Individual,Low,0.3,kannada
dont poke your nose nin business beda,aggression,individual,medium,0.55,codemix
"naale 9 gante lab ge bartira, late agbeda. #4f69",neutral,Group,Low,0.03,kannada
"ladies, stop getting involved",aggression,gender,medium,0.55,english
"Just so you know, dont think this will go unnoticed and it's sad.",threat,individual,medium,0.82,english
"Ivattu kooda fake character tara act madtidya, Dobxoiyq. #c271",harassment,Individual,high,0.79,bad_words
"Jsnoc, nee tumba irritating agthiya re re. #d29c",insult,Individual,Medium,0.19,kannada
What time is the assignment due??,neutral,gender,medium,0.02,english
"Stop it, you look foolish right now and everyone agrees.",insult,appearance,high,0.35,english
You keep tracking my activity 😹,stalking,academic,high,0.8,emoji
"This fucking balls behaviour is not okay, Xct. #4937",sexual_harassment,Individual,high,0.74,bad_words
"Look, why do you remember my timings ninige ella gothu",stalking,individual,medium,0.62,codemix
"Cvh, nin kallu nataka nodakke bore aaytu. #920c",insult,Individual,high,0.76,bad_words
"Smud, nee ivattu full lazy mode alli idiya re. #5333",insult,Individual,Low,0.11,kannada
"blue tick, are you seriously this dumb",insult,social,high,0.35,english
"Qnxf, elli hogidaroo ade tara madthiya, tumba irritating agthiya re anta feel agutte. #4afa",harassment,Individual,Medium,0.42,kannada
"Gwspib, yake everywhere message madthiya, idu stalking tara kanstide. #29c4",cyberstalking,Individual,High,0.9,kannada
"network sakkath slow ide, once repeat maadu. #f0de",neutral,Individual,Low,0.04,kannada
"Xpyqlbqzf, elli hogidaroo ade tara madthiya, tumba disgusting behaviour anta feel agutte. #9195",harassment,Individual,High,0.45,kannada
"Ysdfp, mundina sari nodu yen agutte anta, swalpa limit nodu yaar. #b718",threat,Individual,High,0.88,kannada
"Actually, mind your own group without a doubt.",exclusion,individual,medium,0.42,english
Back off now 💔,aggression,appearance,medium,0.6,emoji
"Kfd, nee tumba irritating agthiya re machaa. #751f",insult,Individual,Medium,0.24,kannada
"Group nalli a tara dagar baribeda, Buqf. #1f67",insult,Individual,medium,0.47,bad_words
"Tqzkvk, mundina sari nodu yen agutte anta, swalpa limit nodu yaar. #79a3",threat,Individual,High,1.0,kannada
"Yjkcroa, ella platform nalli follow madbeda please, idu stalking tara kanstide. #77e3",cyberstalking,Individual,High,0.54,kannada
why do you remember my timings ninige ella gothu and it's sad.,stalking,individual,medium,0.62,codemix
ninige nanna online time gothu how without a doubt.,stalking,individual,medium,0.62,codemix
project help madidakke thanks maga. #f494,neutral,Unknown,Low,0.04,kannada
"Basically, this chat is exhausting full headache",toxicity,individual,medium,0.5,codemix
"To be honest, this is not meant for you and it's sad.",exclusion,individual,medium,0.42,english
"happy birthday, tumba olle varsha agli. #afb8",neutral,Individual,Low,0.0,kannada
why cant you just stop ... whatever.,harassment,individual,medium,0.45,english
"Yycmu, nodu careful iru, illa problem agutte, swalpa limit nodu yaar. #9e55",threat,Individual,Low,0.77,kannada
I think this chat is exhausting full headache for sure.,toxicity,individual,medium,0.5,codemix
Everyone knows this will not end well for you ninige sari illa agutte period.,threat,individual,medium,0.82,codemix
"Group nalli a tara soole maga baribeda, Gpiovxiafc. #4167",harassment,Individual,medium,0.54,bad_words
"Ltw, mundina sari nodu yen agutte anta, swalpa limit nodu yaar. #7f21",threat,Individual,Medium,0.79,kannada
Stop following me everywhere 😈,stalking,gender,high,0.8,emoji
"Hwwcg, elli hogidaroo ade tara madthiya, tumba disgusting behaviour anta feel agutte. #4e44",harassment,Individual,Medium,0.65,kannada
"Hczkkznm, sir ge complaint haakthini nodu, swalpa limit nodu yaar. #c8a5",threat,Individual,Medium,0.93,kannada
I just wanted to say neenu full dumb yaake heege and everyone agrees.,insult,individual,high,0.35,codemix
why do you remember my timings for sure.,stalking,individual,medium,0.62,english
Can someone share the notes please ☀️,neutral,academic,low,0.0,emoji
this will not end well for you and everyone agrees.,threat,individual,high,0.87,english
You are really dumb 🪳,insult,group,low,0.25,emoji
Shut up already 🦍,aggression,group,low,0.55,emoji
"Stop it, nininda headache agthide stop it",harassment,individual,medium,0.45,codemix
"In my opinion, dont test my patience !!!",threat,academic,medium,0.82,english
dont think this will go unnoticed for sure.,threat,individual,medium,0.82,english
you will face consequences ninige problem agutte don't you think?,threat,individual,medium,0.82,codemix
Wait and see what happens to you 🕵️,threat,gender,high,0.95,emoji
"Encuymn, nee yen use illa ninna jothe dude. #f76d",insult,Individual,High,0.23,kannada
yaake nanna hinde bartiya ... whatever.,harassment,individual,medium,0.45,codemix
Get lost 💩,aggression,academic,medium,0.6,emoji
pizza bekka biryani bekka decide maadi. #57f8,neutral,Individual,Low,0.0,kannada
yaaru naalege PPT madthare helri. #4b37,neutral,Group,Low,0.0,kannada
this environment is stressful so please stop.,toxicity,gender,medium,0.5,english
Wait and see what happens to you 🩸,threat,group,high,0.95,emoji
"Look, why are you always checking my status nin yaake nodthiya",stalking,individual,high,0.67,codemix
"Baxf, nee sakkat dumb idiya yaar re. #e141",insult,Individual,Medium,0.34,kannada
"Uml, yake everywhere message madthiya, idu stalking tara kanstide. #d4e0",cyberstalking,Individual,High,0.66,kannada
"Listen, stop tracking my activity nanige gothagthide",stalking,individual,medium,0.62,codemix
"guys, ivnanna group nalli add madbeda, ivan illaadre better ansta. #10d7",exclusion,Group,Low,0.39,kannada
"Cmhzhyrmg, nee full time late bartiya yaar. #b5ef",insult,Individual,Low,0.22,kannada
"Listen, i will complain about you sir ge helthini",threat,individual,medium,0.82,codemix
"network sakkath slow ide, once repeat maadu. #77b6",neutral,Group,Low,0.01,kannada
ivattu class full bore aaytu. #977c,neutral,Individual,Low,0.0,kannada
"class teacher, you are not smart enough for this",insult,teacher,medium,0.3,english
"Pesuiunmo, a type jokes swalpa stop maadu, group nalli idu sari alla. #ffe7",sexual_harassment,Individual,Medium,0.85,kannada
"profile, do you even understand anything",insult,teacher,medium,0.3,english
Get lost 🪰,aggression,unknown,medium,0.6,emoji
"Basically, your type always ruins things nin tara jana beda and it's annoying.",hate,individual,high,0.8,codemix
"Cucwhgzvue, nee tumba disgusting behaviour re. #f883",insult,Individual,High,0.28,kannada
"network sakkath slow ide, once repeat maadu. #3323",neutral,Group,Low,0.0,kannada
nin presence irthare problem only,insult,individual,medium,0.3,codemix
"Group nalli a tara keiya baribeda, Bmrtz. #c281",harassment,Individual,high,0.6,bad_words
"Actually, remember this moment",threat,gender,medium,0.82,english
"In my opinion, you are useless nin work sari illa without a doubt.",insult,individual,medium,0.3,codemix
why are you always in my dm without a doubt.,harassment,individual,high,0.5,english
Stop following me everywhere ⚠️,stalking,teacher,high,0.8,emoji
why do you see my story every time nin follow madthiya for sure.,stalking,individual,medium,0.62,codemix
"Atyk, stop acting like a total lick every day. #ed67",sexual_harassment,Individual,high,0.42,bad_words
ivattu class full bore aaytu. #4f29,neutral,Unknown,Low,0.01,kannada
"Honestly, dont involve yourself nin beka illa",exclusion,individual,medium,0.42,codemix
You are really dumb 👿,insult,unknown,medium,0.3,emoji
"Kbsvvzzrt, ivattu full dagar mode nalli idiya. #1c9d",insult,Individual,high,0.64,bad_words
"friends, your type always ruins things",hate,social,high,0.8,english
"review okay aaytu, tension beda. #59cc",neutral,Unknown,Low,0.03,kannada
"Only a arse will spam the group like you, Eicgxbinqw. #6bb5",harassment,Individual,high,0.45,bad_words
"happy birthday, tumba olle varsha agli. #10fb",neutral,Unknown,Low,0.0,kannada
stop messaging me yavaglu disturb madthiya period.,harassment,individual,medium,0.45,codemix
"Listen, mind your own business nin work nodko",aggression,individual,medium,0.55,codemix
Your kind is not welcome here ☠️,hate,unknown,high,0.9,emoji
stop tracking my activity,stalking,individual,medium,0.62,english
I think why do you keep observing me,stalking,individual,medium,0.62,codemix
this chat is exhausting for sure.,toxicity,group,medium,0.5,english
this group is very disturbing for real.,toxicity,group,medium,0.5,english
"People are tired of your fair suck of the sav attitude, Pzeoqcjfbx. #2850",harassment,Individual,high,0.54,bad_words
"5 nimisha nalli join agthini, swalpa wait maadu. #738c",neutral,Individual,Low,0.03,kannada
"Nckwjltqk, nee useless tara behave madthiya dude. #d984",insult,Individual,Medium,0.36,kannada
"Ivattu kooda not a loyal tara act madtidya, Cuatzdhbbu. #e27b",harassment,Individual,low,0.47,bad_words
"5 nimisha nalli join agthini, swalpa wait maadu. #8eca",neutral,Group,Low,0.0,kannada
why are you watching me silently immediately.,stalking,individual,medium,0.62,codemix
You are really dumb 💩,insult,individual,medium,0.3,emoji
fest practice ge yar yar barthidira. #fe5f,neutral,Unknown,Low,0.01,kannada
"Basically, use your brain swalpa for sure.",insult,individual,medium,0.3,codemix
You are really dumb 🚪,insult,gender,medium,0.3,emoji
"This dick head behaviour is not okay, Vceosrhr. #bc88",sexual_harassment,Individual,low,0.63,bad_words
"Huzaysll, nanna status na yavaglu check madthiya, idu stalking tara kanstide. #943f",cyberstalking,Individual,High,0.89,kannada
"Listen, why are you watching me silently so please stop.",stalking,individual,medium,0.62,codemix
I think people like you never change for sure.,hate,individual,high,0.8,english
"Hey, this place feels unhealthy manasige sari illa for real.",toxicity,individual,medium,0.5,codemix
"guys, this is such a dumb question",insult,gender,medium,0.3,english
"In my opinion, why are you watching my profile daily",stalking,teacher,medium,0.62,english
"Look, this chat is very unhealthy",toxicity,group,medium,0.5,english
"profile, stop irritating everyone",aggression,teacher,high,0.6,english
Your kind is not welcome here 🦛,hate,gender,high,0.85,emoji
"Tojiaq, elli hogidaroo ade tara madthiya, yen use illa ninna jothe anta feel agutte. #731d",harassment,Individual,Medium,0.51,kannada
"Cogpd, you are such a go to hell in this group. #084e",harassment,Individual,low,0.49,bad_words
"Aasvjmk, elli hogidaroo ade tara madthiya, class nalli full time joker ne anta feel agutte. #73f3",harassment,Individual,Medium,0.7,kannada
I think please remove yourself,exclusion,individual,medium,0.42,english
"Yella dina kallu tara mathadbeda, Vlnnabxy. #9ab5",insult,Individual,medium,0.68,bad_words
Get lost 😈,aggression,teacher,low,0.55,emoji
"team, ivnanna group nalli add madbeda, ivan illaadre better ansta. #7529",exclusion,Group,Low,0.29,kannada
attendance link haakbidu illi. #1e07,neutral,Individual,Low,0.0,kannada
project help madidakke thanks maga. #6383,neutral,Unknown,Low,0.0,kannada
Back off now 🐖,aggression,group,low,0.55,emoji
attendance link haakbidu illi. #81e2,neutral,Group,Low,0.06,kannada
project help madidakke thanks maga. #6254,neutral,Unknown,Low,0.0,kannada
"Uzsbht, nee ivattu full lazy mode alli idiya dude. #2479",insult,Individual,Low,0.39,kannada
Shut up already 🤡,aggression,teacher,low,0.55,emoji
I think stop forcing conversation so please stop.,harassment,individual,medium,0.45,english
exam tumba tough aaytu but somehow aaytu. #8558,neutral,Unknown,Low,0.04,kannada
"Pldxqm, nee tumba irritating agthiya re dude. #5be7",insult,Individual,Medium,0.21,kannada
dont message me late night nin beka illa ... whatever.,harassment,individual,medium,0.45,codemix
"In my opinion, this is your last warning nodko",threat,individual,medium,0.82,codemix
"Just so you know, this environment is stressful so please stop.",toxicity,individual,medium,0.5,codemix
ivattu class full bore aaytu. #96d0,neutral,Group,Low,0.0,kannada
"Seriously, this chat is exhausting full headache so please stop.",toxicity,individual,medium,0.5,codemix
"Opvbk, a type jokes swalpa stop maadu, group nalli idu sari alla. #1d69",sexual_harassment,Individual,High,0.75,kannada
Your kind is not welcome here 🕷️,hate,gender,high,0.85,emoji
"Fsnvkzs, ella platform nalli follow madbeda please, idu stalking tara kanstide. #3c07",cyberstalking,Individual,Low,0.49,kannada
People like you are disgusting 💥,hate,individual,high,0.85,emoji
Everyone here is awful 🪳,toxicity,individual,low,0.35,emoji
naale 4gante canteen nalli meet aagona. #5b05,neutral,Individual,Low,0.0,kannada
"Yella dina sucide madtha tara mathadbeda, Vzlptwjnbq. #b38e",threat,Individual,medium,0.49,bad_words
leave me alone nanige disturb beda !!!,harassment,individual,medium,0.45,codemix
yavdru ivattu notes idre send maadu pls. #1689,neutral,Group,Low,0.03,kannada
ninne function photos share maadu. #602f,neutral,Unknown,Low,0.0,kannada
"Fctc, nee sakkat dumb idiya yaar re. #22e6",insult,Individual,Medium,0.39,kannada
"Ivattu kooda not a loyal tara act madtidya, Cbja. #5ef0",harassment,Individual,low,0.55,bad_words
"Fvjiangaz, elli hogidaroo ade tara madthiya, complete waste fellow anta feel agutte. #6afe",harassment,Individual,High,0.54,kannada
"This bloddy hell behaviour is not okay, Ipjermk. #d9b3",harassment,Individual,high,0.7,bad_words
ivattu assignment submit maadbeku maga. #cacf,neutral,Individual,Low,0.0,kannada
"offline, control yourself",aggression,social,medium,0.55,english
"Only a stupid will spam the group like you, Pqodlxklba. #7072",insult,Individual,low,0.51,bad_words
"ninna presentation super aaytu, chennag ide. #5b49",neutral,Unknown,Low,0.0,kannada
"Xwbkhoubog, you are such a sexy in this group. #6c7d",sexual_harassment,Individual,medium,0.66,bad_words
"Honestly, mind your own group period.",exclusion,individual,medium,0.42,english
"review okay aaytu, tension beda. #0452",neutral,Group,Low,0.0,kannada
"Nadbdw, stop acting like a total cock-socker every day. #643e",sexual_harassment,Individual,medium,0.59,bad_words
"Basically, go away from here nin hogu (no offense).",aggression,individual,low,0.5,codemix
"Gzvwfdmh, nee full time late bartiya re. #e4bd",insult,Individual,Low,0.15,kannada
"Seriously, your type always ruins things nin tara jana beda and everyone agrees.",hate,individual,high,0.8,codemix
"People are tired of your duffer attitude, Sgm. #1125",insult,Individual,high,0.67,bad_words
This group is so toxic 🧨,toxicity,individual,low,0.4,emoji
"ladies, you are not required",exclusion,gender,medium,0.42,english
"This queer behaviour is not okay, Rjamtgz. #c036",insult,Individual,medium,0.54,bad_words
"Only a choad will spam the group like you, Dbmlg. #95a3",insult,Individual,medium,0.75,bad_words
you always ruin everything nininda problem !!!,insult,individual,high,0.35,codemix
i will report this to sir immediately.,threat,teacher,medium,0.82,english
"Just so you know, shut up now sumne iru period.",aggression,individual,medium,0.55,codemix
"view, people here are very problematic",toxicity,group,medium,0.5,english
"Xnatmj, mundina sari nodu yen agutte anta, swalpa limit nodu yaar. #cf70",threat,Individual,Low,0.86,kannada
"Sdbt, nee ivattu full lazy mode alli idiya yaar. #e76a",insult,Individual,Low,0.27,kannada
weekend ge yava movie nodona. #c538,neutral,Group,Low,0.0,kannada
Everyone knows dont message me late night nin beka illa ... whatever.,harassment,individual,medium,0.45,codemix
"Group nalli a tara hucchadana baribeda, Yydswgmzq. #5bcf",insult,Individual,medium,0.59,bad_words
"5 nimisha nalli join agthini, swalpa wait maadu. #5759",neutral,Individual,Low,0.01,kannada
"Gmr, nee sakkat dumb idiya yaar re. #272d",insult,Individual,Medium,0.34,kannada
yaaru naalege PPT madthare helri. #d898,neutral,Individual,Low,0.0,kannada
"Listen, you make everything worse don't you think?",insult,individual,medium,0.3,english
yaaru naalege PPT madthare helri. #3a3e,neutral,Unknown,Low,0.04,kannada
"Yella dina hucchadana tara mathadbeda, Qeasnd. #a3d7",insult,Individual,low,0.44,bad_words
"Wxcp, nanna status na yavaglu check madthiya, idu stalking tara kanstide. #b799",cyberstalking,Individual,Medium,0.58,kannada
"whole class, why are you always wrong",insult,group,high,0.35,english
"5 nimisha nalli join agthini, swalpa wait maadu. #b873",neutral,Unknown,Low,0.0,kannada
"gang, ivananna group inda remove maadona, ivan illaadre better ansta. #e9ea",exclusion,Group,Medium,0.4,kannada
"5 nimisha nalli join agthini, swalpa wait maadu. #cab2",neutral,Unknown,Low,0.0,kannada
"Ylf, elli hogidaroo ade tara madthiya, sakkat dumb idiya yaar anta feel agutte. #e3b1",harassment,Individual,Low,0.65,kannada
"style, this environment is stressful",toxicity,gender,medium,0.5,english
ivattu assignment submit maadbeku maga. #6bbd,neutral,Individual,Low,0.0,kannada
"5 nimisha nalli join agthini, swalpa wait maadu. #4d39",neutral,Unknown,Low,0.07,kannada
Wait and see what happens to you 👎,threat,unknown,high,0.95,emoji
"ninna presentation super aaytu, chennag ide. #993a",neutral,Unknown,Low,0.0,kannada
Leave this group now 🚫,exclusion,academic,high,0.55,emoji
nin illade better agide for sure.,exclusion,individual,medium,0.42,codemix
"naale 9 gante lab ge bartira, late agbeda. #6ddf",neutral,Individual,Low,0.0,kannada
"class grp, plan ge ivananna invite madbeda besseru, ivan illaadre better ansta. #320f",exclusion,Group,Low,0.28,kannada
I just wanted to say nin illade better agide and everyone agrees.,exclusion,individual,high,0.47,codemix
Nobody wants you here 🤮,exclusion,unknown,high,0.55,emoji
Why do you keep messaging me ⚡,harassment,group,high,0.6,emoji
"Rfvywxa, nee class nalli full time joker ne dude. #71ef",insult,Individual,Medium,0.36,kannada
"Injxkebkws, nee tumba disgusting behaviour dude. #0075",insult,Individual,High,0.41,kannada
why are you always online when i come,stalking,social,high,0.67,english
"To be honest, why do you keep observing me",stalking,individual,medium,0.62,codemix
"Styz, mundina sari nodu yen agutte anta, swalpa limit nodu yaar. #db42",threat,Individual,Medium,0.98,kannada
"Xwuqbvhz, nee reply nodoke tumba time togondiya dude. #38ba",insult,Individual,Low,0.17,kannada
"Ivattu kooda sexy baby tara act madtidya, Sptrpbzeqg. #d726",sexual_harassment,Individual,high,0.76,bad_words
"happy birthday, tumba olle varsha agli. #6368",neutral,Individual,Low,0.02,kannada
"Listen, nininda headache agthide stop it - just my opinion.",harassment,individual,medium,0.45,codemix
yaaru naalege PPT madthare helri. #f0d8,neutral,Group,Low,0.04,kannada
"Cuypyh, sir ge complaint haakthini nodu, swalpa limit nodu yaar. #ea47",threat,Individual,High,0.99,kannada
"5 nimisha nalli join agthini, swalpa wait maadu. #ebb3",neutral,Group,Low,0.02,kannada
"Alzzh, nee useless tara behave madthiya machaa. #4822",insult,Individual,Medium,0.2,kannada
"Look, stop calling me bar bar right now.",harassment,individual,medium,0.45,codemix
you wont get away with this,threat,individual,medium,0.82,english
Everyone knows why are you always online when i come and it's annoying.,stalking,social,high,0.67,english
stop talking nonsense for sure.,aggression,individual,medium,0.55,english
Stop texting me again and again 💢,harassment,group,high,0.6,emoji
That was a stupid answer 📸,insult,academic,medium,0.3,emoji
Nice explanation today 😄,neutral,group,low,0.0,emoji
why do you keep observing me for sure.,stalking,individual,medium,0.62,english
"gang, plan ge ivananna invite madbeda besseru, ivan illaadre better ansta. #049d",exclusion,Group,Medium,0.47,kannada
"Actually, use your brain swalpa",insult,individual,medium,0.3,codemix
"Acgzipors, nee ivattu full lazy mode alli idiya machaa. #d4ca",insult,Individual,Low,0.41,kannada
naale extra pen togond baa pls. #f9dc,neutral,Group,Low,0.0,kannada
"Yygxryzhea, nee reply nodoke tumba time togondiya dude. #660a",insult,Individual,Low,0.28,kannada
"Basically, your type should not be here ... whatever.",hate,individual,medium,0.75,english
"nature, we didnt include you on purpose",exclusion,personal,medium,0.42,english
"5 nimisha nalli join agthini, swalpa wait maadu. #77a1",neutral,Unknown,Low,0.0,kannada
Can someone share the notes please 👍,neutral,teacher,low,0.0,emoji
you cant escape from this ninige illa for sure.,threat,individual,medium,0.82,codemix
dont interfere in this nin barbeda,aggression,individual,medium,0.55,codemix
Why are you always watching me 💔,stalking,individual,high,0.8,emoji
"Iff, mundina sari nodu yen agutte anta, swalpa limit nodu yaar. #82bf",threat,Individual,Medium,0.7,kannada
"People are tired of your dickhole attitude, Zaeucdp. #e5ba",sexual_harassment,Individual,low,0.61,bad_words
"Seriously, you are not invited to this",exclusion,individual,high,0.47,english
"Nijufi, sir ge complaint haakthini nodu, swalpa limit nodu yaar. #8587",threat,Individual,High,1.0,kannada
"men, this place feels unhealthy",toxicity,gender,medium,0.5,english
I will report you to the admin 🫥,threat,unknown,high,0.95,emoji
"This fair suck of the sav behaviour is not okay, Xawo. #c36b",harassment,Individual,low,0.67,bad_words
"Look, you are not invited nin beka illa",exclusion,individual,medium,0.42,codemix
we dont want you in this discussion period.,exclusion,individual,medium,0.42,english
"Gnkhnwued, elli hogidaroo ade tara madthiya, total loser tara idiya anta feel agutte. #0bd7",harassment,Individual,Medium,0.6,kannada
"Yella dina sede tara mathadbeda, Ikwovylpaa. #75b3",insult,Individual,medium,0.74,bad_words
"Wlbzlzkvm, nee full cry baby tara behave madthiya. #ed6f",harassment,Individual,low,0.6,bad_words
"Goymgtphxf, stop acting like a total naked every day. #0f9f",sexual_harassment,Individual,high,0.6,bad_words
"batch, chat nalli ivnanna ide irboda anta ansta, ivan illaadre better ansta. #b86b",exclusion,Group,Medium,0.35,kannada
pizza bekka biryani bekka decide maadi. #70c1,neutral,Unknown,Low,0.07,kannada
ninne function photos share maadu. #9c67,neutral,Group,Low,0.0,kannada
"Ylzpueb, mundina sari nodu yen agutte anta, swalpa limit nodu yaar. #d634",threat,Individual,High,0.76,kannada
"Oai, nee full dove rani tara behave madthiya. #e7f6",harassment,Individual,low,0.48,bad_words
You are really dumb 🐖,insult,group,low,0.25,emoji
exam tumba tough aaytu but somehow aaytu. #c3b8,neutral,Unknown,Low,0.0,kannada
"This choad behaviour is not okay, Sjz. #4ae3",insult,Individual,medium,0.68,bad_words
"Wrz, you are such a son of bitch in this group. #70e6",insult,Individual,low,0.68,bad_words
"Lnjyq, elli hogidaroo ade tara madthiya, tumba disgusting behaviour anta feel agutte. #1f44",harassment,Individual,High,0.81,kannada
"Grppadbqpr, ivattu full hendruna keya maga mode nalli idiya. #170e",sexual_harassment,Individual,low,0.56,bad_words
"This choad behaviour is not okay, Eekn. #39ec",insult,Individual,medium,0.72,bad_words
"Listen, stay out ninige sambhandha illa",exclusion,individual,medium,0.42,codemix
"Nvpkjqydhr, a type jokes swalpa stop maadu, group nalli idu sari alla. #cca4",sexual_harassment,Individual,Medium,0.89,kannada
"People are tired of your fucking prick attitude, Bmflt. #ff9f",sexual_harassment,Individual,medium,0.46,bad_words
I just wanted to say dont think this will go unnoticed,threat,individual,medium,0.82,codemix
"Iksa, elli hogidaroo ade tara madthiya, tumba irritating agthiya re anta feel agutte. #390c",harassment,Individual,Medium,0.61,kannada
"To be honest, this chat is exhausting full headache",toxicity,individual,medium,0.5,codemix
"Ysxwcxhvyp, mundina sari nodu yen agutte anta, swalpa limit nodu yaar. #7000",threat,Individual,High,0.83,kannada
your kind spoils the environment,hate,gender,medium,0.75,english
exam tumba tough aaytu but somehow aaytu. #50da,neutral,Unknown,Low,0.0,kannada
It's obvious that stop disturbing me nanige shanti beku,harassment,individual,medium,0.45,codemix
It's obvious that dont annoy me nin irritate madbeda !!!,aggression,individual,medium,0.55,codemix
It's obvious that you dont belong in this level (no offense).,insult,individual,low,0.25,english
this chat is exhausting full headache period.,toxicity,individual,medium,0.5,codemix
"Seriously, just wait and watch",threat,individual,high,0.87,english
You will regret this 💔,threat,group,high,0.95,emoji
"Honestly, this group has become so toxic immediately.",toxicity,group,medium,0.5,english
Everyone knows your kind is unwanted here,hate,individual,high,0.8,english
"women, mind your own group",exclusion,gender,medium,0.42,english
"Listen, i will report this to sir",threat,teacher,medium,0.82,english
I will report you to the admin 🤚,threat,gender,high,0.95,emoji
exam tumba tough aaytu but somehow aaytu. #008c,neutral,Group,Low,0.0,kannada
attendance link haakbidu illi. #3e17,neutral,Unknown,Low,0.0,kannada
"Xentjkb, nee total loser tara idiya yaar. #869f",insult,Individual,High,0.34,kannada
"Just so you know, neenu full dumb yaake heege",insult,individual,medium,0.3,codemix
"Zmhvql, nee useless tara behave madthiya dude. #f3d7",insult,Individual,Medium,0.22,kannada
This group is so toxic 🔴,toxicity,teacher,low,0.35,emoji
"Snqrmguvcf, nee ivattu full lazy mode alli idiya machaa. #0664",insult,Individual,Low,0.22,kannada
"People are tired of your butt attitude, Msxpqkza. #42f3",harassment,Individual,high,0.45,bad_words
Assignment yavaglu submit madbeku,neutral,unknown,medium,0.02,codemix
"Bosclzd, nee tumba gaandu nan magane tara idiya maga. #3131",insult,Individual,high,0.6,bad_words
Everyone knows why do you see my story every time nin follow madthiya and it's annoying.,stalking,individual,medium,0.62,codemix
Does anyone understand this topic??,neutral,unknown,medium,0.02,english
yaaru naalege PPT madthare helri. #eed4,neutral,Individual,Low,0.0,kannada
"Akehcx, nee yavattu serious agalla re. #1ea8",insult,Individual,Low,0.34,kannada
Stop following me everywhere 🪰,stalking,academic,high,0.8,emoji
"Teclt, yaaru kuda ninna idiot thara nature ishta padalla. #de6a",insult,Individual,medium,0.55,bad_words
"5 nimisha nalli join agthini, swalpa wait maadu. #0503",neutral,Individual,Low,0.0,kannada
nee send madida reel super comedy aaytu. #c370,neutral,Group,Low,0.06,kannada
"Qazaspci, nee ivattu full lazy mode alli idiya yaar. #4d67",insult,Individual,Low,0.26,kannada
That was a stupid answer ☠️,insult,appearance,medium,0.35,emoji
project help madidakke thanks maga. #0b63,neutral,Unknown,Low,0.0,kannada
dont push me beyond my limit without a doubt.,threat,individual,medium,0.82,english
Leave this group now 🚪,exclusion,group,medium,0.45,emoji
"Listen, why are you so behind me (no offense).",harassment,individual,low,0.4,english
people like you are a headache (no offense).,hate,individual,low,0.7,english
pizza bekka biryani bekka decide maadi. #a381,neutral,Individual,Low,0.0,kannada
"Look, neenu full dumb yaake heege so please stop.",insult,individual,medium,0.3,codemix
"Honestly, i will complain about you sir ge helthini period.",threat,individual,medium,0.82,codemix
project help madidakke thanks maga. #5281,neutral,Group,Low,0.0,kannada
Why do you keep messaging me 🐋,harassment,teacher,high,0.6,emoji
"Actually, why are you watching me silently for real.",stalking,individual,medium,0.62,codemix
"Qhrt, stop acting like a total arse every day. #ccfe",harassment,Individual,medium,0.64,bad_words
"Ninna idiot thara behavior nodi everyone frustrate agta idare, Fun. #af5a",insult,Individual,high,0.66,bad_words
attendance link haakbidu illi. #8ab4,neutral,Group,Low,0.03,kannada
"Joern, nanna status na yavaglu check madthiya, idu stalking tara kanstide. #fead",cyberstalking,Individual,High,0.53,kannada
You never understand anything 🤮,insult,teacher,medium,0.3,emoji
pizza bekka biryani bekka decide maadi. #06c2,neutral,Individual,Low,0.01,kannada
project help madidakke thanks maga. #7521,neutral,Group,Low,0.0,kannada
Leave this group now ❌,exclusion,individual,high,0.55,emoji
I will report you to the admin 🤮,threat,gender,high,0.95,emoji
"Mrpefbh, nee useless tara behave madthiya dude. #7665",insult,Individual,Medium,0.45,kannada
It's obvious that stop messaging me yavaglu disturb madthiya,harassment,individual,medium,0.45,codemix
ninne function photos share maadu. #6d79,neutral,Group,Low,0.0,kannada
"Honestly, you are not invited to this",exclusion,individual,medium,0.42,english
"Zdxv, mundina sari nodu yen agutte anta, swalpa limit nodu yaar. #539f",threat,Individual,High,0.99,kannada
yavdru ivattu notes idre send maadu pls. #aca7,neutral,Individual,Low,0.0,kannada
"Tyvtxos, nee reply nodoke tumba time togondiya machaa. #27cd",insult,Individual,Low,0.32,kannada
Stop following me everywhere 🗡️,stalking,academic,high,0.8,emoji
Everyone knows we are tired of people like you,hate,individual,medium,0.75,codemix
"People are tired of your fuck attitude, Jxbukelzwb. #76c6",harassment,Individual,medium,0.73,bad_words
fest practice ge yar yar barthidira. #135f,neutral,Group,Low,0.0,kannada
"Oxfcxq, ivattu full dagara mode nalli idiya. #7b57",insult,Individual,high,0.78,bad_words
"Aashmvbkew, nee full saayi tara behave madthiya. #56d4",threat,Individual,low,0.55,bad_words
"Basically, this space is not safe mentally",toxicity,gender,medium,0.5,english
I will report you to the admin 😑,threat,academic,high,0.95,emoji
"Hey, stop talking rubbish",insult,individual,medium,0.3,english
"Rpzdibd, nin sexy bro nataka nodakke bore aaytu. #41eb",sexual_harassment,Individual,low,0.59,bad_words
"To be honest, dont start with me and it's sad.",aggression,individual,medium,0.55,english
"Uwxez, nee sakkat dumb idiya yaar yaar. #9310",insult,Individual,Medium,0.31,kannada
"gang, ivnanna group nalli add madbeda, ivan illaadre better ansta. #87a7",exclusion,Group,Medium,0.37,kannada
I think this is between us only,exclusion,individual,medium,0.42,english
"dp, this doesnt concern you",exclusion,social,medium,0.42,english
"Yella dina thotha tara mathadbeda, Muvcgg. #3dc3",insult,Individual,medium,0.73,bad_words
People like you are disgusting 🤡,hate,academic,high,0.85,emoji
"network sakkath slow ide, once repeat maadu. #1286",neutral,Unknown,Low,0.01,kannada
ivattu assignment submit maadbeku maga. #0021,neutral,Individual,Low,0.0,kannada
"Group nalli ee not a loyal attitude beda, Aelpsu. #0655",harassment,Individual,high,0.69,bad_words
ninne function photos share maadu. #03e9,neutral,Individual,Low,0.0,kannada
"Listen, this chat is exhausting full headache so please stop.",toxicity,individual,medium,0.5,codemix
Wait and see what happens to you 🫥,threat,teacher,high,0.95,emoji
exam tumba tough aaytu but somehow aaytu. #4b2b,neutral,Unknown,Low,0.04,kannada
Everyone knows we are tired of people like you (no offense).,hate,individual,high,0.8,english
That was a stupid answer 👿,insult,teacher,medium,0.3,emoji
"naale 9 gante lab ge bartira, late agbeda. #5d0c",neutral,Unknown,Low,0.03,kannada
we are tired of people like you !!!,hate,individual,medium,0.75,codemix
"To be honest, why do you remember my timings ninige ella gothu so please stop.",stalking,individual,medium,0.62,codemix
back off right now nin hinde hogu immediately.,aggression,individual,medium,0.55,codemix
"Stop it, why do you keep calling me and it's annoying.",harassment,individual,medium,0.45,english
"homework, go mind your work",aggression,academic,medium,0.55,english
exam tumba tough aaytu but somehow aaytu. #b6e0,neutral,Group,Low,0.0,kannada
"Jrpnf, nee useless tara behave madthiya re. #5f01",insult,Individual,Medium,0.4,kannada
Nobody wants you here 🤨,exclusion,individual,medium,0.45,emoji
you are not part of this (no offense).,exclusion,individual,low,0.37,english
Wait and see what happens to you ⚡,threat,appearance,high,0.95,emoji
"Actually, there is too much negativity here and it's sad.",toxicity,individual,medium,0.5,codemix
"Xno, nee useless tara behave madthiya re. #84cc",insult,Individual,Medium,0.23,kannada
exam tumba tough aaytu but somehow aaytu. #e542,neutral,Unknown,Low,0.02,kannada
People like you are disgusting 😒,hate,gender,high,0.85,emoji
"Stop it, we are tired of people like you don't you think?",hate,individual,medium,0.75,english
"Only a dick will spam the group like you, Hfqcp. #b3a4",sexual_harassment,Individual,medium,0.67,bad_words
ivattu assignment submit maadbeku maga. #bd1a,neutral,Unknown,Low,0.0,kannada
Why do you keep messaging me 😹,harassment,appearance,high,0.6,emoji
Leave this group now 🤨,exclusion,group,high,0.55,emoji
ninne function photos share maadu. #b39a,neutral,Group,Low,0.0,kannada
"Xdopspqp, nin nin hendruna keya nataka nodakke bore aaytu. #524e",sexual_harassment,Individual,low,0.54,bad_words
ivattu class full bore aaytu. #8423,neutral,Group,Low,0.0,kannada
"In my opinion, this group ninige alla",exclusion,individual,medium,0.42,codemix
"Uoekhz, nee sakkat dumb idiya yaar yaar. #1093",insult,Individual,Medium,0.26,kannada
This group is so toxic 🤡,toxicity,group,medium,0.4,emoji
I just wanted to say people like you should stay away,hate,individual,medium,0.75,codemix
"Abts, nee yavattu serious agalla dude. #6653",insult,Individual,Low,0.26,kannada
"Nnctnzmx, yake everywhere message madthiya, idu stalking tara kanstide. #f602",cyberstalking,Individual,Medium,0.67,kannada
Nice explanation today 😊,neutral,appearance,low,0.0,emoji
"batch, plan ge ivananna invite madbeda besseru, ivan illaadre better ansta. #73bd",exclusion,Group,Medium,0.39,kannada
naale extra pen togond baa pls. #ffd5,neutral,Group,Low,0.0,kannada
Everyone knows this is such a dumb question,insult,individual,high,0.35,english
I will report you to the admin 🌈,threat,individual,high,0.95,emoji
"Hey, better you leave this group",exclusion,group,medium,0.42,english
"In my opinion, you will pay for what you did",threat,individual,medium,0.82,english
"body, you look foolish right now",insult,appearance,medium,0.3,english
Nobody wants you here 🦠,exclusion,group,high,0.55,emoji
"Wdylrpss, ella platform nalli follow madbeda please, idu stalking tara kanstide. #11aa",cyberstalking,Individual,High,0.9,kannada
this group is full of drama and everyone agrees.,toxicity,group,high,0.55,english
weekend ge yava movie nodona. #881d,neutral,Unknown,Low,0.0,kannada
"Just so you know, this chat ruins my mood (no offense).",toxicity,individual,low,0.45,codemix
"Ivattu kooda fake character tara act madtidya, Zibfiozojd. #3782",harassment,Individual,high,0.48,bad_words
naale 4gante canteen nalli meet aagona. #c6df,neutral,Unknown,Low,0.03,kannada
go mind your work,aggression,individual,medium,0.55,english
"network sakkath slow ide, once repeat maadu. #cca4",neutral,Group,Low,0.0,kannada
Leave this group now 🦛,exclusion,unknown,high,0.55,emoji
"Ntznts, nee full sakath body tara behave madthiya. #d12b",harassment,Individual,medium,0.49,bad_words
dont keep asking the same thing - just my opinion.,harassment,appearance,medium,0.45,english
Stop following me everywhere 🪳,stalking,academic,high,0.8,emoji
"class grp, chat nalli ivnanna ide irboda anta ansta, ivan illaadre better ansta. #d485",exclusion,Group,Medium,0.26,kannada
"Mwhkftjncj, sir ge complaint haakthini nodu, swalpa limit nodu yaar. #b50c",threat,Individual,High,0.77,kannada
you dont need to be here for real.,exclusion,individual,medium,0.42,english
"Ninna cry baby behavior nodi everyone frustrate agta idare, Zzt. #3a0c",harassment,Individual,medium,0.38,bad_words
ivattu assignment submit maadbeku maga. #7937,neutral,Group,Low,0.0,kannada
"Yella dina soole maga tara mathadbeda, Rpqjga. #16f3",harassment,Individual,medium,0.56,bad_words
attendance link haakbidu illi. #fb83,neutral,Group,Low,0.0,kannada
"Pcsewzvrrt, nee reply nodoke tumba time togondiya re. #e413",insult,Individual,Low,0.23,kannada
"girls, this is between us only",exclusion,gender,medium,0.42,english
"Yvpt, nee class nalli full time joker ne yaar. #4dfb",insult,Individual,Medium,0.33,kannada
Leave this group now 🔍,exclusion,appearance,high,0.55,emoji
"guys, ivananna group inda remove maadona, ivan illaadre better ansta. #6d99",exclusion,Group,Medium,0.25,kannada
"happy birthday, tumba olle varsha agli. #796e",neutral,Group,Low,0.05,kannada
stop talking nonsense nin matu beda for sure.,aggression,individual,medium,0.55,codemix
i told you already dont text me,harassment,individual,medium,0.45,english
"Seriously, dont keep pinging me for no reason",harassment,individual,high,0.5,english
"Pru, cheap comments madbeda ava bagge, group nalli idu sari alla. #aeb1",sexual_harassment,Individual,Low,0.59,kannada
dont interfere in this nin barbeda and everyone agrees.,aggression,individual,high,0.6,codemix
"To be honest, this is between us only nin barbeda right now.",exclusion,individual,medium,0.42,codemix
Leave this group now 💔,exclusion,appearance,high,0.55,emoji
You keep tracking my activity 😞,stalking,appearance,high,0.8,emoji
project help madidakke thanks maga. #db01,neutral,Unknown,Low,0.06,kannada
"To be honest, i will complain about you period.",threat,individual,medium,0.82,english
dont involve yourself nin beka illa for real.,exclusion,individual,medium,0.42,codemix
You are really dumb 🕵️,insult,individual,medium,0.3,emoji
"In my opinion, stay out of my matters nin hogu !!!",aggression,individual,medium,0.55,codemix
"Dnxwtkbgxr, yaaru kuda ninna cry baby nature ishta padalla. #7d39",harassment,Individual,medium,0.45,bad_words
weekend ge yava movie nodona. #41dd,neutral,Individual,Low,0.0,kannada
yavdru ivattu notes idre send maadu pls. #af0e,neutral,Unknown,Low,0.03,kannada
you will pay for what you did,threat,individual,medium,0.82,english
why do you know when i go offline,stalking,social,medium,0.62,english
fest practice ge yar yar barthidira. #4abe,neutral,Individual,Low,0.03,kannada
"last seen, stop spamming me",harassment,social,medium,0.45,english
"Stzehajzyl, nee reply nodoke tumba time togondiya re. #e592",insult,Individual,Low,0.38,kannada
why are you checking my last seen don't you think?,stalking,social,medium,0.62,english
I just wanted to say you dont have common sense,insult,individual,medium,0.3,english
ninne function photos share maadu. #7326,neutral,Group,Low,0.05,kannada
"Hhrwhvnf, stop acting like a total nigger every day. #4a35",harassment,Individual,low,0.5,bad_words
It's obvious that you will face consequences ninige problem agutte without a doubt.,threat,individual,medium,0.82,codemix
"Actually, you just dont get it ninige artha illa",insult,individual,medium,0.3,codemix
"Liahaotus, ella platform nalli follow madbeda please, idu stalking tara kanstide. #15de",cyberstalking,Individual,High,0.56,kannada
this place is full of nonsense !!!,toxicity,individual,medium,0.5,english
"Sqkaikyau, nee yen use illa ninna jothe machaa. #8ef8",insult,Individual,High,0.35,kannada
yaaru naalege PPT madthare helri. #6f61,neutral,Individual,Low,0.0,kannada
"Ninna sakath body behavior nodi everyone frustrate agta idare, Pdauyj. #192d",harassment,Individual,low,0.3,bad_words
weekend ge yava movie nodona. #ea32,neutral,Unknown,Low,0.0,kannada
"Pwdncd, elli hogidaroo ade tara madthiya, tumba disgusting behaviour anta feel agutte. #4bd2",harassment,Individual,High,0.58,kannada
Leave me alone already 🙅,harassment,appearance,high,0.6,emoji
ivattu class full bore aaytu. #c441,neutral,Unknown,Low,0.03,kannada
You are not part of this team 🐘,exclusion,group,high,0.55,emoji
weekend ge yava movie nodona. #9f21,neutral,Individual,Low,0.01,kannada
You keep tracking my activity 🤬,stalking,individual,high,0.8,emoji
"Actually, why are you always online when i come ninige gothagthide - just my opinion.",stalking,individual,high,0.67,codemix
"Seriously, stop talking rubbish",insult,individual,high,0.35,english
"Group nalli ee fake character attitude beda, Elykmggo. #9291",harassment,Individual,medium,0.64,bad_words
you will regret this later (no offense).,threat,individual,low,0.77,english
nin illade smooth agide !!!,exclusion,individual,medium,0.42,codemix
project help madidakke thanks maga. #4cf9,neutral,Group,Low,0.01,kannada
"review okay aaytu, tension beda. #a9bd",neutral,Group,Low,0.01,kannada
"Ivattu kooda sucide tara act madtidya, Meiqd. #3d6c",threat,Individual,medium,0.51,bad_words
use your brain once and it's annoying.,insult,individual,medium,0.3,english
"Nrkqxnh, elli hogidaroo ade tara madthiya, useless tara behave madthiya anta feel agutte. #b3a8",harassment,Individual,Medium,0.43,kannada
"network sakkath slow ide, once repeat maadu. #7495",neutral,Unknown,Low,0.0,kannada
ninige common sense illa for sure.,insult,individual,medium,0.3,codemix
Everyone here is awful 🦍,toxicity,academic,medium,0.4,emoji
"Cocztaoa, a type jokes swalpa stop maadu, group nalli idu sari alla. #ced4",sexual_harassment,Individual,High,0.86,kannada
you will pay for what you did period.,threat,individual,medium,0.82,codemix
"Just so you know, ninige buddhi illa seriously",insult,individual,high,0.35,codemix
"People are tired of your twat face attitude, Rwd. #249e",insult,Individual,medium,0.5,bad_words
"Xhcals, nee full dove rani tara behave madthiya. #9179",harassment,Individual,low,0.67,bad_words
"Group nalli ee sexy bro attitude beda, Uqgooxla. #6ba2",sexual_harassment,Individual,low,0.63,bad_words
"Just so you know, dont poke your nose nin business beda",aggression,individual,medium,0.55,codemix
yavdru ivattu notes idre send maadu pls. #3dc6,neutral,Individual,Low,0.03,kannada
"Nhlpfpbrg, yaaru kuda ninna dove rani nature ishta padalla. #3db7",harassment,Individual,medium,0.57,bad_words
"happy birthday, tumba olle varsha agli. #b9b1",neutral,Group,Low,0.03,kannada
fest practice ge yar yar barthidira. #a324,neutral,Unknown,Low,0.01,kannada
"Ivattu kooda saayi tara act madtidya, Jpnnw. #4327",threat,Individual,high,0.53,bad_words
Leave this group now 🦍,exclusion,academic,medium,0.45,emoji
ivattu assignment submit maadbeku maga. #c867,neutral,Individual,Low,0.0,kannada
"review okay aaytu, tension beda. #2acd",neutral,Individual,Low,0.0,kannada
"Odenxq, nee tumba disgusting behaviour dude. #9ec1",insult,Individual,High,0.4,kannada
naale 4gante canteen nalli meet aagona. #9936,neutral,Individual,Low,0.06,kannada
stop monitoring what i do,stalking,individual,medium,0.62,english
"Zor, elli hogidaroo ade tara madthiya, tumba disgusting behaviour anta feel agutte. #7724",harassment,Individual,High,0.83,kannada
why do you always show up where i am period.,stalking,individual,high,0.67,english
"Subg, nee tumba irritating agthiya re machaa. #fbac",insult,Individual,Medium,0.24,kannada
"Iaacscvyu, nanna status na yavaglu check madthiya, idu stalking tara kanstide. #1233",cyberstalking,Individual,Medium,0.62,kannada
"Qgpbsvdq, stop acting like a total split tongue every day. #8b99",insult,Individual,medium,0.58,bad_words
you never get anything right so please stop.,insult,individual,high,0.35,english
What time is the assignment due? Thanks.,neutral,gender,medium,0.02,english
"Cjtolgjc, a type jokes swalpa stop maadu, group nalli idu sari alla. #3a75",sexual_harassment,Individual,Low,0.84,kannada
"Hloaa, elli hogidaroo ade tara madthiya, tumba irritating agthiya re anta feel agutte. #ade1",harassment,Individual,Medium,0.73,kannada
"Group nalli ee saayi attitude beda, Zkuivfz. #b24e",threat,Individual,low,0.57,bad_words
"Group nalli a tara keiya baribeda, Fmgw. #b830",harassment,Individual,medium,0.53,bad_words
"Basically, dont message me late night nin beka illa !!!",harassment,individual,medium,0.45,codemix
nee send madida reel super comedy aaytu. #2d5a,neutral,Individual,Low,0.0,kannada
"Honestly, better you leave this group so please stop.",exclusion,group,medium,0.42,english
You never understand anything 🙄,insult,unknown,low,0.25,emoji
"People are tired of your wanker attitude, Erbnp. #600f",sexual_harassment,Individual,low,0.39,bad_words
"habit, this is not meant for you",exclusion,personal,medium,0.42,english
"Rzzcpdo, ella platform nalli follow madbeda please, idu stalking tara kanstide. #98e7",cyberstalking,Individual,Low,0.42,kannada
Wait and see what happens to you 💣,threat,teacher,high,1.0,emoji
naale extra pen togond baa pls. #a25d,neutral,Unknown,Low,0.01,kannada
"Ugcoy, elli hogidaroo ade tara madthiya, tumba disgusting behaviour anta feel agutte. #0220",harassment,Individual,High,0.44,kannada
"Qpjaoqtqjp, ivattu full gaandu mode nalli idiya. #6832",insult,Individual,medium,0.38,bad_words
"Basically, dont keep pinging nanna irritate madthiya and everyone agrees.",harassment,individual,high,0.5,codemix
"In my opinion, this place feels suffocating right now.",toxicity,individual,medium,0.5,english
"Cmumbhxf, nee sakkat dumb idiya yaar re. #759e",insult,Individual,Medium,0.3,kannada
"Flctsb, nee useless tara behave madthiya yaar. #8b12",insult,Individual,Medium,0.42,kannada
"This shit behaviour is not okay, Yjd. #4ae2",harassment,Individual,high,0.68,bad_words
"Zrafebk, nee useless tara behave madthiya yaar. #5797",insult,Individual,Medium,0.34,kannada
You never understand anything 📍,insult,teacher,low,0.25,emoji
ninne function photos share maadu. #4097,neutral,Individual,Low,0.02,kannada
"Krre, ivattu full hucchadanta mode nalli idiya. #7be9",insult,Individual,high,0.62,bad_words
"Ifzwdm, elli hogidaroo ade tara madthiya, class nalli full time joker ne anta feel agutte. #2f63",harassment,Individual,Medium,0.63,kannada
"men, how many times should i say no",harassment,gender,medium,0.45,english
"class grp, ivnanna group nalli add madbeda, ivan illaadre better ansta. #6f57",exclusion,Group,High,0.54,kannada
"Huwwulysrx, elli hogidaroo ade tara madthiya, complete waste fellow anta feel agutte. #aab8",harassment,Individual,Medium,0.71,kannada
It's obvious that this chat is very unhealthy,toxicity,individual,medium,0.5,codemix
you are in serious trouble nodu !!!,threat,individual,medium,0.82,codemix
"Gqebddyi, mundina sari nodu yen agutte anta, swalpa limit nodu yaar. #501f",threat,Individual,High,0.8,kannada
"Seriously, your type always ruins things and everyone agrees.",hate,individual,high,0.8,english
"Jsbrcbqdq, yake everywhere message madthiya, idu stalking tara kanstide. #814b",cyberstalking,Individual,High,0.62,kannada
yavdru ivattu notes idre send maadu pls. #07f9,neutral,Individual,Low,0.0,kannada
nee send madida reel super comedy aaytu. #3a4e,neutral,Unknown,Low,0.0,kannada
"Basically, dont keep reminding me again and again !!!",harassment,individual,medium,0.45,english
nee send madida reel super comedy aaytu. #163d,neutral,Group,Low,0.0,kannada
"Msvsg, yake everywhere message madthiya, idu stalking tara kanstide. #3379",cyberstalking,Individual,Medium,0.64,kannada
It's obvious that you sound really stupid nin mathu nodi without a doubt.,insult,individual,medium,0.3,codemix
You are really dumb 🌑,insult,unknown,medium,0.3,emoji
"To be honest, you wont get away with this",threat,individual,medium,0.82,codemix
"Robeapvb, nodu careful iru, illa problem agutte, swalpa limit nodu yaar. #628d",threat,Individual,High,0.76,kannada
"To be honest, this place feels unhealthy immediately.",toxicity,individual,medium,0.5,english
nee send madida reel super comedy aaytu. #3c14,neutral,Group,Low,0.0,kannada
"Hmxfoe, nee tumba irritating agthiya re machaa. #ccdd",insult,Individual,Medium,0.15,kannada
"class grp, plan ge ivananna invite madbeda besseru, ivan illaadre better ansta. #07c5",exclusion,Group,Low,0.25,kannada
"Vnh, nin sede nataka nodakke bore aaytu. #21d8",insult,Individual,medium,0.45,bad_words
"Qqazfugxvm, nee full fake character tara behave madthiya. #aefb",harassment,Individual,medium,0.52,bad_words
"Ofoazwudyo, stop acting like a total stupid every day. #bc67",insult,Individual,medium,0.51,bad_words
People like you are disgusting 🐋,hate,unknown,high,0.85,emoji
"Wpufzecwyo, nee total loser tara idiya yaar. #0797",insult,Individual,High,0.29,kannada
"sir, stop chasing me for replies",harassment,teacher,medium,0.45,english
"5 nimisha nalli join agthini, swalpa wait maadu. #c1d2",neutral,Individual,Low,0.0,kannada
"Rogyq, you are such a sexy in this group. #0f75",sexual_harassment,Individual,medium,0.36,bad_words
Leave this group now 💥,exclusion,academic,high,0.55,emoji
"naale 9 gante lab ge bartira, late agbeda. #d971",neutral,Unknown,Low,0.03,kannada
"ninna presentation super aaytu, chennag ide. #0c33",neutral,Unknown,Low,0.0,kannada
Everyone knows leave me alone nanige disturb beda !!!,harassment,individual,medium,0.45,codemix
"appearance, stop forcing conversation",harassment,appearance,medium,0.45,english
"Vvb, nee tumba muttala maga tara idiya maga. #3515",insult,Individual,medium,0.53,bad_words
"Lnbsdnqtr, yaaru kuda ninna sucide nature ishta padalla. #14ce",threat,Individual,medium,0.4,bad_words
"Ijfn, you are such a asexual in this group. #b4ec",sexual_harassment,Individual,low,0.55,bad_words
"Seriously, why do you keep noticing when i am active and it's annoying.",stalking,individual,high,0.67,english
"Glrwvvl, nee yen use illa ninna jothe yaar. #dca7",insult,Individual,High,0.34,kannada
"Liqmtk, nanna status na yavaglu check madthiya, idu stalking tara kanstide. #0a9b",cyberstalking,Individual,Low,0.76,kannada
"Only a nigga will spam the group like you, Wuv. #aef0",harassment,Individual,high,0.65,bad_words
"reply, your type always ruins things",hate,social,high,0.8,english
"Stop it, you cant escape from this",threat,individual,medium,0.82,english
"Yella dina dagara tara mathadbeda, Kdfdcxt. #87af",insult,Individual,medium,0.46,bad_words
It's obvious that just wait and watch ninige lesson sigutte don't you think?,threat,individual,medium,0.82,codemix
This group is so toxic 🦛,toxicity,individual,low,0.35,emoji
naale 4gante canteen nalli meet aagona. #5761,neutral,Group,Low,0.05,kannada
your kind is unwanted here - just my opinion.,hate,individual,medium,0.75,english
"review okay aaytu, tension beda. #be79",neutral,Unknown,Low,0.01,kannada
leave me alone seriously,harassment,individual,high,0.5,english
"girls, dont follow up again please",harassment,gender,medium,0.45,english
"To be honest, stay in your limits please (no offense).",aggression,individual,low,0.5,codemix
"network sakkath slow ide, once repeat maadu. #2d3a",neutral,Unknown,Low,0.05,kannada
"Bpkve, next time barbeku anta helthini, swalpa limit nodu yaar. #f8b7",threat,Individual,Low,0.83,kannada
"Stop it, stop chasing me for replies don't you think?",harassment,individual,medium,0.45,english
"skin, this group is not for you",exclusion,group,medium,0.42,english
"Hey, dont keep pinging nanna irritate madthiya",harassment,individual,medium,0.45,codemix
"Ulfaloyvl, nee useless tara behave madthiya dude. #6010",insult,Individual,Medium,0.39,kannada
Everyone knows dont poke your nose for real.,aggression,individual,high,0.6,english
"Actually, stop keeping tabs on me",stalking,individual,medium,0.62,english
Why are you always watching me 🐷,stalking,teacher,high,0.8,emoji
"Mor, elli hogidaroo ade tara madthiya, complete waste fellow anta feel agutte. #7717",harassment,Individual,High,0.67,kannada
ivattu class full bore aaytu. #a2e6,neutral,Unknown,Low,0.02,kannada
Stop following me everywhere 👀,stalking,group,high,0.8,emoji
"Just so you know, you are not smart enough for this",insult,individual,medium,0.3,english
"Reu, you are such a fuck in this group. #b973",harassment,Individual,medium,0.71,bad_words
naale extra pen togond baa pls. #505c,neutral,Unknown,Low,0.0,kannada
"Gpxmxkom, nee ivattu full lazy mode alli idiya re. #95ca",insult,Individual,Low,0.15,kannada
"To be honest, this is between us only",exclusion,individual,medium,0.42,english
"Ufebdcez, ava body bagge a tara mata beda, group nalli idu sari alla. #fd68",sexual_harassment,Individual,High,0.67,kannada
"class grp, ivnanna group nalli add madbeda, ivan illaadre better ansta. #4e03",exclusion,Group,High,0.4,kannada
"Angyc, yake everywhere message madthiya, idu stalking tara kanstide. #2ffb",cyberstalking,Individual,High,0.7,kannada
"Wymbdoag, yake everywhere message madthiya, idu stalking tara kanstide. #1bbf",cyberstalking,Individual,Medium,0.55,kannada
"guys, chat nalli ivnanna ide irboda anta ansta, ivan illaadre better ansta. #4413",exclusion,Group,High,0.34,kannada
Get lost 👀,aggression,gender,low,0.55,emoji
I just wanted to say ninige simple vishaya kuda artha agalla !!!,insult,individual,medium,0.3,codemix
"Gve, elli hogidaroo ade tara madthiya, class nalli full time joker ne anta feel agutte. #0794",harassment,Individual,Medium,0.59,kannada
"Stop it, this group makes me uncomfortable and it's annoying.",toxicity,individual,medium,0.5,codemix
"Fshvmplm, mundina sari nodu yen agutte anta, swalpa limit nodu yaar. #2161",threat,Individual,High,0.94,kannada
"Zzdv, nee yavattu serious agalla yaar. #ba23",insult,Individual,Low,0.37,kannada
"Hey, why are you always checking my status nin yaake nodthiya (no offense).",stalking,individual,high,0.67,codemix
"everyone here, remember this moment",threat,group,high,0.87,english
"ninna presentation super aaytu, chennag ide. #ad90",neutral,Group,Low,0.0,kannada
no need for you nin beka illa without a doubt.,exclusion,individual,medium,0.42,codemix
Get lost 🕵️,aggression,appearance,medium,0.6,emoji
Leave me alone already 🩸,harassment,teacher,medium,0.5,emoji
I just wanted to say i cant stand people like you so please stop.,hate,individual,medium,0.75,english
"Syfufpvo, elli hogidaroo ade tara madthiya, useless tara behave madthiya anta feel agutte. #87d1",harassment,Individual,High,0.78,kannada
"Honestly, i told you already dont text me without a doubt.",harassment,individual,medium,0.45,english
"5 nimisha nalli join agthini, swalpa wait maadu. #6b6d",neutral,Individual,Low,0.05,kannada
This group is so toxic 😈,toxicity,group,low,0.35,emoji
"Luubuhr, nee tumba nimmavvana tara idiya maga. #62f5",harassment,Individual,high,0.72,bad_words
"network sakkath slow ide, once repeat maadu. #95eb",neutral,Individual,Low,0.0,kannada
"guys, chat nalli ivnanna ide irboda anta ansta, ivan illaadre better ansta. #b0dd",exclusion,Group,Medium,0.47,kannada
It's obvious that people like you never change,hate,individual,high,0.8,codemix
"People are tired of your fair suck of the sav attitude, Ewldpcxgl. #61dc",harassment,Individual,medium,0.66,bad_words
pizza bekka biryani bekka decide maadi. #99e9,neutral,Unknown,Low,0.03,kannada
"batch, chat nalli ivnanna ide irboda anta ansta, ivan illaadre better ansta. #1521",exclusion,Group,Medium,0.38,kannada
Let's meet after class 📝,neutral,appearance,low,0.0,emoji
"Kansuzc, nee ivattu full lazy mode alli idiya dude. #1794",insult,Individual,Low,0.4,kannada
I think you are useless nin work sari illa,insult,individual,medium,0.3,codemix
You will regret this 💣,threat,individual,high,1.0,emoji
pizza bekka biryani bekka decide maadi. #cafc,neutral,Individual,Low,0.05,kannada
"In my opinion, there is too much negativity here period.",toxicity,individual,medium,0.5,codemix
"ninna presentation super aaytu, chennag ide. #0eff",neutral,Individual,Low,0.0,kannada
"Kvgkxhpzz, nee full time late bartiya yaar. #1ca2",insult,Individual,Low,0.15,kannada
"Twmzk, nanna status na yavaglu check madthiya, idu stalking tara kanstide. #71d7",cyberstalking,Individual,Medium,0.68,kannada
"Uvo, elli hogidaroo ade tara madthiya, tumba disgusting behaviour anta feel agutte. #56c3",harassment,Individual,Medium,0.42,kannada
Get lost 🪳,aggression,appearance,low,0.55,emoji
this environment is really bad for real.,toxicity,gender,medium,0.5,english
I think please remove yourself nin hogu and it's sad.,exclusion,individual,medium,0.42,codemix
"whole class, control yourself",aggression,group,medium,0.55,english
"habit, you are not required",exclusion,personal,medium,0.42,english
"naale 9 gante lab ge bartira, late agbeda. #a935",neutral,Individual,Low,0.0,kannada
"Kbuqdiw, prati dina reason illade ping madbedi, idu stalking tara kanstide. #255d",cyberstalking,Individual,High,0.77,kannada
exam tumba tough aaytu but somehow aaytu. #dc18,neutral,Unknown,Low,0.07,kannada
"Jwoxbl, nee full time late bartiya yaar. #a8b9",insult,Individual,Low,0.11,kannada
pizza bekka biryani bekka decide maadi. #9c32,neutral,Unknown,Low,0.03,kannada
ninne function photos share maadu. #76d6,neutral,Individual,Low,0.0,kannada
"5 nimisha nalli join agthini, swalpa wait maadu. #1f6e",neutral,Group,Low,0.0,kannada
stop stalking me nanige beda without a doubt.,stalking,individual,medium,0.62,codemix
weekend ge yava movie nodona. #f80b,neutral,Group,Low,0.0,kannada
"Ykdcmd, elli hogidaroo ade tara madthiya, complete waste fellow anta feel agutte. #3057",harassment,Individual,Low,0.46,kannada
naale 4gante canteen nalli meet aagona. #7674,neutral,Individual,Low,0.0,kannada
"Bggkcrrc, yaaru kuda ninna sakath body nature ishta padalla. #deb8",harassment,Individual,high,0.75,bad_words
"ninna presentation super aaytu, chennag ide. #99cc",neutral,Group,Low,0.0,kannada
"coordinator, we already decided without you",exclusion,teacher,medium,0.42,english
"Egjgbsxrbx, nee sakkat dumb idiya yaar machaa. #c6ef",insult,Individual,Medium,0.39,kannada
"Jedbnlc, nee tumba irritating agthiya re yaar. #9ef3",insult,Individual,Medium,0.24,kannada
Everyone knows nin presence irthare problem only right now.,insult,individual,medium,0.3,codemix
project help madidakke thanks maga. #e135,neutral,Unknown,Low,0.0,kannada
"Vke, a tara photos haakbeda please, group nalli idu sari alla. #3bd3",sexual_harassment,Individual,High,0.88,kannada
nee send madida reel super comedy aaytu. #3ae7,neutral,Group,Low,0.0,kannada
"5 nimisha nalli join agthini, swalpa wait maadu. #a69e",neutral,Individual,Low,0.0,kannada
I think dont keep pinging nanna irritate madthiya,harassment,individual,medium,0.45,codemix
"review okay aaytu, tension beda. #9dea",neutral,Individual,Low,0.0,kannada
"Yrsvfglgjx, stop acting like a total bugger every day. #c90d",insult,Individual,high,0.46,bad_words
remember this moment ninige gothagutte for sure.,threat,individual,medium,0.82,codemix
"Nxrf, yake everywhere message madthiya, idu stalking tara kanstide. #46ab",cyberstalking,Individual,Medium,0.68,kannada
"boys, stop disturbing me during class",harassment,gender,medium,0.45,english
"Actually, this place feels unhealthy immediately.",toxicity,individual,medium,0.5,english
"Only a hell will spam the group like you, Zscvdiphhz. #1cf9",harassment,Individual,medium,0.71,bad_words
Leave me alone already 🐘,harassment,gender,medium,0.5,emoji
"Actually, people like you yavaglu problem without a doubt.",hate,individual,medium,0.75,codemix
yavdru ivattu notes idre send maadu pls. #1232,neutral,Unknown,Low,0.0,kannada
"Listen, shut up now",aggression,individual,medium,0.55,english
"Hejmvnyqst, nee sakkat dumb idiya yaar dude. #a4a4",insult,Individual,Medium,0.23,kannada
exam tumba tough aaytu but somehow aaytu. #b294,neutral,Individual,Low,0.01,kannada
"Look, dont message me late night for real.",harassment,appearance,medium,0.45,english
dont cross the line immediately.,aggression,individual,medium,0.55,english
I just wanted to say why are you always in my dm ninige kelbeda period.,harassment,individual,high,0.5,codemix
"Seriously, dont annoy me immediately.",aggression,individual,high,0.6,english
naale 4gante canteen nalli meet aagona. #df31,neutral,Unknown,Low,0.0,kannada
"ninna presentation super aaytu, chennag ide. #a234",neutral,Group,Low,0.02,kannada
"Yella dina huccha maga tara mathadbeda, Bfj. #ebd8",insult,Individual,high,0.64,bad_words
"Zuizxxgkbe, ivattu full not a loyal maga mode nalli idiya. #8a3b",harassment,Individual,medium,0.67,bad_words
"Listen, dont follow up again please",harassment,individual,medium,0.45,english
"Look, nin presence irthare problem only",insult,individual,medium,0.3,codemix
"Zrcrodbtvm, nee yavattu serious agalla machaa. #5892",insult,Individual,Low,0.15,kannada
ninige nanna online time gothu how ... whatever.,stalking,individual,medium,0.62,codemix
"Group nalli a tara not a loyal baribeda, Jjzzjuxbn. #eaf8",harassment,Individual,medium,0.64,bad_words
"Seriously, you wont get away with this for real.",threat,individual,medium,0.82,codemix
"Yspws, stop acting like a total taking the piss every day. #eb03",harassment,Individual,high,0.57,bad_words
yavdru ivattu notes idre send maadu pls. #d347,neutral,Unknown,Low,0.03,kannada
"Seriously, stop calling me bar bar ... whatever.",harassment,individual,medium,0.45,codemix
"This damn behaviour is not okay, Nofohi. #33b4",insult,Individual,medium,0.55,bad_words
naale 4gante canteen nalli meet aagona. #9669,neutral,Unknown,Low,0.04,kannada
"Stop it, this doesnt concern you right now.",exclusion,individual,medium,0.42,english
"Ljcnxzvrs, elli hogidaroo ade tara madthiya, tumba irritating agthiya re anta feel agutte. #07fa",harassment,Individual,High,0.45,kannada
stay out ninige sambhandha illa don't you think?,exclusion,individual,medium,0.42,codemix
"Cswamkfln, nee tumba hucchadana tara idiya maga. #0dfe",insult,Individual,medium,0.43,bad_words
"Basically, dont keep pinging me for no reason and everyone agrees.",harassment,individual,high,0.5,english
"Fpgxhhvu, nin keiya nataka nodakke bore aaytu. #743a",harassment,Individual,low,0.44,bad_words
"Actually, this place is full of nonsense and it's sad.",toxicity,individual,medium,0.5,codemix
I just wanted to say you are acting childish don't you think?,insult,individual,medium,0.3,english
Everyone knows we already decided without you - just my opinion.,exclusion,individual,high,0.47,english
you just dont get it (no offense).,insult,individual,low,0.25,english
why are you always checking my status nin yaake nodthiya period.,stalking,individual,high,0.67,codemix
"Tjap, nee tumba irritating agthiya re re. #20f2",insult,Individual,Medium,0.27,kannada
"Only a son of bitch will spam the group like you, Jqorcj. #f426",insult,Individual,medium,0.72,bad_words
"Ninna idiot thara behavior nodi everyone frustrate agta idare, Pbxlt. #377e",insult,Individual,high,0.71,bad_words
this group has become so toxic ella negative agide and it's sad.,toxicity,individual,medium,0.5,codemix
"Just so you know, stop getting involved nin barbeda",aggression,individual,medium,0.55,codemix
"team, ivananna group inda remove maadona, ivan illaadre better ansta. #3cd2",exclusion,Group,Medium,0.4,kannada
"Wjhi, elli hogidaroo ade tara madthiya, useless tara behave madthiya anta feel agutte. #a548",harassment,Individual,Medium,0.59,kannada
I think i will expose what you did ellargu helthini right now.,threat,individual,medium,0.82,codemix
"Seriously, why are you watching me silently",stalking,individual,medium,0.62,codemix
"Mpopmp, nee reply nodoke tumba time togondiya machaa. #ee6e",insult,Individual,Low,0.32,kannada
this place is full of nonsense - just my opinion.,toxicity,individual,medium,0.5,english
"Just so you know, you cant escape from this ninige illa and everyone agrees.",threat,individual,high,0.87,codemix
"Obpj, sir ge complaint haakthini nodu, swalpa limit nodu yaar. #af00",threat,Individual,High,0.76,kannada
"Htbiirs, nee reply nodoke tumba time togondiya yaar. #effe",insult,Individual,Low,0.36,kannada
"Rkvpdbtggr, elli hogidaroo ade tara madthiya, sakkat dumb idiya yaar anta feel agutte. #4d42",harassment,Individual,Medium,0.41,kannada
"Aljzyoluxj, ivattu full dove rani mode nalli idiya. #2170",harassment,Individual,low,0.29,bad_words
"Hey, how many times should i say no",harassment,individual,medium,0.45,english
This group is so toxic 🚪,toxicity,gender,low,0.35,emoji
stop disturbing me nanige shanti beku and everyone agrees.,harassment,individual,high,0.5,codemix
"naale 9 gante lab ge bartira, late agbeda. #3464",neutral,Group,Low,0.0,kannada
"People are tired of your taking the piss attitude, Mvklv. #bfd5",harassment,Individual,low,0.35,bad_words
"Wvvuf, prati dina reason illade ping madbedi, idu stalking tara kanstide. #83bb",cyberstalking,Individual,Medium,0.86,kannada
attendance link haakbidu illi. #7c7e,neutral,Individual,Low,0.0,kannada
"block, this environment is really bad",toxicity,gender,medium,0.5,english
"People are tired of your lesbian attitude, Lmoauy. #89b6",insult,Individual,medium,0.59,bad_words
"This wtf behaviour is not okay, Fqqw. #17e1",harassment,Individual,high,0.51,bad_words
"Just so you know, dont push me beyond my limit serious agthide",threat,individual,medium,0.82,codemix
"People are tired of your dog attitude, Xjwsxjq. #c9b2",insult,Individual,medium,0.44,bad_words
"Hey, i will complain about you",threat,individual,medium,0.82,english
"Only a duffer will spam the group like you, Snqq. #65f6",insult,Individual,medium,0.45,bad_words
what are you even saying,insult,individual,medium,0.3,english
this is your last warning nodko without a doubt.,threat,individual,medium,0.82,codemix
yaaru naalege PPT madthare helri. #9529,neutral,Group,Low,0.0,kannada
"Vsk, nee reply nodoke tumba time togondiya dude. #41e3",insult,Individual,Low,0.39,kannada
"Dlxglztunj, elli hogidaroo ade tara madthiya, tumba disgusting behaviour anta feel agutte. #1f50",harassment,Individual,Medium,0.42,kannada
"Gekv, stop acting like a total choad every day. #0467",insult,Individual,medium,0.55,bad_words
Wait and see what happens to you 👀,threat,individual,high,0.95,emoji
"Kvnrazo, ivattu full dove rani mode nalli idiya. #5cf3",harassment,Individual,high,0.64,bad_words
"Ivattu kooda die tara act madtidya, Erebbrpbyt. #2167",threat,Individual,low,0.54,bad_words
"Kknjc, nin nimmavvana maga nataka nodakke bore aaytu. #d246",harassment,Individual,medium,0.51,bad_words
weekend ge yava movie nodona. #b3c4,neutral,Unknown,Low,0.0,kannada
Get lost 🔪,aggression,individual,medium,0.65,emoji
"team, ivnanna group nalli add madbeda, ivan illaadre better ansta. #8fb4",exclusion,Group,Low,0.31,kannada
"Zwfrqzfnc, nee tumba irritating agthiya re dude. #406c",insult,Individual,Medium,0.34,kannada
"Uaujt, elli hogidaroo ade tara madthiya, tumba disgusting behaviour anta feel agutte. #5435",harassment,Individual,Low,0.31,kannada
"People are tired of your fag attitude, Tcysqeio. #2cdf",insult,Individual,medium,0.47,bad_words
Stop following me everywhere 😑,stalking,gender,high,0.8,emoji
Your kind is not welcome here ⚡,hate,academic,high,0.85,emoji
"Ivattu kooda fake character tara act madtidya, Xtgdsqjnas. #edb1",harassment,Individual,low,0.57,bad_words
"all of you, this group is very disturbing",toxicity,group,medium,0.5,english
"Mplw, nee full fake character tara behave madthiya. #ccbd",harassment,Individual,high,0.77,bad_words
"batch, ivananna group inda remove maadona, ivan illaadre better ansta. #8766",exclusion,Group,High,0.42,kannada
"Awvz, mundina sari nodu yen agutte anta, swalpa limit nodu yaar. #c4fc",threat,Individual,High,1.0,kannada
"Kovuviz, nodu careful iru, illa problem agutte, swalpa limit nodu yaar. #35f5",threat,Individual,High,0.93,kannada
This group is so toxic 😶,toxicity,unknown,medium,0.4,emoji
"Idzugore, you are such a wtf in this group. #5f1c",harassment,Individual,medium,0.71,bad_words
"Stop it, why do you remember my timings don't you think?",stalking,individual,medium,0.62,english
"Iguyishyka, yaaru kuda ninna die nature ishta padalla. #af00",threat,Individual,high,0.61,bad_words
"Fwomfleu, nee sakkat dumb idiya yaar yaar. #7a80",insult,Individual,Medium,0.2,kannada
"Bmtzhk, nanna status na yavaglu check madthiya, idu stalking tara kanstide. #b169",cyberstalking,Individual,High,0.63,kannada
"To be honest, dayavittu nanna bittu bidu",harassment,individual,medium,0.45,codemix
I just wanted to say we didnt include you on purpose immediately.,exclusion,individual,medium,0.42,english
"People are tired of your dog attitude, Lsisfiw. #c6f8",insult,Individual,low,0.69,bad_words
naale 4gante canteen nalli meet aagona. #ae58,neutral,Group,Low,0.0,kannada
Everyone here is awful 🔍,toxicity,individual,low,0.35,emoji
Stop texting me again and again ⚡,harassment,teacher,medium,0.5,emoji
Stop following me everywhere 🤣,stalking,teacher,high,0.8,emoji
"Stop it, this group has become so toxic ella negative agide",toxicity,individual,medium,0.5,codemix
Everyone knows nininda headache agthide stop it,harassment,individual,medium,0.45,codemix
yaaru naalege PPT madthare helri. #3d5c,neutral,Individual,Low,0.0,kannada
yaaru naalege PPT madthare helri. #77a2,neutral,Group,Low,0.04,kannada
"happy birthday, tumba olle varsha agli. #a513",neutral,Group,Low,0.0,kannada
"Basically, dont cross the line",aggression,individual,medium,0.55,english
nee send madida reel super comedy aaytu. #b1a1,neutral,Unknown,Low,0.0,kannada
It's obvious that this is only for selected people and it's sad.,exclusion,individual,medium,0.42,english
"To be honest, you are in serious trouble",threat,individual,medium,0.82,english
ninne function photos share maadu. #8dc2,neutral,Unknown,Low,0.04,kannada
"naale 9 gante lab ge bartira, late agbeda. #ae74",neutral,Individual,Low,0.0,kannada
"Basically, just wait and watch ninige lesson sigutte",threat,individual,medium,0.82,codemix
"Seriously, why are you always in my dm ninige kelbeda for sure.",harassment,individual,high,0.5,codemix
"Vngwtzqjy, elli hogidaroo ade tara madthiya, complete waste fellow anta feel agutte. #6068",harassment,Individual,Medium,0.71,kannada
"Only a son of bitch will spam the group like you, Fyhyddrp. #94b9",insult,Individual,low,0.59,bad_words
ivattu class full bore aaytu. #0ca0,neutral,Group,Low,0.01,kannada
"ninna presentation super aaytu, chennag ide. #0a96",neutral,Individual,Low,0.0,kannada
I just wanted to say this group is not for you !!!,exclusion,group,medium,0.42,english
"Stop it, people like you are a headache",hate,individual,medium,0.75,codemix
"Stop it, this group makes me uncomfortable without a doubt.",toxicity,individual,medium,0.5,codemix
"class grp, chat nalli ivnanna ide irboda anta ansta, ivan illaadre better ansta. #f18a",exclusion,Group,High,0.48,kannada
ninige maturity illa grow up,insult,individual,medium,0.3,codemix
dont push me beyond my limit serious agthide immediately.,threat,individual,medium,0.82,codemix
yaake nanna profile daily nodthiya (no offense).,stalking,individual,low,0.57,codemix
fest practice ge yar yar barthidira. #5cb0,neutral,Unknown,Low,0.02,kannada
"review okay aaytu, tension beda. #c67e",neutral,Individual,Low,0.04,kannada
Everyone knows this chat is exhausting full headache right now.,toxicity,individual,medium,0.5,codemix
dont keep pinging me for no reason and everyone agrees.,harassment,individual,high,0.5,english
"Ymjopbxsan, nee complete waste fellow dude. #27be",insult,Individual,High,0.18,kannada
"Group nalli a tara kall nan magane baribeda, Hzay. #078e",insult,Individual,medium,0.67,bad_words
project help madidakke thanks maga. #d354,neutral,Group,Low,0.0,kannada
"Bjebtf, ivattu full thimru mode nalli idiya. #90ee",insult,Individual,medium,0.45,bad_words
"Ftvfk, nee ivattu full lazy mode alli idiya dude. #aa29",insult,Individual,Low,0.15,kannada
"happy birthday, tumba olle varsha agli. #5268",neutral,Individual,Low,0.0,kannada
ivattu assignment submit maadbeku maga. #86e4,neutral,Group,Low,0.0,kannada
ivattu class full bore aaytu. #8ddd,neutral,Group,Low,0.06,kannada
people like you dont deserve respect !!!,hate,individual,medium,0.75,english
"Mtigfafsg, prati dina reason illade ping madbedi, idu stalking tara kanstide. #550a",cyberstalking,Individual,Low,0.69,kannada
"class grp, plan ge ivananna invite madbeda besseru, ivan illaadre better ansta. #28bc",exclusion,Group,Low,0.19,kannada
"lecturer, leave me alone seriously",harassment,teacher,high,0.5,english
"Suwsvvc, ella platform nalli follow madbeda please, idu stalking tara kanstide. #3a55",cyberstalking,Individual,High,0.54,kannada
"Yella dina huccha maga tara mathadbeda, Kvesniye. #0e9c",insult,Individual,high,0.51,bad_words
People like you are disgusting 🌑,hate,teacher,high,0.85,emoji
"Just so you know, dont test my patience immediately.",threat,academic,medium,0.82,english
"guys, ivananna group inda remove maadona, ivan illaadre better ansta. #06fc",exclusion,Group,Low,0.45,kannada
"To be honest, this doesnt concern you for sure.",exclusion,individual,medium,0.42,english
"gang, ivananna group inda remove maadona, ivan illaadre better ansta. #2d36",exclusion,Group,Low,0.29,kannada
"Nskjecxyw, next time barbeku anta helthini, swalpa limit nodu yaar. #ec62",threat,Individual,High,0.82,kannada
Stop texting me again and again 🕷️,harassment,individual,medium,0.5,emoji
project help madidakke thanks maga. #e31e,neutral,Individual,Low,0.0,kannada
weekend ge yava movie nodona. #b801,neutral,Individual,Low,0.0,kannada
"Yella dina bosodike tara mathadbeda, Sgia. #112d",insult,Individual,high,0.72,bad_words
please remove yourself,exclusion,individual,medium,0.42,english
"Yella dina dagarina tara mathadbeda, Gjdocd. #8231",insult,Individual,medium,0.72,bad_words
"Bqzke, yaaru kuda ninna sakath body nature ishta padalla. #1c5b",harassment,Individual,medium,0.48,bad_words
weekend ge yava movie nodona. #e11b,neutral,Group,Low,0.0,kannada
"Group nalli a tara shaata hari baribeda, Ypbgrmktkf. #68df",insult,Individual,medium,0.53,bad_words
stop disturbing me nanige shanti beku so please stop.,harassment,individual,medium,0.45,codemix
"In my opinion, we dont like people like you nin tara beda",hate,individual,medium,0.75,codemix
"Lund, nin monkey thara maga nataka nodakke bore aaytu. #5bcd",insult,Individual,low,0.53,bad_words
"guys, ivananna group inda remove maadona, ivan illaadre better ansta. #a7c5",exclusion,Group,High,0.3,kannada
"Ioftcwwhdd, nee tumba disgusting behaviour re. #dbc6",insult,Individual,High,0.24,kannada
"gang, ivananna group inda remove maadona, ivan illaadre better ansta. #d887",exclusion,Group,Low,0.2,kannada
you are not smart enough for this so please stop.,insult,individual,medium,0.3,english
"Honestly, why do you see my story every time nin follow madthiya",stalking,individual,medium,0.62,codemix
"Ffcdgrmsbx, nee ivattu full lazy mode alli idiya dude. #a62f",insult,Individual,Low,0.3,kannada
yavdru ivattu notes idre send maadu pls. #cf0a,neutral,Group,Low,0.05,kannada
"Ose, elli hogidaroo ade tara madthiya, tumba irritating agthiya re anta feel agutte. #6aca",harassment,Individual,High,0.68,kannada
Nobody wants you here 🔍,exclusion,teacher,medium,0.45,emoji
It's obvious that nin presence irthare problem only without a doubt.,insult,individual,medium,0.3,codemix
"Ninna not a loyal behavior nodi everyone frustrate agta idare, Sucwatn. #b597",harassment,Individual,low,0.34,bad_words
"Evxirbwk, stop acting like a total fuck every day. #f4a5",harassment,Individual,medium,0.6,bad_words
fest practice ge yar yar barthidira. #fefc,neutral,Group,Low,0.0,kannada
"outfit, this is between us only",exclusion,appearance,medium,0.42,english
"Cmdicka, nee class nalli full time joker ne re. #7059",insult,Individual,Medium,0.4,kannada
Leave this group now 🤡,exclusion,individual,medium,0.45,emoji
"Smnshkc, ivattu full thullu keya maga mode nalli idiya. #5cad",sexual_harassment,Individual,medium,0.46,bad_words
naale extra pen togond baa pls. #5019,neutral,Unknown,Low,0.07,kannada
yaaru naalege PPT madthare helri. #4890,neutral,Group,Low,0.0,kannada
"Hxwhvvy, nee class nalli full time joker ne dude. #dad7",insult,Individual,Medium,0.38,kannada
"this batch, stop talking rubbish",insult,group,medium,0.3,english
naale 4gante canteen nalli meet aagona. #f737,neutral,Group,Low,0.0,kannada
"This suck his dick behaviour is not okay, Zsxsbc. #2ac7",sexual_harassment,Individual,low,0.42,bad_words
"Opx, prati dina reason illade ping madbedi, idu stalking tara kanstide. #e072",cyberstalking,Individual,High,0.75,kannada
"Listen, this chat is exhausting",toxicity,group,medium,0.5,english
"Group nalli ee saayi attitude beda, Lmgxehxbi. #83f9",threat,Individual,high,0.76,bad_words
"Ugysntu, mundina sari nodu yen agutte anta, swalpa limit nodu yaar. #9453",threat,Individual,Low,0.62,kannada
You keep tracking my activity 🚫,stalking,individual,high,0.8,emoji
yavdru ivattu notes idre send maadu pls. #bf9e,neutral,Unknown,Low,0.0,kannada
"Hey, keep quiet please",aggression,individual,medium,0.55,english
"Xuajgcazhq, ella platform nalli follow madbeda please, idu stalking tara kanstide. #7b3a",cyberstalking,Individual,Medium,0.5,kannada
"Yella dina nimavvan tara mathadbeda, Hhxnc. #cd7b",harassment,Individual,medium,0.56,bad_words
Everyone knows use your brain swalpa !!!,insult,individual,medium,0.3,codemix
"Uhqot, elli hogidaroo ade tara madthiya, tumba irritating agthiya re anta feel agutte. #fb56",harassment,Individual,Medium,0.39,kannada
"Honestly, why cant you just stop and everyone agrees.",harassment,individual,high,0.5,english
"Bdlxwxo, nin gandu nataka nodakke bore aaytu. #ce59",insult,Individual,high,0.64,bad_words
"5 nimisha nalli join agthini, swalpa wait maadu. #b61e",neutral,Unknown,Low,0.04,kannada
Wait and see what happens to you 🙅,threat,teacher,high,0.95,emoji
You are not part of this team 🦠,exclusion,group,medium,0.45,emoji
"Actually, how many times should i say no and it's annoying.",harassment,individual,medium,0.45,english
"batch, ivnanna group nalli add madbeda, ivan illaadre better ansta. #4839",exclusion,Group,Low,0.43,kannada
"Look, you will regret this later ninige gothagutte",threat,individual,medium,0.82,codemix
project help madidakke thanks maga. #4d46,neutral,Group,Low,0.0,kannada
exam tumba tough aaytu but somehow aaytu. #4911,neutral,Individual,Low,0.0,kannada
ninne function photos share maadu. #c044,neutral,Unknown,Low,0.0,kannada
You will regret this 🤢,threat,gender,high,0.95,emoji
"Stop it, why cant you just stop",harassment,individual,medium,0.45,english
"Hafk, yaaru kuda ninna cry baby nature ishta padalla. #1646",harassment,Individual,medium,0.37,bad_words
"gang, ivnanna group nalli add madbeda, ivan illaadre better ansta. #7855",exclusion,Group,Medium,0.3,kannada
"5 nimisha nalli join agthini, swalpa wait maadu. #07c1",neutral,Group,Low,0.0,kannada
Let's work together on this. Thanks.,neutral,unknown,medium,0.02,english
You are not part of this team 🛑,exclusion,group,medium,0.45,emoji
"Tobw, nin muklyappa nataka nodakke bore aaytu. #b51c",insult,Individual,medium,0.52,bad_words
"Actually, people like you never change period.",hate,individual,high,0.8,codemix
"Mbhco, nee sakkat dumb idiya yaar machaa. #0f44",insult,Individual,Medium,0.2,kannada
you make everything worse and it's sad.,insult,individual,medium,0.3,english
nee send madida reel super comedy aaytu. #5880,neutral,Group,Low,0.04,kannada
"Actually, we already decided nin illade right now.",exclusion,individual,medium,0.42,codemix
"Honestly, this doesnt concern you",exclusion,individual,medium,0.42,english
"Icx, nee reply nodoke tumba time togondiya re. #4d75",insult,Individual,Low,0.31,kannada
dont annoy me nin irritate madbeda for sure.,aggression,individual,medium,0.55,codemix
"Mopul, elli hogidaroo ade tara madthiya, tumba disgusting behaviour anta feel agutte. #6848",harassment,Individual,Low,0.66,kannada
"ninna presentation super aaytu, chennag ide. #c488",neutral,Individual,Low,0.0,kannada
"Gdp, nee full time late bartiya re. #3f62",insult,Individual,Low,0.33,kannada
"Group nalli a tara not a loyal maga baribeda, Adwmxqalo. #1d75",harassment,Individual,medium,0.65,bad_words
weekend ge yava movie nodona. #30c8,neutral,Individual,Low,0.0,kannada
"Hey, dont poke your nose so please stop.",aggression,individual,medium,0.55,english
"Inkvjyar, ava body bagge a tara mata beda, group nalli idu sari alla. #7e93",sexual_harassment,Individual,High,0.64,kannada
I just wanted to say stop talking rubbish and it's sad.,insult,individual,medium,0.3,english
yaake nanna profile daily nodthiya so please stop.,stalking,individual,medium,0.62,codemix
People like you are disgusting 👎,hate,individual,high,0.85,emoji
Leave me alone already 🥶,harassment,unknown,high,0.6,emoji
ivattu assignment submit maadbeku maga. #4190,neutral,Individual,Low,0.0,kannada
we already decided nin illade so please stop.,exclusion,individual,medium,0.42,codemix
"ninna presentation super aaytu, chennag ide. #2b8b",neutral,Unknown,Low,0.0,kannada
"gang, chat nalli ivnanna ide irboda anta ansta, ivan illaadre better ansta. #ff49",exclusion,Group,Medium,0.26,kannada
You never understand anything 💣,insult,unknown,low,0.3,emoji
"network sakkath slow ide, once repeat maadu. #3edb",neutral,Individual,Low,0.0,kannada
this chat is very unhealthy and it's annoying.,toxicity,group,medium,0.5,english
I just wanted to say this group has become so toxic - just my opinion.,toxicity,group,medium,0.5,english
I just wanted to say how many times should i say no period.,harassment,individual,medium,0.45,english
project help madidakke thanks maga. #b8ac,neutral,Group,Low,0.02,kannada
"Igobmxm, elli hogidaroo ade tara madthiya, yen use illa ninna jothe anta feel agutte. #427c",harassment,Individual,Medium,0.55,kannada
"Ewxijgeq, ivattu full gandu maga mode nalli idiya. #425a",insult,Individual,medium,0.4,bad_words
pizza bekka biryani bekka decide maadi. #f14d,neutral,Unknown,Low,0.0,kannada
ivattu class full bore aaytu. #f230,neutral,Group,Low,0.04,kannada
"Mbbtw, nee reply nodoke tumba time togondiya dude. #1319",insult,Individual,Low,0.14,kannada
"Look, this group has become so toxic ella negative agide period.",toxicity,individual,medium,0.5,codemix
naale extra pen togond baa pls. #46be,neutral,Unknown,Low,0.05,kannada
nee send madida reel super comedy aaytu. #9a1a,neutral,Unknown,Low,0.01,kannada
Shut up already 💩,aggression,academic,medium,0.6,emoji
"Xdg, elli hogidaroo ade tara madthiya, tumba irritating agthiya re anta feel agutte. #e851",harassment,Individual,High,0.5,kannada
Stop following me everywhere 🫥,stalking,teacher,high,0.8,emoji
Shut up already 😡,aggression,appearance,medium,0.6,emoji
Everyone here is awful 🧨,toxicity,unknown,medium,0.45,emoji
stop forcing conversation for real.,harassment,individual,medium,0.45,english
"To be honest, why are you always checking my status ... whatever.",stalking,social,high,0.67,english
Leave me alone already 🕵️,harassment,appearance,medium,0.5,emoji
Back off now 🤚,aggression,unknown,medium,0.6,emoji
"happy birthday, tumba olle varsha agli. #b1d9",neutral,Unknown,Low,0.02,kannada
naale 4gante canteen nalli meet aagona. #3be8,neutral,Group,Low,0.0,kannada
naale extra pen togond baa pls. #b7dd,neutral,Group,Low,0.0,kannada
"naale 9 gante lab ge bartira, late agbeda. #3895",neutral,Group,Low,0.03,kannada
"Ekrcpsjl, nin hendruna keya nataka nodakke bore aaytu. #8877",sexual_harassment,Individual,medium,0.55,bad_words
naale extra pen togond baa pls. #b172,neutral,Individual,Low,0.0,kannada
"Seriously, you will pay for what you did and everyone agrees.",threat,individual,high,0.87,codemix
"Listen, no need for you nin beka illa don't you think?",exclusion,individual,medium,0.42,codemix
you are everywhere i go,stalking,individual,medium,0.62,english
I just wanted to say stop messaging me yavaglu disturb madthiya !!!,harassment,individual,medium,0.45,codemix
"Vmxurh, stop acting like a total sexy every day. #b168",sexual_harassment,Individual,medium,0.69,bad_words
"Lue, stop acting like a total dimwit every day. #f486",insult,Individual,medium,0.37,bad_words
you are not required and it's sad.,exclusion,individual,medium,0.42,english
naale 4gante canteen nalli meet aagona. #7c92,neutral,Unknown,Low,0.02,kannada
I just wanted to say use your brain swalpa,insult,individual,medium,0.3,codemix
"Ivattu kooda die tara act madtidya, Owopeq. #dc62",threat,Individual,low,0.37,bad_words
"Listen, people like you yavaglu problem - just my opinion.",hate,individual,medium,0.75,codemix
"Suqysht, elli hogidaroo ade tara madthiya, total loser tara idiya anta feel agutte. #7cb0",harassment,Individual,Medium,0.66,kannada
Leave me alone already 🧊,harassment,individual,high,0.6,emoji
you are hopeless,insult,individual,medium,0.3,english
"Group nalli ee monkey thara attitude beda, Ihdem. #5e91",insult,Individual,high,0.48,bad_words
dont interfere in this nin barbeda so please stop.,aggression,individual,medium,0.55,codemix
"Look, i told you already dont text me !!!",harassment,appearance,medium,0.45,english
"5 nimisha nalli join agthini, swalpa wait maadu. #3ca3",neutral,Unknown,Low,0.04,kannada
"Dac, nee tumba irritating agthiya re re. #8731",insult,Individual,Medium,0.31,kannada
"Ninna fake character behavior nodi everyone frustrate agta idare, Abcnvjtegp. #b8d9",harassment,Individual,medium,0.72,bad_words
why do you see my story every time so please stop.,stalking,social,medium,0.62,english
why do you remember my timings,stalking,individual,medium,0.62,english
"Look, this chat is exhausting full headache for sure.",toxicity,individual,medium,0.5,codemix
"block, why are you always online when i come",stalking,social,high,0.67,english
"Ninna sucide behavior nodi everyone frustrate agta idare, Xgbtmwdtzd. #710f",threat,Individual,medium,0.66,bad_words
It's obvious that people like you should stay away,hate,individual,medium,0.75,english
"review okay aaytu, tension beda. #136b",neutral,Group,Low,0.0,kannada
"Oxclluz, elli hogidaroo ade tara madthiya, yen use illa ninna jothe anta feel agutte. #2490",harassment,Individual,Medium,0.46,kannada
why are you so behind me - just my opinion.,harassment,individual,medium,0.45,english
Stop following me everywhere 🤬,stalking,teacher,high,0.8,emoji
pizza bekka biryani bekka decide maadi. #a87d,neutral,Group,Low,0.05,kannada
"Hey, mind your own business nin work nodko",aggression,individual,medium,0.55,codemix
Why do you keep messaging me 🔍,harassment,gender,high,0.6,emoji
"Hey, we dont need people like you so please stop.",hate,individual,medium,0.75,codemix
"naale 9 gante lab ge bartira, late agbeda. #c1ab",neutral,Group,Low,0.0,kannada
"Just so you know, there is too much negativity here",toxicity,individual,medium,0.5,codemix
"Vqy, nee tumba irritating agthiya re re. #4188",insult,Individual,Medium,0.2,kannada
ivattu class full bore aaytu. #9596,neutral,Unknown,Low,0.0,kannada
this group has become so toxic ella negative agide (no offense).,toxicity,individual,low,0.45,codemix
"gang, plan ge ivananna invite madbeda besseru, ivan illaadre better ansta. #2ad4",exclusion,Group,Medium,0.29,kannada
"Stop it, dont start with me nin beka illa",aggression,individual,medium,0.55,codemix
I think control yourself swalpa,aggression,individual,medium,0.55,codemix
"Basically, we dont like people like you nin tara beda",hate,individual,medium,0.75,codemix
It's obvious that you are everywhere i go nin follow madthiya,stalking,individual,medium,0.62,codemix
It's obvious that you are in serious trouble,threat,individual,medium,0.82,english
"To be honest, we are tired of people like you ... whatever.",hate,individual,medium,0.75,english
"This asswipe behaviour is not okay, Mwfkauxza. #ab6b",insult,Individual,medium,0.68,bad_words
you will suffer for this period.,threat,individual,medium,0.82,english
"review okay aaytu, tension beda. #23d5",neutral,Group,Low,0.0,kannada
"Group nalli a tara hucchadanta maga baribeda, Ekip. #a5d8",insult,Individual,medium,0.6,bad_words
exam tumba tough aaytu but somehow aaytu. #c899,neutral,Unknown,Low,0.03,kannada
project help madidakke thanks maga. #9d59,neutral,Unknown,Low,0.01,kannada
I think we dont need people like you without a doubt.,hate,individual,medium,0.75,codemix
"Hey, this is embarrassing ... whatever.",insult,individual,medium,0.3,english
"In my opinion, you are everywhere i go right now.",stalking,individual,medium,0.62,english
"Dntxl, yaaru kuda ninna sakath body nature ishta padalla. #dbfd",harassment,Individual,high,0.77,bad_words
"Basically, back off right now nin hinde hogu and it's annoying.",aggression,individual,medium,0.55,codemix
naale 4gante canteen nalli meet aagona. #011d,neutral,Unknown,Low,0.03,kannada
"Ivattu kooda cry baby tara act madtidya, Wehrxwlf. #2e4d",harassment,Individual,medium,0.62,bad_words
"People are tired of your wanker attitude, Hpkyirf. #7ef2",sexual_harassment,Individual,low,0.49,bad_words
"Honestly, i will report this to sir",threat,teacher,medium,0.82,english
"To be honest, better nin illade nadithivi",exclusion,individual,medium,0.42,codemix
Shut up already 👿,aggression,appearance,medium,0.6,emoji
ninige nanna online time gothu how,stalking,individual,medium,0.62,codemix
why are you always checking my status nin yaake nodthiya ... whatever.,stalking,individual,high,0.67,codemix
"coordinator, we dont need people like you",hate,teacher,medium,0.75,english
Leave me alone already 😶,harassment,appearance,high,0.6,emoji
"Gjcglvp, nee reply nodoke tumba time togondiya yaar. #dd83",insult,Individual,Low,0.39,kannada
nee send madida reel super comedy aaytu. #c345,neutral,Individual,Low,0.06,kannada
control yourself swalpa immediately.,aggression,individual,medium,0.55,codemix
this place feels unhealthy period.,toxicity,individual,medium,0.5,english
"Seriously, you just dont get it ninige artha illa",insult,individual,medium,0.3,codemix
Did anyone finish the assignment? ✨,neutral,unknown,low,0.0,emoji
people like you should stay away,hate,individual,medium,0.75,english
project help madidakke thanks maga. #a08b,neutral,Unknown,Low,0.02,kannada
"Krtfehwl, nee tumba irritating agthiya re machaa. #d36f",insult,Individual,Medium,0.37,kannada
"Only a dick head will spam the group like you, Smndnhnke. #6b1e",sexual_harassment,Individual,medium,0.62,bad_words
"Stop it, your kind is not welcome here and it's annoying.",hate,individual,medium,0.75,english
naale extra pen togond baa pls. #ffef,neutral,Unknown,Low,0.0,kannada
i cant stand people like you immediately.,hate,individual,medium,0.75,english
naale 4gante canteen nalli meet aagona. #f955,neutral,Group,Low,0.0,kannada
"5 nimisha nalli join agthini, swalpa wait maadu. #8f78",neutral,Unknown,Low,0.0,kannada
"Dmqsj, nee full time late bartiya re. #77c7",insult,Individual,Low,0.3,kannada
Everyone knows this chat is very unhealthy and everyone agrees.,toxicity,individual,high,0.55,codemix
"Pnasnwa, elli hogidaroo ade tara madthiya, yen use illa ninna jothe anta feel agutte. #7b76",harassment,Individual,Medium,0.57,kannada
this is your last warning and it's annoying.,threat,individual,medium,0.82,english
"Yella dina gaandu tara mathadbeda, Vyitwnj. #be75",insult,Individual,medium,0.62,bad_words
"guys, why are you checking my last seen",stalking,gender,medium,0.62,english
"Basically, this is not meant for you !!!",exclusion,individual,medium,0.42,english
This group is so toxic 😂,toxicity,individual,low,0.35,emoji
naale extra pen togond baa pls. #423e,neutral,Group,Low,0.0,kannada
"Hey, nobody takes you seriously",insult,appearance,high,0.35,english
"Basically, you will pay for what you did",threat,individual,medium,0.82,english
"naale 9 gante lab ge bartira, late agbeda. #311c",neutral,Group,Low,0.0,kannada
shut up now sumne iru without a doubt.,aggression,individual,medium,0.55,codemix
"Sngv, elli hogidaroo ade tara madthiya, useless tara behave madthiya anta feel agutte. #d29c",harassment,Individual,High,0.65,kannada
yavdru ivattu notes idre send maadu pls. #db4e,neutral,Individual,Low,0.02,kannada
"Group nalli a tara sakath body maga baribeda, Psbgakswrw. #2e19",harassment,Individual,high,0.63,bad_words
"Just so you know, everyone laughs at you",insult,individual,high,0.35,english
"Moimwpznu, cheap comments madbeda ava bagge, group nalli idu sari alla. #41bd",sexual_harassment,Individual,Low,0.81,kannada
"guys, why do you keep noticing when i am active",stalking,gender,medium,0.62,english
"Axvrhz, ava body bagge a tara mata beda, group nalli idu sari alla. #341d",sexual_harassment,Individual,Medium,0.55,kannada
"network sakkath slow ide, once repeat maadu. #a996",neutral,Group,Low,0.0,kannada
this chat is mentally draining - just my opinion.,toxicity,group,medium,0.5,english
"5 nimisha nalli join agthini, swalpa wait maadu. #bdb8",neutral,Group,Low,0.0,kannada
Can someone share the notes please 📝,neutral,individual,low,0.0,emoji
"gang, plan ge ivananna invite madbeda besseru, ivan illaadre better ansta. #25dd",exclusion,Group,Medium,0.22,kannada
"People are tired of your lame attitude, Gwwcirslh. #a319",harassment,Individual,medium,0.47,bad_words
"habits, stop getting involved",aggression,personal,medium,0.55,english
"Group nalli ee dove rani attitude beda, Wwf. #1ec9",harassment,Individual,low,0.51,bad_words
"this circle, we didnt include you on purpose",exclusion,group,medium,0.42,english
stop forcing conversation don't you think?,harassment,individual,medium,0.45,english
"Fpt, stop acting like a total bozo every day. #5e85",insult,Individual,medium,0.72,bad_words
I just wanted to say this group is too negative right now.,toxicity,individual,medium,0.5,codemix
"Yzufomfsf, nee yen use illa ninna jothe re. #3832",insult,Individual,High,0.38,kannada
better nin illade nadithivi right now.,exclusion,individual,medium,0.42,codemix
"Ysbyfhf, ivattu full keiyanna maga mode nalli idiya. #ccdc",harassment,Individual,high,0.81,bad_words
"gang, ivnanna group nalli add madbeda, ivan illaadre better ansta. #092e",exclusion,Group,Medium,0.46,kannada
there is too much negativity here,toxicity,individual,medium,0.5,english
i will complain about you sir ge helthini,threat,individual,medium,0.82,codemix
"People are tired of your shag attitude, Upxas. #e743",sexual_harassment,Individual,low,0.35,bad_words
bar bar kelbeda please immediately.,harassment,individual,medium,0.45,codemix
this space is not safe mentally,toxicity,gender,medium,0.5,english
"Zjt, nee tumba disgusting behaviour dude. #53f2",insult,Individual,High,0.4,kannada
"Hey, stop irritating everyone",aggression,individual,high,0.6,english
this place feels unhealthy and everyone agrees.,toxicity,individual,high,0.55,english
"Group nalli ee cry baby attitude beda, Gaeumk. #6810",harassment,Individual,medium,0.56,bad_words
"Just so you know, this environment is really bad so please stop.",toxicity,individual,medium,0.5,codemix
"Aqq, elli hogidaroo ade tara madthiya, complete waste fellow anta feel agutte. #bd22",harassment,Individual,High,0.6,kannada
"Goqur, mundina sari nodu yen agutte anta, swalpa limit nodu yaar. #c535",threat,Individual,High,0.93,kannada
we dont like people like you nin tara beda !!!,hate,individual,medium,0.75,codemix
"whole class, why are you always online when i come",stalking,group,high,0.67,english
yaaru naalege PPT madthare helri. #c41e,neutral,Individual,Low,0.0,kannada
"5 nimisha nalli join agthini, swalpa wait maadu. #2b12",neutral,Individual,Low,0.0,kannada
"People are tired of your shit attitude, Vwas. #1ff9",harassment,Individual,low,0.56,bad_words
"Tywkpolew, nee tumba irritating agthiya re dude. #71da",insult,Individual,Medium,0.17,kannada
your kind spoils the environment don't you think?,hate,individual,medium,0.75,codemix
"Comygzy, nee yavattu serious agalla machaa. #8853",insult,Individual,Low,0.25,kannada
"Nnwgfpvsww, nee total loser tara idiya yaar. #ae95",insult,Individual,High,0.51,kannada
Everyone knows yaake nanna bar bar text madthiya,harassment,individual,medium,0.45,codemix
"Actually, stop tracking my activity ... whatever.",stalking,individual,medium,0.62,english
you always ruin everything nininda problem period.,insult,individual,high,0.35,codemix
"Izfwbliplx, you are such a fucking prick in this group. #a099",sexual_harassment,Individual,high,0.62,bad_words
"Gqcvxzvsah, nanna status na yavaglu check madthiya, idu stalking tara kanstide. #c449",cyberstalking,Individual,Low,0.69,kannada
"Fqejtdc, elli hogidaroo ade tara madthiya, sakkat dumb idiya yaar anta feel agutte. #6697",harassment,Individual,Medium,0.51,kannada
"ninna presentation super aaytu, chennag ide. #0994",neutral,Group,Low,0.02,kannada
"Ninna die behavior nodi everyone frustrate agta idare, Tashmwkam. #0f25",threat,Individual,medium,0.41,bad_words
Everyone knows you are in serious trouble nodu (no offense).,threat,individual,low,0.77,codemix
ivattu assignment submit maadbeku maga. #ca79,neutral,Group,Low,0.0,kannada
"Seriously, dont message me late night nin beka illa",harassment,individual,medium,0.45,codemix
"Ivattu kooda monkey thara tara act madtidya, Txjkyale. #c6c1",insult,Individual,high,0.71,bad_words
"Hey, people like you never change",hate,individual,high,0.8,english
"Stop it, why do you always show up where i am - just my opinion.",stalking,individual,high,0.67,codemix
What time is the assignment due?,neutral,gender,medium,0.02,english
"Bsy, nee tumba singri maga tara idiya maga. #6989",sexual_harassment,Individual,medium,0.52,bad_words
"Mrmby, nee reply nodoke tumba time togondiya re. #3bb6",insult,Individual,Low,0.34,kannada
"review okay aaytu, tension beda. #1129",neutral,Individual,Low,0.0,kannada
Everyone knows this group has become so toxic,toxicity,group,high,0.55,english
"Stop it, you will face consequences ninige problem agutte",threat,individual,medium,0.82,codemix
dont push me beyond my limit serious agthide,threat,individual,medium,0.82,codemix
"People are tired of your arse attitude, Deqj. #8df3",harassment,Individual,low,0.34,bad_words
"Jkgktdpmk, next time barbeku anta helthini, swalpa limit nodu yaar. #6077",threat,Individual,High,0.8,kannada
"marks, back off right now",aggression,academic,medium,0.55,english
"Just so you know, dont annoy me nin irritate madbeda and it's sad.",aggression,individual,medium,0.55,codemix
People like you are disgusting 😬,hate,gender,high,0.85,emoji
Back off now 🦠,aggression,appearance,medium,0.6,emoji
"ninna presentation super aaytu, chennag ide. #0c90",neutral,Unknown,Low,0.0,kannada
"Honestly, dont annoy me",aggression,individual,medium,0.55,english
Why do you keep messaging me 🫥,harassment,individual,medium,0.5,emoji
"Scjdrw, nee full time late bartiya re. #60d0",insult,Individual,Low,0.33,kannada
You keep tracking my activity 🦧,stalking,individual,high,0.8,emoji
"Brz, elli hogidaroo ade tara madthiya, complete waste fellow anta feel agutte. #b96e",harassment,Individual,High,0.7,kannada
"Aqjbdsxni, stop acting like a total queer every day. #85af",insult,Individual,medium,0.35,bad_words
Everyone knows leave me alone seriously,harassment,individual,high,0.5,english
"Xdn, nee yen use illa ninna jothe machaa. #fb1a",insult,Individual,High,0.47,kannada
Your kind is not welcome here 🧨,hate,teacher,high,0.9,emoji
"Actually, stop talking nonsense immediately.",aggression,individual,medium,0.55,english
I think yaake nanna hinde bartiya !!!,harassment,individual,medium,0.45,codemix
Everyone knows this group is too negative,toxicity,individual,medium,0.5,codemix
"network sakkath slow ide, once repeat maadu. #bddb",neutral,Unknown,Low,0.04,kannada
"Vaioz, stop acting like a total bollocks every day. #c886",insult,Individual,medium,0.72,bad_words
"Eey, you are such a nigga in this group. #1716",harassment,Individual,medium,0.61,bad_words
fest practice ge yar yar barthidira. #90b3,neutral,Individual,Low,0.03,kannada
"Pexc, nee reply nodoke tumba time togondiya machaa. #c45f",insult,Individual,Low,0.24,kannada
You are really dumb ⛔,insult,gender,medium,0.3,emoji
"Basically, we already decided without you",exclusion,individual,medium,0.42,english
"gang, plan ge ivananna invite madbeda besseru, ivan illaadre better ansta. #7935",exclusion,Group,Low,0.2,kannada
"Dkgjufldtq, nee tumba sade tara idiya maga. #810c",insult,Individual,high,0.6,bad_words
nee send madida reel super comedy aaytu. #d26b,neutral,Individual,Low,0.0,kannada
"Group nalli a tara dagar baribeda, Jykaxmz. #acab",insult,Individual,medium,0.47,bad_words
"Sheyice, nee tumba dagar tara idiya maga. #a16b",insult,Individual,high,0.58,bad_words
Everyone here is awful 🙅,toxicity,academic,medium,0.4,emoji
"Just so you know, stop chasing me for replies period.",harassment,individual,medium,0.45,english
"In my opinion, this environment is really bad ... whatever.",toxicity,gender,medium,0.5,english
People like you are disgusting 😶,hate,appearance,high,0.85,emoji
"Wdkwzwlbv, yake everywhere message madthiya, idu stalking tara kanstide. #4851",cyberstalking,Individual,Low,0.49,kannada
"Hek, nin ninna thale kettide maga nataka nodakke bore aaytu. #05ec",harassment,Individual,low,0.53,bad_words
"network sakkath slow ide, once repeat maadu. #2887",neutral,Unknown,Low,0.0,kannada
"Listen, remember this moment ninige gothagutte",threat,individual,medium,0.82,codemix
"In my opinion, this place feels suffocating period.",toxicity,individual,medium,0.5,english
"naale 9 gante lab ge bartira, late agbeda. #5cdf",neutral,Group,Low,0.0,kannada
Your kind is not welcome here 💥,hate,unknown,high,0.85,emoji
Good morning everyone 👍,neutral,gender,low,0.0,emoji
Shut up already 🔪,aggression,group,low,0.6,emoji
"naale 9 gante lab ge bartira, late agbeda. #eb21",neutral,Unknown,Low,0.01,kannada
"ninna presentation super aaytu, chennag ide. #63c6",neutral,Group,Low,0.05,kannada
"Epqqwclpq, you are such a bastard in this group. #e8fb",insult,Individual,medium,0.42,bad_words
"Xyi, nee full sexy baby tara behave madthiya. #1bf8",sexual_harassment,Individual,medium,0.41,bad_words
You are not part of this team 💩,exclusion,unknown,high,0.55,emoji
attendance link haakbidu illi. #0e7b,neutral,Unknown,Low,0.0,kannada
stop messaging me yavaglu disturb madthiya and it's sad.,harassment,individual,medium,0.45,codemix
"Qoxzdrbtgh, elli hogidaroo ade tara madthiya, yen use illa ninna jothe anta feel agutte. #bba4",harassment,Individual,High,0.71,kannada
attendance link haakbidu illi. #9c04,neutral,Unknown,Low,0.07,kannada
"This sexy behaviour is not okay, Vdttum. #54fb",sexual_harassment,Individual,medium,0.56,bad_words
"batch, ivananna group inda remove maadona, ivan illaadre better ansta. #4ad2",exclusion,Group,High,0.33,kannada
"ninna presentation super aaytu, chennag ide. #62ca",neutral,Individual,Low,0.0,kannada
"This cockfoam behaviour is not okay, Iaz. #1763",sexual_harassment,Individual,low,0.61,bad_words
"Iwxpaicilo, nee tumba baa, nan tunne nekku tara idiya maga. #6185",harassment,Individual,high,0.45,bad_words
"Basically, bar bar kelbeda please - just my opinion.",harassment,individual,medium,0.45,codemix
"This go to hell behaviour is not okay, Swxihvbm. #5a7b",harassment,Individual,low,0.61,bad_words
i will complain about you sir ge helthini (no offense).,threat,individual,low,0.77,codemix
"Honestly, your type should not be here",hate,individual,medium,0.75,codemix
"Npm, nee sakkat dumb idiya yaar machaa. #d503",insult,Individual,Medium,0.43,kannada
"Zcngiecfk, yake everywhere message madthiya, idu stalking tara kanstide. #b853",cyberstalking,Individual,Medium,0.61,kannada
You are not part of this team ❄️,exclusion,group,medium,0.45,emoji
It's obvious that stop stalking me nanige beda !!!,stalking,individual,medium,0.62,codemix
"happy birthday, tumba olle varsha agli. #db3b",neutral,Group,Low,0.06,kannada
"To be honest, this place feels suffocating so please stop.",toxicity,individual,medium,0.5,english
Everyone knows stop monitoring what i do for real.,stalking,individual,high,0.67,english
ivattu assignment submit maadbeku maga. #7b9e,neutral,Individual,Low,0.02,kannada
naale extra pen togond baa pls. #e21c,neutral,Unknown,Low,0.02,kannada
"naale 9 gante lab ge bartira, late agbeda. #8700",neutral,Individual,Low,0.0,kannada
"Ojdstcmbk, nodu careful iru, illa problem agutte, swalpa limit nodu yaar. #cf89",threat,Individual,High,0.98,kannada
"Sqgmyfbo, mundina sari nodu yen agutte anta, swalpa limit nodu yaar. #b6d6",threat,Individual,High,0.74,kannada
naale 4gante canteen nalli meet aagona. #e537,neutral,Individual,Low,0.03,kannada
Get lost 🚫,aggression,group,low,0.55,emoji
"Bhtsk, nee tumba dagara tara idiya maga. #c5b1",insult,Individual,high,0.49,bad_words
dont involve yourself nin beka illa for sure.,exclusion,individual,medium,0.42,codemix
"Qgmhehdvc, you are such a son of bitch in this group. #82d5",insult,Individual,high,0.57,bad_words
Wait and see what happens to you 📸,threat,gender,high,0.95,emoji
"Look, this is your last warning !!!",threat,appearance,medium,0.82,english
"Actually, this is your last warning",threat,individual,medium,0.82,english
dont message me late night,harassment,individual,medium,0.45,english
are you mad or what ninige artha illa for real.,insult,individual,medium,0.3,codemix
"network sakkath slow ide, once repeat maadu. #e9d3",neutral,Individual,Low,0.0,kannada
You will regret this ☠️,threat,individual,high,1.0,emoji
"Bkqylmjh, ivattu full sucide madthiya maga mode nalli idiya. #2fbf",threat,Individual,low,0.48,bad_words
"gang, ivnanna group nalli add madbeda, ivan illaadre better ansta. #a7c0",exclusion,Group,High,0.53,kannada
"Stop it, yaake nanna follow madthiya everywhere",harassment,individual,medium,0.45,codemix
"Basically, shut up now sumne iru right now.",aggression,individual,medium,0.55,codemix
Stop texting me again and again 🤚,harassment,individual,medium,0.5,emoji
Your kind is not welcome here 🐋,hate,gender,high,0.85,emoji
"naale 9 gante lab ge bartira, late agbeda. #7a8f",neutral,Unknown,Low,0.04,kannada
"Hey, you sound really stupid nin mathu nodi without a doubt.",insult,individual,medium,0.3,codemix
I just wanted to say this group is too negative,toxicity,group,medium,0.5,english
"Seriously, this group has become so toxic ... whatever.",toxicity,group,high,0.55,english
ninige simple vishaya kuda artha agalla ... whatever.,insult,individual,medium,0.3,codemix
dont poke your nose don't you think?,aggression,individual,medium,0.55,english
"Xtxt, nee tumba keiya tara idiya maga. #9f1e",harassment,Individual,medium,0.67,bad_words
ivattu class full bore aaytu. #e4d6,neutral,Individual,Low,0.0,kannada
You never understand anything ❌,insult,individual,low,0.25,emoji
"Hey, nin message inda tension agthide",harassment,individual,medium,0.45,codemix
attendance link haakbidu illi. #df1d,neutral,Unknown,Low,0.0,kannada
"Lvvicm, elli hogidaroo ade tara madthiya, useless tara behave madthiya anta feel agutte. #2285",harassment,Individual,High,0.48,kannada
"Seriously, dont interfere in this nin barbeda",aggression,individual,medium,0.55,codemix
"test, why are you always online when i come",stalking,academic,high,0.67,english
people like you should stay away so please stop.,hate,individual,medium,0.75,english
people here are very problematic immediately.,toxicity,group,medium,0.5,english
just wait and watch for real.,threat,individual,medium,0.82,english
"Only a fair suck of the sav will spam the group like you, Wgumgwy. #9bab",harassment,Individual,low,0.6,bad_words
"Hey, you are useless nin work sari illa",insult,individual,medium,0.3,codemix
"Oxgfb, sir ge complaint haakthini nodu, swalpa limit nodu yaar. #3692",threat,Individual,High,1.0,kannada
"Ivattu kooda fake character tara act madtidya, Mmsxtldtg. #91e0",harassment,Individual,low,0.5,bad_words
"Vzhzbwe, yake everywhere message madthiya, idu stalking tara kanstide. #debf",cyberstalking,Individual,Medium,0.68,kannada
"Bljknhulyz, yaaru kuda ninna sucide nature ishta padalla. #0c76",threat,Individual,high,0.4,bad_words
"Yella dina dagar tara mathadbeda, Vsxhoqa. #0184",insult,Individual,high,0.8,bad_words
"Cjmhgmdd, nee full sexy baby tara behave madthiya. #6a95",sexual_harassment,Individual,high,0.61,bad_words
"Look, this group makes me uncomfortable and it's annoying.",toxicity,group,medium,0.5,english
"male students, i told you already dont text me",harassment,gender,medium,0.45,english
"Voxvxke, sir ge complaint haakthini nodu, swalpa limit nodu yaar. #b14c",threat,Individual,High,0.9,kannada
Good morning everyone.,neutral,unknown,high,0.07,english
Shut up already 🗡️,aggression,group,medium,0.6,emoji
"women, you sound really stupid",insult,gender,medium,0.3,english
dont annoy me nin irritate madbeda so please stop.,aggression,individual,medium,0.55,codemix
"mentality, why are you so slow",insult,gender,medium,0.3,english
"Bqfmtpzdyq, prati dina reason illade ping madbedi, idu stalking tara kanstide. #b272",cyberstalking,Individual,Medium,0.47,kannada
"Qdmjam, yaaru kuda ninna haavu bro neenu nature ishta padalla. #175e",harassment,Individual,medium,0.68,bad_words
"Yella dina joker thara tara mathadbeda, Ihtk. #21f3",insult,Individual,low,0.44,bad_words
"Hey, dont keep pinging me for no reason (no offense).",harassment,individual,low,0.4,english
"This choad behaviour is not okay, Hqjs. #816c",insult,Individual,medium,0.46,bad_words
ivattu class full bore aaytu. #7903,neutral,Group,Low,0.0,kannada
ivattu class full bore aaytu. #f6d1,neutral,Group,Low,0.05,kannada
"Bahxnduw, yaaru kuda ninna saayi nature ishta padalla. #cf91",threat,Individual,medium,0.5,bad_words
"People are tired of your shag attitude, Yyllmxeoqx. #6708",sexual_harassment,Individual,high,0.68,bad_words
"Zjyx, stop acting like a total bollocks every day. #b4a1",insult,Individual,high,0.56,bad_words
You keep tracking my activity ❌,stalking,academic,high,0.8,emoji
"Hey, Assignment yavaglu submit madbeku",neutral,unknown,medium,0.02,codemix
"female students, you wont get away with this",threat,gender,medium,0.82,english
you are not required,exclusion,individual,medium,0.42,english
I will report you to the admin 🙄,threat,teacher,high,0.95,emoji
"class grp, plan ge ivananna invite madbeda besseru, ivan illaadre better ansta. #4ea6",exclusion,Group,Low,0.2,kannada
naale 4gante canteen nalli meet aagona. #adad,neutral,Unknown,Low,0.01,kannada
"To be honest, i told you already dont text me",harassment,individual,medium,0.45,english
"female students, mind your own business",aggression,gender,medium,0.55,english
Everyone here is awful 🔪,toxicity,gender,medium,0.45,emoji
"Ckp, nee tumba irritating agthiya re yaar. #465e",insult,Individual,Medium,0.25,kannada
"teacher, back off right now",aggression,teacher,medium,0.55,english
Thanks for sharing the slides. Thanks.,neutral,unknown,medium,0.02,english
nininda headache agthide stop it (no offense).,harassment,individual,low,0.4,codemix
"People are tired of your fuck you attitude, Lacd. #5010",harassment,Individual,low,0.42,bad_words
"Actually, people like you make everything dirty",hate,individual,medium,0.75,english
"Qorwvxhv, nee complete waste fellow dude. #d3cd",insult,Individual,High,0.51,kannada
I think this chat is exhausting full headache !!!,toxicity,individual,medium,0.5,codemix
naale extra pen togond baa pls. #0ac0,neutral,Individual,Low,0.05,kannada
"5 nimisha nalli join agthini, swalpa wait maadu. #bb5d",neutral,Group,Low,0.07,kannada
people like you never change and it's sad.,hate,individual,high,0.8,codemix
"Idcl, stop acting like a total nigga every day. #f599",harassment,Individual,low,0.47,bad_words
"Ksayxcxouv, nee ivattu full lazy mode alli idiya machaa. #d8b5",insult,Individual,Low,0.37,kannada
"Epjtk, nee sakkat dumb idiya yaar machaa. #b002",insult,Individual,Medium,0.26,kannada
we dont need people like you for sure.,hate,individual,medium,0.75,english
"Just so you know, you are so clueless",insult,individual,medium,0.3,english
"Qjuejtk, nee tumba irritating agthiya re yaar. #0c30",insult,Individual,Medium,0.45,kannada
nee send madida reel super comedy aaytu. #7d68,neutral,Unknown,Low,0.06,kannada
"Basically, everyone laughs at you right now.",insult,individual,high,0.35,english
"In my opinion, we already decided nin illade so please stop.",exclusion,individual,medium,0.42,codemix
"Fxvkots, elli hogidaroo ade tara madthiya, tumba disgusting behaviour anta feel agutte. #6f6a",harassment,Individual,High,0.5,kannada
"Ivattu kooda not a loyal tara act madtidya, Dgz. #1409",harassment,Individual,low,0.39,bad_words
why are you always checking my status (no offense).,stalking,social,high,0.67,english
"Seriously, dont push me beyond my limit serious agthide",threat,individual,medium,0.82,codemix
"this class, this group is too negative",toxicity,group,medium,0.5,english
"Just so you know, stay out of my matters nin hogu - just my opinion.",aggression,individual,medium,0.55,codemix
"Actually, dont keep reminding me again and again for sure.",harassment,individual,medium,0.45,english
stop keeping tabs on me and it's sad.,stalking,individual,medium,0.62,codemix
"Stop it, ninige simple vishaya kuda artha agalla",insult,individual,medium,0.3,codemix
"faculty, there is too much negativity here",toxicity,teacher,medium,0.5,english
ivattu assignment submit maadbeku maga. #b3c9,neutral,Individual,Low,0.03,kannada
"Okycaot, nee reply nodoke tumba time togondiya yaar. #f849",insult,Individual,Low,0.16,kannada
ivattu class full bore aaytu. #4e13,neutral,Unknown,Low,0.05,kannada
"Only a piss off will spam the group like you, Iunmyw. #d8a4",harassment,Individual,medium,0.66,bad_words
you are everywhere i go for real.,stalking,individual,medium,0.62,english
ivattu assignment submit maadbeku maga. #3603,neutral,Unknown,Low,0.0,kannada
I just wanted to say you are everywhere i go - just my opinion.,stalking,individual,medium,0.62,english
"study, this place feels unhealthy",toxicity,academic,medium,0.5,english
Everyone knows people like you should stay away,hate,individual,medium,0.75,codemix
"Group nalli a tara soolya baribeda, Amnn. #ba33",harassment,Individual,medium,0.56,bad_words
"People are tired of your cockfoam attitude, Rtup. #e97b",sexual_harassment,Individual,low,0.38,bad_words
"Only a twat face will spam the group like you, Vwfy. #3702",insult,Individual,low,0.65,bad_words
"Uagqqk, nee full time late bartiya dude. #3a35",insult,Individual,Low,0.23,kannada
"Look, you make everything worse !!!",insult,appearance,medium,0.3,english
"Zqkwnnejm, nee class nalli full time joker ne re. #01e4",insult,Individual,Medium,0.32,kannada
exam tumba tough aaytu but somehow aaytu. #8d68,neutral,Unknown,Low,0.05,kannada
"Rbcd, stop acting like a total dick every day. #d380",sexual_harassment,Individual,medium,0.62,bad_words
"habit, stop disturbing me during class",harassment,personal,medium,0.45,english
ivattu class full bore aaytu. #9504,neutral,Unknown,Low,0.0,kannada
"Tnnhotzukq, nee ivattu full lazy mode alli idiya yaar. #caf5",insult,Individual,Low,0.29,kannada
"Only a sex will spam the group like you, Biwdmnviet. #b306",sexual_harassment,Individual,high,0.62,bad_words
"Group nalli ee sexy baby attitude beda, Vpujagahnc. #610b",sexual_harassment,Individual,high,0.75,bad_words
I just wanted to say stop disturbing me nanige shanti beku,harassment,individual,medium,0.45,codemix
"Tqvmbtdsz, nee full time late bartiya yaar. #fc91",insult,Individual,Low,0.35,kannada
Leave me alone already 🔍,harassment,individual,medium,0.5,emoji
yavdru ivattu notes idre send maadu pls. #2d30,neutral,Unknown,Low,0.0,kannada
"Aeiiajzgca, a type jokes swalpa stop maadu, group nalli idu sari alla. #54eb",sexual_harassment,Individual,High,0.85,kannada
"Fiskczgsmt, ivattu full sucide madthiya maga mode nalli idiya. #d4be",threat,Individual,medium,0.48,bad_words
"Group nalli a tara gaandu baribeda, Tplaso. #5a57",insult,Individual,medium,0.72,bad_words
pizza bekka biryani bekka decide maadi. #7b5b,neutral,Individual,Low,0.0,kannada
yaake nanna follow madthiya everywhere without a doubt.,harassment,individual,medium,0.45,codemix
"Look, why do you keep noticing when i am active",stalking,appearance,medium,0.62,english
"Aewnl, nee tumba sede tara idiya maga. #5eb7",insult,Individual,medium,0.59,bad_words
"Vavmcvnsi, ella platform nalli follow madbeda please, idu stalking tara kanstide. #e1c2",cyberstalking,Individual,High,0.85,kannada
"Iwthf, stop acting like a total wanker every day. #20d7",sexual_harassment,Individual,medium,0.65,bad_words
"Bosy, elli hogidaroo ade tara madthiya, tumba disgusting behaviour anta feel agutte. #a245",harassment,Individual,Medium,0.59,kannada
"nature, we already decided without you",exclusion,personal,medium,0.42,english
remember this moment immediately.,threat,gender,medium,0.82,english
ninne function photos share maadu. #aaae,neutral,Unknown,Low,0.0,kannada
"ninna presentation super aaytu, chennag ide. #cbb7",neutral,Individual,Low,0.0,kannada
dont test my patience period.,threat,academic,medium,0.82,english
"Just so you know, this group is too negative",toxicity,individual,medium,0.5,codemix
"People are tired of your cock-socker attitude, Ytbyuz. #8a9a",sexual_harassment,Individual,high,0.8,bad_words
Nobody wants you here 🦍,exclusion,teacher,high,0.55,emoji
"ninna presentation super aaytu, chennag ide. #c616",neutral,Unknown,Low,0.0,kannada
"People are tired of your naked attitude, Cfljv. #03fd",sexual_harassment,Individual,medium,0.4,bad_words
"Owzeizyv, nee full time late bartiya machaa. #4248",insult,Individual,Low,0.15,kannada
"Group nalli a tara keiya maga baribeda, Eakhdro. #0bfa",harassment,Individual,medium,0.66,bad_words
"Rzjxhybp, you are such a dirty fellow in this group. #be25",insult,Individual,medium,0.62,bad_words
"Ixnxvcfvm, nee reply nodoke tumba time togondiya yaar. #61bb",insult,Individual,Low,0.3,kannada
You are not part of this team ⚠️,exclusion,gender,medium,0.45,emoji
"Widbccsxiy, nee class nalli full time joker ne dude. #dd40",insult,Individual,Medium,0.32,kannada
stop forcing conversation - just my opinion.,harassment,individual,medium,0.45,english
"ninna presentation super aaytu, chennag ide. #3300",neutral,Unknown,Low,0.01,kannada
Your kind is not welcome here 🎥,hate,academic,high,0.85,emoji
pizza bekka biryani bekka decide maadi. #08a3,neutral,Individual,Low,0.07,kannada
project help madidakke thanks maga. #b760,neutral,Unknown,Low,0.01,kannada
Nobody wants you here 🦛,exclusion,unknown,high,0.55,emoji
yaaru naalege PPT madthare helri. #dcee,neutral,Unknown,Low,0.02,kannada
"Pgbrjrjw, nin not a loyal maga nataka nodakke bore aaytu. #08ef",harassment,Individual,medium,0.52,bad_words
"class grp, chat nalli ivnanna ide irboda anta ansta, ivan illaadre better ansta. #2d1d",exclusion,Group,Low,0.21,kannada
"network sakkath slow ide, once repeat maadu. #cf6d",neutral,Group,Low,0.04,kannada
"This dirty fellow behaviour is not okay, Wvavqnqfl. #66f4",insult,Individual,medium,0.4,bad_words
"Ninna monkey thara behavior nodi everyone frustrate agta idare, Psir. #259b",insult,Individual,high,0.61,bad_words
"People are tired of your bugger attitude, Iiqhtaxsuy. #69de",sexual_harassment,Individual,low,0.63,bad_words
"Xykzsivaa, yake everywhere message madthiya, idu stalking tara kanstide. #f0d0",cyberstalking,Individual,Medium,0.5,kannada
"naale 9 gante lab ge bartira, late agbeda. #d6d1",neutral,Unknown,Low,0.0,kannada
why are you so behind me for sure.,harassment,individual,medium,0.45,english
"Hvjbqg, nanna status na yavaglu check madthiya, idu stalking tara kanstide. #a1da",cyberstalking,Individual,High,0.66,kannada
"guys, plan ge ivananna invite madbeda besseru, ivan illaadre better ansta. #da24",exclusion,Group,Medium,0.24,kannada
"Kxdmo, you are such a cock-socker in this group. #9ace",sexual_harassment,Individual,medium,0.58,bad_words
"This asshole behaviour is not okay, Rtcvj. #d6c0",insult,Individual,medium,0.6,bad_words
"Look, we dont need people like you don't you think?",hate,appearance,medium,0.75,english
"Yella dina sooley maga tara mathadbeda, Wgqtcoyndz. #134e",insult,Individual,medium,0.35,bad_words
"Listen, yaake nanna hinde bartiya elladalli for sure.",harassment,individual,medium,0.45,codemix
attendance link haakbidu illi. #c76b,neutral,Unknown,Low,0.0,kannada
You will regret this 🤣,threat,gender,high,0.95,emoji
"ninna presentation super aaytu, chennag ide. #9b9a",neutral,Individual,Low,0.0,kannada
"Ljjvzw, elli hogidaroo ade tara madthiya, class nalli full time joker ne anta feel agutte. #d8f7",harassment,Individual,Medium,0.76,kannada
"Lfvbf, nee reply nodoke tumba time togondiya re. #be4b",insult,Individual,Low,0.29,kannada
mind your own business nin work nodko for sure.,aggression,individual,medium,0.55,codemix
"Actually, this chat is very unhealthy (no offense).",toxicity,individual,low,0.45,codemix
"Yella dina dove rani maga tara mathadbeda, Zpr. #8ad3",harassment,Individual,medium,0.66,bad_words
"Kbtjkjrmus, ivattu full hucchadanthe mode nalli idiya. #244b",insult,Individual,low,0.63,bad_words
"This lesbian behaviour is not okay, Liydmorra. #fc7c",insult,Individual,medium,0.71,bad_words
"Hlbzmicni, ivattu full sexy baby maga mode nalli idiya. #ed91",sexual_harassment,Individual,low,0.59,bad_words
Get lost 🐮,aggression,group,low,0.55,emoji
"Basically, this chat is mentally draining thale noovu",toxicity,individual,medium,0.5,codemix
"thinking, dont keep asking the same thing",harassment,appearance,medium,0.45,english
"happy birthday, tumba olle varsha agli. #6068",neutral,Group,Low,0.0,kannada
Get lost 💔,aggression,teacher,low,0.55,emoji
"Listen, ninige maturity illa grow up and it's sad.",insult,individual,medium,0.3,codemix
I just wanted to say you sound really stupid nin mathu nodi for sure.,insult,individual,medium,0.3,codemix
"Ninna dove rani behavior nodi everyone frustrate agta idare, Fobismpw. #97ce",harassment,Individual,high,0.43,bad_words
"Ninna idiot thara behavior nodi everyone frustrate agta idare, Erkqdufz. #e23d",insult,Individual,high,0.56,bad_words
"Look, why do you keep calling me right now.",harassment,appearance,medium,0.45,english
weekend ge yava movie nodona. #a86b,neutral,Group,Low,0.0,kannada
"review okay aaytu, tension beda. #cd7e",neutral,Group,Low,0.01,kannada
ivattu class full bore aaytu. #f664,neutral,Unknown,Low,0.0,kannada
yavdru ivattu notes idre send maadu pls. #3c3f,neutral,Unknown,Low,0.01,kannada
"Uzjj, elli hogidaroo ade tara madthiya, complete waste fellow anta feel agutte. #b48f",harassment,Individual,Medium,0.45,kannada
"Kuycnm, nee total loser tara idiya yaar. #845b",insult,Individual,High,0.42,kannada
"seen, keep quiet please",aggression,social,medium,0.55,english
"Lhtboqty, ivattu full nimavvan mode nalli idiya. #1956",harassment,Individual,medium,0.51,bad_words
this group is full of drama (no offense).,toxicity,group,low,0.45,english
"Listen, people like you should stay away",hate,individual,medium,0.75,codemix
this chat is exhausting immediately.,toxicity,group,medium,0.5,english
"Honestly, stop stalking me",stalking,individual,medium,0.62,english
"5 nimisha nalli join agthini, swalpa wait maadu. #5695",neutral,Individual,Low,0.01,kannada
"team, ivnanna group nalli add madbeda, ivan illaadre better ansta. #f6b1",exclusion,Group,Low,0.27,kannada
"Cdtqz, you are such a asswipe in this group. #8c6a",insult,Individual,medium,0.41,bad_words
"entire group, we dont need people like you",hate,group,medium,0.75,english
"dress, you are done now",threat,appearance,medium,0.82,english
people like you yavaglu problem - just my opinion.,hate,individual,medium,0.75,codemix
"Fexslrdv, yaaru kuda ninna sakath body nature ishta padalla. #261c",harassment,Individual,medium,0.62,bad_words
"Nrcymr, nee tumba irritating agthiya re re. #c1d4",insult,Individual,Medium,0.28,kannada
pizza bekka biryani bekka decide maadi. #799a,neutral,Group,Low,0.06,kannada
"ninna presentation super aaytu, chennag ide. #7f04",neutral,Unknown,Low,0.0,kannada
This group is so toxic 🌑,toxicity,individual,low,0.35,emoji
"Nui, nin nim amman nataka nodakke bore aaytu. #c520",harassment,Individual,low,0.42,bad_words
"Vqrzg, nee ivattu full lazy mode alli idiya dude. #b0f1",insult,Individual,Low,0.24,kannada
this is your last warning nodko (no offense).,threat,individual,low,0.77,codemix
"Look, your kind spoils the environment",hate,individual,medium,0.75,codemix
"Hyftkmdu, nee useless tara behave madthiya dude. #635a",insult,Individual,Medium,0.2,kannada
"Bphhx, you are such a bitch in this group. #b432",insult,Individual,medium,0.5,bad_words
"Honestly, you wont get away with this",threat,individual,medium,0.82,english
pizza bekka biryani bekka decide maadi. #1bf6,neutral,Group,Low,0.0,kannada
"Mbkkibxq, stop acting like a total damn every day. #cdfa",insult,Individual,medium,0.58,bad_words
"Tnn, ella platform nalli follow madbeda please, idu stalking tara kanstide. #29e0",cyberstalking,Individual,Medium,0.55,kannada
"network sakkath slow ide, once repeat maadu. #d240",neutral,Unknown,Low,0.02,kannada
you never get anything right and everyone agrees.,insult,individual,high,0.35,english
naale 4gante canteen nalli meet aagona. #a149,neutral,Group,Low,0.0,kannada
"naale 9 gante lab ge bartira, late agbeda. #62aa",neutral,Individual,Low,0.0,kannada
Shut up already 🤨,aggression,individual,low,0.55,emoji
dont annoy me nin irritate madbeda (no offense).,aggression,individual,low,0.5,codemix
"Ninna die behavior nodi everyone frustrate agta idare, Grpxuumyz. #b364",threat,Individual,medium,0.62,bad_words
"Qxgin, nee yavattu serious agalla re. #fbac",insult,Individual,Low,0.1,kannada
Leave me alone already 👎,harassment,gender,medium,0.5,emoji
"network sakkath slow ide, once repeat maadu. #2f1e",neutral,Group,Low,0.02,kannada
why do you remember my timings ninige ella gothu,stalking,individual,medium,0.62,codemix
"Atbrbvl, yake everywhere message madthiya, idu stalking tara kanstide. #e69e",cyberstalking,Individual,High,0.67,kannada
"review okay aaytu, tension beda. #cd58",neutral,Group,Low,0.0,kannada
exam tumba tough aaytu but somehow aaytu. #07e1,neutral,Individual,Low,0.05,kannada
project help madidakke thanks maga. #2b23,neutral,Individual,Low,0.0,kannada
I think dont follow up again please right now.,harassment,individual,medium,0.45,english
"Vxmscvetqg, ivattu full ninna ammanakeya mode nalli idiya. #5ebd",sexual_harassment,Individual,high,0.57,bad_words
"happy birthday, tumba olle varsha agli. #4392",neutral,Unknown,Low,0.02,kannada
"Usiegsjgr, ella platform nalli follow madbeda please, idu stalking tara kanstide. #1f5e",cyberstalking,Individual,High,0.66,kannada
"Errgi, elli hogidaroo ade tara madthiya, class nalli full time joker ne anta feel agutte. #ef88",harassment,Individual,Medium,0.35,kannada
"Stop it, ninige common sense illa and everyone agrees.",insult,individual,high,0.35,codemix
"Look, dont interfere in this nin barbeda",aggression,individual,medium,0.55,codemix
"In my opinion, there is too much negativity here",toxicity,individual,medium,0.5,codemix
"Hlnfqyca, nin not a loyal nataka nodakke bore aaytu. #0c12",harassment,Individual,high,0.76,bad_words
"Cadwzphs, nee ivattu full lazy mode alli idiya dude. #2fac",insult,Individual,Low,0.29,kannada
dont involve yourself here and it's sad.,exclusion,individual,medium,0.42,english
"Xbpyfokba, yaaru kuda ninna monkey thara nature ishta padalla. #48d4",insult,Individual,medium,0.39,bad_words
Shut up already 😹,aggression,gender,low,0.55,emoji
you are acting childish,insult,individual,medium,0.3,english
pizza bekka biryani bekka decide maadi. #ea72,neutral,Group,Low,0.03,kannada
"Epkha, sir ge complaint haakthini nodu, swalpa limit nodu yaar. #a909",threat,Individual,High,0.76,kannada
"ninna presentation super aaytu, chennag ide. #4995",neutral,Individual,Low,0.0,kannada
yaaru naalege PPT madthare helri. #7732,neutral,Group,Low,0.03,kannada
exam tumba tough aaytu but somehow aaytu. #ccca,neutral,Individual,Low,0.01,kannada
"team, ivnanna group nalli add madbeda, ivan illaadre better ansta. #faee",exclusion,Group,Low,0.37,kannada
Everyone knows i cant stand people like you,hate,individual,high,0.8,english
Everyone knows dont annoy me nin irritate madbeda right now.,aggression,individual,medium,0.55,codemix
ninige simple vishaya kuda artha agalla for sure.,insult,individual,medium,0.3,codemix
"naale 9 gante lab ge bartira, late agbeda. #086f",neutral,Group,Low,0.02,kannada
attendance link haakbidu illi. #7fa9,neutral,Unknown,Low,0.0,kannada
"Stop it, mind your own business nin work nodko ... whatever.",aggression,individual,medium,0.55,codemix
why are you always checking my status nin yaake nodthiya (no offense).,stalking,individual,high,0.67,codemix
ivattu assignment submit maadbeku maga. #19f3,neutral,Group,Low,0.0,kannada
Back off now 🕸️,aggression,appearance,medium,0.6,emoji
People like you are disgusting 🕷️,hate,teacher,high,0.85,emoji
This group is so toxic 💀,toxicity,unknown,medium,0.45,emoji
"Listen, this chat is mentally draining thale noovu",toxicity,individual,medium,0.5,codemix
"Etaqspyew, nin soolya nataka nodakke bore aaytu. #d2de",harassment,Individual,medium,0.63,bad_words
Why are you always watching me 🚨,stalking,unknown,high,0.8,emoji
Why are you always watching me 🐘,stalking,teacher,high,0.8,emoji
"Uwptyx, you are such a sexy in this group. #e39f",sexual_harassment,Individual,high,0.57,bad_words
You will regret this 🦛,threat,group,high,0.95,emoji
"In my opinion, keep quiet please",aggression,individual,medium,0.55,english
"happy birthday, tumba olle varsha agli. #9897",neutral,Group,Low,0.03,kannada
"Epe, ella platform nalli follow madbeda please, idu stalking tara kanstide. #0228",cyberstalking,Individual,Low,0.69,kannada
dont keep reminding me again and again immediately.,harassment,individual,medium,0.45,english
pizza bekka biryani bekka decide maadi. #58c8,neutral,Individual,Low,0.02,kannada
weekend ge yava movie nodona. #27e0,neutral,Individual,Low,0.0,kannada
Why do you keep messaging me 😏,harassment,unknown,high,0.6,emoji
"Ljtrgno, elli hogidaroo ade tara madthiya, tumba disgusting behaviour anta feel agutte. #0df4",harassment,Individual,Medium,0.74,kannada
"Actually, this will not end well for you ninige sari illa agutte right now.",threat,individual,medium,0.82,codemix
Good morning everyone 🙌,neutral,group,low,0.0,emoji
project help madidakke thanks maga. #d100,neutral,Group,Low,0.03,kannada
Your kind is not welcome here 🐘,hate,individual,high,0.85,emoji
"To be honest, why are you so behind me ... whatever.",harassment,individual,medium,0.45,english
"Just so you know, yaake nanna bar bar text madthiya so please stop.",harassment,individual,medium,0.45,codemix
dont cross the line and it's annoying.,aggression,individual,medium,0.55,english
"Eolt, ava body bagge a tara mata beda, group nalli idu sari alla. #3bf1",sexual_harassment,Individual,Medium,0.93,kannada
"Group nalli ee saayi attitude beda, Ezufv. #0330",threat,Individual,medium,0.47,bad_words
exam tumba tough aaytu but somehow aaytu. #f96a,neutral,Group,Low,0.0,kannada
"Ninna saayi behavior nodi everyone frustrate agta idare, Zaltrrnsul. #4980",threat,Individual,medium,0.73,bad_words
"Ynha, nee full monkey thara tara behave madthiya. #cfa0",insult,Individual,medium,0.59,bad_words
yaake nanna hinde bartiya elladalli for real.,harassment,individual,medium,0.45,codemix
I just wanted to say this group makes me uncomfortable for sure.,toxicity,group,medium,0.5,english
"team, chat nalli ivnanna ide irboda anta ansta, ivan illaadre better ansta. #d53f",exclusion,Group,Medium,0.37,kannada
"Bxvdijc, nee yavattu serious agalla re. #0350",insult,Individual,Low,0.15,kannada
"Wccpbg, nee yen use illa ninna jothe yaar. #3d33",insult,Individual,High,0.43,kannada
People like you are disgusting 🕵️,hate,appearance,high,0.85,emoji
shut up now sumne iru !!!,aggression,individual,medium,0.55,codemix
project help madidakke thanks maga. #7db2,neutral,Unknown,Low,0.02,kannada
"Just so you know, this chat is exhausting right now.",toxicity,group,medium,0.5,english
"Yella dina bosodike tara mathadbeda, Rsno. #11fc",insult,Individual,medium,0.75,bad_words
"review okay aaytu, tension beda. #c65f",neutral,Individual,Low,0.0,kannada
"Just so you know, you make everything worse and it's sad.",insult,individual,medium,0.3,english
ivattu assignment submit maadbeku maga. #cb59,neutral,Unknown,Low,0.0,kannada
"Aycafmu, prati dina reason illade ping madbedi, idu stalking tara kanstide. #3194",cyberstalking,Individual,High,0.52,kannada
"Acfbix, elli hogidaroo ade tara madthiya, class nalli full time joker ne anta feel agutte. #9117",harassment,Individual,High,0.59,kannada
People like you are disgusting 🚫,hate,gender,high,0.85,emoji
project help madidakke thanks maga. #5b38,neutral,Group,Low,0.0,kannada
ivattu class full bore aaytu. #483f,neutral,Unknown,Low,0.0,kannada
"Just so you know, why do you keep observing me",stalking,individual,medium,0.62,english
"principal, this space is not safe mentally",toxicity,teacher,medium,0.5,english
"Rrb, elli hogidaroo ade tara madthiya, yen use illa ninna jothe anta feel agutte. #6ffb",harassment,Individual,Low,0.36,kannada
exam tumba tough aaytu but somehow aaytu. #38c8,neutral,Unknown,Low,0.0,kannada
"People are tired of your arse attitude, Dbo. #c306",harassment,Individual,medium,0.72,bad_words
"ninna presentation super aaytu, chennag ide. #0ca9",neutral,Unknown,Low,0.0,kannada
"Zooqdch, stop acting like a total fag every day. #8bcd",insult,Individual,medium,0.46,bad_words
"Nzh, nin hucchadana nataka nodakke bore aaytu. #24ee",insult,Individual,low,0.44,bad_words
"Ivattu kooda joker thara tara act madtidya, Ectxmsfsjp. #9f10",insult,Individual,low,0.46,bad_words
"Listen, this is embarrassing",insult,individual,medium,0.3,english
You never understand anything 🤚,insult,group,low,0.25,emoji
Everyone knows your kind is not welcome here,hate,individual,medium,0.75,codemix
"online, dont overdo it",aggression,social,medium,0.55,english
It's obvious that dont poke your nose nin business beda and it's sad.,aggression,individual,medium,0.55,codemix
"Stop it, i told you already dont text me",harassment,individual,medium,0.45,english
why are you watching me silently and it's sad.,stalking,individual,medium,0.62,english
"guys, chat nalli ivnanna ide irboda anta ansta, ivan illaadre better ansta. #c433",exclusion,Group,Low,0.27,kannada
"Seriously, this group has become so toxic ella negative agide",toxicity,individual,medium,0.5,codemix
attendance link haakbidu illi. #3866,neutral,Unknown,Low,0.01,kannada
"In my opinion, are you mad or what ninige artha illa ... whatever.",insult,individual,medium,0.3,codemix
"naale 9 gante lab ge bartira, late agbeda. #acc1",neutral,Individual,Low,0.01,kannada
why are you always behind me immediately.,stalking,individual,high,0.67,english
attendance link haakbidu illi. #5d7d,neutral,Individual,Low,0.02,kannada
why do you follow everything i do (no offense).,stalking,individual,low,0.57,codemix
dont start with me nin beka illa and it's sad.,aggression,individual,medium,0.55,codemix
you will face consequences ninige problem agutte ... whatever.,threat,individual,medium,0.82,codemix
"Olumwnjqk, nin ninna ammanakeya maga nataka nodakke bore aaytu. #12dc",sexual_harassment,Individual,medium,0.38,bad_words
"This bozo behaviour is not okay, Kwyvwpmls. #af00",insult,Individual,low,0.39,bad_words
attendance link haakbidu illi. #d73a,neutral,Unknown,Low,0.01,kannada
your type always ruins things nin tara jana beda and everyone agrees.,hate,individual,high,0.8,codemix
why are you always online when i come ninige gothagthide - just my opinion.,stalking,individual,high,0.67,codemix
"Listen, stop disturbing me during class",harassment,individual,medium,0.45,english
"Lpahtwhi, nee full time late bartiya re. #f4e0",insult,Individual,Low,0.39,kannada
Back off now 🎥,aggression,appearance,medium,0.6,emoji
naale 4gante canteen nalli meet aagona. #c47c,neutral,Unknown,Low,0.05,kannada
"Nsczeuzgpp, nee full time late bartiya re. #f43e",insult,Individual,Low,0.26,kannada
"Actually, better nin illade nadithivi",exclusion,individual,medium,0.42,codemix
"Group nalli a tara bosodike baribeda, Hexpl. #ee38",insult,Individual,medium,0.65,bad_words
"behavior, dont keep asking the same thing",harassment,appearance,medium,0.45,english
"Basically, you are not smart enough for this",insult,individual,medium,0.3,english
You keep tracking my activity 👀,stalking,individual,high,0.8,emoji
"Honestly, you always ruin everything nininda problem",insult,individual,high,0.35,codemix
"People are tired of your cock-socker attitude, Zrspt. #fe4f",sexual_harassment,Individual,medium,0.55,bad_words
"Hnytpbdvnq, mundina sari nodu yen agutte anta, swalpa limit nodu yaar. #1888",threat,Individual,Medium,0.73,kannada
"Hezbb, nee ivattu full lazy mode alli idiya re. #971d",insult,Individual,Low,0.25,kannada
"Seriously, neenu full dumb yaake heege and it's sad.",insult,individual,medium,0.3,codemix
"Listen, nin illade nav decide madidvi for real.",exclusion,individual,medium,0.42,codemix
"Basically, people like you make everything dirty for sure.",hate,individual,medium,0.75,english
"naale 9 gante lab ge bartira, late agbeda. #a3a9",neutral,Individual,Low,0.0,kannada
"Seriously, this chat ruins my mood (no offense).",toxicity,individual,low,0.45,codemix
Nice explanation today 📝,neutral,group,low,0.0,emoji
project help madidakke thanks maga. #a818,neutral,Group,Low,0.04,kannada
"Basically, why are you watching me silently",stalking,individual,medium,0.62,codemix
That was a stupid answer 🪳,insult,teacher,medium,0.3,emoji
Everyone knows your type always ruins things nin tara jana beda,hate,individual,high,0.8,codemix
"Honestly, nin iddare problem agthide",exclusion,individual,medium,0.42,codemix
"story, dont keep reminding me again and again",harassment,social,medium,0.45,english
this group is not for you ... whatever.,exclusion,group,medium,0.42,english
"Srefkq, elli hogidaroo ade tara madthiya, class nalli full time joker ne anta feel agutte. #bd04",harassment,Individual,Low,0.5,kannada
stop getting involved nin barbeda !!!,aggression,individual,medium,0.55,codemix
"In my opinion, no need for you nin beka illa",exclusion,individual,medium,0.42,codemix
"Pqsxtvphw, nee sakkat dumb idiya yaar yaar. #eedf",insult,Individual,Medium,0.43,kannada
"guys, plan ge ivananna invite madbeda besseru, ivan illaadre better ansta. #4e9e",exclusion,Group,Medium,0.46,kannada
Leave this group now 🕸️,exclusion,group,high,0.55,emoji
why are you always wrong,insult,individual,high,0.35,english
"Vrdk, stop acting like a total sexy every day. #357f",sexual_harassment,Individual,high,0.44,bad_words
"This twat face behaviour is not okay, Ipdgmklg. #dea8",insult,Individual,medium,0.54,bad_words
you look foolish right now right now.,insult,appearance,medium,0.3,english
nee send madida reel super comedy aaytu. #6557,neutral,Group,Low,0.05,kannada
"Zndadihq, nee tumba irritating agthiya re re. #3a64",insult,Individual,Medium,0.36,kannada
yavdru ivattu notes idre send maadu pls. #74dc,neutral,Unknown,Low,0.04,kannada
"Honestly, nin presence irthare problem only",insult,individual,medium,0.3,codemix
That was a stupid answer 🐘,insult,appearance,low,0.25,emoji
You are really dumb 💢,insult,appearance,medium,0.3,emoji
"Seriously, your kind spoils the environment",hate,individual,medium,0.75,codemix
you cant escape from this,threat,individual,medium,0.82,english
attendance link haakbidu illi. #b238,neutral,Group,Low,0.05,kannada
your kind spoils the environment right now.,hate,individual,medium,0.75,codemix
stay out of my matters nin hogu immediately.,aggression,individual,medium,0.55,codemix
people like you make everything dirty,hate,individual,medium,0.75,english
"Kag, cheap comments madbeda ava bagge, group nalli idu sari alla. #ee82",sexual_harassment,Individual,Medium,0.81,kannada
"Xzlrmqvm, elli hogidaroo ade tara madthiya, total loser tara idiya anta feel agutte. #0102",harassment,Individual,High,0.73,kannada
Did anyone finish the assignment? Thanks.,neutral,gender,medium,0.02,english
"Just so you know, yaake nanna profile daily nodthiya for sure.",stalking,individual,medium,0.62,codemix
You will regret this 🐷,threat,teacher,high,0.95,emoji
"Ybe, mundina sari nodu yen agutte anta, swalpa limit nodu yaar. #a483",threat,Individual,High,0.97,kannada
yavdru ivattu notes idre send maadu pls. #cb35,neutral,Individual,Low,0.0,kannada
"Stop it, mind your own group",exclusion,individual,medium,0.42,english
"happy birthday, tumba olle varsha agli. #ba7e",neutral,Group,Low,0.0,kannada
"Hey, this chat ruins my mood for real.",toxicity,individual,medium,0.5,codemix
Leave me alone already 💥,harassment,individual,high,0.6,emoji
"Ivattu kooda fake character tara act madtidya, Haskbghsv. #e8cf",harassment,Individual,high,0.47,bad_words
You are really dumb 😠,insult,gender,medium,0.3,emoji
You never understand anything 🕸️,insult,gender,low,0.25,emoji
It's obvious that are you seriously this dumb and it's annoying.,insult,individual,high,0.35,english
"Iws, nin tullna keya nataka nodakke bore aaytu. #69f8",sexual_harassment,Individual,high,0.78,bad_words
ninne function photos share maadu. #2a2d,neutral,Group,Low,0.0,kannada
Everyone knows stop tracking my activity nanige gothagthide immediately.,stalking,individual,medium,0.62,codemix
"Ehy, elli hogidaroo ade tara madthiya, tumba disgusting behaviour anta feel agutte. #7598",harassment,Individual,Medium,0.66,kannada
"Luyui, ivattu full haavu bro neenu maga mode nalli idiya. #bb32",harassment,Individual,medium,0.68,bad_words
"Dhfffyvmw, yaaru kuda ninna joker thara nature ishta padalla. #ae28",insult,Individual,high,0.58,bad_words
"Group nalli a tara ninna amma maga baribeda, Lufwo. #a09c",harassment,Individual,low,0.45,bad_words
"Only a lame will spam the group like you, Pzvzfrux. #3a02",harassment,Individual,medium,0.43,bad_words
"guys, ivnanna group nalli add madbeda, ivan illaadre better ansta. #4b72",exclusion,Group,Low,0.26,kannada
"Kmizml, nanna status na yavaglu check madthiya, idu stalking tara kanstide. #019a",cyberstalking,Individual,Medium,0.73,kannada
Stop following me everywhere 🕸️,stalking,individual,high,0.8,emoji
"Qjfvrfjd, nee tumba irritating agthiya re dude. #4241",insult,Individual,Medium,0.31,kannada
"network sakkath slow ide, once repeat maadu. #6358",neutral,Group,Low,0.0,kannada
"Hmybrgoji, nee tumba tullna keya maga tara idiya maga. #6659",sexual_harassment,Individual,medium,0.47,bad_words
I just wanted to say people like you make everything dirty period.,hate,individual,medium,0.75,english
i will expose what you did,threat,individual,medium,0.82,english
nee send madida reel super comedy aaytu. #331f,neutral,Unknown,Low,0.04,kannada
That was a stupid answer 🔴,insult,academic,medium,0.3,emoji
"Ninna cry baby behavior nodi everyone frustrate agta idare, Zeqp. #5d30",harassment,Individual,high,0.41,bad_words
"Frmlcjd, ivattu full sexy bro mode nalli idiya. #5c31",sexual_harassment,Individual,low,0.46,bad_words
"Ympgkoy, elli hogidaroo ade tara madthiya, tumba irritating agthiya re anta feel agutte. #a67f",harassment,Individual,High,0.8,kannada
"test, your kind is not welcome here",hate,academic,medium,0.75,english
"Ppimdwy, nee full dove rani tara behave madthiya. #5170",harassment,Individual,high,0.84,bad_words
this is between us only nin barbeda and everyone agrees.,exclusion,individual,high,0.47,codemix
why are you watching my profile daily and everyone agrees.,stalking,teacher,high,0.67,english
"happy birthday, tumba olle varsha agli. #cbe8",neutral,Group,Low,0.02,kannada
"naale 9 gante lab ge bartira, late agbeda. #a180",neutral,Unknown,Low,0.0,kannada
"you guys, why cant you just stop",harassment,group,medium,0.45,english
ninige buddhi illa seriously - just my opinion.,insult,individual,high,0.35,codemix
Everyone here is awful 😹,toxicity,teacher,medium,0.4,emoji
"This bitch behaviour is not okay, Roeqhchye. #58db",insult,Individual,low,0.66,bad_words
"naale 9 gante lab ge bartira, late agbeda. #6353",neutral,Unknown,Low,0.0,kannada
"Eyggw, you are such a go to hell in this group. #9c3c",harassment,Individual,high,0.83,bad_words
I just wanted to say people like you dont deserve respect !!!,hate,individual,medium,0.75,codemix
Shut up already 🤣,aggression,individual,medium,0.6,emoji
When is the next lab session? Thanks.,neutral,unknown,medium,0.02,english
Everyone knows use your brain swalpa (no offense).,insult,individual,low,0.25,codemix
Leave this group now 🩸,exclusion,unknown,high,0.55,emoji
you will face consequences for this,threat,appearance,medium,0.82,english
go away from here nin hogu don't you think?,aggression,individual,medium,0.55,codemix
"ninna presentation super aaytu, chennag ide. #a1ce",neutral,Unknown,Low,0.04,kannada
"madam, you will pay for what you did",threat,teacher,medium,0.82,english
"Ivattu kooda sexy bro tara act madtidya, Nfjhkslq. #793f",sexual_harassment,Individual,medium,0.44,bad_words
ivattu assignment submit maadbeku maga. #4877,neutral,Group,Low,0.04,kannada
dont cross the line period.,aggression,individual,medium,0.55,english
"In my opinion, bar bar kelbeda please !!!",harassment,individual,medium,0.45,codemix
"Just so you know, i will expose what you did ellargu helthini",threat,individual,medium,0.82,codemix
"class grp, chat nalli ivnanna ide irboda anta ansta, ivan illaadre better ansta. #8658",exclusion,Group,Low,0.33,kannada
shut up now and it's annoying.,aggression,individual,medium,0.55,english
This group is so toxic 🥶,toxicity,academic,medium,0.4,emoji
fest practice ge yar yar barthidira. #218d,neutral,Unknown,Low,0.0,kannada
i will expose what you did immediately.,threat,individual,medium,0.82,english
"Rjfkzh, prati dina reason illade ping madbedi, idu stalking tara kanstide. #3cf6",cyberstalking,Individual,High,0.9,kannada
"People are tired of your ass attitude, Mccgsjlmcr. #e594",harassment,Individual,high,0.73,bad_words
"Just so you know, people like you never change so please stop.",hate,individual,high,0.8,english
"Gwgniip, prati dina reason illade ping madbedi, idu stalking tara kanstide. #5325",cyberstalking,Individual,Medium,0.8,kannada
yavdru ivattu notes idre send maadu pls. #bc75,neutral,Group,Low,0.0,kannada
Everyone here is awful 🕸️,toxicity,teacher,medium,0.4,emoji
"Look, dont cross the line nin limits alli iru",aggression,individual,medium,0.55,codemix
"review okay aaytu, tension beda. #b473",neutral,Individual,Low,0.02,kannada
"Basically, we dont need people like you immediately.",hate,individual,medium,0.75,codemix
"To be honest, this is between us only nin barbeda and it's sad.",exclusion,individual,medium,0.42,codemix
Leave me alone already 📍,harassment,teacher,high,0.6,emoji
"Stop it, better nin illade nadithivi without a doubt.",exclusion,individual,medium,0.42,codemix
"Cnjcajxvq, stop acting like a total sex every day. #4545",sexual_harassment,Individual,high,0.67,bad_words
"Look, mind your own business nin work nodko",aggression,individual,medium,0.55,codemix
i will report this to sir,threat,teacher,medium,0.82,english
"Just so you know, stop disturbing me nanige shanti beku",harassment,individual,medium,0.45,codemix
This group is so toxic 🤨,toxicity,teacher,low,0.35,emoji
naale 4gante canteen nalli meet aagona. #8212,neutral,Group,Low,0.04,kannada
"Yella dina joker thara maga tara mathadbeda, Gyptnq. #f098",insult,Individual,medium,0.39,bad_words
ivattu class full bore aaytu. #633b,neutral,Unknown,Low,0.0,kannada
"Oxsxgzhhhk, nee tumba disgusting behaviour dude. #08c1",insult,Individual,High,0.26,kannada
It's obvious that this chat is mentally draining thale noovu,toxicity,individual,medium,0.5,codemix
"lecturer, stop bothering me about this",harassment,teacher,medium,0.45,english
"unfollow, this is your last warning",threat,social,medium,0.82,english
"This piss off behaviour is not okay, Pncaqczgny. #789c",harassment,Individual,medium,0.64,bad_words
"Actually, keep quiet please - just my opinion.",aggression,individual,medium,0.55,english
"Just so you know, dont keep pinging nanna irritate madthiya right now.",harassment,individual,medium,0.45,codemix
"Hey, leave me alone seriously",harassment,individual,high,0.5,english
It's obvious that dont keep pinging nanna irritate madthiya,harassment,individual,medium,0.45,codemix
"Mwvesfly, sir ge complaint haakthini nodu, swalpa limit nodu yaar. #1af7",threat,Individual,High,1.0,kannada
"Seriously, yaake nanna bar bar text madthiya and everyone agrees.",harassment,individual,high,0.5,codemix
Leave this group now 🔪,exclusion,academic,medium,0.5,emoji
Everyone here is awful 😐,toxicity,individual,medium,0.4,emoji
"In my opinion, this chat is very unhealthy",toxicity,individual,medium,0.5,codemix
"block, we didnt include you on purpose",exclusion,social,medium,0.42,english
"Only a nigger will spam the group like you, Uyqllorca. #d3a5",harassment,Individual,medium,0.58,bad_words
"Only a slut will spam the group like you, Crkjutzto. #df20",sexual_harassment,Individual,high,0.49,bad_words
"happy birthday, tumba olle varsha agli. #55f8",neutral,Individual,Low,0.0,kannada
"habit, better you leave this group",exclusion,group,medium,0.42,english
yavdru ivattu notes idre send maadu pls. #4e1f,neutral,Group,Low,0.0,kannada
I just wanted to say your kind spoils the environment don't you think?,hate,individual,medium,0.75,codemix
"Dvwt, nee full time late bartiya dude. #41e4",insult,Individual,Low,0.2,kannada
"Listen, ninige nanna online time gothu how",stalking,individual,medium,0.62,codemix
"Pza, nee tumba irritating agthiya re re. #9656",insult,Individual,Medium,0.31,kannada
"Laupqimr, ava body bagge a tara mata beda, group nalli idu sari alla. #88d7",sexual_harassment,Individual,High,0.67,kannada
Wait and see what happens to you 🚨,threat,individual,high,0.95,emoji
"story, people like you should stay away",hate,social,medium,0.75,english
Your kind is not welcome here 🖕,hate,gender,high,0.9,emoji
"Nhqdi, nee full saayi tara behave madthiya. #ac46",threat,Individual,medium,0.55,bad_words
You never understand anything 🦧,insult,appearance,low,0.25,emoji
neenu hopeless yaake heege and everyone agrees.,insult,individual,high,0.35,codemix
Leave me alone already 🚪,harassment,teacher,high,0.6,emoji
"Zuq, nee tumba ninna thullu keya tara idiya maga. #7d20",sexual_harassment,Individual,high,0.67,bad_words
"In my opinion, stop disturbing me during class",harassment,individual,medium,0.45,english
"Stop it, why are you messaging me again so please stop.",harassment,individual,medium,0.45,english
weekend ge yava movie nodona. #685a,neutral,Group,Low,0.0,kannada
ninne function photos share maadu. #1ba3,neutral,Individual,Low,0.0,kannada
"Hpwpsdmjds, you are such a fucking prick in this group. #8c89",sexual_harassment,Individual,medium,0.59,bad_words
"Ninna sucide behavior nodi everyone frustrate agta idare, Ffegv. #1237",threat,Individual,low,0.67,bad_words
why do you always show up where i am so please stop.,stalking,individual,high,0.67,english
yaake nanna hinde bartiya period.,harassment,individual,medium,0.45,codemix
"This bitch behaviour is not okay, Oxsjy. #2c3c",insult,Individual,medium,0.36,bad_words
"Eeluinuqx, prati dina reason illade ping madbedi, idu stalking tara kanstide. #f324",cyberstalking,Individual,High,0.86,kannada
you just dont get it ninige artha illa (no offense).,insult,individual,low,0.25,codemix
"naale 9 gante lab ge bartira, late agbeda. #4c64",neutral,Unknown,Low,0.02,kannada
"People are tired of your bollocks attitude, Jzbgihh. #0c50",insult,Individual,high,0.57,bad_words
"Stop it, dont follow up again please immediately.",harassment,individual,medium,0.45,english
yavdru ivattu notes idre send maadu pls. #03b6,neutral,Group,Low,0.03,kannada
"coordinator, this place feels unhealthy",toxicity,teacher,medium,0.5,english
"Loomefhf, yaaru kuda ninna sakath body nature ishta padalla. #33b5",harassment,Individual,high,0.74,bad_words
"Uatggddd, nee full saayi tara behave madthiya. #7801",threat,Individual,low,0.4,bad_words
"Hey, Good morning everyone ellargu",neutral,unknown,high,0.07,codemix
"Basically, this group has become so toxic ella negative agide",toxicity,individual,medium,0.5,codemix
"Ivattu kooda fake character tara act madtidya, Gxwnohjjt. #e9b9",harassment,Individual,medium,0.59,bad_words
"Tlpjvudyfh, stop acting like a total lesbian every day. #9afe",insult,Individual,medium,0.43,bad_words
naale 4gante canteen nalli meet aagona. #fde6,neutral,Individual,Low,0.0,kannada
fest practice ge yar yar barthidira. #690c,neutral,Unknown,Low,0.0,kannada
dont cross the line nin limits alli iru don't you think?,aggression,individual,medium,0.55,codemix
"internals, this chat is very unhealthy",toxicity,group,medium,0.5,english
"Xsicy, nanna status na yavaglu check madthiya, idu stalking tara kanstide. #4923",cyberstalking,Individual,Low,0.46,kannada
"People are tired of your lame attitude, Ixhjs. #a9f8",harassment,Individual,medium,0.65,bad_words
"batch, ivananna group inda remove maadona, ivan illaadre better ansta. #60f7",exclusion,Group,Medium,0.21,kannada
"review okay aaytu, tension beda. #9c19",neutral,Unknown,Low,0.04,kannada
weekend ge yava movie nodona. #1b13,neutral,Individual,Low,0.0,kannada
"Bbgepwmvfq, nee yen use illa ninna jothe yaar. #16cb",insult,Individual,High,0.22,kannada
"Qmex, nee sakkat dumb idiya yaar re. #af22",insult,Individual,Medium,0.26,kannada
"Listen, we already decided without you",exclusion,individual,medium,0.42,english
"Group nalli ee cry baby attitude beda, Cyvwquz. #ffd4",harassment,Individual,high,0.81,bad_words
"naale 9 gante lab ge bartira, late agbeda. #b1f0",neutral,Group,Low,0.05,kannada
"Njpiexnji, nee ivattu full lazy mode alli idiya yaar. #a1c4",insult,Individual,Low,0.2,kannada
"review okay aaytu, tension beda. #8c9d",neutral,Group,Low,0.02,kannada
remember this moment ninige gothagutte !!!,threat,individual,medium,0.82,codemix
"Actually, keep quiet please nin matadbeda period.",aggression,individual,medium,0.55,codemix
this group has become so toxic ella negative agide,toxicity,individual,medium,0.5,codemix
"ninna presentation super aaytu, chennag ide. #866c",neutral,Individual,Low,0.0,kannada
That was a stupid answer 💀,insult,teacher,low,0.3,emoji
"Pfbt, yaaru kuda ninna die nature ishta padalla. #e10b",threat,Individual,medium,0.55,bad_words
"Honestly, go away from here for real.",aggression,individual,medium,0.55,english
nee send madida reel super comedy aaytu. #6231,neutral,Unknown,Low,0.02,kannada
"People are tired of your hell attitude, Svftot. #8f8f",harassment,Individual,high,0.57,bad_words
"Hey, why do you remember my timings ninige ella gothu (no offense).",stalking,individual,low,0.57,codemix
nee send madida reel super comedy aaytu. #3616,neutral,Individual,Low,0.0,kannada
"Rfzq, nee class nalli full time joker ne yaar. #f9d4",insult,Individual,Medium,0.34,kannada
"Oovq, elli hogidaroo ade tara madthiya, tumba irritating agthiya re anta feel agutte. #ed41",harassment,Individual,High,0.48,kannada
"Rhgk, next time barbeku anta helthini, swalpa limit nodu yaar. #ec8e",threat,Individual,High,0.78,kannada
"Ljystpvos, nee reply nodoke tumba time togondiya yaar. #9cd9",insult,Individual,Low,0.3,kannada
"This mother fucker behaviour is not okay, Qwtnkubn. #e60e",insult,Individual,medium,0.59,bad_words
weekend ge yava movie nodona. #b366,neutral,Unknown,Low,0.01,kannada
"Seriously, dont keep reminding me again and again period.",harassment,individual,high,0.5,english
Stop texting me again and again 🧊,harassment,academic,high,0.6,emoji
"5 nimisha nalli join agthini, swalpa wait maadu. #deaf",neutral,Unknown,Low,0.0,kannada
I think you keep irritating me daily ... whatever.,harassment,individual,medium,0.45,english
exam tumba tough aaytu but somehow aaytu. #0377,neutral,Individual,Low,0.02,kannada
dont message me late night nin beka illa immediately.,harassment,individual,medium,0.45,codemix
you mess up everything don't you think?,insult,individual,medium,0.3,english
"In my opinion, we dont like people like you nin tara beda don't you think?",hate,individual,medium,0.75,codemix
"happy birthday, tumba olle varsha agli. #6bb7",neutral,Group,Low,0.0,kannada
"Just so you know, leave me alone seriously for sure.",harassment,individual,high,0.5,english
"habit, i will make sure everyone knows",threat,personal,high,0.87,english
I think we dont want you nin beka illa and it's annoying.,exclusion,individual,medium,0.42,codemix
"ninna presentation super aaytu, chennag ide. #c753",neutral,Unknown,Low,0.0,kannada
"Jkawqlgju, ivattu full ninna thale kettide maga mode nalli idiya. #7bee",harassment,Individual,medium,0.38,bad_words
"Mqz, nee complete waste fellow re. #f612",insult,Individual,High,0.4,kannada
"Bewxifz, a type jokes swalpa stop maadu, group nalli idu sari alla. #1682",sexual_harassment,Individual,High,0.99,kannada
"People are tired of your lesbian attitude, Bntz. #04f0",insult,Individual,medium,0.72,bad_words
"Qdf, elli hogidaroo ade tara madthiya, total loser tara idiya anta feel agutte. #aa40",harassment,Individual,High,0.73,kannada
You are not part of this team 🧊,exclusion,group,high,0.55,emoji
"Cybe, stop acting like a total nigga every day. #2a7c",harassment,Individual,medium,0.74,bad_words
ivattu class full bore aaytu. #ff04,neutral,Unknown,Low,0.04,kannada
weekend ge yava movie nodona. #3beb,neutral,Unknown,Low,0.0,kannada
ninne function photos share maadu. #5a61,neutral,Group,Low,0.0,kannada
"Nfzws, stop acting like a total cock-socker every day. #83d5",sexual_harassment,Individual,low,0.66,bad_words
"Stop it, stop monitoring what i do immediately.",stalking,individual,medium,0.62,english
naale 4gante canteen nalli meet aagona. #c334,neutral,Group,Low,0.0,kannada
"review okay aaytu, tension beda. #44b8",neutral,Unknown,Low,0.05,kannada
"Hey, we dont want you in this discussion",exclusion,individual,medium,0.42,english
"Actually, why are you watching my profile daily - just my opinion.",stalking,teacher,medium,0.62,english
ivattu assignment submit maadbeku maga. #6320,neutral,Group,Low,0.0,kannada
Back off now 😞,aggression,individual,low,0.55,emoji
"Fqfhpx, stop acting like a total hell every day. #9420",harassment,Individual,low,0.32,bad_words
weekend ge yava movie nodona. #66a0,neutral,Unknown,Low,0.0,kannada
"This mother fucker behaviour is not okay, Feutsyaq. #b243",insult,Individual,high,0.78,bad_words
It's obvious that dont think this will go unnoticed immediately.,threat,individual,medium,0.82,codemix
attendance link haakbidu illi. #6ab9,neutral,Individual,Low,0.01,kannada
"happy birthday, tumba olle varsha agli. #9dd7",neutral,Unknown,Low,0.03,kannada
"Honestly, you are everywhere i go nin follow madthiya for sure.",stalking,individual,medium,0.62,codemix
"People are tired of your bloddy hell attitude, Vhqvxhb. #875e",harassment,Individual,low,0.34,bad_words
"Hcazwczr, stop acting like a total crap every day. #e9e6",harassment,Individual,medium,0.54,bad_words
you look foolish right now,insult,appearance,medium,0.3,english
Get lost ❌,aggression,appearance,medium,0.6,emoji
"Hey, why do you follow everything i do so please stop.",stalking,individual,medium,0.62,codemix
"Rjq, stop acting like a total cockfoam every day. #815e",sexual_harassment,Individual,high,0.58,bad_words
"Yella dina saayi madthiya tara mathadbeda, Oxxjklpqvc. #eddb",threat,Individual,high,0.64,bad_words
"Stop it, dont overdo it",aggression,individual,medium,0.55,english
dont poke your nose nin business beda without a doubt.,aggression,individual,medium,0.55,codemix
pizza bekka biryani bekka decide maadi. #0215,neutral,Individual,Low,0.0,kannada
yavdru ivattu notes idre send maadu pls. #abc3,neutral,Individual,Low,0.03,kannada
naale extra pen togond baa pls. #eeae,neutral,Individual,Low,0.0,kannada
yaaru naalege PPT madthare helri. #b0a0,neutral,Group,Low,0.0,kannada
"Ivattu kooda sucide tara act madtidya, Uywoigwphp. #03db",threat,Individual,high,0.82,bad_words
Why are you always watching me 🩸,stalking,gender,high,0.8,emoji
"submission, why do you know when i read messages",stalking,academic,medium,0.62,english
Back off now 🤢,aggression,teacher,low,0.55,emoji
"review okay aaytu, tension beda. #9323",neutral,Unknown,Low,0.04,kannada
"Just so you know, you dont belong in this level ... whatever.",insult,individual,medium,0.3,english
ivattu assignment submit maadbeku maga. #0a29,neutral,Unknown,Low,0.03,kannada
"naale 9 gante lab ge bartira, late agbeda. #a808",neutral,Individual,Low,0.0,kannada
You will regret this 💀,threat,appearance,high,1.0,emoji
"submission, your kind is not welcome here",hate,academic,medium,0.75,english
I think people like you make everything dirty - just my opinion.,hate,individual,medium,0.75,codemix
mind your own business nin work nodko period.,aggression,individual,medium,0.55,codemix
"To be honest, stop messaging me yavaglu disturb madthiya",harassment,individual,medium,0.45,codemix
"Qvx, nee useless tara behave madthiya machaa. #5e11",insult,Individual,Medium,0.26,kannada
"Lzglyz, nee full sexy bro tara behave madthiya. #f011",sexual_harassment,Individual,medium,0.61,bad_words
fest practice ge yar yar barthidira. #e6c0,neutral,Individual,Low,0.0,kannada
"Seriously, stop tracking my activity nanige gothagthide !!!",stalking,individual,medium,0.62,codemix
naale 4gante canteen nalli meet aagona. #ddb9,neutral,Unknown,Low,0.0,kannada
"Zrgb, nee full die tara behave madthiya. #dac3",threat,Individual,medium,0.66,bad_words
"Hey, Can we meet after class?",neutral,unknown,medium,0.02,english
"Zkqijr, nee total loser tara idiya yaar. #b285",insult,Individual,High,0.43,kannada
"Wbesck, nee reply nodoke tumba time togondiya machaa. #97d3",insult,Individual,Low,0.28,kannada
"Hey, why do you keep observing me period.",stalking,individual,medium,0.62,english
ninne function photos share maadu. #d2be,neutral,Unknown,Low,0.0,kannada
I think you are such a burden right now.,insult,individual,medium,0.3,english
keep quiet please and it's sad.,aggression,individual,medium,0.55,english
pizza bekka biryani bekka decide maadi. #0419,neutral,Individual,Low,0.03,kannada
"Aoiehl, nee reply nodoke tumba time togondiya yaar. #54f8",insult,Individual,Low,0.33,kannada
"Actually, mind your own business nin work nodko for sure.",aggression,individual,medium,0.55,codemix
"Yavaoeqq, nee useless tara behave madthiya machaa. #22b3",insult,Individual,Medium,0.39,kannada
Everyone knows you wont get away with this,threat,individual,medium,0.82,codemix
dont poke your nose nin business beda - just my opinion.,aggression,individual,medium,0.55,codemix
nee send madida reel super comedy aaytu. #dc52,neutral,Group,Low,0.02,kannada
"Iprnzqvne, prati dina reason illade ping madbedi, idu stalking tara kanstide. #a515",cyberstalking,Individual,High,0.83,kannada
"Qlhmclhak, sir ge complaint haakthini nodu, swalpa limit nodu yaar. #9d23",threat,Individual,High,1.0,kannada
"happy birthday, tumba olle varsha agli. #d484",neutral,Unknown,Low,0.0,kannada
yaaru naalege PPT madthare helri. #4479,neutral,Group,Low,0.0,kannada
"male students, you cant escape from this",threat,gender,medium,0.82,english
"Qgvbnvurjy, nee full sucide tara behave madthiya. #0da0",threat,Individual,medium,0.47,bad_words
"Otwbv, nee tumba irritating agthiya re machaa. #13e6",insult,Individual,Medium,0.39,kannada
yavdru ivattu notes idre send maadu pls. #5fc9,neutral,Group,Low,0.0,kannada
"happy birthday, tumba olle varsha agli. #b5a8",neutral,Unknown,Low,0.0,kannada
"This bugger behaviour is not okay, Zxdw. #c5e4",insult,Individual,medium,0.44,bad_words
Everyone knows stay in your limits for real.,aggression,individual,high,0.6,english
ivattu class full bore aaytu. #feda,neutral,Individual,Low,0.0,kannada
"ninna presentation super aaytu, chennag ide. #5d35",neutral,Unknown,Low,0.0,kannada
yaaru naalege PPT madthare helri. #9816,neutral,Group,Low,0.0,kannada
"This wanker behaviour is not okay, Wpmwextfaf. #0dd6",sexual_harassment,Individual,medium,0.44,bad_words
weekend ge yava movie nodona. #268f,neutral,Individual,Low,0.0,kannada
"Aun, elli hogidaroo ade tara madthiya, sakkat dumb idiya yaar anta feel agutte. #616d",harassment,Individual,Medium,0.65,kannada
"looks strange, this group is very disturbing",toxicity,group,medium,0.5,english
"Ninna sucide behavior nodi everyone frustrate agta idare, Mqvdgxlz. #ab20",threat,Individual,high,0.62,bad_words
That was a stupid answer ⚡,insult,gender,low,0.25,emoji
"Gse, you are such a butt in this group. #20cd",harassment,Individual,low,0.55,bad_words
"you all, mind your own business",aggression,group,medium,0.55,english
naale 4gante canteen nalli meet aagona. #ba98,neutral,Unknown,Low,0.04,kannada
"Jjmnm, nee yavattu serious agalla dude. #0882",insult,Individual,Low,0.38,kannada
"exam, you dont need to be here",exclusion,academic,medium,0.42,english
"looks funny, i will make sure everyone knows",threat,appearance,high,0.87,english
naale 4gante canteen nalli meet aagona. #a940,neutral,Group,Low,0.02,kannada
"Mupstpb, elli hogidaroo ade tara madthiya, tumba disgusting behaviour anta feel agutte. #1dcd",harassment,Individual,High,0.79,kannada
"Hknshs, nodu careful iru, illa problem agutte, swalpa limit nodu yaar. #35bc",threat,Individual,Medium,0.91,kannada
"Fxjzx, nee tumba soolya maga tara idiya maga. #2675",harassment,Individual,medium,0.66,bad_words
You are not part of this team ⚡,exclusion,unknown,medium,0.45,emoji
"Mxih, nee full time late bartiya machaa. #ebd7",insult,Individual,Low,0.31,kannada
"this group, why are you always online when i come",stalking,group,high,0.67,english
Stop following me everywhere 💥,stalking,gender,high,0.8,emoji
"5 nimisha nalli join agthini, swalpa wait maadu. #ff7a",neutral,Unknown,Low,0.0,kannada
"Kftajiqyd, you are such a piss off in this group. #85f5",harassment,Individual,high,0.55,bad_words
"This butt behaviour is not okay, Gvdsszej. #86b3",harassment,Individual,low,0.55,bad_words
You never understand anything ⚠️,insult,unknown,low,0.25,emoji
"Tbevzoxw, nee tumba muda tara idiya maga. #735c",insult,Individual,medium,0.48,bad_words
"Ninna not a loyal behavior nodi everyone frustrate agta idare, Oylqxbft. #2480",harassment,Individual,low,0.55,bad_words
weekend ge yava movie nodona. #6e57,neutral,Individual,Low,0.0,kannada
"team, chat nalli ivnanna ide irboda anta ansta, ivan illaadre better ansta. #f4e6",exclusion,Group,Medium,0.42,kannada
Stop texting me again and again 🌑,harassment,academic,medium,0.5,emoji
dont annoy me nin irritate madbeda immediately.,aggression,individual,medium,0.55,codemix
"Itwfmnuvgf, nee total loser tara idiya machaa. #5993",insult,Individual,High,0.28,kannada
yaaru naalege PPT madthare helri. #cb50,neutral,Individual,Low,0.01,kannada
Everyone here is awful 😠,toxicity,teacher,medium,0.4,emoji
"Yella dina dusta tara mathadbeda, Snrmune. #74d1",insult,Individual,low,0.38,bad_words
"Uqcka, a tara photos haakbeda please, group nalli idu sari alla. #0206",sexual_harassment,Individual,High,0.86,kannada
"Ulcwwh, nee yavattu serious agalla re. #bb22",insult,Individual,Low,0.39,kannada
"Tmfsdboath, nee full monkey thara tara behave madthiya. #c3ab",insult,Individual,low,0.67,bad_words
"Cjmapdnprk, nee full dove rani tara behave madthiya. #e7f2",harassment,Individual,low,0.44,bad_words
"5 nimisha nalli join agthini, swalpa wait maadu. #ca5e",neutral,Individual,Low,0.0,kannada
yavdru ivattu notes idre send maadu pls. #6814,neutral,Unknown,Low,0.0,kannada
naale extra pen togond baa pls. #9267,neutral,Unknown,Low,0.0,kannada
"This bugger behaviour is not okay, Ivkyz. #73cb",insult,Individual,medium,0.36,bad_words
"Yella dina darveshi tara mathadbeda, Tpyyimuz. #e2bd",insult,Individual,low,0.47,bad_words
"this community, your type always ruins things",hate,group,high,0.8,english
"Sdajr, you are such a fuck you in this group. #1f2f",harassment,Individual,medium,0.53,bad_words
"Look, nin illade better agide",exclusion,individual,medium,0.42,codemix
"Honestly, why do you remember my timings",stalking,individual,medium,0.62,english
this is between us only nin barbeda and it's sad.,exclusion,individual,medium,0.42,codemix
"Suefvp, nee tumba thullu keya tara idiya maga. #66c6",sexual_harassment,Individual,medium,0.64,bad_words
"review okay aaytu, tension beda. #8882",neutral,Unknown,Low,0.01,kannada
"Qrew, you are such a mother fucker in this group. #4176",insult,Individual,low,0.41,bad_words
"Just so you know, you just dont get it ninige artha illa ... whatever.",insult,individual,medium,0.3,codemix
"naale 9 gante lab ge bartira, late agbeda. #4ae4",neutral,Unknown,Low,0.0,kannada
"Xebtlu, nee yavattu serious agalla re. #8180",insult,Individual,Low,0.22,kannada
ivattu class full bore aaytu. #6190,neutral,Group,Low,0.0,kannada
"team, chat nalli ivnanna ide irboda anta ansta, ivan illaadre better ansta. #b525",exclusion,Group,Low,0.38,kannada
pizza bekka biryani bekka decide maadi. #c73b,neutral,Individual,Low,0.0,kannada
yaaru naalege PPT madthare helri. #32d3,neutral,Unknown,Low,0.04,kannada
"Look, yaake nanna bar bar text madthiya !!!",harassment,individual,medium,0.45,codemix
"Stop it, dont involve yourself here period.",exclusion,individual,medium,0.42,english
"naale 9 gante lab ge bartira, late agbeda. #06e4",neutral,Group,Low,0.0,kannada
"Ninna fake character behavior nodi everyone frustrate agta idare, Qxkzc. #e0ed",harassment,Individual,medium,0.63,bad_words
"Hydrgs, yaaru kuda ninna monkey thara nature ishta padalla. #73fe",insult,Individual,high,0.62,bad_words
"Asslv, elli hogidaroo ade tara madthiya, total loser tara idiya anta feel agutte. #32cd",harassment,Individual,Medium,0.68,kannada
"Rpvpdknzs, nee sakkat dumb idiya yaar re. #07ed",insult,Individual,Medium,0.33,kannada
ivattu assignment submit maadbeku maga. #efd1,neutral,Group,Low,0.03,kannada
Shut up already 🩸,aggression,unknown,low,0.55,emoji
"Listen, we dont like people like you nin tara beda !!!",hate,individual,medium,0.75,codemix
why do you remember my timings ninige ella gothu and it's annoying.,stalking,individual,medium,0.62,codemix
dont message me late night for sure.,harassment,individual,medium,0.45,english
"Ivattu kooda monkey thara tara act madtidya, Ctzhzrkjv. #52e3",insult,Individual,medium,0.67,bad_words
ninne function photos share maadu. #d690,neutral,Group,Low,0.01,kannada
"Iussutmf, stop acting like a total naked every day. #88ec",sexual_harassment,Individual,low,0.54,bad_words
"Cbi, nee sakkat dumb idiya yaar yaar. #d6e6",insult,Individual,Medium,0.38,kannada
"Ninna saayi behavior nodi everyone frustrate agta idare, Xgnqacoexe. #ffe1",threat,Individual,high,0.76,bad_words
"Dajumhmq, nee ivattu full lazy mode alli idiya yaar. #1a70",insult,Individual,Low,0.2,kannada
"Nkwbfyp, nee ivattu full lazy mode alli idiya machaa. #75bf",insult,Individual,Low,0.13,kannada
just wait and watch ninige lesson sigutte right now.,threat,individual,medium,0.82,codemix
"Actually, nin illade better agide",exclusion,individual,medium,0.42,codemix
That was a stupid answer 🧊,insult,academic,medium,0.3,emoji
yaake nanna hinde bartiya elladalli,harassment,individual,medium,0.45,codemix
"Only a go to hell will spam the group like you, Iejj. #a377",harassment,Individual,low,0.48,bad_words
"Ywhuphzvli, nin bakra nataka nodakke bore aaytu. #8fab",insult,Individual,high,0.63,bad_words
"Seriously, this environment is stressful",toxicity,individual,medium,0.5,codemix
"batch, plan ge ivananna invite madbeda besseru, ivan illaadre better ansta. #4e3a",exclusion,Group,Low,0.45,kannada
Can someone share the notes from today?,neutral,academic,medium,0.02,english
"Ninna sexy baby behavior nodi everyone frustrate agta idare, Wmy. #5197",sexual_harassment,Individual,high,0.79,bad_words
This group is so toxic 🙄,toxicity,individual,low,0.35,emoji
I just wanted to say yaake nanna hinde bartiya don't you think?,harassment,individual,medium,0.45,codemix
"Ciwligtb, nee tumba muklya tara idiya maga. #0b44",insult,Individual,high,0.54,bad_words
"Lfqmd, nee reply nodoke tumba time togondiya re. #0740",insult,Individual,Low,0.25,kannada
"Hey, ninige simple vishaya kuda artha agalla and it's sad.",insult,individual,medium,0.3,codemix
"Ivattu kooda haavu bro neenu tara act madtidya, Rqz. #8731",harassment,Individual,medium,0.55,bad_words
Leave this group now 🙄,exclusion,teacher,medium,0.45,emoji
"5 nimisha nalli join agthini, swalpa wait maadu. #19dd",neutral,Group,Low,0.06,kannada
"Group nalli ee sucide attitude beda, Xyswkvhbfe. #1f0a",threat,Individual,medium,0.54,bad_words
"Mrwuan, ella platform nalli follow madbeda please, idu stalking tara kanstide. #6d7d",cyberstalking,Individual,Medium,0.66,kannada
"Seriously, no need for you here",exclusion,individual,high,0.47,english
dayavittu nanna bittu bidu !!!,harassment,individual,medium,0.45,codemix
"To be honest, dont push me beyond my limit serious agthide period.",threat,individual,medium,0.82,codemix
"entire group, what are you even saying",insult,group,medium,0.3,english
"Gmpucraar, nee tumba die maga tara idiya maga. #3c69",threat,Individual,high,0.75,bad_words
"Mwj, stop acting like a total dick every day. #b970",sexual_harassment,Individual,medium,0.53,bad_words
"network sakkath slow ide, once repeat maadu. #33e6",neutral,Group,Low,0.0,kannada
ninne function photos share maadu. #12d2,neutral,Unknown,Low,0.03,kannada
"Only a naked will spam the group like you, Jcadzsmis. #3af7",sexual_harassment,Individual,high,0.54,bad_words
"Ttaxf, nin thimru nataka nodakke bore aaytu. #fc50",insult,Individual,high,0.75,bad_words
why are you always wrong ninige gothilla,insult,individual,high,0.35,codemix
naale extra pen togond baa pls. #38a3,neutral,Individual,Low,0.0,kannada
I will report you to the admin 😈,threat,individual,high,0.95,emoji
"Exhjmzx, stop acting like a total go to hell every day. #e84c",harassment,Individual,medium,0.45,bad_words
Back off now 😶,aggression,appearance,low,0.55,emoji
"Kqcnrjdyou, stop acting like a total twat every day. #51fe",insult,Individual,low,0.64,bad_words
"Seriously, this space is not safe mentally and it's sad.",toxicity,gender,high,0.55,english
exam tumba tough aaytu but somehow aaytu. #ae39,neutral,Individual,Low,0.04,kannada
yavdru ivattu notes idre send maadu pls. #81a5,neutral,Group,Low,0.0,kannada
go mind your work and everyone agrees.,aggression,individual,high,0.6,english
"Wviqqcakw, nee full time late bartiya yaar. #11da",insult,Individual,Low,0.4,kannada
pizza bekka biryani bekka decide maadi. #f985,neutral,Individual,Low,0.03,kannada
yaaru naalege PPT madthare helri. #03d6,neutral,Group,Low,0.0,kannada
You will regret this 🐖,threat,unknown,high,0.95,emoji
go away from here nin hogu for sure.,aggression,individual,medium,0.55,codemix
"Mpwiso, mundina sari nodu yen agutte anta, swalpa limit nodu yaar. #2428",threat,Individual,Medium,0.88,kannada
people here are very problematic and it's sad.,toxicity,group,medium,0.5,english
"Dxnzk, nanna status na yavaglu check madthiya, idu stalking tara kanstide. #15f7",cyberstalking,Individual,High,0.59,kannada
"batch, plan ge ivananna invite madbeda besseru, ivan illaadre better ansta. #39a8",exclusion,Group,Medium,0.31,kannada
"Fqdtclafg, nanna status na yavaglu check madthiya, idu stalking tara kanstide. #9bd2",cyberstalking,Individual,Medium,0.78,kannada
nee send madida reel super comedy aaytu. #3a5d,neutral,Unknown,Low,0.02,kannada
"Listen, stop disturbing me during class !!!",harassment,individual,medium,0.45,english
"Lkv, mundina sari nodu yen agutte anta, swalpa limit nodu yaar. #1e78",threat,Individual,High,0.95,kannada
"People are tired of your damn attitude, Cttrcfih. #2207",insult,Individual,high,0.74,bad_words
"Uxtga, cheap comments madbeda ava bagge, group nalli idu sari alla. #2b3c",sexual_harassment,Individual,High,0.89,kannada
"Wbxum, nodu careful iru, illa problem agutte, swalpa limit nodu yaar. #e2a2",threat,Individual,Low,0.62,kannada
"staff, this will not end well for you",threat,teacher,medium,0.82,english
ivattu class full bore aaytu. #0bdb,neutral,Group,Low,0.0,kannada
You keep tracking my activity 🌈,stalking,individual,high,0.8,emoji
"Basically, dont start with me nin beka illa",aggression,individual,medium,0.55,codemix
"People are tired of your transgender attitude, Yfwrkcjbl. #a19a",insult,Individual,high,0.76,bad_words
I will report you to the admin 🐷,threat,teacher,high,0.95,emoji
It's obvious that why are you watching my profile daily (no offense).,stalking,teacher,low,0.57,english
"Yella dina muklya tara mathadbeda, Cmdrshpgvh. #2d2e",insult,Individual,medium,0.4,bad_words
"happy birthday, tumba olle varsha agli. #5c91",neutral,Group,Low,0.0,kannada
"Honestly, yaake nanna bar bar text madthiya without a doubt.",harassment,individual,medium,0.45,codemix
"Zhbymcdh, ava body bagge a tara mata beda, group nalli idu sari alla. #0acf",sexual_harassment,Individual,Medium,0.92,kannada
this group is full of drama for sure.,toxicity,individual,medium,0.5,codemix
"Yyqkuyh, you are such a piss off in this group. #84fe",harassment,Individual,medium,0.42,bad_words
"Just so you know, this chat is exhausting",toxicity,group,medium,0.5,english
"Kpzsyuzdit, nee tumba nimmavvana maga tara idiya maga. #1214",harassment,Individual,medium,0.45,bad_words
"Igdximhy, nee tumba singri maga tara idiya maga. #6bdf",insult,Individual,high,0.66,bad_words
"Lpvx, sir ge complaint haakthini nodu, swalpa limit nodu yaar. #e986",threat,Individual,High,0.86,kannada
ivattu assignment submit maadbeku maga. #fa31,neutral,Individual,Low,0.04,kannada
It's obvious that you are useless nin work sari illa,insult,individual,medium,0.3,codemix
exam tumba tough aaytu but somehow aaytu. #b8b5,neutral,Group,Low,0.02,kannada
"Gsaumir, elli hogidaroo ade tara madthiya, yen use illa ninna jothe anta feel agutte. #d2f5",harassment,Individual,Medium,0.37,kannada
yaaru naalege PPT madthare helri. #91eb,neutral,Unknown,Low,0.0,kannada
"Honestly, you will regret this later ninige gothagutte right now.",threat,individual,medium,0.82,codemix
"story, this place feels unhealthy",toxicity,social,medium,0.5,english
weekend ge yava movie nodona. #48f4,neutral,Individual,Low,0.0,kannada
This group is so toxic 📛,toxicity,academic,low,0.35,emoji
"Gawuesnc, nee full time late bartiya machaa. #0962",insult,Individual,Low,0.39,kannada
naale 4gante canteen nalli meet aagona. #280f,neutral,Individual,Low,0.07,kannada
ivattu assignment submit maadbeku maga. #fea6,neutral,Group,Low,0.0,kannada
i cant stand people like you so please stop.,hate,individual,medium,0.75,english
"Qhkwnhvt, nee class nalli full time joker ne yaar. #f580",insult,Individual,Medium,0.37,kannada
"Seriously, neenu full dumb yaake heege and it's annoying.",insult,individual,medium,0.3,codemix
"Pdi, elli hogidaroo ade tara madthiya, complete waste fellow anta feel agutte. #a490",harassment,Individual,High,0.4,kannada
ivattu assignment submit maadbeku maga. #9e9f,neutral,Unknown,Low,0.0,kannada
You will regret this ⚡,threat,gender,high,0.95,emoji
ivattu assignment submit maadbeku maga. #16a4,neutral,Group,Low,0.0,kannada
ivattu class full bore aaytu. #2b6c,neutral,Unknown,Low,0.04,kannada
"Listen, nin illade nav decide madidvi",exclusion,individual,medium,0.42,codemix
"Criyb, mundina sari nodu yen agutte anta, swalpa limit nodu yaar. #69d8",threat,Individual,Medium,0.68,kannada
"Listen, this is your last warning",threat,individual,medium,0.82,english
pizza bekka biryani bekka decide maadi. #35f7,neutral,Group,Low,0.0,kannada
"5 nimisha nalli join agthini, swalpa wait maadu. #1fed",neutral,Individual,Low,0.04,kannada
"Actually, nin illade nav decide madidvi so please stop.",exclusion,individual,medium,0.42,codemix
"Tnv, nee full time late bartiya dude. #e6d1",insult,Individual,Low,0.15,kannada
"happy birthday, tumba olle varsha agli. #2af0",neutral,Individual,Low,0.01,kannada
"Group nalli ee fake character attitude beda, Hjtdzil. #5672",harassment,Individual,low,0.63,bad_words
"Ynuky, nee full idiot thara tara behave madthiya. #6ac1",insult,Individual,medium,0.61,bad_words
"naale 9 gante lab ge bartira, late agbeda. #1483",neutral,Individual,Low,0.02,kannada
Get lost 🚨,aggression,group,medium,0.6,emoji
"Just so you know, why are you noticing my movements and everyone agrees.",stalking,gender,high,0.67,english
naale 4gante canteen nalli meet aagona. #bfea,neutral,Group,Low,0.0,kannada
"Ivattu kooda cry baby tara act madtidya, Gcbvxlnvm. #91e8",harassment,Individual,high,0.81,bad_words
You never understand anything 😬,insult,teacher,low,0.25,emoji
You will regret this 🪰,threat,individual,high,0.95,emoji
"happy birthday, tumba olle varsha agli. #ac2c",neutral,Individual,Low,0.0,kannada
why do you know when i read messages ... whatever.,stalking,individual,medium,0.62,english
just wait and watch ninige lesson sigutte don't you think?,threat,individual,medium,0.82,codemix
nin iddare problem agthide without a doubt.,exclusion,individual,medium,0.42,codemix
"Basically, nin presence irthare problem only so please stop.",insult,individual,medium,0.3,codemix
"Basically, yaake nanna bar bar text madthiya immediately.",harassment,individual,medium,0.45,codemix
"This dog behaviour is not okay, Mwhmomznw. #1404",insult,Individual,medium,0.36,bad_words
That was a stupid answer 🦍,insult,academic,medium,0.3,emoji
i cant stand people like you nin tara jana don't you think?,hate,individual,medium,0.75,codemix
"Basically, why do you remember my timings",stalking,individual,medium,0.62,english
"Group nalli ee joker thara attitude beda, Ydhkb. #7ee0",insult,Individual,high,0.54,bad_words
"Basically, why are you so slow and it's sad.",insult,individual,medium,0.3,english
"Gdmgoz, nodu careful iru, illa problem agutte, swalpa limit nodu yaar. #c2d8",threat,Individual,High,0.84,kannada
Nobody wants you here 🙄,exclusion,appearance,medium,0.45,emoji
"team, ivananna group inda remove maadona, ivan illaadre better ansta. #f213",exclusion,Group,Medium,0.28,kannada
I will report you to the admin 🔴,threat,group,high,0.95,emoji
"Cdusuleswm, nanna status na yavaglu check madthiya, idu stalking tara kanstide. #ecff",cyberstalking,Individual,Medium,0.72,kannada
Leave this group now 😏,exclusion,teacher,medium,0.45,emoji
You are really dumb 🦛,insult,individual,medium,0.3,emoji
"Fyevjtjuo, elli hogidaroo ade tara madthiya, useless tara behave madthiya anta feel agutte. #f9ba",harassment,Individual,Medium,0.51,kannada
pizza bekka biryani bekka decide maadi. #2ad9,neutral,Individual,Low,0.0,kannada
"Actually, why are you watching me silently - just my opinion.",stalking,individual,medium,0.62,codemix
nee send madida reel super comedy aaytu. #e9c2,neutral,Group,Low,0.0,kannada
"In my opinion, are you mad or what ninige artha illa",insult,individual,medium,0.3,codemix
"Honestly, dont follow up again please and it's annoying.",harassment,individual,medium,0.45,english
"Tmrpxvjah, elli hogidaroo ade tara madthiya, complete waste fellow anta feel agutte. #fb35",harassment,Individual,Medium,0.53,kannada
attendance link haakbidu illi. #24b8,neutral,Group,Low,0.0,kannada
I just wanted to say i cant stand people like you right now.,hate,individual,medium,0.75,english
your type should not be here (no offense).,hate,individual,low,0.7,english
"this batch, back off right now",aggression,group,medium,0.55,english
You keep tracking my activity 🫥,stalking,group,high,0.8,emoji
Why are you always watching me 🛑,stalking,group,high,0.8,emoji
You are not part of this team 🤚,exclusion,academic,medium,0.45,emoji
"Group nalli ee cry baby attitude beda, Kgnhqppfad. #ea4a",harassment,Individual,medium,0.5,bad_words
"Lqgjezcsd, nee tumba bakra tara idiya maga. #8fd1",insult,Individual,low,0.34,bad_words
"character, this chat is exhausting",toxicity,group,medium,0.5,english
yaake nanna hinde bartiya and it's sad.,harassment,individual,medium,0.45,codemix
"Seriously, your kind spoils the environment right now.",hate,individual,medium,0.75,codemix
"Jmwh, elli hogidaroo ade tara madthiya, yen use illa ninna jothe anta feel agutte. #ab30",harassment,Individual,Medium,0.66,kannada
dont lecture me,aggression,individual,medium,0.55,english
"Heneoo, elli hogidaroo ade tara madthiya, complete waste fellow anta feel agutte. #31f3",harassment,Individual,Medium,0.5,kannada
"Only a nigga will spam the group like you, Ulwll. #7f38",harassment,Individual,high,0.77,bad_words
"Pvkfwugtst, prati dina reason illade ping madbedi, idu stalking tara kanstide. #b02d",cyberstalking,Individual,High,0.77,kannada
yaaru naalege PPT madthare helri. #287e,neutral,Group,Low,0.0,kannada
"class grp, ivnanna group nalli add madbeda, ivan illaadre better ansta. #93a1",exclusion,Group,High,0.4,kannada
naale 4gante canteen nalli meet aagona. #bde2,neutral,Unknown,Low,0.04,kannada
"5 nimisha nalli join agthini, swalpa wait maadu. #e827",neutral,Unknown,Low,0.0,kannada
Everyone knows this is such a dumb question !!!,insult,individual,high,0.35,english
"Raj, nee total loser tara idiya machaa. #2a77",insult,Individual,High,0.29,kannada
project help madidakke thanks maga. #dbdb,neutral,Group,Low,0.0,kannada
"coordinator, you asked for it",threat,teacher,medium,0.82,english
Why do you keep messaging me 🤡,harassment,gender,medium,0.5,emoji
"Ourplaq, elli hogidaroo ade tara madthiya, yen use illa ninna jothe anta feel agutte. #13b5",harassment,Individual,High,0.75,kannada
I think stop tracking my activity nanige gothagthide for sure.,stalking,individual,medium,0.62,codemix
"Ibrrhwu, nee reply nodoke tumba time togondiya re. #7cca",insult,Individual,Low,0.32,kannada
attendance link haakbidu illi. #7a1b,neutral,Group,Low,0.0,kannada
yavdru ivattu notes idre send maadu pls. #23ed,neutral,Individual,Low,0.0,kannada
"In my opinion, why are you so slow without a doubt.",insult,individual,medium,0.3,english
"Vlqmdptjz, stop acting like a total bitch every day. #c43c",insult,Individual,medium,0.44,bad_words
"Xstafgkkv, nee sakkat dumb idiya yaar dude. #bbeb",insult,Individual,Medium,0.18,kannada
"Qmflx, elli hogidaroo ade tara madthiya, yen use illa ninna jothe anta feel agutte. #1d36",harassment,Individual,Low,0.63,kannada
yavdru ivattu notes idre send maadu pls. #36b0,neutral,Individual,Low,0.04,kannada
"This bloddy hell behaviour is not okay, Alyfn. #cd79",harassment,Individual,low,0.45,bad_words
"network sakkath slow ide, once repeat maadu. #2982",neutral,Individual,Low,0.05,kannada
It's obvious that dont keep pinging me for no reason,harassment,individual,medium,0.45,english
"class grp, chat nalli ivnanna ide irboda anta ansta, ivan illaadre better ansta. #9f40",exclusion,Group,Low,0.34,kannada
"ninna presentation super aaytu, chennag ide. #a437",neutral,Group,Low,0.03,kannada
"Copkiga, nee tumba hendruna keya tara idiya maga. #33c6",sexual_harassment,Individual,high,0.57,bad_words
weekend ge yava movie nodona. #ee4d,neutral,Individual,Low,0.0,kannada
It's obvious that i will expose what you did ellargu helthini for sure.,threat,individual,medium,0.82,codemix
"Stop it, keep quiet please nin matadbeda",aggression,individual,medium,0.55,codemix
"Honestly, we already decided nin illade",exclusion,individual,medium,0.42,codemix
just wait and watch ninige lesson sigutte and it's sad.,threat,individual,medium,0.82,codemix
"Tcn, nanna status na yavaglu check madthiya, idu stalking tara kanstide. #e068",cyberstalking,Individual,High,0.81,kannada
"Dna, stop acting like a total idiot every day. #713f",insult,Individual,medium,0.55,bad_words
"Basically, this environment is stressful",toxicity,individual,medium,0.5,codemix
"Kxo, you are such a pissflaps in this group. #8010",insult,Individual,medium,0.42,bad_words
Your kind is not welcome here ⚠️,hate,individual,high,0.85,emoji
dont cross the line nin limits alli iru,aggression,individual,medium,0.55,codemix
"5 nimisha nalli join agthini, swalpa wait maadu. #b097",neutral,Unknown,Low,0.0,kannada
this place feels unhealthy and it's annoying.,toxicity,individual,medium,0.5,english
dont involve yourself here period.,exclusion,individual,medium,0.42,english
"Twwfevhsj, yake everywhere message madthiya, idu stalking tara kanstide. #c205",cyberstalking,Individual,High,0.63,kannada
I missed the lecture today. Thanks.,neutral,unknown,medium,0.02,english
naale 4gante canteen nalli meet aagona. #d76b,neutral,Unknown,Low,0.06,kannada
"Group nalli ee sucide attitude beda, Hgzvfqodlc. #9846",threat,Individual,medium,0.74,bad_words
"guys, plan ge ivananna invite madbeda besseru, ivan illaadre better ansta. #13f2",exclusion,Group,High,0.29,kannada
we dont like people like you nin tara beda for sure.,hate,individual,medium,0.75,codemix
"Actually, stop disturbing me nanige shanti beku",harassment,individual,medium,0.45,codemix
Why do you keep messaging me ❄️,harassment,individual,high,0.6,emoji
"Toe, elli hogidaroo ade tara madthiya, useless tara behave madthiya anta feel agutte. #68aa",harassment,Individual,Medium,0.71,kannada
yavdru ivattu notes idre send maadu pls. #01b8,neutral,Individual,Low,0.0,kannada
exam tumba tough aaytu but somehow aaytu. #bf27,neutral,Individual,Low,0.07,kannada
"Ottb, yake everywhere message madthiya, idu stalking tara kanstide. #cf74",cyberstalking,Individual,Medium,0.56,kannada
"Worjrwpgsf, nee ivattu full lazy mode alli idiya machaa. #1915",insult,Individual,Low,0.16,kannada
"Jqqbxskkg, you are such a twat in this group. #77f7",insult,Individual,high,0.64,bad_words
just wait and watch ninige lesson sigutte - just my opinion.,threat,individual,medium,0.82,codemix
"People are tired of your 69 attitude, Cpizbh. #c2ab",sexual_harassment,Individual,medium,0.4,bad_words
"Dpmshzgcso, nee tumba le niga tara idiya maga. #c56f",harassment,Individual,medium,0.5,bad_words
"Keb, nanna status na yavaglu check madthiya, idu stalking tara kanstide. #85e4",cyberstalking,Individual,High,0.91,kannada
Leave this group now ☠️,exclusion,unknown,high,0.6,emoji
"Seriously, you just dont get it ninige artha illa and everyone agrees.",insult,individual,high,0.35,codemix
"Weqkkwuido, nee tumba irritating agthiya re re. #bb9e",insult,Individual,Medium,0.23,kannada
"Just so you know, neenu hopeless yaake heege and everyone agrees.",insult,individual,high,0.35,codemix
"Basically, stop talking nonsense nin matu beka illa period.",insult,individual,medium,0.3,codemix
"Basically, why are you checking my last seen",stalking,social,medium,0.62,english
"Cfsxs, elli hogidaroo ade tara madthiya, tumba irritating agthiya re anta feel agutte. #a2ca",harassment,Individual,Medium,0.48,kannada
"Oxyhmka, elli hogidaroo ade tara madthiya, tumba irritating agthiya re anta feel agutte. #717a",harassment,Individual,Low,0.59,kannada
"Hxbxf, nanna status na yavaglu check madthiya, idu stalking tara kanstide. #e1d7",cyberstalking,Individual,Medium,0.7,kannada
"Xmej, nee sakkat dumb idiya yaar machaa. #24a8",insult,Individual,Medium,0.33,kannada
"Hey, you dont need to be here ... whatever.",exclusion,individual,medium,0.42,english
Back off now 🚫,aggression,appearance,low,0.55,emoji
"view, stop chasing me for replies",harassment,social,medium,0.45,english
why do you see my story every time (no offense).,stalking,social,low,0.57,english
"Uhkowpqr, nee class nalli full time joker ne yaar. #ac90",insult,Individual,Medium,0.39,kannada
"Fzapq, sir ge complaint haakthini nodu, swalpa limit nodu yaar. #7921",threat,Individual,High,0.75,kannada
I think dont interfere in this (no offense).,aggression,individual,low,0.5,english
please remove yourself - just my opinion.,exclusion,individual,medium,0.42,english
Nobody wants you here 💢,exclusion,teacher,high,0.55,emoji
weekend ge yava movie nodona. #6b0e,neutral,Individual,Low,0.0,kannada
please remove yourself nin hogu,exclusion,individual,medium,0.42,codemix
fest practice ge yar yar barthidira. #cb2a,neutral,Unknown,Low,0.02,kannada
"Group nalli ee cry baby attitude beda, Uapm. #20a2",harassment,Individual,low,0.42,bad_words
"Honestly, this will not end well for you ninige sari illa agutte",threat,individual,medium,0.82,codemix
"In my opinion, why are you always behind me",stalking,individual,high,0.67,english
ivattu class full bore aaytu. #c7dc,neutral,Unknown,Low,0.03,kannada
"Awdpawqyxv, yake everywhere message madthiya, idu stalking tara kanstide. #1a15",cyberstalking,Individual,Medium,0.54,kannada
"Kgqykvtzb, nee useless tara behave madthiya dude. #7659",insult,Individual,Medium,0.29,kannada
"Tud, stop acting like a total two head snake every day. #a1aa",insult,Individual,low,0.34,bad_words
People like you are disgusting 💀,hate,unknown,high,0.9,emoji
"gang, chat nalli ivnanna ide irboda anta ansta, ivan illaadre better ansta. #6c15",exclusion,Group,Medium,0.29,kannada
"Just so you know, why are you always in my dm",harassment,individual,high,0.5,english
"this crowd, this environment is stressful",toxicity,group,medium,0.5,english
It's obvious that your type always ruins things nin tara jana beda for sure.,hate,individual,high,0.8,codemix
"naale 9 gante lab ge bartira, late agbeda. #84b5",neutral,Group,Low,0.0,kannada
"Xqfwuowjy, ivattu full keiya mode nalli idiya. #8366",harassment,Individual,low,0.69,bad_words
"Actually, dont cross the line - just my opinion.",aggression,individual,medium,0.55,english
"Group nalli a tara saayi maga baribeda, Zxhkb. #21f5",threat,Individual,medium,0.71,bad_words
"Omgovahyf, stop acting like a total loser every day. #fcf5",insult,Individual,high,0.66,bad_words
You are not part of this team 🗡️,exclusion,teacher,medium,0.45,emoji
"Bcbx, nin nimmavvana nataka nodakke bore aaytu. #f482",harassment,Individual,high,0.57,bad_words
naale 4gante canteen nalli meet aagona. #f48a,neutral,Individual,Low,0.0,kannada
"Ninna not a loyal behavior nodi everyone frustrate agta idare, Sffda. #044f",harassment,Individual,low,0.61,bad_words
It's obvious that why do you follow everything i do,stalking,individual,medium,0.62,codemix
"Krbhtsgxdi, stop acting like a total fucking balls every day. #df75",sexual_harassment,Individual,medium,0.66,bad_words
stop chasing me for replies,harassment,individual,medium,0.45,english
"Erslxt, cheap comments madbeda ava bagge, group nalli idu sari alla. #6b3c",sexual_harassment,Individual,High,0.85,kannada
"Txqsfqe, ivattu full soole maga mode nalli idiya. #6951",sexual_harassment,Individual,low,0.59,bad_words
stop chasing me for replies ... whatever.,harassment,individual,medium,0.45,english
"Basically, stay in your limits please immediately.",aggression,individual,medium,0.55,codemix
"Uflsskji, ivattu full die madthiya maga mode nalli idiya. #b435",threat,Individual,high,0.44,bad_words
"Only a pussy will spam the group like you, Zlsl. #bb75",sexual_harassment,Individual,low,0.67,bad_words
"Mqoh, ella platform nalli follow madbeda please, idu stalking tara kanstide. #aa3d",cyberstalking,Individual,Medium,0.8,kannada
Please check the group description. Thanks.,neutral,unknown,medium,0.02,english
we already decided nin illade for sure.,exclusion,individual,medium,0.42,codemix
weekend ge yava movie nodona. #110a,neutral,Unknown,Low,0.02,kannada
"review okay aaytu, tension beda. #9a8c",neutral,Group,Low,0.01,kannada
"People are tired of your dick head attitude, Sddzjbted. #f2f9",sexual_harassment,Individual,high,0.75,bad_words
"team, ivananna group inda remove maadona, ivan illaadre better ansta. #388b",exclusion,Group,Low,0.19,kannada
"Group nalli ee cry baby attitude beda, Ydigq. #9aa4",harassment,Individual,low,0.51,bad_words
"Rwo, elli hogidaroo ade tara madthiya, complete waste fellow anta feel agutte. #b586",harassment,Individual,Medium,0.52,kannada
you are useless in group work ... whatever.,insult,individual,medium,0.3,english
"Fpmonqpppl, elli hogidaroo ade tara madthiya, tumba disgusting behaviour anta feel agutte. #2ae3",harassment,Individual,Medium,0.71,kannada
"In my opinion, use your brain once ... whatever.",insult,individual,medium,0.3,english
"Qjydryipc, nee reply nodoke tumba time togondiya machaa. #a8d7",insult,Individual,Low,0.27,kannada
"this group, dont start with me",aggression,group,medium,0.55,english
"Hhx, next time barbeku anta helthini, swalpa limit nodu yaar. #3553",threat,Individual,High,1.0,kannada
"Stop it, people like you never change",hate,individual,high,0.8,codemix
"whole class, stop bothering me about this",harassment,group,medium,0.45,english
"Skvaapiwu, mundina sari nodu yen agutte anta, swalpa limit nodu yaar. #4884",threat,Individual,Medium,0.66,kannada
"Actually, i told you already dont text me",harassment,individual,medium,0.45,english
go away from here and it's sad.,aggression,individual,medium,0.55,english
"Basically, i cant stand people like you nin tara jana",hate,individual,medium,0.75,codemix
"Honestly, why are you watching me silently - just my opinion.",stalking,individual,medium,0.62,english
dont interfere in this nin barbeda without a doubt.,aggression,individual,medium,0.55,codemix
"Honestly, you are acting childish and everyone agrees.",insult,individual,high,0.35,english
"Yhvv, elli hogidaroo ade tara madthiya, sakkat dumb idiya yaar anta feel agutte. #d565",harassment,Individual,High,0.68,kannada
"Agv, elli hogidaroo ade tara madthiya, sakkat dumb idiya yaar anta feel agutte. #4db7",harassment,Individual,High,0.44,kannada
"In my opinion, stop getting involved nin barbeda so please stop.",aggression,individual,medium,0.55,codemix
"Dvgb, next time barbeku anta helthini, swalpa limit nodu yaar. #3d94",threat,Individual,Medium,0.8,kannada
"Djbekbvhrk, sir ge complaint haakthini nodu, swalpa limit nodu yaar. #d853",threat,Individual,High,0.76,kannada
"Honestly, this group makes me uncomfortable and it's sad.",toxicity,individual,medium,0.5,codemix
"Group nalli ee joker thara attitude beda, Zhciyhzo. #b32a",insult,Individual,medium,0.65,bad_words
yavdru ivattu notes idre send maadu pls. #367d,neutral,Individual,Low,0.0,kannada
"Gzdp, stop acting like a total sexy every day. #d391",sexual_harassment,Individual,medium,0.55,bad_words
"Ivattu kooda haavu bro neenu tara act madtidya, Hje. #bbba",harassment,Individual,medium,0.45,bad_words
"Pvkqwtyml, you are such a lesbian in this group. #08f6",insult,Individual,medium,0.7,bad_words
ninige simple vishaya kuda artha agalla period.,insult,individual,medium,0.3,codemix
"Just so you know, why do you follow everything i do don't you think?",stalking,individual,medium,0.62,english
"Opiu, stop acting like a total damn every day. #0118",insult,Individual,high,0.54,bad_words
"review okay aaytu, tension beda. #50d7",neutral,Unknown,Low,0.03,kannada
"Just so you know, people like you are always the problem",hate,individual,high,0.8,english
this chat is mentally draining thale noovu so please stop.,toxicity,individual,medium,0.5,codemix
ninne function photos share maadu. #efa6,neutral,Unknown,Low,0.0,kannada
"Uuzrnzhhi, nee full time late bartiya yaar. #cf5f",insult,Individual,Low,0.33,kannada
project help madidakke thanks maga. #5f70,neutral,Group,Low,0.0,kannada
"People are tired of your sexy attitude, Bfxvzaidrm. #a8e0",sexual_harassment,Individual,medium,0.7,bad_words
"Stop it, this place is full of nonsense",toxicity,individual,medium,0.5,english
ninne function photos share maadu. #38b1,neutral,Group,Low,0.0,kannada
weekend ge yava movie nodona. #9d73,neutral,Individual,Low,0.0,kannada
I think why are you always online when i come,stalking,social,high,0.67,english
Wait and see what happens to you 🦧,threat,unknown,high,0.95,emoji
this chat is very unhealthy so please stop.,toxicity,individual,medium,0.5,codemix
i cant stand people like you and it's annoying.,hate,individual,medium,0.75,english
"Hey, we dont want you nin beka illa",exclusion,individual,medium,0.42,codemix
people like you never change (no offense).,hate,individual,high,0.8,english
You never understand anything 🪳,insult,gender,low,0.25,emoji
"Baotjufabp, nee yavattu serious agalla machaa. #b9df",insult,Individual,Low,0.2,kannada
"Look, this group is too negative",toxicity,individual,medium,0.5,codemix
"cgpa, your type should not be here",hate,academic,medium,0.75,english
ninne function photos share maadu. #85cb,neutral,Individual,Low,0.0,kannada
You are not part of this team 🦧,exclusion,gender,high,0.55,emoji
Let's meet after class 🙏,neutral,teacher,low,0.0,emoji
"Group nalli a tara dagarina maga baribeda, Maixa. #3c71",insult,Individual,medium,0.41,bad_words
project help madidakke thanks maga. #d14d,neutral,Unknown,Low,0.04,kannada
"Tbj, you are such a rubbish in this group. #4e70",insult,Individual,low,0.59,bad_words
"network sakkath slow ide, once repeat maadu. #514e",neutral,Individual,Low,0.0,kannada
"This two head snake behaviour is not okay, Uadvz. #9b5c",insult,Individual,high,0.54,bad_words
"Mnny, nee reply nodoke tumba time togondiya yaar. #4d6f",insult,Individual,Low,0.13,kannada
"network sakkath slow ide, once repeat maadu. #5f6b",neutral,Individual,Low,0.0,kannada
"Basically, why are you messaging me again",harassment,individual,medium,0.45,english
"Hzakgyjfrt, nodu careful iru, illa problem agutte, swalpa limit nodu yaar. #6dc6",threat,Individual,High,0.86,kannada
"Subnnupxip, nodu careful iru, illa problem agutte, swalpa limit nodu yaar. #79bc",threat,Individual,High,0.94,kannada
ivattu assignment submit maadbeku maga. #f6c4,neutral,Individual,Low,0.04,kannada
"arrears, why are you always in my dm",harassment,academic,high,0.5,english
Everyone here is awful 🦠,toxicity,appearance,low,0.35,emoji
fest practice ge yar yar barthidira. #6b08,neutral,Individual,Low,0.0,kannada
exam tumba tough aaytu but somehow aaytu. #bf7d,neutral,Group,Low,0.04,kannada
"People are tired of your bisexual attitude, Vhjde. #24f9",sexual_harassment,Individual,low,0.36,bad_words
"5 nimisha nalli join agthini, swalpa wait maadu. #0ded",neutral,Individual,Low,0.05,kannada
"Listen, you are in serious trouble nodu",threat,individual,medium,0.82,codemix
"Qwtcrb, nee tumba boli magane tara idiya maga. #1b38",insult,Individual,medium,0.55,bad_words
Get lost 🦛,aggression,individual,low,0.55,emoji
"Whzsrgkr, nee ivattu full lazy mode alli idiya machaa. #6177",insult,Individual,Low,0.36,kannada
This group is so toxic ⚠️,toxicity,appearance,medium,0.4,emoji
You keep tracking my activity ☠️,stalking,individual,high,0.85,emoji
"review okay aaytu, tension beda. #c32d",neutral,Individual,Low,0.01,kannada
"Mhbzcxt, sir ge complaint haakthini nodu, swalpa limit nodu yaar. #25a3",threat,Individual,Medium,0.95,kannada
Back off now ⚠️,aggression,gender,medium,0.6,emoji
"Group nalli ee saayi attitude beda, Cuur. #956f",threat,Individual,medium,0.6,bad_words
dont involve yourself here for sure.,exclusion,individual,medium,0.42,english
"girls, stop monitoring what i do",stalking,gender,medium,0.62,english
"Basically, dont think this will go unnoticed !!!",threat,individual,medium,0.82,codemix
"This loser behaviour is not okay, Xpxsscyri. #f932",insult,Individual,low,0.31,bad_words
You keep tracking my activity 🐖,stalking,academic,high,0.8,emoji
"Seriously, you dont belong in our circle",exclusion,individual,high,0.47,english
"guys, ivnanna group nalli add madbeda, ivan illaadre better ansta. #263c",exclusion,Group,High,0.53,kannada
You will regret this 🦧,threat,teacher,high,0.95,emoji
"Obawnfzpsk, mundina sari nodu yen agutte anta, swalpa limit nodu yaar. #362c",threat,Individual,High,0.89,kannada
It's obvious that stop talking nonsense nin matu beda so please stop.,aggression,individual,medium,0.55,codemix
"Gftjurwy, nee tumba le niga tara idiya maga. #c4e7",harassment,Individual,high,0.77,bad_words
you are not part of this for real.,exclusion,individual,medium,0.42,english
naale extra pen togond baa pls. #a3a7,neutral,Group,Low,0.0,kannada
Nobody wants you here ⛔,exclusion,unknown,high,0.55,emoji
just wait and watch ninige lesson sigutte and everyone agrees.,threat,individual,high,0.87,codemix
"Ivattu kooda monkey thara tara act madtidya, Wtvp. #94d7",insult,Individual,high,0.49,bad_words
"To be honest, your kind is unwanted here",hate,individual,medium,0.75,english
"Ivattu kooda sexy bro tara act madtidya, Naigwhqhbp. #914e",sexual_harassment,Individual,high,0.73,bad_words
"Fzluowuau, elli hogidaroo ade tara madthiya, total loser tara idiya anta feel agutte. #fd05",harassment,Individual,Low,0.5,kannada
"Honestly, people here are very problematic don't you think?",toxicity,individual,medium,0.5,codemix
"Group nalli a tara le niga maga baribeda, Mcfckx. #6e07",harassment,Individual,medium,0.7,bad_words
"Listen, control yourself swalpa",aggression,individual,medium,0.55,codemix
fest practice ge yar yar barthidira. #fba2,neutral,Unknown,Low,0.02,kannada
"this section, your type always ruins things",hate,group,high,0.8,english
"Kmjccst, nee tumba irritating agthiya re re. #7c17",insult,Individual,Medium,0.22,kannada
"5 nimisha nalli join agthini, swalpa wait maadu. #e670",neutral,Unknown,Low,0.04,kannada
"Gkcj, nee full monkey thara tara behave madthiya. #6ba1",insult,Individual,medium,0.6,bad_words
"To be honest, why are you watching me silently immediately.",stalking,individual,medium,0.62,english
"Jkztv, elli hogidaroo ade tara madthiya, yen use illa ninna jothe anta feel agutte. #a614",harassment,Individual,High,0.47,kannada
"lecturer, go away from here",aggression,teacher,medium,0.55,english
why are you checking my last seen and it's sad.,stalking,social,medium,0.62,english
"Actually, you always talk nonsense and everyone agrees.",insult,individual,high,0.35,english
this chat is exhausting full headache,toxicity,individual,medium,0.5,codemix
"grade, why cant you just stop",harassment,academic,medium,0.45,english
"Ptpveatel, nee reply nodoke tumba time togondiya yaar. #ac61",insult,Individual,Low,0.22,kannada
"Actually, dont act smart here and everyone agrees.",aggression,individual,high,0.6,english
"Xjev, nee useless tara behave madthiya dude. #1872",insult,Individual,Medium,0.22,kannada
"looks ugly, you dont belong in this level",insult,appearance,medium,0.3,english
"To be honest, why are you watching me silently",stalking,individual,medium,0.62,english
I think this group has become so toxic ella negative agide !!!,toxicity,individual,medium,0.5,codemix
"Wcgepyso, nee tumba irritating agthiya re re. #1d36",insult,Individual,Medium,0.16,kannada
"class grp, ivnanna group nalli add madbeda, ivan illaadre better ansta. #368d",exclusion,Group,Medium,0.3,kannada
It's obvious that you dont belong in this level,insult,individual,medium,0.3,english
"Honestly, this chat is exhausting",toxicity,group,medium,0.5,english
ivattu class full bore aaytu. #d47e,neutral,Group,Low,0.0,kannada
"Ptwny, nee yavattu serious agalla re. #19bb",insult,Individual,Low,0.3,kannada
"network sakkath slow ide, once repeat maadu. #78c3",neutral,Group,Low,0.0,kannada
exam tumba tough aaytu but somehow aaytu. #8447,neutral,Individual,Low,0.03,kannada
"Wfwkbfdeo, you are such a suck his dick in this group. #7674",sexual_harassment,Individual,high,0.74,bad_words
this group makes me uncomfortable and everyone agrees.,toxicity,group,high,0.55,english
"Ptnizbrhk, nee full monkey thara tara behave madthiya. #e7b9",insult,Individual,medium,0.5,bad_words
"Ivattu kooda sakath body tara act madtidya, Ysaa. #839e",harassment,Individual,medium,0.53,bad_words
"happy birthday, tumba olle varsha agli. #cc14",neutral,Group,Low,0.04,kannada
fest practice ge yar yar barthidira. #23ac,neutral,Unknown,Low,0.0,kannada
"Just so you know, stop disturbing me nanige shanti beku without a doubt.",harassment,individual,medium,0.45,codemix
"Eccclrlp, you are such a asswipe in this group. #e172",insult,Individual,high,0.59,bad_words
you cant escape from this ninige illa without a doubt.,threat,individual,medium,0.82,codemix
"Ninna sexy baby behavior nodi everyone frustrate agta idare, Hdq. #d389",sexual_harassment,Individual,medium,0.47,bad_words
"Bpu, nee class nalli full time joker ne re. #261b",insult,Individual,Medium,0.25,kannada
Everyone here is awful 🫥,toxicity,individual,low,0.35,emoji
"review okay aaytu, tension beda. #f685",neutral,Unknown,Low,0.05,kannada
I think this will not end well for you ninige sari illa agutte (no offense).,threat,individual,low,0.77,codemix
Nobody wants you here 👀,exclusion,gender,high,0.55,emoji
"Igbt, sir ge complaint haakthini nodu, swalpa limit nodu yaar. #bc32",threat,Individual,High,0.99,kannada
attendance link haakbidu illi. #74bc,neutral,Group,Low,0.0,kannada
"Actually, this doesnt concern you",exclusion,individual,medium,0.42,english
"Nxoncnilhi, next time barbeku anta helthini, swalpa limit nodu yaar. #cbb0",threat,Individual,Medium,0.77,kannada
"Listen, stop talking nonsense nin matu beka illa and it's annoying.",insult,individual,medium,0.3,codemix
"Hctwc, ivattu full dusta mode nalli idiya. #2235",insult,Individual,high,0.76,bad_words
Back off now 🚪,aggression,group,medium,0.6,emoji
"Actually, yaake nanna bar bar text madthiya",harassment,individual,medium,0.45,codemix
"Lkzolyffka, nee tumba irritating agthiya re yaar. #9549",insult,Individual,Medium,0.37,kannada
"Mnrprr, nee useless tara behave madthiya dude. #b4c0",insult,Individual,Medium,0.38,kannada
"Hey, Is there any update on the results?",neutral,academic,medium,0.02,english
"Kftjth, elli hogidaroo ade tara madthiya, complete waste fellow anta feel agutte. #5af2",harassment,Individual,Low,0.29,kannada
"ninna presentation super aaytu, chennag ide. #d18e",neutral,Unknown,Low,0.04,kannada
yaake nanna hinde bartiya elladalli !!!,harassment,individual,medium,0.45,codemix
"Stop it, stop messaging me yavaglu disturb madthiya and it's annoying.",harassment,individual,medium,0.45,codemix
"Gzy, yaaru kuda ninna cry baby nature ishta padalla. #e570",harassment,Individual,high,0.66,bad_words
"In my opinion, this space is not safe mentally right now.",toxicity,gender,medium,0.5,english
"Iaqxhovrcs, yake everywhere message madthiya, idu stalking tara kanstide. #9ae9",cyberstalking,Individual,High,0.7,kannada
"guys, ivananna group inda remove maadona, ivan illaadre better ansta. #6c65",exclusion,Group,Medium,0.37,kannada
"Zrl, elli hogidaroo ade tara madthiya, tumba irritating agthiya re anta feel agutte. #c3c9",harassment,Individual,Medium,0.58,kannada
ivattu assignment submit maadbeku maga. #7a62,neutral,Individual,Low,0.0,kannada
"Group nalli a tara ninna ammanakeya maga baribeda, Lzbpyye. #5d1c",sexual_harassment,Individual,high,0.58,bad_words
"In my opinion, you will pay for what you did immediately.",threat,individual,medium,0.82,codemix
"Look, dont message me late night nin beka illa for real.",harassment,individual,medium,0.45,codemix
ivattu class full bore aaytu. #5efd,neutral,Unknown,Low,0.0,kannada
"5 nimisha nalli join agthini, swalpa wait maadu. #40db",neutral,Group,Low,0.05,kannada
"Basically, nin message inda tension agthide",harassment,individual,medium,0.45,codemix
"5 nimisha nalli join agthini, swalpa wait maadu. #3e2b",neutral,Individual,Low,0.04,kannada
i will expose what you did ellargu helthini,threat,individual,medium,0.82,codemix
"Sht, you are such a son of bitch in this group. #5aa7",insult,Individual,medium,0.56,bad_words
"Just so you know, better you leave this group so please stop.",exclusion,group,medium,0.42,english
"Aizuopud, you are such a slut in this group. #675c",sexual_harassment,Individual,low,0.56,bad_words
"network sakkath slow ide, once repeat maadu. #ca7c",neutral,Unknown,Low,0.0,kannada
"score, this environment is stressful",toxicity,gender,medium,0.5,english
"Zph, nee full time late bartiya yaar. #2987",insult,Individual,Low,0.38,kannada
"Group nalli a tara dusta baribeda, Gwjpcdnqc. #3589",insult,Individual,low,0.37,bad_words
"Group nalli ee idiot thara attitude beda, Hcjzlbwv. #e625",insult,Individual,medium,0.73,bad_words
"Hhznkv, you are such a choad in this group. #3ea0",insult,Individual,medium,0.52,bad_words
"Qoqb, elli hogidaroo ade tara madthiya, tumba disgusting behaviour anta feel agutte. #3e3e",harassment,Individual,Low,0.36,kannada
"Flc, ivattu full nin thullu keya mode nalli idiya. #a0da",sexual_harassment,Individual,high,0.67,bad_words
You are really dumb 🧨,insult,gender,low,0.3,emoji
"network sakkath slow ide, once repeat maadu. #5f70",neutral,Individual,Low,0.0,kannada
You never understand anything 🧨,insult,individual,low,0.3,emoji
you asked for it nin mistake,threat,individual,medium,0.82,codemix
fest practice ge yar yar barthidira. #849c,neutral,Unknown,Low,0.0,kannada
"backlogs, stay out of my matters",aggression,academic,medium,0.55,english
"this circle, stay out of my matters",aggression,group,medium,0.55,english
"Basically, dont cross the line and it's sad.",aggression,individual,medium,0.55,english
Everyone knows you are not invited to this ... whatever.,exclusion,individual,high,0.47,english
"naale 9 gante lab ge bartira, late agbeda. #a7b4",neutral,Unknown,Low,0.0,kannada
"Ivattu kooda dove rani tara act madtidya, Vvdcbgevz. #4de3",harassment,Individual,medium,0.51,bad_words
pizza bekka biryani bekka decide maadi. #b8ee,neutral,Group,Low,0.04,kannada
"habits, dont keep reminding me again and again",harassment,personal,medium,0.45,english
"Lwmldqz, elli hogidaroo ade tara madthiya, yen use illa ninna jothe anta feel agutte. #06da",harassment,Individual,Medium,0.39,kannada
"Just so you know, better you leave this group",exclusion,group,medium,0.42,english
"Ninna joker thara behavior nodi everyone frustrate agta idare, Rineitl. #03ed",insult,Individual,low,0.58,bad_words
ninige common sense illa right now.,insult,individual,medium,0.3,codemix
"Hey, you mess up everything for sure.",insult,individual,medium,0.3,english
"behavior, i will complain about you",threat,personal,medium,0.82,english
"Jhq, you are such a cock-socker in this group. #5a81",sexual_harassment,Individual,medium,0.6,bad_words
"Pvpejksipb, stop acting like a total dimwit every day. #9559",insult,Individual,medium,0.51,bad_words
project help madidakke thanks maga. #0ac1,neutral,Individual,Low,0.03,kannada
"Ech, prati dina reason illade ping madbedi, idu stalking tara kanstide. #1774",cyberstalking,Individual,Low,0.66,kannada
"Ozru, nodu careful iru, illa problem agutte, swalpa limit nodu yaar. #f0df",threat,Individual,High,0.72,kannada
You are really dumb 🔥,insult,gender,medium,0.3,emoji
"Group nalli a tara sexy bro baribeda, Zeke. #f420",sexual_harassment,Individual,medium,0.49,bad_words
"review okay aaytu, tension beda. #6696",neutral,Group,Low,0.0,kannada
project help madidakke thanks maga. #96cb,neutral,Group,Low,0.0,kannada
"this crowd, keep quiet please",aggression,group,medium,0.55,english
"Seriously, you asked for it nin mistake",threat,individual,medium,0.82,codemix
"Hey, you wont get away with this",threat,individual,medium,0.82,codemix
"Actually, dont keep pinging me for no reason immediately.",harassment,individual,medium,0.45,english
"Yella dina ninna gandu maga tara mathadbeda, Cblgvt. #e355",insult,Individual,medium,0.45,bad_words
"This ass behaviour is not okay, Ipw. #e9d9",harassment,Individual,high,0.76,bad_words
"Jsnjstbtxd, nee tumba irritating agthiya re re. #7fd4",insult,Individual,Medium,0.38,kannada
"ninna presentation super aaytu, chennag ide. #02cb",neutral,Group,Low,0.0,kannada
I think you are embarrassing yourself immediately.,insult,individual,medium,0.3,english
stay in your limits,aggression,individual,medium,0.55,english
Stop texting me again and again 🤬,harassment,academic,medium,0.5,emoji
"Dcpeeknq, stop acting like a total cock-socker every day. #2ffc",sexual_harassment,Individual,medium,0.45,bad_words
